Date,NVDA,AMD,QCOM,AMAT,ASML,2330.TW,2454.TW,3711.TW,6488.TWO,8035.T,6857.T,4063.T,005930.KS,000660.KS,042700.KS
2019-01-04,3.3723089694976807,19.0,47.3065185546875,31.192306518554688,143.15225219726562,5.675441244696514,4.76012058759166,1.2961273772408937,6.214721729998471,30.245569865702898,4.545663350697528,13.18478055795185,27.766997861065583,48.164144022814725,2.817903674868938
2019-01-07,3.550842046737671,20.56999969482422,47.17279815673828,31.74767303466797,146.42283630371094,5.826975608021186,4.816478282200348,1.2947874975881641,6.6446430476732425,31.95529645401399,4.721400633118385,13.655766835608846,28.981468513275857,48.91758490508168,2.949589803667696
2019-01-08,3.462442398071289,20.75,46.763248443603516,30.461090087890625,145.34506225585938,5.768514387593584,4.879287052970769,1.2986521126194555,6.60384331715568,32.43282724509283,4.694251880165063,13.721299789920511,28.444269884727532,49.245876436723485,2.99776383025229
2019-01-09,3.5305373668670654,20.190000534057617,47.31488037109375,31.74767303466797,151.37515258789062,5.889053783381619,4.965105782151894,1.323972288729851,6.7347806843071245,32.914786672098195,4.572203743043655,13.790966823889313,29.441492601736872,52.686586868259894,2.989424457094473
2019-01-10,3.596156120300293,19.739999771118164,47.47367477416992,32.173431396484375,151.087158203125,5.922899294092834,4.982081257609194,1.3450168243040097,7.123752710088912,33.95557562686748,4.702253770287737,13.590027297250622,29.653152803671265,54.20996372274773,3.0368227477849814
2019-01-11,3.685298204421997,20.270000457763672,48.058746337890625,32.19194412231445,150.53892517089844,6.032935367408934,5.004069390582919,1.3561720660392909,6.9984738236085136,34.26340130054347,4.872049305257863,13.63176620228414,30.23198070402496,54.146542093838946,3.0261418829668765
2019-01-14,3.7251648902893066,20.229999542236328,47.89158630371094,31.34040641784668,147.4449005126953,5.976854330628169,5.09089489756659,1.3488019439021655,6.461468347466316,34.21285390270141,4.864861769718736,13.611655813841592,29.84127476068009,51.55665536939693,2.967243446905142
2019-01-15,3.711050510406494,20.3799991607666,46.57936096191406,31.238582611083984,147.9466094970703,6.035829006941527,5.115905236554782,1.3772556745385471,6.5972038914514854,35.381080398383375,5.004636980369515,13.934007605008661,30.530832219251337,52.97306358622995,2.9828017943683154
2019-01-16,3.6855456829071045,19.729999542236328,46.194908142089844,31.13677406311035,146.1348114013672,5.94139487401587,5.204743499713849,1.377523750599372,6.647095574701088,35.12650747679841,4.791555952991064,13.64832172838192,30.779864184816887,53.61610953961418,2.9858289029735716
2019-01-17,3.7568604946136475,20.25,45.77700424194336,31.969804763793945,146.37637329101562,6.03568071857416,5.2154016312744425,1.3685669683044714,6.624176489114504,34.307951371488535,4.613471121486055,13.66045770068749,31.252216593540357,53.87308624452862,2.938068496504733
2019-01-18,3.885868549346924,20.770000457763672,46.194908142089844,33.052734375,151.1707763671875,5.968905025829981,5.358644533246844,1.3822699917696981,6.392112076640928,35.57851336368978,4.694106942229701,13.430734899840651,31.46290328519515,53.5388708766207,2.9743706279155853
2019-01-21,3.885868549346924,20.770000457763672,46.194908142089844,33.052734375,151.1707763671875,6.032111805135777,5.365100509660755,1.3811051011946323,6.4717205108996385,36.31436129590544,4.583066029836741,13.495168152307091,31.649610646689954,55.26948176150603,3.046161376255737
2019-01-22,3.6838133335113525,19.760000228881836,45.37582778930664,31.877233505249023,148.19752502441406,6.082167463680934,5.306286985922092,1.3730350466360215,6.527564388152249,35.67346051727393,4.532856346018753,13.339281204864168,31.024084300171133,54.62027052593281,2.9798109714193313
2019-01-23,3.6966891288757324,19.799999237060547,43.26958465576172,31.75692367553711,150.6318359375,6.013787244861936,5.2841881438737675,1.3682965518421446,6.454557050922939,35.34971286254274,4.502182772115354,13.462369759426581,30.9743998529302,54.891910286126155,2.96535359129091
2019-01-24,3.90840220451355,20.850000381469727,42.46721267700195,35.0057258605957,156.931396484375,6.072069939331133,5.364231334725594,1.3785328027436943,6.409971172197337,36.90914608292539,4.7731637509681155,13.58176643496929,31.884752551416398,58.180460309872224,2.957657275649297
2019-01-25,3.9656012058258057,21.93000030517578,42.87675094604492,36.27378845214844,164.1415252685547,6.1643900475373,5.43820039800164,1.4200682923960337,7.037607028116866,38.6010660003851,5.001307474546989,14.174211411575472,33.10207385733304,61.48643082982028,3.0109707815620146
2019-01-28,3.4173758029937744,20.18000030517578,42.32513427734375,35.820247650146484,161.8094024658203,6.279983970023049,5.478620776012874,1.4277448540469604,7.026853689689759,38.921357610986945,5.014475973928113,14.292206224902413,33.58450127080827,59.641251010783364,3.1289529190593726
2019-01-29,3.258652925491333,19.25,41.288719177246094,35.357460021972656,162.2367706298828,6.08587541682983,5.398416618143514,1.4099125009703082,6.874749555176043,38.03168181316663,4.789815742024868,14.25951198801129,33.86876933888408,60.87826524745159,3.0586297293390237
2019-01-30,3.4020237922668457,23.09000015258789,41.93229675292969,36.65326690673828,164.63394165039062,6.046221648397591,5.34465791500107,1.4125874351201866,7.058870156348553,38.36367466315425,4.7701911340546195,14.532878104494612,34.59525021372979,63.054829157580855,3.145771633609756
2019-01-31,3.5595078468322754,24.40999984741211,41.389034271240234,36.171966552734375,162.6269989013672,6.057636037423096,5.3547478535110535,1.4152541951985695,7.072196278798339,39.360505526394675,5.167487401253875,14.43683335295853,34.6840551735798,61.88434118575293,3.3033992124098286
2019-02-01,3.583775043487549,24.510000228881836,41.46424102783203,36.38486862182617,165.76756286621094,6.06493985505742,5.3612041842576055,1.416960596587508,7.080723372795961,38.830296162290686,5.186544244760819,14.360486852991164,34.754444685804174,63.41334035009265,3.3742927873146598
2019-02-04,3.693965435028076,24.1299991607666,41.53110885620117,36.00537109375,166.83602905273438,6.049759335424516,5.347785112128265,1.4134139500139875,7.063000351175844,39.43429796089836,5.212493528769491,14.4172833478037,34.544668694222125,63.03058077871316,3.3539257343593802
2019-02-05,3.7130320072174072,23.309999465942383,42.40034484863281,36.2089958190918,168.7407684326172,6.047007401828903,5.345352494779999,1.4127710118212604,7.059787511313204,38.997238567252126,5.276752732708297,14.510877824779183,34.4583940137092,62.87316305190378,3.34554936596062
2019-02-06,3.788555383682251,23.260000228881836,42.709590911865234,37.28267288208008,173.6187286376953,6.056453149635966,5.353702220231017,1.4149778354283815,7.070815275622397,38.91698893289865,5.32742399526113,14.597736448527698,34.53231999074679,63.008049199128365,3.3527268045118115
2019-02-07,3.6503841876983643,22.670000076293945,42.24989700317383,36.949466705322266,168.2669219970703,6.045043213802148,5.343616218193691,1.4123121157555594,7.057494352204955,39.566423615312125,5.230574299011995,14.412499847376033,34.33065520815229,63.505853090959434,3.323503467907827
2019-02-08,3.6689558029174805,23.049999237060547,42.0325927734375,36.819881439208984,168.23902893066406,6.040922681741539,5.339973805531298,1.4113494299406306,7.052683694825463,37.54527289079099,5.041780661087237,14.024015952244477,33.22753058954394,60.74151140155728,3.280466142936596
2019-02-11,3.6263656616210938,22.959999084472656,42.48393249511719,36.93095397949219,165.86972045898438,6.229837369131252,5.700345501169783,1.3825839388123542,7.09855855931681,37.52680939144374,5.039301283344645,14.017119414026913,33.401721320983235,61.28480003496172,3.2012391406418756
2019-02-12,3.7432408332824707,22.81999969482422,43.17765426635742,37.662174224853516,169.83717346191406,6.272885202472555,5.645969738531338,1.4152363405469373,7.655687165922895,38.966426587223296,5.261958505631067,14.3848406144178,34.11607692745051,62.654086450718545,3.472634384544372
2019-02-13,3.78558349609375,22.850000381469727,43.11914825439453,37.81025695800781,169.3911590576172,6.262852365813513,5.694535810359296,1.402668851024376,8.394622456218073,40.16713410213386,5.481084085779482,14.644485469598331,34.37141059578548,63.166755034977946,3.6183959942023414
2019-02-14,3.8264412879943848,23.1299991607666,43.10243225097656,37.6806755065918,171.26800537109375,6.196082392863256,5.606657000508119,1.381149927485264,8.572574054580514,39.85862203183336,5.54714741467012,14.653998765656189,35.23102001691595,63.9662393647981,3.644151972393937
2019-02-15,3.8960213661193848,23.68000030517578,43.445106506347656,36.19047546386719,171.30516052246094,6.202314488201061,5.535415135020063,1.38489022889917,8.629815063728875,39.47622949252566,5.539686579028504,14.58869745577111,34.01689964572239,60.743490070468205,3.552052929806382
2019-02-18,3.8960213661193848,23.68000030517578,43.445106506347656,36.19047546386719,171.30516052246094,6.286118387095696,5.569990817340852,1.3782390168054919,8.608021041004282,39.44212652012218,5.58369648585118,14.727941128269038,34.218385123891636,61.64762055596656,3.5737290286748227
2019-02-19,3.878687620162964,23.950000762939453,43.47017288208008,36.37560272216797,169.5305633544922,6.257568431963642,5.492018199836262,1.3779706623075787,8.4604729887802,39.24644038405606,5.563799896573971,14.77085726049065,34.06440102400603,60.87808538928233,3.4790031641343386
2019-02-20,3.925983428955078,23.950000762939453,43.83794021606445,36.28256607055664,170.82203674316406,6.415978127366447,5.619954564214299,1.4220970858384365,8.568565525566616,38.868600216671716,5.56887517212747,14.880393583254909,34.85734955407687,62.68959393678212,3.5492820959230835
2019-02-21,3.857144832611084,23.920000076293945,43.75434494018555,36.124420166015625,169.59555053710938,6.467967419967795,5.694535810359296,1.4097293611521793,8.272961462290716,39.14763699882699,5.4378745559880395,14.78635339529239,34.88517933689044,63.5007597019522,3.56061063452144
2019-02-22,3.941831111907959,24.360000610351562,44.39792251586914,36.68260192871094,171.78834533691406,6.466497386042437,5.803149531204308,1.4070559080618195,8.210262042294229,38.387167996292945,5.362509741936289,14.758347949539923,34.958040455261504,63.36349131836477,3.507991986567108
2019-02-25,3.929450750350952,24.709999084472656,44.28927993774414,36.896583557128906,173.73953247070312,6.51851682752716,6.220311144661666,1.4612878694499345,8.065759143310325,38.66218778729382,5.361466007415882,14.797802730029971,35.16388447899078,62.391626506259975,3.6119156002786177
2019-02-26,3.890078544616699,24.209999084472656,44.32270050048828,36.8221549987793,172.2250213623047,6.56216187770231,6.09057618993481,1.5208041557920595,8.093284891788453,38.24561050100855,5.3461875458647565,14.60224949177332,34.87710080154264,62.51076484943022,3.5832349770577294
2019-02-27,3.848231792449951,23.479999542236328,44.331058502197266,36.0778923034668,171.07290649414062,6.544628192923478,6.164061007121997,1.482210638940389,8.161636584872857,38.191781321053725,5.341044342905662,14.581671841905717,34.96786646781356,61.42332641641761,3.567840658099507
2019-02-28,3.8236918449401855,23.530000686645508,44.62359619140625,35.66856002807617,169.91146850585938,6.53952463595094,6.159254219691953,1.4810547984223115,8.155272070942932,37.49242634869792,5.400251491579602,14.338813331916583,33.70951600012217,58.29780318315506,3.408837251512031
2019-03-01,3.877976179122925,23.68000030517578,45.30058670043945,35.873233795166016,171.99276733398438,6.5293413636060444,6.149663100053721,1.4787485169707306,8.142572775326155,37.904738114462496,5.597102999256292,14.402875898761183,33.43605472978769,57.82487466895992,3.3811837851982873
2019-03-04,3.8861563205718994,23.3700008392334,44.94954299926758,36.356998443603516,172.5037841796875,6.431220124807414,6.081405568181389,1.4993236108880121,7.908585320312041,38.982502788656824,5.763349872389046,14.590049658061533,33.174280790412304,57.774370836505675,3.328595874606265
2019-03-05,3.8797109127044678,23.5,45.083282470703125,36.21745300292969,171.45387268066406,6.36274050836118,5.99339398526459,1.49222516363039,7.774701535311155,38.130485805075274,5.614780044959895,14.449998515442976,32.6916016946906,57.3764834899676,3.2920878551321957
2019-03-06,3.768911838531494,22.40999984741211,46.33464813232422,35.41736602783203,168.32264709472656,6.391706801105359,6.1486659169666735,1.5043651557409246,7.8982293704592585,37.793592088661555,5.600134765558397,14.231582335890877,32.56319095409302,56.15644597830222,3.305940820500703
2019-03-07,3.6997551918029785,22.079999923706055,45.68360137939453,34.95220947265625,164.94058227539062,6.391914014950559,6.017103835701613,1.4832579412278761,7.448880502249699,36.75753462764812,5.473598507243356,13.936910800272031,32.87285797471162,56.11658093944099,3.30359395796362
2019-03-08,3.733961343765259,22.010000228881836,45.260833740234375,35.11036682128906,166.16705322265625,6.266796649677006,5.85953750544073,1.4888937532063509,7.539167482146107,35.41449356660688,5.162994327810405,13.685180218932468,32.21862962393568,54.66848622441301,3.1927080365033422
2019-03-11,3.9942286014556885,22.959999084472656,45.95417404174805,35.82670593261719,168.25758361816406,6.2836725194049,5.91736279960812,1.4591677919082753,7.506691773616845,36.12214119214988,5.104691253354001,13.804372931502078,32.08026333068539,54.53887120003617,3.23040186346502
2019-03-12,4.028434753417969,23.489999771118164,46.36846923828125,36.01275634765625,169.5769805908203,6.415616268513612,5.924293340982802,1.4745866717229832,7.356166683460039,37.04740808420332,5.1479010394743145,14.042924884843371,32.910683357104645,55.60096674305439,3.288519559187967
2019-03-13,4.179637432098389,23.3799991607666,46.8335075378418,35.910438537597656,169.59555053710938,6.461706333265879,5.983885938733024,1.4781267485599168,7.289349062841356,36.332266692256546,5.012490695107991,14.273915731607843,32.421371979889535,55.03215083800092,3.286512588098061
2019-03-14,4.103787422180176,22.81999969482422,46.84196853637695,36.21745300292969,170.30169677734375,6.391681352271663,5.971186540499489,1.4776961332358587,7.117470476408722,36.627281198999746,4.884331884565303,13.78534749506027,32.35478512635243,55.3301850814618,3.5886377638283733
2019-03-15,4.209134578704834,23.290000915527344,47.85660171508789,37.57570266723633,179.1471405029297,6.510754434031794,6.044555066647375,1.4557849958490965,7.368047329246084,37.36535476688507,4.868140496429164,13.736584385427626,32.44557780307635,55.700431797024116,3.3599605477090932
2019-03-18,4.187817573547363,23.25,48.051063537597656,37.212886810302734,177.13088989257812,6.570338552067425,6.093086072680919,1.4709925425132073,7.3737721624538155,38.610096492923965,4.976538727277092,13.98000604957161,32.1547319610782,55.58674920716207,3.359834186197184
2019-03-19,4.355380058288574,26.0,48.1694450378418,37.557106018066406,177.28883361816406,6.583134239156043,6.062629729468336,1.4745659565076146,7.513082682154433,38.36733246644958,4.970625190695472,14.137545706973107,32.34557813439174,55.82613008388018,3.3116198813181263
2019-03-20,4.3229079246521,25.700000762939453,48.3300895690918,36.812862396240234,177.59544372558594,6.61881449768281,6.035719639706252,1.4827833140512927,7.628650940219397,38.665548977259405,4.963244455109978,14.21094963055982,32.49860945819115,57.9543750147223,3.3200221380220527
2019-03-21,4.559378147125244,27.889999389648438,48.84586715698242,38.45022201538086,180.5872802734375,6.724369735908683,6.110614058297432,1.501452891529902,7.505785479273675,38.92445975808215,4.996479144162045,14.306108451846567,33.968524305555555,62.65520138888889,3.4482115885416667
2019-03-22,4.399749279022217,26.3700008392334,48.0426139831543,37.082645416259766,174.44564819335938,6.795931220732886,6.243997918782983,1.5508872426352172,7.44542107479993,40.89110689359719,5.2981673093463835,14.327494821519016,34.40240761354529,62.6660068330019,3.468237062129574
2019-03-25,4.307539463043213,25.969999313354492,47.89041519165039,36.65470504760742,173.12631225585938,6.588449307273073,6.0643340264989725,1.5259900040299752,7.208881121413232,40.31303464793416,5.173772503754192,14.164847898300431,33.40808965028427,59.64116271019447,3.304169762407347
2019-03-26,4.384133338928223,25.690000534057617,49.04032516479492,36.86867141723633,174.01828002929688,6.667884342726336,6.173427977009071,1.5873561155943885,7.281829762326015,40.704151770523715,5.275761908382803,14.454713934790817,33.26233700407353,59.54519713034367,3.2836358167234554
2019-03-27,4.374962329864502,24.889999389648438,48.118709564208984,36.21745300292969,171.0172119140625,6.594644728725292,6.135894953390286,1.6073209678215405,7.154923166118255,41.19703966741322,5.2253422820718685,14.568332126338477,33.33348103245128,60.11428165425165,3.3157924482905066
2019-03-28,4.393551826477051,25.059999465942383,47.81431579589844,35.82670593261719,171.14723205566406,6.599096711506633,6.061584842303735,1.5886567539547436,7.242005496612884,40.59941783485802,5.259802605207999,14.382247381171782,33.09196242314449,58.97571503074221,3.2258685702129997
2019-03-29,4.45081090927124,25.520000457763672,48.22016525268555,36.896583557128906,174.72439575195312,6.701265900574159,6.199342199342199,1.585555291564803,7.358568499943337,40.53281594007425,5.384657067556106,14.538606410285674,33.06579552705134,60.74859564572962,3.2418031221169157
2019-04-01,4.518231391906738,26.360000610351562,48.87968826293945,38.264156341552734,178.8404998779297,6.7038732925305835,6.267613147970643,1.614370593520074,7.871629545762945,41.336377621717176,5.490363881452567,14.889921782812703,33.29216913595865,62.582203356885415,3.356177282141479
2019-04-02,4.536079406738281,26.75,49.11643981933594,38.133914947509766,180.1040802001953,6.722322354365292,6.381931577201016,1.6602028980286727,7.925873289586304,42.53782348908363,5.7462812596158095,15.136933914426272,33.92975646829725,62.64087736033184,3.339746711682385
2019-04-03,4.675383567810059,29.020000457763672,48.76976013183594,39.47356033325195,183.72772216796875,6.733363133399636,6.3794472345486914,1.664258017016972,8.032153384756493,43.73933977102837,5.8703098210709745,15.775019057206853,34.44702038508344,65.29610678861488,3.3086147013950664
2019-04-04,4.666462421417236,29.09000015258789,48.92195510864258,39.650333404541016,184.32240295410156,6.742329950125076,6.387942741627177,1.6664743086867935,8.042849799888847,44.056255956451594,6.017298408679271,15.76227437397972,34.79329967505496,64.23192206488174,3.3979627989943437
2019-04-05,4.733138084411621,28.979999542236328,49.03187942504883,40.04106903076172,187.11912536621094,6.7412353509576075,6.386905676271648,1.6662037610564655,8.041544064815044,44.39176270257872,6.142058375959337,16.035614865683417,34.69562576556259,64.6795696943647,3.3997037941341253
2019-04-08,4.753961086273193,28.530000686645508,48.837406158447266,39.929439544677734,189.13536071777344,6.919894887365205,6.475690116831533,1.6617127060494403,8.273767627828569,43.66819157579224,6.170233074519484,15.810783418648475,34.474880591905034,63.644863851790056,3.400633005733393
2019-04-09,4.691248416900635,27.239999771118164,48.566837310791016,39.08283996582031,187.28636169433594,6.94296186943441,6.581574039306561,1.6653924387694234,8.524019634398025,44.044715359502426,6.387932830169513,16.04134943408274,34.341343519070925,63.3169685021555,3.379414981194319
2019-04-10,4.761643409729004,27.829999923706055,47.6282958984375,39.231689453125,185.6325225830078,6.940934455399254,6.590634897616715,1.6884216564441517,8.387812501876123,43.931590691459135,6.439372769781542,16.248033287657453,34.408601818966545,64.02467574169147,3.450861746186895
2019-04-11,4.747763156890869,27.790000915527344,47.264739990234375,39.51078414916992,183.88571166992188,6.881592291634465,6.39954012845008,1.6778720772578266,8.139140584734296,44.16850014566551,6.383749915618491,16.468630770303154,34.20303691673116,64.09790556836846,3.4636211884999213
2019-04-12,4.709838390350342,27.850000381469727,48.15252685546875,39.99455642700195,188.44778442382812,6.878469580811721,6.440523728321389,1.637179525144861,7.880455011343507,43.90426610695492,6.440718865419017,16.320443176216514,34.49219566940801,63.56778898875467,3.4119582881761934
2019-04-15,4.57821798324585,27.329999923706055,48.34699630737305,39.73406219482422,185.67892456054688,6.978980622067869,6.510998559187725,1.6689050637167662,8.141252437004445,43.944924635654665,6.386318902262872,16.415869151538704,34.87049032214012,65.3027656582473,3.4428168954015264
2019-04-16,4.665219783782959,27.93000030517578,59.567081451416016,40.67368698120117,189.19110107421875,7.014491621179569,6.582731293066645,1.6676068851489783,8.232052383530508,44.09095951887986,6.411851538443137,16.397367799951923,35.02582715782339,65.88969160763334,3.366543167239998
2019-04-17,4.642415523529053,27.489999771118164,66.86395263671875,40.831844329833984,188.94952392578125,7.135231650800524,6.328547853449527,1.7657385613006185,8.375310431595477,44.421631612629234,6.7604483258086,16.3126645105921,34.80079547240256,65.58111468891686,3.5895425603746656
2019-04-18,4.617877006530762,27.68000030517578,67.54883575439453,40.887657165527344,191.31883239746094,7.240783705654469,6.404346884983129,1.7456228542559786,8.427164261337648,44.39208451360841,6.6338576470622685,16.2522556853581,33.89242302128249,65.07854947368921,3.5014003200052537
2019-04-19,4.617877006530762,27.68000030517578,67.54883575439453,40.887657165527344,191.31883239746094,7.227157179143978,6.3703276456138775,1.7752562790883046,8.75164736254898,45.436823156833114,6.864065577817863,16.313246842925718,33.4942951084306,66.86531457514887,3.487226245413002
2019-04-22,4.671666145324707,28.18000030517578,69.3075180053711,40.73881149291992,190.94717407226562,7.271211151244386,6.351039826049701,1.7642441000164688,8.512137020531535,44.94295631904189,6.817187141658443,16.37122637792001,33.578858390260024,65.89604451300133,3.451709651484685
2019-04-23,4.726197719573975,27.969999313354492,73.32373809814453,40.776031494140625,190.74273681640625,7.318045435221208,6.366196339894472,1.7459075188251723,8.527321779484524,44.822651426736094,6.836715594381695,16.399418762138943,33.305155640606785,65.98311976775761,3.6846032340215573
2019-04-24,4.738592147827148,28.459999084472656,73.41674041748047,41.36212921142578,190.85423278808594,7.342017022100492,6.352336140429919,1.7169302752617983,8.535595660389326,44.27981289069474,6.901979835981348,16.21338327715699,32.916980215630474,63.83685420315236,3.6179797812226355
2019-04-25,4.632997512817383,27.65999984741211,71.92862701416016,41.35281753540039,191.59756469726562,7.284549106702847,6.305117805485718,1.7247611527530669,8.649529805622398,44.61732846262287,7.113545029928687,16.192258841759497,32.46645005383621,64.4707408898455,3.687719954479606
2019-04-26,4.414372444152832,27.8799991607666,73.25609588623047,41.548194885253906,194.77105712890625,7.080537938553558,6.349108882139388,1.7130991913799167,8.480205529565415,44.33859766724762,6.518109064245084,16.208122224623864,32.506642984253666,62.9806136755824,3.6441322833531062
2019-04-29,4.44511079788208,27.690000534057617,73.7718734741211,41.15746307373047,194.02847290039062,7.071725738799774,6.2986524497535665,1.6790870847649866,8.049547364239515,44.317141822246114,6.5149548928201115,16.200278968938896,33.485557970351294,64.17275185351858,3.7274367142395017
2019-04-30,4.486503601074219,27.6299991607666,72.82490539550781,40.999298095703125,196.29388427734375,7.06038272309641,6.476015362763297,1.6819764754985782,8.173418813735601,44.28380797894318,6.510054565845191,16.18809367136758,33.23745387034058,63.31262488401746,3.6685629794682457
2019-05-01,4.473367691040039,26.809999465942383,73.02782440185547,40.35737991333008,194.00962829589844,7.061525904885257,6.477063926717597,1.6822488127006068,8.174742212750491,44.39591596741678,6.526535287705816,16.229075120378965,33.10973483607512,63.069338279136645,3.6544660717235224
2019-05-02,4.540788173675537,28.290000915527344,73.67888641357422,40.65508270263672,193.5771942138672,7.056956268476341,6.527634215614513,1.6577132711958262,8.339144821311109,44.37320780050324,6.523197015492014,16.22077407424318,33.10570479312548,64.3485227980321,3.709167310643344
2019-05-03,4.536327362060547,28.219999313354492,75.49674987792969,40.89697265625,196.1622772216797,7.224412877450038,6.772311595444987,1.689123407496615,8.501392259560454,44.356094787466674,6.520681273198419,16.214518355264207,32.632602072717525,64.03014831400264,3.6573447312105083
2019-05-06,4.457998275756836,27.420000076293945,74.61740112304688,40.1061897277832,192.86285400390625,7.059697078839586,6.705476359310769,1.6747764120707662,8.196876158716593,44.70573805665241,6.5720814771298866,16.34233161820296,32.71058475452096,64.18316224377358,3.6660847498514952
2019-05-07,4.290933132171631,26.65999984741211,72.03855895996094,39.12004089355469,188.6515350341797,7.151626627154745,6.811735741566168,1.6645856758672328,8.43529163922269,43.49405598524812,6.4150149623715,15.674131040505369,32.25478159651512,63.52625371185492,3.5097782700326254
2019-05-08,4.311010360717773,27.09000015258789,71.48050689697266,38.68280029296875,189.34719848632812,7.077333778547806,6.783906532581154,1.6397085850971442,8.355277203346162,42.65528966123212,6.310400103628621,15.338582576912213,31.734983309519567,63.66713668893801,3.3824574348456378
2019-05-09,4.2185540199279785,27.209999084472656,70.83790588378906,38.08740234375,187.0535430908203,6.980258248042479,6.563373531165873,1.6252336340301818,8.292587098248703,42.74406913523405,6.313013197573915,15.052290905510418,30.42094770363798,60.212071339160936,3.2114827473449843
2019-05-10,4.184595108032227,27.959999084472656,72.57967376708984,37.95714569091797,186.8185577392578,6.953842250422773,6.518550383084706,1.6082203143267644,8.265256927581477,42.63867010203769,6.283547898114193,14.946836028429287,30.560929464869496,58.59454132351352,3.17295249941925
2019-05-13,3.9275498390197754,26.239999771118164,70.930908203125,36.36629867553711,179.01641845703125,6.818738317589913,6.2696428793818555,1.5928598317942566,7.992002909019527,41.586294558752854,6.036822505426831,15.00562578617643,30.5062440955055,58.12083486602898,3.0998413965337153
2019-05-14,4.016538619995117,27.31999969482422,72.82490539550781,37.22218704223633,186.16050720214844,6.727764288129405,6.290193916131111,1.556299254266838,7.9729271157957164,41.78962668220588,6.142958641389868,15.247451515628713,30.178357881991026,58.35663741227977,3.05105559382313
2019-05-15,3.9555604457855225,27.579999923706055,72.9348373413086,38.60837936401367,188.5951690673828,6.733940944041715,6.30506748702851,1.5825269003597005,8.024372214685414,42.653212007098254,6.491902737826489,15.177153179971864,30.11394017132606,58.290674255561186,3.1406578671445002
2019-05-16,3.9706804752349854,28.010000228881836,70.01775360107422,38.75722122192383,190.01461791992188,6.692962768342504,6.2738743555686325,1.5972921515897252,7.618227816653453,41.35987333567169,6.093222665354715,15.128325964814396,29.42827242374465,56.29858419685386,3.0346348924047244
2019-05-17,3.8799588680267334,27.5,68.91010284423828,39.724769592285156,189.1309356689453,6.521267493253701,6.317274036439128,1.524371873403331,7.447696533782626,41.389375691097264,5.911102358639796,15.1416369905115,29.07130176137509,55.854128800284315,2.9114603915675312
2019-05-20,3.7614758014678955,26.68000030517578,64.78398132324219,37.53850555419922,179.0540008544922,6.389875667208702,6.259437000727949,1.4902097116678161,7.2019185132920605,39.98319871081521,5.740060386905034,14.782502701730854,29.552889690082317,55.15333468645496,2.841787736116742
2019-05-21,3.8435211181640625,27.350000381469727,65.73941040039062,38.3943977355957,182.12783813476562,6.2796789503042065,6.267431073019787,1.4456667292927001,7.461343822575969,39.264715176548016,5.805756460326906,14.56310587821041,30.374791358911363,54.70951564988458,2.7814255650123942
2019-05-22,3.772630214691162,27.40999984741211,58.60318374633789,37.86139678955078,180.04104614257812,6.387024874610667,6.202707644961083,1.4525948178102117,7.3777764216570505,38.92096198160475,5.761581246952349,14.744199577253772,30.621177138266194,53.61997978878162,2.750649233476398
2019-05-23,3.6516668796539307,26.360000610351562,57.71540832519531,37.34709930419922,179.1855926513672,6.158009948800608,6.285172187747682,1.3432389573831611,7.217728100480096,37.914065777630846,5.606643424289261,14.694121993201719,30.985176795551745,53.12122563188943,2.7379603949212674
2019-05-24,3.59787917137146,26.440000534057617,55.9820671081543,36.935672760009766,178.41477966308594,6.226254617061964,6.165591803424342,1.3475376355461903,7.1324312697201835,37.196954370289774,5.6278918377775575,14.748238333937094,30.17255656584845,52.8087387882304,2.7032048589896958
2019-05-27,3.59787917137146,26.440000534057617,55.9820671081543,36.935672760009766,178.41477966308594,6.1812455711766905,6.044941450440694,1.3516813589054166,7.142176410138553,37.4424785179416,5.513217282052369,14.669590822717367,30.23387724156118,52.42949301160338,2.735118135218882
2019-05-28,3.5527660846710205,29.049999237060547,55.2718391418457,36.47748565673828,179.53338623046875,6.171396622162066,6.037640013025737,1.345543081654026,7.098623383380542,38.41652261417443,5.67058216342645,14.694691854928852,30.231613412401487,51.7633059948269,2.8189992363830245
2019-05-29,3.478652238845825,28.09000015258789,55.601593017578125,36.81411361694336,177.2492218017578,6.126311494866235,6.019649432874111,1.3415337169675365,6.958721051645754,37.6407388705669,5.452466854528046,14.621487184206694,29.566943426403753,51.6899933238459,2.6982504775840033
2019-05-30,3.4520998001098633,28.030000686645508,56.30336380004883,37.16945266723633,178.49940490722656,6.152896897415276,6.3491298717070315,1.3431902204460948,6.91983736136264,38.81432096320009,5.4701891064905155,14.625391239617468,29.980575398726923,51.333472583658725,2.7262785022890297
2019-05-31,3.361522674560547,27.40999984741211,56.49783706665039,36.178245544433594,176.76976013183594,6.2805059508528975,6.667851694929075,1.3723886079272303,7.236839705034756,37.906063365198,5.401104157694475,14.339471178327964,30.041842553149092,51.030025960408246,2.7234755822910426
2019-06-03,3.3198328018188477,27.579999923706055,56.36257553100586,36.26240921020508,175.7639617919922,6.358252626098789,6.743917777189098,1.3793812232227234,7.106853518502226,37.51718520938638,5.391924723005073,14.38227954428658,30.97407294252788,52.06828670055619,2.678268109514809
2019-06-04,3.5486326217651367,29.56999969482422,57.87603759765625,37.79594802856445,179.0352325439453,6.253639439612987,6.710567134709539,1.3627031147606756,7.092164283899269,38.80085102986973,5.525471253376311,14.458253100520752,30.974801210354084,51.30676409501128,2.727177947927923
2019-06-05,3.5059494972229004,29.5,57.18491744995117,37.95492172241211,178.03878784179688,6.317387535172943,6.764500836162249,1.3880116752190688,7.079566138162766,39.63860628478206,5.687130402081377,14.759373906728758,31.35679820705441,51.407101491125054,2.783258021785302
2019-06-06,3.567988395690918,31.81999969482422,57.671268463134766,38.693626403808594,181.1972198486328,6.242120113177031,6.6405544528872875,1.3591094042605314,6.942045584042112,38.71891533124564,5.5977498892861695,14.73328953610623,31.28524048392345,51.289788010610344,2.7769064929841205
2019-06-07,3.6106722354888916,32.40999984741211,58.60984802246094,38.815185546875,184.82566833496094,6.247908961586231,6.6467128033169205,1.3603698219023153,6.94848353281707,39.75933113677723,5.875184335056854,14.744941764437613,31.54560721112999,51.602319190739166,2.839517883456351
2019-06-10,3.6833817958831787,33.22999954223633,60.1883659362793,40.3393669128418,186.3673095703125,6.446039261671028,6.823238531240575,1.3844608695451162,7.264414339825846,40.303894854223046,6.076145086325515,14.889463930358497,31.872010401139857,52.539121613979674,2.877132193351533
2019-06-11,3.740953207015991,32.40999984741211,60.78562927246094,40.90977478027344,188.09690856933594,6.56020542435469,6.643716982908185,1.3969027492231532,7.364429570212107,41.32026241810524,6.138882593195681,15.068189151866976,31.871415275239595,52.793807531225205,2.8777544431849478
2019-06-12,3.628042459487915,32.18000030517578,59.37775421142578,38.80583190917969,185.01368713378906,6.605292811729072,6.680968385498118,1.3979271123187669,7.4056647577774335,40.21708741316582,5.846352598807813,15.050615618167067,31.804604595310348,51.795901600951375,2.8878194141105733
2019-06-13,3.6791627407073975,31.389999389648438,59.667877197265625,38.946102142333984,186.0570831298828,6.431066131230951,6.667362999330149,1.3973863491324983,7.319060941387948,38.51971010157078,5.553212474574956,14.876123394388603,31.05478346376082,49.830934744584624,2.8939163306311237
2019-06-14,3.5893301963806152,30.360000610351562,58.63545227050781,38.5533561706543,180.50164794921875,6.315639767624472,6.60489099025081,1.3817482351964248,7.273809566382465,37.8546058734245,5.568186169032635,14.935861415636875,31.294392473618938,49.61556821330617,2.837483115697355
2019-06-17,3.599008321762085,29.200000762939453,58.96818923950195,37.87076187133789,178.2643585205078,6.230406357982199,6.459915638902135,1.3438340366251151,7.339408246495362,36.823499907562734,5.393039962061018,14.714006259313555,31.09661402573864,49.884197644195034,2.7562926339997764
2019-06-18,3.7938106060028076,30.450000762939453,61.39997482299805,39.56324768066406,183.03964233398438,6.300658767292619,6.635474200285787,1.3445598418517353,7.212453830449455,36.46162436885053,5.3820799942417015,14.688680163054327,31.429691113237816,49.67188063668317,2.7614213522076927
2019-06-19,3.7997665405273438,30.5,61.263465881347656,39.76896667480469,185.01368713378906,6.572126269471245,6.680255521885735,1.444030648375316,7.452840262705937,37.97326377567656,5.672551521761128,15.0257175944144,32.460689744410395,53.17708288368371,2.9260289743037395
2019-06-20,3.824085235595703,30.010000228881836,62.06550979614258,40.40482711791992,189.5633544921875,6.631941927335598,6.746181746839478,1.455884148958346,7.5140583424276235,38.484105504193856,5.840067310010854,15.134261045333275,32.65933612027331,53.40546805717434,2.9852253518217924
2019-06-21,3.766017436981201,29.100000381469727,62.0484733581543,40.17105484008789,190.13677978515625,6.7778819466409415,6.874276968149038,1.483395472229251,7.559115637651822,39.34644187391646,5.8900037842229125,15.481916058525236,33.173944267554894,52.88606165658073,3.0110594413590746
2019-06-24,3.788351058959961,29.260000228881836,62.42387771606445,39.58195114135742,190.63499450683594,6.77660900838087,6.9024820618620755,1.4753562787982217,7.650970421025719,38.680665265707155,5.926920988357551,15.50755652194809,32.997402010522634,53.63758067868102,3.0042361181661557
2019-06-25,3.7590694427490234,28.860000610351562,61.90338897705078,39.25467300415039,187.10055541992188,6.730018565659746,6.83905982237213,1.440619238823414,7.337850410204278,37.39565390314529,5.796653507554435,15.51346007642403,33.237494960827384,53.74822800129731,2.9796255367791282
2019-06-26,3.952134132385254,29.920000076293945,63.95121383666992,40.75080108642578,192.12960815429688,6.5885141889312315,6.787608626340048,1.4156664582358078,7.402868930780487,38.28875684140248,6.010613063987216,15.478540859612904,33.21700084583424,55.36538602911664,2.987161444492233
2019-06-27,4.050652503967285,30.739999771118164,64.36076354980469,41.78874969482422,192.693603515625,6.766923533234988,6.852215355424327,1.4716236474477054,7.559009390014781,39.2171090261011,6.169968420348216,15.927274246562053,34.15720919197397,56.567123101952276,3.0193812703362255
2019-06-28,4.07546854019165,30.3700008392334,64.90682220458984,41.99445343017578,195.4572296142578,6.732556735116086,6.882118950779796,1.4428396839169675,7.628457945460289,39.33087802790064,6.371448347207652,16.143114571911788,34.43455471607779,55.857173795137896,3.0035702748105892
2019-07-01,4.123610496520996,31.200000762939453,66.14405822753906,42.714473724365234,202.07498168945312,7.002434727865716,6.884347739449961,1.551261438826142,7.922091673183755,40.962376756723955,6.729333261813482,16.496324118957787,34.13883755384018,56.25465583216916,2.959637042573026
2019-07-02,4.025836944580078,31.239999771118164,65.70890045166016,41.76069259643555,201.5579376220703,6.999748463885835,6.977252434422218,1.5124345232762104,7.963667389150031,42.18402973637662,6.783742995158742,16.35480775919145,33.76117899870662,57.1744247143781,3.016340317821729
2019-07-03,4.0387396812438965,31.190000534057617,65.38465881347656,41.77003860473633,201.0033721923828,6.81372327714863,6.941078584450219,1.5070218304818672,7.899323922276899,42.03956839445566,6.496885362765483,16.22286083787673,32.97495389556671,55.055904367953225,2.977621140059555
2019-07-04,4.0387396812438965,31.190000534057617,65.38465881347656,41.77003860473633,201.0033721923828,6.836444116453412,6.9541116088844515,1.5237528042741904,8.057880317557336,42.413777095733366,6.605864353372372,16.315224761657074,33.31669636608792,55.77490195431347,3.0556465469840735
2019-07-05,3.976205348968506,31.5,65.41023254394531,41.12482452392578,197.16807556152344,6.817864783110976,7.007412170818926,1.5468955722796127,8.129450500573686,43.62426250529878,6.722210010749713,16.262601543740857,33.112487866234204,54.425786745477446,2.9500660434557466
2019-07-08,3.9012627601623535,32.040000915527344,65.38465881347656,40.62924575805664,195.55123901367188,6.76978347135486,7.017035182684513,1.499628339642309,8.148857515387327,43.395182862396595,6.584885648404997,15.986986548790876,32.01678926864285,53.31535402074453,2.674670904465285
2019-07-09,3.9037442207336426,33.150001525878906,65.31639862060547,41.11548614501953,194.2164306640625,6.757775904163443,7.007884401450613,1.490758846859614,7.862673346222832,42.38142537419794,6.442147553742632,15.611086351361962,32.36085758470144,54.94099601969141,2.6342172865057596
2019-07-10,3.971987009048462,33.790000915527344,63.447776794433594,41.81680679321289,195.63584899902344,6.904268057942371,7.115554912603801,1.5388031085451046,8.063054205060721,42.21237528881471,6.4513968626353915,15.421268796201861,32.638662032978864,57.30191914520611,2.673325216527371
2019-07-11,4.126339912414551,33.060001373291016,62.893157958984375,42.3404426574707,196.2186737060547,7.009293308122447,7.238103853919772,1.5971700563409954,8.30475098514081,43.10198700607076,6.582709287911437,15.663653661234711,33.271972769929455,59.64598000694085,2.7844892523755593
2019-07-12,4.159343719482422,33.209999084472656,63.90854263305664,43.49058151245117,195.6922607421875,7.040095472774618,7.1541650349074795,1.5799220094574575,8.215702331639877,42.92374413381554,6.58863364361562,15.545608798127937,33.38517370909298,59.08685106346257,2.787928296997015
2019-07-15,4.150908470153809,34.38999938964844,64.36076354980469,43.275508880615234,194.35743713378906,7.131553186323183,7.054689714635412,1.6126319402518066,8.420847642389454,43.22467714880602,6.634825732098389,15.654597121953994,33.42699434718829,60.153957118654674,2.790210924369661
2019-07-16,4.146193027496338,33.849998474121094,64.56556701660156,43.02305221557617,192.70298767089844,7.189792391303077,7.05938840363811,1.6162754668931698,8.524512372371186,43.16287405611974,6.556209019203213,15.516191346055049,33.65705104333583,59.97203103183557,2.769845424018296
2019-07-17,4.211457252502441,33.599998474121094,64.64232635498047,43.21942138671875,204.6129913330078,7.07265907455418,6.964738197745966,1.5777816864387286,8.54475151221191,42.93480220624264,6.548003362825631,15.588394429859962,33.097787970455144,58.817397061080655,2.7126757646986643
2019-07-18,4.223120212554932,33.0,63.45631408691406,45.042816162109375,213.05435180664062,7.129250327868812,6.7854410250819335,1.5802207432611854,8.298177642509419,42.84506724076972,6.488940321546154,15.392065237167396,33.11094936653801,58.85575592274427,2.749760455550782
2019-07-19,4.179942607879639,32.5099983215332,63.99385452270508,44.70619583129883,210.2061004638672,7.293353124493264,6.86397474546926,1.6510530941053112,8.58628366941043,44.5594132496201,6.984822618940726,16.119267494024406,33.8411060095415,60.919675510700294,2.7879677796188655
2019-07-22,4.251411437988281,32.849998474121094,64.804443359375,47.436622619628906,214.07899475097656,7.402528318737187,6.924560709613358,1.6463650693113365,8.53676646257569,44.897319287868434,7.087181031715524,16.141718642699473,34.00429709611,61.95914715014313,2.805017939540026
2019-07-23,4.359109401702881,33.4900016784668,63.24299621582031,47.71715545654297,216.4008026123047,7.399666637933148,7.056507567554847,1.6574005266774134,8.54645524940807,46.221877054212584,7.1453805374783474,16.17584826849213,34.08649663941916,62.293833701489476,2.809761468484774
2019-07-24,4.433557510375977,34.11000061035156,64.7361831665039,48.75508499145508,220.01983642578125,7.435839615661565,6.918243386663851,1.6568809615792577,8.815880703924199,46.353707638804934,7.401831006715336,16.47915123058102,33.37994715127444,61.23885097070168,2.769780669697955
2019-07-25,4.302530765533447,33.66999816894531,64.29248046875,47.52077865600586,216.25042724609375,7.416229100723004,7.012010064067826,1.6548419063622581,8.870441015186525,48.05603280944906,8.902846850287672,17.679273771417453,33.96267681285638,62.51478507927437,2.739153738554255
2019-07-26,4.344468593597412,34.02000045776367,64.18156433105469,47.445980072021484,217.00242614746094,7.32312714405286,7.041328614861514,1.626395954196816,8.763304067680004,47.18737744039733,8.853113830094214,17.545840889639663,33.75913890973483,62.67726862065473,2.6324410582999067
2019-07-29,4.3382649421691895,33.47999954223633,63.96824645996094,47.38051986694336,217.115234375,7.306634298646532,7.148724834191626,1.6297278091694116,8.561949739566714,46.82760566328002,8.887772623219252,17.694769588190532,32.980558392647495,60.42899388415704,2.482884315179189
2019-07-30,4.3538970947265625,33.869998931884766,63.83173370361328,47.436622619628906,214.64295959472656,7.291542110436019,7.307318754854896,1.6279453650082585,8.51214981123845,48.143377060825195,9.155869628777449,17.768346610804016,33.34476009673906,61.99870167630425,2.5443019134523173
2019-07-31,4.186890602111816,30.450000762939453,62.42387771606445,46.1649169921875,209.44471740722656,7.278458937593986,7.061284217442043,1.632827250338411,8.747199613501074,48.265264165738664,9.106860299050462,17.810120118587957,32.51819640121858,60.48854054819717,2.5507763998434636
2019-08-01,4.092590808868408,29.860000610351562,60.751495361328125,45.32334899902344,208.1568603515625,7.1656733822012715,7.021991796937146,1.6146934004523454,8.595866331398204,47.854649727569196,9.223568673490027,17.600651183758547,32.25599994731563,60.82619466957638,2.511517297555157
2019-08-02,4.000029563903809,29.440000534057617,60.7088508605957,44.46307373046875,206.7186279296875,6.990085222973429,7.030602141455368,1.5925527437625366,8.126914019862697,48.134215872004056,9.267393479928836,17.747543603540496,31.85098543105252,59.15283008997698,2.5091458480461393
2019-08-05,3.7419464588165283,27.989999771118164,58.70370101928711,42.508758544921875,199.4053192138672,6.819965336592746,6.910043618545323,1.5853114873085814,8.025857946014211,47.36279406620007,9.319926086283305,17.74337983949187,30.904683475356993,58.16133146825466,2.3069611127852117
2019-08-06,3.78065824508667,28.860000610351562,58.166133880615234,43.322269439697266,201.99977111816406,6.822369478955736,6.790914054127441,1.5616745093394726,7.875013119265437,48.308481486582,9.428705736283195,17.64608968340683,30.268709195140627,54.95848505793787,2.0753281119300415
2019-08-07,3.8188748359680176,29.190000534057617,59.215667724609375,43.64954376220703,202.76116943359375,6.866488569776204,7.048083065163325,1.586471741264793,7.518521042831195,47.89141588527259,8.91637340547861,17.261824119626315,30.162100930570542,56.140896961516134,2.135385862503808
2019-08-08,3.927318811416626,33.91999816894531,60.80268859863281,44.7529411315918,206.8314666748047,7.020108533304666,7.016176922022092,1.5890811831474172,7.263303166577565,48.517102997003775,9.207246964878372,17.419458884623538,29.785463660359287,55.388707295076586,2.169997990048525
2019-08-09,3.8260715007781982,34.189998626708984,61.00748825073242,44.08903121948242,203.03378295898438,7.061912040789109,7.057957017455156,1.5985438811695263,7.30655485518684,48.630292300627,9.152186293449857,17.525586042115233,30.264470736722025,56.3967107571913,2.2211836783815517
2019-08-12,3.758324384689331,32.43000030517578,59.556949615478516,43.44384002685547,201.58616638183594,6.963066357016925,7.1728238751455855,1.5918676382960053,7.353171032550864,48.85733245587553,9.194915088581972,17.607407713085777,30.494342123295045,57.02848327529996,2.217455813905753
2019-08-13,3.872476577758789,32.11000061035156,61.58769226074219,44.939971923828125,206.05120849609375,6.8247396740356425,7.047858927084212,1.593480688580299,7.146218108366268,48.575845411747466,9.449736427516045,17.455124029254097,29.896714578952512,56.82099886464174,2.307415318063224
2019-08-14,3.72407865524292,30.239999771118164,60.47846221923828,43.6776008605957,196.1998748779297,6.982001153095123,7.157166595377768,1.6517085933926385,7.132205564018279,48.54029313939969,9.166735237453908,17.448510496483994,30.70873554637138,59.27950497854526,2.3092591174030423
2019-08-15,3.691818952560425,29.670000076293945,60.71735382080078,44.098388671875,197.27149963378906,6.881597613423773,7.030272757911911,1.606629505463388,6.892141739397588,48.783029027225545,8.995534128927519,17.42044406308837,30.43313310618452,58.747487754961256,2.2885341531068413
2019-08-16,3.9595792293548584,31.18000030517578,62.526268005371094,43.60279846191406,200.0821533203125,6.965973238240348,7.182218243726998,1.6157258167462372,7.062864690022871,49.67057496664212,8.94863544643893,17.13976363498148,30.676885575732562,58.564956923235655,2.2357245747136814
2019-08-19,4.238009929656982,31.479999542236328,63.88294219970703,44.04228591918945,202.75180053710938,7.005324013744902,7.855309867520287,1.6503947811247257,7.458613046006033,49.17945062768132,8.756297440435992,17.092024060513864,30.568437278793112,57.7596338284863,2.2355453904149294
2019-08-20,4.165796279907227,30.719999313354492,64.90682220458984,43.6963005065918,201.81175231933594,7.063763546205809,7.79859420802414,1.6622066751847375,7.446955296676669,49.78362239399946,8.809641612308285,17.14211925705929,31.08611506573482,58.61188371651671,2.248893428050689
2019-08-21,4.249176502227783,31.700000762939453,65.44437408447266,43.98749923706055,204.01136779785156,7.0723360988020225,7.719079321750925,1.664223921947825,7.417361526258998,50.38568119879858,8.95433749240643,17.13342617196569,31.256643183972216,58.40489204908335,2.2624979566835135
2019-08-22,4.255382537841797,31.899999618530273,65.82833862304688,44.17534637451172,202.3475799560547,7.065209654396252,7.681948239403535,1.6994728969243347,7.437364217561155,50.74572716832278,9.06839092972586,17.089638747306914,31.042563553903367,57.05131511735393,2.231741351396418
2019-08-23,4.031047344207764,29.540000915527344,62.73105239868164,42.381282806396484,197.87310791015625,7.060695328567948,7.6214102473405,1.698387016282659,7.355323231368604,51.32054678138419,9.025009720548386,17.354543835051217,30.78654018716585,57.17059177877858,2.1537959000957927
2019-08-26,4.105743408203125,30.280000686645508,62.210567474365234,42.84154510498047,201.15374755859375,6.882083313477134,7.604113132075953,1.6370163674780036,6.942927120513119,50.56112607572596,9.164105404862825,17.175681780923618,30.43836332670259,54.98661137389472,2.025387081112809
2019-08-27,4.015164852142334,30.200000762939453,63.11502456665039,42.74761199951172,201.22894287109375,6.93355686043636,7.670522217383025,1.653744917931849,7.145665405314313,50.53963573451912,9.023044115406888,17.11586100330954,30.80129457669157,55.99427321214321,2.0058483812750167
2019-08-28,4.004733085632324,30.780000686645508,63.43927001953125,43.11394119262695,202.80819702148438,6.999286814271069,8.137578970068239,1.6561732453189653,7.28486503474543,49.97842963251151,8.988779584756536,17.171101754050767,30.870437662939707,56.22296977802996,2.0740489583856343
2019-08-29,4.148309707641602,31.450000762939453,65.23107147216797,44.4383430480957,206.55885314941406,7.037762394061492,8.106796463229909,1.6737151026982509,7.177358160529714,49.35958616126945,9.124360569775586,17.231743201211092,30.330760697061525,56.194658702038176,2.0692145940215103
2019-08-30,4.160978317260742,31.450000762939453,66.35735321044922,45.105262756347656,209.25672912597656,7.206824515508072,8.185822881474301,1.7169030089033188,7.427086656244796,50.04472984885287,9.495246018182728,17.449003164064735,30.857316093398207,59.544831331204044,2.1829145454242087
2019-09-02,4.160978317260742,31.450000762939453,66.35735321044922,45.105262756347656,209.25672912597656,7.150906077339995,8.236318625408735,1.715905679227462,7.489602688562288,50.811519920082866,9.686608639616564,17.197826462183823,30.666499349796275,59.600447717331136,2.1793219567957016
2019-09-03,4.078011989593506,30.899999618530273,64.09624481201172,44.720149993896484,206.82203674316406,7.0474119150507635,8.084596485773554,1.6664190111831778,7.3672003423387,50.186583177484415,9.26641467888801,17.46477591774482,30.191027851803298,58.96307402547677,2.229597910903379
2019-09-04,4.192028522491455,30.950000762939453,65.77714538574219,46.50481414794922,213.6371612548828,7.146800504935435,8.109393024364065,1.710123524718967,7.498163923690723,50.96615488129975,9.448577278384434,17.45405401626604,30.84263046158972,61.37624739669786,2.3324223708715754
2019-09-05,4.464775085449219,31.5,67.39833068847656,47.2938232421875,222.86805725097656,7.342308871031701,8.21287450566085,1.7370522063265619,7.697430170770371,52.85257433323072,10.027967678489807,18.192982176671883,32.168651894820734,64.09030538234403,2.4925809211041816
2019-09-06,4.437697410583496,30.559999465942383,67.27034759521484,47.058998107910156,224.24989318847656,7.355796152222453,8.368774628555022,1.7345282787839988,7.696936071144532,52.36604876636197,9.968819894284945,18.082248995503182,32.77329705790134,63.594657974498325,2.495007773306856
2019-09-09,4.483652591705322,30.5,66.7327880859375,47.58501052856445,226.853759765625,7.3532012578554795,8.365822387126261,1.7339163915637947,7.6942208333047875,53.42411893137825,9.861583970602451,18.363037903705333,33.32003530923909,65.69884931504605,2.380895804451476
2019-09-10,4.550223350524902,30.229999542236328,67.15943145751953,47.14353561401367,227.17332458496094,7.298794139596999,8.44563202774628,1.7053059105844728,7.708637147822674,53.20289618039822,9.512788478112144,18.223312382830894,33.41238528936167,64.80496580143047,2.390125390483854
2019-09-11,4.578789710998535,29.760000228881836,68.716064453125,48.43038558959961,230.52920532226562,7.361913599957589,8.39165879019913,1.7175002141433786,7.756898055234511,53.13797923287288,9.532575210692894,18.33985422042016,33.557350777637666,64.48869010088272,2.4468904345313156
2019-09-12,4.577298164367676,30.209999084472656,68.01084899902344,48.139198303222656,232.02383422851562,7.35975674436882,8.416400973543688,1.7444962835740376,7.769394880967555,54.357931674964256,9.881240063851266,18.63744008999805,33.54888814243629,64.47242706919842,2.446273367312202
2019-09-13,4.519421577453613,30.690000534057617,67.43462371826172,48.233123779296875,234.05426025390625,7.426761686596099,8.493025851319084,1.7603785846821574,7.840129264347612,54.2152684509916,10.016905044099149,18.851073412538188,33.80602900698708,64.96658638577175,2.465023224116028
2019-09-16,4.476449012756348,30.829999923706055,67.11641693115234,47.8292350769043,231.44105529785156,7.472761593952357,8.606785977906222,1.753700003282256,7.799552379253082,54.422039148532235,10.055108349225987,18.92296920334154,33.82833064452489,62.63608004661108,2.457584521411083
2019-09-17,4.497809886932373,30.989999771118164,67.67544555664062,48.09225082397461,233.21768188476562,7.465451312094969,8.637137827139139,1.7796350589300778,7.924115100931641,54.19688324912698,10.061109783048865,18.68542603770548,33.55459693040046,62.31566680889238,2.432573870027705
2019-09-18,4.470734596252441,30.420000076293945,67.85604095458984,48.928218841552734,234.80630493164062,7.531057742228292,8.62519979119266,1.7793897164673078,7.920804567348312,53.87096584295293,9.939469247900377,18.834524502019775,34.05902019439206,62.81825767836303,2.4238601563187716
2019-09-19,4.395221710205078,30.290000915527344,67.2798080444336,48.543094635009766,234.6182861328125,7.503572875139261,8.559976664825767,1.777752671178257,8.074218667461755,53.71593926657332,10.057966368321052,18.89570700648954,34.97929745872514,64.56403942453787,2.423631736083903
2019-09-20,4.28964900970459,30.049999237060547,65.74037170410156,47.866790771484375,231.04620361328125,7.4987508766604485,8.722280829326191,1.7857761660704026,8.164911594869137,53.880921252864354,10.093714705373504,18.970890923406643,34.88847732758588,63.94202759255758,2.507170631468939
2019-09-23,4.3430562019348145,30.639999389648438,66.42839813232422,48.618247985839844,233.57481384277344,7.469227344979525,8.721656480024267,1.773891870251787,8.249878370898834,54.07561967923404,10.130188290525064,19.039442138265873,34.98078896301775,64.44817124731728,2.5010093490759937
2019-09-24,4.2856764793396,29.520000457763672,64.69974517822266,48.054656982421875,231.6102294921875,7.508908162521142,8.7123926060713,1.7814473175706445,8.119054061126763,54.71978851460406,10.316645329354843,19.263603971930316,35.126224555511236,64.92171664822496,2.551285984092315
2019-09-25,4.427262783050537,29.540000915527344,66.44559478759766,48.77793502807617,232.6818389892578,7.54089966167921,8.5589547445522,1.7336809590661078,8.25337781120375,54.79314902981041,10.457290505977152,19.04544367537992,34.673429334092376,63.70438604132441,2.603130269275708
2019-09-26,4.40515661239624,29.469999313354492,66.52300262451172,48.98457336425781,233.1612548828125,7.59219929121109,8.462839737417383,1.7348781129236412,8.078132079098728,55.057523389692086,10.19092585788889,19.02431995225642,34.77110295762355,64.57969768009444,2.6443678689182795
2019-09-27,4.266550064086914,28.719999313354492,65.90377807617188,46.4296760559082,229.09103393554688,7.709751490913916,8.309851588174512,1.721244915895361,8.186862197546803,54.6195539243917,10.44713509698598,19.12667941772586,34.43234397343077,63.06771820082274,2.5699642648258605
2019-09-30,4.323930263519287,28.989999771118164,65.60277557373047,46.87115478515625,233.51844787597656,7.684162301331942,8.282270625553542,1.715531986947941,8.159689445078527,54.025286752542826,10.331573044540047,18.736785323833672,34.799534879327716,63.51376222356038,2.524754756909042
2019-10-01,4.322190761566162,28.760000228881836,64.90616607666016,46.983863830566406,230.6702423095703,7.909910014004268,8.450336351960088,1.780897553979367,8.22438935528126,55.222318956400436,10.557353217337036,18.909390447601876,34.77075399102671,63.56600845158598,2.6173003997547997
2019-10-02,4.298344135284424,28.309999465942383,63.63330841064453,46.45783996582031,225.87612915039062,7.898331629421295,8.352028780405362,1.7766239253104315,8.305022817912084,54.78712164259051,10.665759479436177,18.659109668625504,33.77698642983656,61.43880870892676,2.551959094065527
2019-10-03,4.503772735595703,28.68000030517578,65.12977600097656,46.62691879272461,229.69261169433594,7.805753234109031,8.511911117247493,1.750636847457069,8.478507365663818,55.186424045047765,10.722888517776752,18.39170575055555,33.72422597365321,61.34283982841167,2.5479728732626783
2019-10-04,4.520166397094727,29.010000228881836,66.64339447021484,47.791656494140625,231.28123474121094,7.841101791642883,8.685643042073833,1.7707263978030108,8.516902507865693,55.82505741900544,10.581810736073834,18.61350758400808,34.106526308722714,62.14029318318329,2.555382713248985
2019-10-07,4.578789710998535,28.93000030517578,65.65436553955078,47.57562255859375,232.5784454345703,7.900765437417719,8.670637836484918,1.7891979069618473,8.548472550576768,55.366096815504555,10.598895179862525,18.378505122028937,34.17809029779058,62.59669702209414,2.543323317323087
2019-10-08,4.402425289154053,28.229999542236328,62.65286636352539,46.31696319580078,227.5587615966797,8.158733341057065,8.699412232284413,1.8074562922494832,8.408520804201546,55.86824211780629,11.018964186141833,18.197172305975634,34.87154911161732,62.830777611241544,2.5300617640495298
2019-10-09,4.48886775970459,28.459999084472656,63.94293212890625,47.75408935546875,231.4974365234375,8.042599521375863,8.429191418817341,1.7710223605915214,8.526037573775582,56.27158336704806,10.78680977306615,18.221976217282215,34.7956007544835,62.693935559236905,2.5245514256985833
2019-10-10,4.546498775482178,28.3799991607666,64.47614288330078,47.913761138916016,236.4043426513672,8.064110503531811,8.451736391461738,1.7757591910522719,8.548841574101967,56.554528800647205,11.004678732648374,18.854368742674687,34.592444610997404,61.30286039749809,2.5087252966180613
2019-10-11,4.620022773742676,29.75,65.9639663696289,48.608848571777344,244.4038543701172,8.105885490042265,8.49551941918545,1.784958260958312,8.593127641521516,56.528233039112244,10.846468049222185,18.974950224705758,35.254728438979534,62.49502871626409,2.50237423106006
2019-10-14,4.6334381103515625,30.530000686645508,65.61996459960938,48.78731918334961,245.94552612304688,8.301548174722255,8.426453915850463,1.8856465193284557,9.413551006661084,56.226460188557375,10.788564778490171,18.873653500739803,36.056119165583254,63.22172966993353,2.639983160864329
2019-10-15,4.877865314483643,30.719999313354492,66.92720794677734,49.698463439941406,251.49156188964844,8.41052347225233,8.355581058358423,1.8876187985997814,9.594732989581653,57.04818200401052,11.01111311956275,19.370274953275345,36.13403346603476,63.781728419739316,2.6637050274216807
2019-10-16,4.824209690093994,30.809999465942383,67.2798080444336,48.43038558959961,239.20553588867188,8.527990329409192,8.22659508837561,1.8995503548221515,9.484789112550711,57.59203166938024,11.268190072932066,19.390379294141667,36.516422984187145,64.63521225146938,2.648404666372127
2019-10-17,4.826199531555176,31.139999389648438,67.91622924804688,48.97517776489258,238.53817749023438,8.433679187963362,8.46990418308246,1.9076033067461065,9.56828592499875,57.3139611943182,11.347177635850214,19.350956213873808,36.34475584339665,63.48877157696371,2.677390683225142
2019-10-18,4.731804847717285,30.969999313354492,66.80683135986328,48.543094635009766,239.15855407714844,8.392631017500408,8.420304927754506,1.9162985110566333,9.66970096310916,56.803138913916726,11.378718935430328,19.60170992983453,36.143550794695585,61.05663053716453,2.7257797332198557
2019-10-21,4.868923187255859,32.029998779296875,67.92484283447266,49.44482421875,244.80801391601562,8.325742685139826,8.41679623524603,1.913303926632194,9.955951659016016,56.95917948677527,11.418424318294564,19.374771073468818,36.408235518785894,61.093476406332265,2.692731226979314
2019-10-22,4.858985900878906,31.510000228881836,67.48623657226562,48.824886322021484,239.97634887695312,8.445557753717093,8.478819204980768,1.9218241400634783,9.829702304486448,56.857954202977965,11.398132009793073,19.340339104502778,37.27101640883821,62.7103439529501,2.735519990446128
2019-10-23,4.846070289611816,31.360000610351562,66.42839813232422,47.46290588378906,242.20420837402344,8.433134215982005,8.506675970888073,1.9403584713458117,9.58399259803434,54.580267477145505,11.582763559171603,19.401695355340753,37.27547185700162,61.60777791511837,2.6731342969362464
2019-10-24,4.890036582946777,31.719999313354492,67.93342590332031,51.72732925415039,249.07565307617188,8.40168985078275,8.691386256446753,1.9478802346736324,9.601009533561731,55.68802305405563,11.630304768480507,19.46992638443857,36.96066720502699,63.51604843239254,2.676699524179357
2019-10-25,5.080808639526367,32.709999084472656,68.94827270507812,52.33788299560547,248.15447998046875,8.43838106114712,8.657367427291755,1.9579864133076177,9.679406552051859,57.12949823135682,11.892219332828763,19.637474020397036,36.96268895039387,65.56348467106663,2.6936947369996807
2019-10-28,5.136700630187988,33.689998626708984,71.4251480102539,53.49322509765625,250.5233612060547,8.448015856918273,8.820150168910379,1.921580524349244,9.895033541800716,58.718300744534986,12.329290036340907,19.075323342723607,37.362297743687364,65.75556055311047,2.7368752930372624
2019-10-29,5.040568828582764,33.029998779296875,70.22972106933594,52.15001678466797,248.72787475585938,8.572579216167009,8.967167387069242,1.9287101357455885,10.091297311954934,58.55532154904917,12.088922596904146,19.589014494967802,37.3461448083081,66.06394201022003,2.746398708194873
2019-10-30,5.042556285858154,33.130001068115234,70.04051208496094,51.85884094238281,249.7149200439453,8.637514602833974,9.085122812508176,1.9195160244828797,9.921560844759867,57.24932361424222,11.62697576854023,19.589135586394516,36.866462041604116,64.92622775037529,2.670016745858353
2019-10-31,4.993371963500977,33.93000030517578,69.18048095703125,50.966495513916016,246.2556610107422,8.661099721097214,9.405554901150545,1.978489728345328,9.741773466195646,57.54168398882629,10.616294106987269,19.556191402710617,36.931408376979824,65.43961615561894,2.686555481310769
2019-11-01,5.0323710441589355,34.88999938964844,71.8809585571289,52.093666076660156,254.36795043945312,8.599048640707478,9.254009302110228,1.9733648179762795,9.78808194891942,58.4105868267128,11.094333608472672,19.48918578065583,37.361916654775285,66.04222104341464,2.651833190880542
2019-11-04,5.228857517242432,36.290000915527344,73.17960357666016,52.356666564941406,257.9083557128906,8.84333952404334,9.429111586633958,1.988894950429929,9.711100631364683,58.289685752419594,11.071370017029722,19.448846115776732,38.32037130854796,67.58852048228155,2.6823797311684157
2019-11-05,5.206750869750977,36.150001525878906,73.49781799316406,52.48816680908203,256.60546875,8.976011067112736,9.761269910431908,1.9835807136088983,10.250915687101488,57.93113764973601,11.066065640279811,19.911310517353442,38.6795960472172,68.0240414863156,2.683022770150463
2019-11-06,5.157564640045166,35.93000030517578,72.78397369384766,52.43180847167969,253.71653747558594,8.995508889245341,9.973569597051041,1.9747695087755972,10.21675674080365,57.236571686605295,11.298418668829864,19.86090828419015,39.34381117649284,67.12699518714102,2.682479168687611
2019-11-07,5.175203323364258,36.279998779296875,77.38513946533203,52.544525146484375,252.68748474121094,8.91970891942179,9.747128065293106,1.9732790325231482,10.076749256475681,57.69748543740668,11.515588060477274,19.670471638537364,38.884287739881884,66.92468391492496,2.631621292435582
2019-11-08,5.161293029785156,36.290000915527344,80.86824035644531,52.62906265258789,252.3475799560547,8.854827669249211,9.533775432287483,1.946564473927237,9.678145462087324,56.52074537020164,11.541665497199492,19.349309302214195,38.3451648260066,65.96814181818603,2.5517732067142678
2019-11-11,5.171227931976318,36.310001373291016,78.98479461669922,53.15507507324219,251.8094024658203,8.685917739101631,9.250991656785988,1.9305535762111359,9.07803360464338,56.76627492671029,11.610886761890326,19.25369368287015,37.97716612910142,65.16659521489844,2.5557355927053242
2019-11-12,5.206750869750977,36.709999084472656,78.23654174804688,52.99537658691406,252.63084411621094,8.792373766568804,9.39043479607921,1.9360033495881095,9.280914905171622,57.40817624641653,12.03743904170293,19.262120380038194,38.53686541189841,66.38584978670995,2.496765435695775
2019-11-13,5.180915832519531,37.52000045776367,77.8065414428711,53.652896881103516,254.83053588867188,8.77277531601999,9.35447171244314,1.9306172093705694,9.264147514020864,57.57708962594665,12.449992965106228,19.302883886453316,38.42894102335992,66.48548097245494,2.5023969771367676
2019-11-14,5.211220741271973,38.349998474121094,77.81513214111328,53.50261688232422,254.65122985839844,8.735633047634936,9.38738007605599,1.9256098330745868,9.147452535141204,57.96699454733681,11.527760673267196,18.927413319050395,38.48632643650911,66.20643391715318,2.503666669344883
2019-11-15,5.072115898132324,38.560001373291016,78.09893035888672,58.293052673339844,259.5982971191406,8.844501851753424,9.65924126747583,1.9323236271301683,9.089619249811715,59.450444763222734,11.732495242879827,19.30332793423019,39.220787585196824,67.7708802002107,2.508684565683889
2019-11-18,5.273073673248291,39.880001068115234,77.81513214111328,58.56544494628906,258.1821594238281,8.942403137935713,9.58343843351939,1.965577517833147,9.177827888339845,60.419890653694935,12.139882132839022,19.419474788198123,39.24919545208173,68.31320483601485,2.539634756302034
2019-11-19,5.166507244110107,41.290000915527344,75.64788818359375,57.241024017333984,256.36944580078125,9.072594797529288,9.633820884550106,1.9515783202272952,9.020996939494582,59.683648134259144,11.950571197031767,18.878649365078406,39.13606354873828,67.9569444229188,2.6307712413810727
2019-11-20,5.245748519897461,40.97999954223633,73.63540649414062,56.223087310791016,253.8393096923828,9.030578180144333,9.48632640636021,1.9691295916042817,8.836703567559844,58.861707136918874,11.65143210232823,18.819624425122008,38.034543694885144,65.87823144943609,2.496591502950087
2019-11-21,5.2209086418151855,39.52000045776367,73.19679260253906,53.19749069213867,252.10215759277344,8.954738243524094,9.31070282051184,1.9164269586891263,8.938873071924421,56.81785693889648,11.195750191230704,18.692939050646107,37.225201992897674,64.30976890587276,2.3931364941811126
2019-11-22,5.238544464111328,39.150001525878906,73.00761413574219,52.72621536254883,251.33741760253906,8.897444007538184,9.402517083728075,1.9214292905022785,8.886192987444652,57.20583739148831,11.421318306830171,18.851752962050885,37.439773049739685,64.56054188197041,2.3828499740949973
2019-11-25,5.494895935058594,39.790000915527344,73.35160064697266,54.93178176879883,255.99183654785156,8.807455530515238,9.539007585766244,1.8947019223969566,8.906404226213708,57.898918559847104,11.255724484068613,18.93120192115067,37.44914080192648,64.32736606770463,2.4754407350071648
2019-11-26,5.390318393707275,38.9900016784668,72.78397369384766,54.262569427490234,256.29388427734375,8.838692712989976,9.60715019905301,1.9088299761968204,9.030683565032565,59.33382991038863,11.635814839618002,18.941883194632656,37.67528887592259,65.19108952652138,2.5060524970734717
2019-11-27,5.425118923187256,39.40999984741211,72.93018341064453,54.94120788574219,256.30340576171875,8.957091486376587,9.667826218486532,1.9045791843227475,9.033946857533529,59.15975552258174,11.66743205141528,18.875538705311392,37.96007282577997,65.49732035566747,2.521306870676568
2019-11-28,5.425118923187256,39.40999984741211,72.93018341064453,54.94120788574219,256.30340576171875,8.907453142319628,9.866638999613109,1.9007352202238814,8.947999985724001,58.71552403632214,11.425074839809358,18.90092990202757,37.21797915760724,65.422549545108,2.460703892144081
2019-11-29,5.387831211090088,39.150001525878906,71.85515594482422,54.5736198425293,255.4915008544922,8.788906081886847,9.650017572634287,1.8685072940538043,8.773633249655914,58.521259886733674,11.409946957483571,18.708149118741265,36.44133197179941,63.83168420543896,2.433852039594004
2019-12-02,5.201641082763672,38.72999954223633,70.90911865234375,53.44255065917969,250.74266052246094,8.830473195406618,9.50274959596371,1.8670070226217839,9.02081795887889,58.43129818738937,11.343583034082675,19.01569773904971,36.375937764565585,63.276312012829955,2.3819220999065776
2019-12-03,5.162117958068848,38.900001525878906,69.30087280273438,52.16068649291992,250.0345458984375,8.84362993876793,9.566742317600935,1.865422434102496,9.035728035424015,58.82329269716185,11.247001693243792,19.081100191382177,35.944481154528006,61.740176752865246,2.3501073666825882
2019-12-04,5.205868721008301,39.689998626708984,71.13827514648438,52.86760330200195,254.67955017089844,8.811638278736405,9.711997558192772,1.8523993437392479,9.297345411725436,58.396694811438735,11.091737126902013,19.10565264596107,35.50515573695931,60.758591704341576,2.2845257997556807
2019-12-05,5.18896484375,39.619998931884766,71.58029174804688,52.63196563720703,258.5314025878906,8.977634728718975,9.601789707491678,1.8954249863543944,9.528538706662642,58.45698132497637,11.245175616558432,19.001878466393006,35.48637733609085,61.52397482116277,2.3157471590885765
2019-12-06,5.274228096008301,39.630001068115234,72.64632415771484,53.34830856323242,264.43212890625,9.022401594913235,9.504326277405909,1.970489213546352,9.625003864679464,58.62486929492474,11.641517944878048,18.92176751781283,36.17660131616209,63.00773659330953,2.337954067085549
2019-12-09,5.274228096008301,38.93000030517578,73.59965515136719,53.34830856323242,262.0057067871094,9.10648035817175,9.765133176467048,1.9773864271164252,9.58270984940962,58.48898500754111,11.309398159483264,18.97331625785102,36.80878676551181,63.18536881112791,2.384215363933914
2019-12-10,5.319222450256348,39.439998626708984,72.90635681152344,53.36715316772461,263.5068359375,9.041867548919223,9.738791181306238,1.9814864757515036,9.656915680969972,58.10841831751693,11.486161806512902,18.932839799719787,36.94441224987464,63.04875449119383,2.3790604053311744
2019-12-11,5.40274715423584,39.470001220703125,75.39373016357422,55.648128509521484,268.16119384765625,9.18387800584982,9.8126952555172,1.985315569995474,9.65271447682138,58.46745073886874,11.55283880410342,18.90920140867843,37.21913945800068,62.94998029434975,2.382140962693134
2019-12-12,5.570044994354248,42.59000015258789,77.17912292480469,56.89229202270508,271.1822814941406,9.577401805799408,9.812864361266987,2.0963919776581554,9.76647804374224,61.43078487194202,11.898463950867795,19.39795476932906,38.25980208853229,65.19934197350199,2.4346659818817673
2019-12-13,5.568056106567383,41.150001525878906,76.12176513671875,56.43043899536133,273.68426513671875,9.845349517984882,9.979596734173342,2.122310412251917,9.8843833470591,64.52234083567923,12.25277629194265,20.076292409842814,39.880442709069904,69.79482597368765,2.720127924439331
2019-12-16,5.596892356872559,42.349998474121094,76.64178466796875,56.51526641845703,276.5920104980469,9.747565116675522,10.187665563640152,2.0926220382841865,10.127099984896475,64.56888335443969,12.360976916758077,19.622887262726007,39.78044438910501,70.17424885215202,2.885580830548258
2019-12-17,5.674948215484619,42.77000045776367,76.54645538330078,57.297584533691406,278.3575134277344,10.049563053217923,10.657449642244593,2.123660223368351,10.155091392019111,63.75351100394817,12.426381903512274,19.527505292485316,41.414030693972876,73.8199633786959,3.0868630900250027
2019-12-18,5.705275058746338,42.29999923706055,76.25178527832031,56.91114044189453,275.8273010253906,10.061405087800752,10.5926801603525,2.1392689843873556,10.20868102246545,63.20582290644991,12.433189608178798,19.33850537682275,41.287376381739364,74.2768389754904,3.1229760892190996
2019-12-19,5.853183269500732,42.83000183105469,76.69379425048828,57.184486389160156,275.50634765625,9.849895630847547,10.540303130947565,2.110518645150597,10.001527403014798,61.89137972663826,12.749007056098135,19.10075479127512,41.01163995736408,74.65459257108895,3.130566569763998
2019-12-20,5.950381278991699,44.150001525878906,77.00579071044922,58.25897979736328,277.1773681640625,9.636898240809517,10.304069037808446,2.110020656353399,9.950335802551301,62.09013082120316,13.131575960994484,19.234059114954547,41.12820189322208,75.98658116088855,3.1750500767289456
2019-12-23,5.936707496643066,45.459999084472656,76.65909576416016,57.570926666259766,279.58477783203125,9.791152384271266,10.38164346148859,2.1316705600849324,10.07872572776193,61.9466671887682,13.096334352522911,19.093848471037962,40.82286822366591,75.7815163674033,3.15215058756536
2019-12-24,5.931737899780273,46.540000915527344,76.93644714355469,57.9667854309082,278.4424743652344,9.728000275416612,10.284376258581771,2.1157109229266355,10.140939894627833,61.59812255325726,13.281162938924531,19.15426007179507,40.37603925603702,74.99381572181457,3.0708977202758296
2019-12-25,5.931737899780273,46.540000915527344,76.93644714355469,57.9667854309082,278.4424743652344,9.802511596679688,10.494554646809895,2.102955118815104,10.42985331217448,61.39015079044509,13.281041586730993,19.16207777486148,40.35310957224187,74.95122649036003,3.069153747489231
2019-12-26,5.945905685424805,46.630001068115234,76.61578369140625,57.78770065307617,279.7735290527344,9.835296041881548,10.459766330014313,2.0999291219032457,10.424279183279683,62.111043755607696,13.261385564247593,19.476478551349146,40.73350600883811,75.91225210174606,3.1905122079785513
2019-12-27,5.888234615325928,46.18000030517578,76.96246337890625,57.65574645996094,280.085205078125,9.924553568427559,10.340659464707011,2.1301431221741898,10.390091731064098,61.80585014969819,13.389692036203929,19.51759900080019,41.75725247173471,77.5957084062633,3.2745978733357513
2019-12-30,5.775126934051514,45.52000045776367,76.64178466796875,57.42954635620117,278.4046630859375,9.819498107931471,10.338253311722253,2.109650957041003,10.401076935835532,61.999813009139615,13.147520659457223,19.28211154932107,41.25837545359098,76.09402783318264,3.244024820022862
2019-12-31,5.849207401275635,45.86000061035156,76.46845245361328,57.53321075439453,279.3959655761719,9.719663125972852,10.271862446636064,2.080278487873457,10.256709191227465,62.31586854902264,13.214542583209404,19.380405687319634,41.41287192334193,76.37897018828292,3.256172423435938
2020-01-01,5.849207401275635,45.86000061035156,76.46845245361328,57.53321075439453,279.3959655761719,9.776879257970077,10.332329175779543,2.0925243329208123,10.317086718651666,62.425958909475554,13.237888061497353,19.414644090755544,41.50619582881907,76.55109019501626,3.263510207881907
2020-01-02,5.963803291320801,49.099998474121094,76.86711883544922,58.6265754699707,285.9007873535156,10.031296904405878,10.304347628797641,2.0862321754070514,10.781609667018623,62.407584971258096,13.233991731483034,19.408929745677487,41.052059371298256,77.0245008051138,3.206492701719036
2020-01-03,5.868347644805908,48.599998474121094,75.41973876953125,57.69345474243164,281.2935791015625,10.027276106452,10.121978582707262,2.0571760612306123,10.640047649269329,62.50532665192844,13.25471858054166,19.439327675900692,41.161740127748956,76.65059872630816,3.201697833812426
2020-01-06,5.892956256866455,48.38999938964844,74.97771453857422,56.44929122924805,279.05615234375,9.761684741020348,9.832978112007437,1.9703183910067892,10.337151671525797,61.343393359238114,12.979675511164997,19.203264886856154,40.85457785407747,75.917612667545,3.1259719371774235
2020-01-07,5.964301109313965,48.25,77.10980987548828,58.079898834228516,282.0867614746094,9.68430984730674,9.875413643963206,1.9695314284350398,10.064632373114376,61.51182219764936,13.142200456035196,19.358992063546243,41.02017408889314,75.57430711857211,3.1257496074922324
2020-01-08,5.97548770904541,47.83000183105469,76.88445281982422,58.04219055175781,285.0133972167969,9.704334188083337,10.000367411888574,1.9410030395446127,10.0047580348451,61.14322285558007,13.103161470653113,18.95105910329892,41.78966976570905,78.37229196579193,3.128322331104981
2020-01-09,6.04111385345459,48.970001220703125,77.92450714111328,58.4097900390625,284.5318908691406,9.931670649896152,10.14290394812266,1.9995221777103593,10.19796575327273,63.68205357936943,13.452446243629955,19.25604098996908,43.30704731462344,80.01643217805619,3.342478883200558
2020-01-10,6.07343053817749,48.16999816894531,78.22785186767578,57.93851089477539,279.6225891113281,10.012875924691103,10.049286453015768,1.9989734218431066,10.20731986661873,64.32452351382281,13.543266350836902,19.108429265962634,44.103196911262046,80.17378579155236,3.4688707592585173
2020-01-13,6.263845920562744,48.75,78.84317779541016,58.25897979736328,284.5980224609375,10.065474857049114,9.81043887925411,2.02531244276665,10.658404247781661,64.28988662725214,13.535973695489218,19.098139932114922,44.50763681960283,81.53281637246505,3.4393656349290342
2020-01-14,6.147010803222656,48.209999084472656,78.48784637451172,58.7679557800293,285.636474609375,10.228150917664905,9.699442109792894,2.0438637823398187,11.067721409882664,65.22683375609034,13.441079135687627,19.668387682736427,44.62296590020011,81.7440858404185,3.4966176089137546
2020-01-15,6.104503154754639,48.54999923706055,77.71648406982422,58.37208938598633,283.3044738769531,10.066959664814144,9.715051862155725,2.044632187905238,11.27480029626382,64.53436071645777,13.202838045409809,19.716984136784337,43.761314647782775,79.65862472271614,3.39079884969796
2020-01-16,6.188027381896973,49.77000045776367,79.55388641357422,59.57854461669922,284.2486267089844,9.868705368899876,9.796674587773943,1.992105145610164,11.450024223384528,64.6463595250436,13.029312168614176,19.695857653330982,45.0327318283785,80.48859697127858,3.600550507780323
2020-01-17,6.196728229522705,50.93000030517578,83.1246566772461,59.23923873901367,283.26678466796875,9.835624811850352,9.796164978287713,1.994370517859919,11.38212877049663,64.4106880629946,12.952386070135168,19.905680396552615,45.39977523648838,80.18837322878642,3.662563981120539
2020-01-20,6.196728229522705,50.93000030517578,83.1246566772461,59.23923873901367,283.26678466796875,9.818876140540322,9.744600738764825,1.9834420490184128,11.308897109274707,64.80669220738852,13.078984175688516,20.007988913626985,46.151124344851475,80.80646948678731,3.6214907125421685
2020-01-21,6.163416862487793,51.04999923706055,81.9372787475586,59.56912612915039,281.71844482421875,9.838257018651637,9.763835009210673,1.9873570437736852,11.331219048497804,63.31794500157369,12.846624117635042,19.715477928714158,45.52097357608971,80.5147350264104,3.6221880574888483
2020-01-22,6.217360019683838,51.43000030517578,80.57656860351562,60.219486236572266,279.68865966796875,9.78880732616919,9.714759381511632,1.9773680594971894,11.274265332373373,64.81226939507468,13.38760217108856,20.312205983384125,45.74677548834288,81.11046071375527,3.7824597010460694
2020-01-23,6.285720348358154,51.709999084472656,79.73587799072266,60.219486236572266,277.8665466308594,9.829049826238688,9.754697465085972,1.9854971636485204,11.320614658527608,64.62139184167616,13.750128422026345,20.07446391626133,44.83753622574233,79.60464545451113,3.962516977374829
2020-01-24,6.226558208465576,50.349998474121094,77.69915008544922,58.438072204589844,279.2921142578125,9.810687044467407,9.73647358953718,1.9817878273679932,11.29946531243961,65.25583375118391,13.473743384032536,20.154629227255,44.688922788016576,79.34079687995133,3.9493832657656647
2020-01-27,5.971012115478516,49.2599983215332,75.44574737548828,55.65755081176758,268.3878479003906,9.795980793342654,9.721878584617723,1.9788171211031667,11.282527377949704,63.82910919482198,13.008502130581416,19.93174734602931,44.62967460690103,79.23560754867803,3.9441472081382574
2020-01-28,6.164163589477539,50.529998779296875,77.26582336425781,56.7320556640625,273.9580383300781,9.771568520019747,9.697650979212339,1.9738857696197858,11.254410525953537,63.18719012588782,13.208840739678639,19.73345982681022,42.88357359489415,76.81089884698518,3.7567768200326728
2020-01-29,6.103756904602051,47.5099983215332,76.46845245361328,56.38331985473633,279.58477783203125,9.800878391121984,9.726739134262663,1.9798064503538528,11.288168189441393,64.38966034332694,12.969166011262466,20.063858950024994,43.192290156181556,78.25003477238693,3.7329464052004937
2020-01-30,6.11046838760376,48.779998779296875,76.07843780517578,56.78860855102539,277.92327880859375,9.288626583461953,8.877191492328707,1.8517011856354606,10.344712687028368,62.31573500414137,12.150659454325417,19.745411596830944,41.66886105455582,74.89046943211419,3.598584619293406
2020-01-31,5.877296447753906,47.0,73.93767547607422,54.658443450927734,264.9701843261719,9.35589938418624,8.947457896723307,1.8571596992924844,10.679451954105675,63.811189423719576,12.591964837668385,20.432238696195274,40.77320548814603,73.92484704449522,3.4067188647024897
2020-02-03,5.974245548248291,48.02000045776367,74.95173645019531,56.28905487060547,272.0509033203125,9.166921725672161,8.768166825937126,1.8039282606635154,11.108169908266753,62.983364678956406,12.3058209226842,20.575882843049772,41.083339778053045,74.38797634949621,3.4040747315054847
2020-02-04,6.143283367156982,49.45000076293945,77.07512664794922,59.390037536621094,282.50201416015625,9.491087970212059,8.994687870025794,1.8326309130882907,11.467121352345512,63.927723477225896,12.429154497979487,20.699558696015004,42.500336181907514,76.62655850411932,3.5175549973792077
2020-02-05,6.233518600463867,49.84000015258789,78.79119110107422,60.13466262817383,289.19573974609375,9.631621284455884,8.837825820729046,1.8731153276437245,11.588365351145756,63.7120511560575,12.227630569915716,20.93328268772851,43.183077805476195,77.54864375264017,3.5537455006134073
2020-02-06,6.320274353027344,49.31999969482422,78.53117370605469,59.5597038269043,292.2452087402344,9.803804762799347,8.883803361788708,1.9557597776214024,11.523919773036276,63.395831227353995,12.293107304172059,21.46078605674587,44.30758922419449,79.70507557372409,3.6411442547548694
2020-02-07,6.254150867462158,49.72999954223633,75.76643371582031,58.164730072021484,287.9211730957031,9.64568449837526,8.83723698294927,1.8729905275975176,11.225059067149658,62.79130767436539,11.999790755006721,21.709155842146576,43.77075087080431,78.70081275068608,3.681892960338822
2020-02-10,6.537040710449219,52.2599983215332,76.78911590576172,59.305213928222656,292.3678894042969,9.584064761745124,8.771106092182892,1.8663584266892537,11.076848319549189,62.91162865329162,11.843431417798238,21.509821771576846,43.015029092251844,77.85487151353398,3.680263069837495
2020-02-11,6.659344673156738,53.79999923706055,78.00249481201172,60.747310638427734,298.3440856933594,9.749906096775998,9.047195795320764,1.908300651157638,11.360847237352221,62.842277074651314,11.830375633312526,21.486110096516715,43.35787904493105,79.00504340665569,3.6854487447904445
2020-02-12,6.774937152862549,53.88999938964844,79.49319458007812,61.61445999145508,299.69403076171875,9.878180227986407,9.33791952961619,1.9458470665430894,11.551616329767969,64.99260988590811,12.332387464297229,21.208232464020096,43.97429484832087,79.49256000904838,3.6732148126153663
2020-02-13,6.731186389923096,54.529998779296875,78.02849578857422,63.49955749511719,299.51470947265625,9.891060357030668,9.513109689956046,1.948384250593089,11.472311687423883,66.35905550421646,12.310788606680148,21.446566699553784,44.22303522293823,81.27239973106312,3.9028104898647107
2020-02-14,7.203746318817139,55.310001373291016,77.65582275390625,63.00944137573242,298.6177978515625,9.866320084962727,9.419624578328703,1.9410030395446127,12.035295967578191,66.36059095796034,12.533450352876343,21.623167367117976,44.81481871144528,82.87671998701184,3.8728559277960795
2020-02-17,7.203746318817139,55.310001373291016,77.65582275390625,63.00944137573242,298.6177978515625,9.753479171739796,9.23616376292981,1.9215260263651952,12.077003125980205,65.64328114205138,12.210591329323195,21.720250114554535,44.645929508006624,83.36409236320733,3.9085388602042106
2020-02-18,7.372285842895508,56.88999938964844,76.29509735107422,61.61007308959961,291.8958740234375,9.47365096677397,9.096621223739247,1.893905387096891,11.740763520229898,62.49582880592024,11.504502683382286,21.290395882419382,43.35203756079231,80.8707715545385,3.804989022220774
2020-02-19,7.822970390319824,58.900001525878906,78.48784637451172,63.73749542236328,299.6468200683594,9.593581103978835,9.003701861897172,1.911463104877964,12.181670719346169,64.85737406924808,11.962644222863918,21.575577885743083,43.41756974086847,81.63800495839773,3.8283914690609993
2020-02-20,7.673819541931152,57.27000045776367,77.54314422607422,62.78251266479492,295.94610595703125,9.527425999758634,9.096060112175188,1.88417574513255,12.18829364205101,64.16822235380373,11.781772010419225,21.624029938016058,43.22101686905841,81.9332342387878,3.812058215296101
2020-02-21,7.310140132904053,53.279998779296875,75.42839813232422,60.7685432434082,288.8935852050781,9.495797995848323,8.941537193613396,1.8708577641709376,12.259902988684328,62.93123656853756,11.599165464713693,21.495954180291925,42.18337364673902,80.26753952411431,3.6897658680507517
2020-02-24,6.793332099914551,49.119998931884766,72.21298217773438,57.752349853515625,274.1656494140625,9.299863371642878,8.641722309439157,1.8287148529718316,12.075116157955613,63.155192939077615,11.640443963920392,21.572452849983097,40.427258741638205,77.45190706956338,3.5429309833049665
2020-02-25,6.514170169830322,47.56999969482422,69.52622985839844,55.653282165527344,268.6805114746094,9.371864852948331,8.688974931144474,1.8215139779830785,11.986714061010767,62.12148463525986,11.166173408315302,21.298326270940024,40.8081195879013,75.54001152281973,3.69160868247574
2020-02-26,6.653378486633301,47.4900016784668,69.04087829589844,56.55154037475586,270.3138427734375,9.248358390135797,8.58853128636877,1.7999542306570435,11.322345555278147,62.0960015861193,11.223985599298588,21.21822512503453,39.92303123122411,73.10535887192985,3.7048591128442023
2020-02-27,6.283014297485352,44.0099983215332,65.81675720214844,53.89461898803711,261.73199462890625,9.238031905153857,8.300941829150359,1.7748305750610631,10.932001960891776,60.716548250426754,10.91987825653301,20.49796194379468,39.60308606039768,71.90318458449124,3.495882736879804
2020-02-28,6.71755313873291,45.47999954223633,67.86217498779297,54.953609466552734,261.2409973144531,9.2426212085185,8.305065601470844,1.7757122819022417,10.937432800912303,57.7311297375505,10.468075514166628,19.376928255307945,38.400279268918474,68.10938731349992,3.3233360058981853
2020-03-02,6.875746726989746,47.459999084472656,69.8208999633789,56.88246536254883,271.4183349609375,9.117212409137545,8.393457827233371,1.7498251829279257,11.002640301305867,61.42966029971109,11.190195905217468,19.730113662727867,39.3310656593043,72.03037263232565,3.5325560339974116
2020-03-03,6.613581657409668,46.75,68.0875015258789,54.87796401977539,268.40673828125,9.407386113913349,8.69361985009475,1.8291031001118363,11.282744257731977,59.80606610252547,10.74272314679842,19.312280338529725,40.01118179978406,73.29975971786625,3.548135219566917
2020-03-04,7.076722621917725,50.11000061035156,71.45955657958984,57.22285079956055,284.7490234375,9.507439172109477,8.66874602048404,1.831253531029557,11.106385972267907,60.536755480609,11.062814398804125,19.148911504955894,41.52342157434426,74.60639397223666,3.624467857529822
2020-03-05,6.79764461517334,48.11000061035156,69.16202545166016,55.9085807800293,272.1358642578125,9.588041417738971,9.014061679359244,1.8602879628413866,11.384923598345589,60.466632656531644,10.953680463444773,19.498178190434082,41.90674297985904,75.24979356393877,3.754354132799929
2020-03-06,6.617311954498291,48.59000015258789,67.67693328857422,54.6415901184082,272.0036926269531,9.30864026227511,8.822141021123356,1.7991055936743732,10.98305999499739,59.87868165603414,10.73829715029393,19.39814756969951,40.83347008980696,73.19170612250268,3.6092746588780926
2020-03-09,6.104920387268066,43.27000045776367,63.45749282836914,49.23320388793945,249.15658569335938,9.022768580319818,8.537586940137727,1.732698039483349,10.167717193663094,57.894581968826785,10.37024370342651,18.701455925490347,40.825563294338394,73.17753363485878,3.6085757764060697
2020-03-10,6.493940353393555,45.380001068115234,68.91741180419922,53.109840393066406,264.1205139160156,9.04167071650916,8.67627603115775,1.705273963575335,10.193022532729936,60.627240531624786,10.849702288463211,19.131235175835968,39.049577663317216,69.69224070790122,3.4826084691953425
2020-03-11,6.130539417266846,45.70000076293945,65.18720245361328,49.63032913208008,249.37367248535156,8.96768583261316,8.501833562345578,1.701623330709179,10.087178146940882,56.25531717057602,10.051553221684083,18.074599040183735,37.741554664977926,67.73782011902655,3.3548216384398164
2020-03-12,5.380358695983887,39.0099983215332,58.54792022705078,42.65239715576172,227.2913055419922,8.634610134365031,7.783360617719865,1.5679704729823678,9.86953225461052,54.58568557788338,9.572347309585862,17.269960881749277,37.592730238252585,65.3400711018842,3.3415927343435605
2020-03-13,5.99050235748291,43.900001525878906,66.2267837524414,48.11748504638672,242.58566284179688,8.551545510944678,7.931099546237251,1.5316210801129098,9.5324194814251,51.0710257899935,9.08683827711192,15.833427293788647,35.42838441278788,63.99599034470485,2.9005745921590176
2020-03-16,4.885130882263184,38.709999084472656,56.32902526855469,38.32191848754883,216.5380401611328,8.110394729998387,7.403368025280621,1.481073206215193,8.624941343661115,48.34861572060833,8.625259639540298,14.987141844747605,34.65985998007435,62.47928545115101,2.752696929107074
2020-03-17,5.404237270355225,41.880001068115234,60.15532684326172,42.416019439697266,225.01602172851562,7.827532687221824,7.268117099447325,1.4349634237702724,8.481458295326403,47.95457501381447,8.83191418575123,15.21280143023748,32.9478245637119,61.249791337886776,2.6260083353875885
2020-03-18,5.044816970825195,39.119998931884766,53.45490264892578,37.04545593261719,185.9776153564453,7.645966122872247,6.993245648650638,1.3897188258227433,8.56649332850367,47.35173600221342,8.243649513241255,14.845350593195255,31.61099682949874,55.42090322112437,2.444418807499477
2020-03-19,5.29728364944458,39.81999969482422,56.78327560424805,38.00044250488281,202.06503295898438,7.340660253501038,6.335345889522822,1.2530430204146137,8.338706621985217,43.206090673199014,7.457594268012546,14.652555995010054,29.3622115580124,51.58907787927588,1.9514503695948988
2020-03-20,5.117696285247803,39.61000061035156,53.21028518676758,35.9202995300293,204.01931762695312,7.940185706226659,6.914644180488618,1.344141789336008,9.109296533621322,42.06819955174197,7.261188386971697,14.26666101785313,30.99933889264372,55.85744788862784,2.2449494535010963
2020-03-23,5.290316581726074,41.63999938964844,54.62550354003906,37.98152542114258,220.11611938476562,7.5119491119949355,7.0876056488372505,1.2669556581285575,8.552139921219549,43.92420610596074,7.928845544851927,14.18683335088813,29.08701429603602,51.94607119416983,2.0796695364394426
2020-03-24,6.197945594787598,46.220001220703125,57.18511199951172,42.68075180053711,245.6634063720703,7.894002014659113,7.607182629643971,1.3513013538918284,8.927439068807843,51.673171114192264,8.756227473212927,15.325686201120353,31.904116819736625,58.48827600978666,2.2415564082585964
2020-03-25,6.109397888183594,44.630001068115234,55.105987548828125,42.293094635009766,247.41940307617188,8.193604140347956,7.729076901486409,1.4692283833719444,9.14910397957261,54.025084860877186,9.605400886154976,17.09910406110766,33.98308482595243,64.553481870432,2.584174715348936
2020-03-26,6.398426532745361,47.5,60.26014709472656,46.51958084106445,260.4763488769531,8.252777501948929,7.908700461532593,1.4863532179139332,9.36967717306637,51.97004308685376,9.068327725420515,16.142614272505686,33.32207662324875,61.52629542051879,2.6054006705201096
2020-03-27,6.286247730255127,46.58000183105469,58.17226791381836,42.59566116333008,238.49774169921875,8.079034661697722,7.859812188420291,1.4923714285244043,9.206883040049446,55.48864869816277,9.504166487485085,17.40623803635166,34.19533264990041,64.49823952242943,2.5999840890369437
2020-03-30,6.606118202209473,47.86000061035156,60.30382537841797,44.72308349609375,253.0462188720703,7.9068241187704045,7.7696199515989814,1.4756348492393494,9.195896156066857,54.45180677921053,9.425991081507656,17.664621587706428,34.14263274641427,64.83790791818348,2.6855899846791247
2020-03-31,6.556621551513672,45.47999954223633,59.09828186035156,43.32371520996094,247.0134735107422,8.135901286358317,7.596312306958761,1.467342768706704,9.157287408596686,54.29835560724286,9.469909671813522,17.554736304801203,33.76281558626399,63.94382948373051,2.6118517329352646
2020-04-01,6.045971870422363,43.65999984741211,57.569515228271484,40.94100570678711,235.0895233154297,8.008336053760607,7.695824136774881,1.4228109309565022,9.030011181618585,52.43341017276702,8.748884789744928,16.75299853689751,32.544789998955544,60.48117730735971,2.5522244225097945
2020-04-02,6.354401111602783,44.4900016784668,59.421512603759766,40.884273529052734,233.45619201660156,8.011516048004994,7.698880037063839,1.4233759085674467,9.03359686825705,52.206813440230356,8.604521570393196,16.594453276655436,32.76867767853153,60.812315445676816,2.537462130154817
2020-04-03,6.066864967346191,42.59000015258789,56.98421096801758,39.97657775878906,230.93553161621094,8.048003732394942,7.7339438506123885,1.4298585381482734,9.07473952208935,52.31415436679543,8.468853037816652,16.120094600791035,33.12010053376224,60.896892895823086,2.5651273014734306
2020-04-06,6.676012992858887,47.52000045776367,61.98113250732422,43.63573455810547,255.9729766845703,8.120946962971333,7.85191963132748,1.461642683044938,9.410594088972108,55.454442527341065,8.935445620778951,17.34276781232643,34.069509547620754,63.11407340852738,2.644349274779097
2020-04-07,6.442949295043945,47.560001373291016,63.536094665527344,44.96892166137695,257.3513488769531,8.389172676748856,8.03523319334485,1.5423986545075727,9.638042677306222,58.382959883500966,10.035100599422973,18.085620805764485,35.059435997419065,65.84135729495137,2.846633435249887
2020-04-08,6.639945983886719,48.790000915527344,64.06027221679688,48.656436920166016,263.0064697265625,8.443684639864289,8.088551370715516,1.5490227317779985,10.021116010295893,59.99829226722872,10.088806598140144,18.5044777427368,34.572780946220405,65.25940083287966,2.830455552631526
2020-04-09,6.540453910827637,48.380001068115234,62.531494140625,46.88833236694336,261.33538818359375,8.392800020451965,8.142955678043199,1.555570188267817,9.843368022376884,60.695698366784754,9.96631584609919,18.263711644993943,34.94456806956164,65.67582707347191,2.8126268184683063
2020-04-10,6.540453910827637,48.380001068115234,62.531494140625,46.88833236694336,261.33538818359375,8.289000972927347,8.108205608469092,1.5380638396900943,9.897012053020068,60.11441259929243,9.923456145826357,18.674485834060647,35.2031695428058,65.26193276630738,2.751789660109407
2020-04-13,6.712080001831055,50.939998626708984,64.03406524658203,47.16252136230469,258.77691650390625,8.270624740229666,8.154074847269495,1.5526856322064333,9.749379616193877,57.964825459710184,9.639436454669553,18.15040307564549,34.48051898831147,63.08691602727188,2.706090411699009
2020-04-14,7.062793254852295,54.93000030517578,67.7468032836914,49.61142349243164,272.77789306640625,8.513553580872891,8.528838440032928,1.6374133490249232,10.063513239012122,60.665116633190046,10.327546677165948,18.935786278559984,34.89782024199064,63.634165970369466,2.776302410966558
2020-04-15,6.985438346862793,54.9900016784668,66.38400268554688,47.62583541870117,266.6978759765625,8.539317710368401,8.480258201421252,1.6406104328876436,10.16736814351018,60.15185817976277,10.443621412368348,18.978035215714684,34.94157332943207,63.713947206236284,2.7797831957636756
2020-04-16,7.33018159866333,56.95000076293945,67.13529968261719,49.38448715209961,276.05389404296875,8.542624058818664,8.419985339470099,1.6268584530494075,10.125905671678497,60.4453738859871,10.285077975319556,18.45370638802705,34.650904381670536,62.416201087754224,2.790879399468604
2020-04-17,7.270983695983887,56.599998474121094,66.54125213623047,50.30165100097656,279.12213134765625,9.129200330538284,8.562219881865056,1.6778669959307093,10.222833008720272,62.57994268960242,10.919130396739119,19.485142770995818,36.226895294734064,64.35055109475068,2.9558959998049485
2020-04-20,7.139901638031006,56.970001220703125,64.91638946533203,47.87166213989258,275.2796630859375,9.025192497105795,8.580665130288391,1.6398457101960437,10.189477481093212,62.21783916439599,11.01270148595694,19.43641030285019,35.641308595025215,63.331258079777726,3.0180018703398455
2020-04-21,6.703621864318848,52.91999816894531,62.75859832763672,45.69696807861328,265.3760986328125,8.75945628560916,8.199378457148711,1.5800226735031426,9.936059806525114,60.21094398532467,10.782916658133976,18.82098986628134,34.954918964692204,62.6442256111157,2.976619641385254
2020-04-22,7.117515563964844,55.91999816894531,65.23960876464844,49.27103805541992,278.4802551269531,8.710618663877469,8.007816985796033,1.5640650100652944,9.967858489133512,59.272255729376305,11.16067212556626,18.549376037903546,35.014275636625676,63.97795603604161,2.983552417242158
2020-04-23,7.064286708831787,55.900001525878906,64.47957611083984,48.12696075439453,273.2215576171875,8.767296619295406,8.134888016413326,1.583764931187199,9.954956770827252,58.80734762193281,10.899703395293812,19.07455538661575,34.999204259940434,62.959519760415525,2.9935933358876587
2020-04-24,7.203079700469971,56.18000030517578,66.42770385742188,48.921199798583984,276.9203186035156,8.780934154273746,8.130786555961437,1.58928429736163,9.724184414389976,57.04019060483361,10.465641293386703,18.55867955855562,34.61808298741213,61.99098079184012,2.9042442575099816
2020-04-27,7.389381408691406,56.4900016784668,66.37527465820312,48.249874114990234,276.0283508300781,8.83412192687421,8.614426616920076,1.6324471582509614,9.772414421531334,58.67301272535706,11.359574891666433,19.40228502116989,35.05272087230581,63.05578995526637,2.9679241513953842
2020-04-28,7.247107028961182,55.5099983215332,65.77249145507812,47.67311096191406,276.5218200683594,8.838431509427357,8.732089793634865,1.6289373218575725,10.00188139700327,59.32620304503045,11.382022937751128,19.275872635624026,35.47753422107198,64.11654726798847,2.9736734988327096
2020-04-29,7.423706531524658,53.65999984741211,68.9873046875,51.37953186035156,288.1835021972656,8.94525240739968,9.301239619812723,1.647454398337583,9.95695234808981,59.62744429250285,11.439817548101047,19.373749924593067,35.42035647451262,64.37197076033979,2.982436739042304
2020-04-30,7.26999044418335,52.38999938964844,68.72522735595703,46.973419189453125,273.68463134765625,9.163599856398466,9.755807741569766,1.7028649432980576,10.478446090813872,62.011974878889355,11.652880513276978,19.919802404336295,35.70148622937148,64.88288815815474,3.0061082034989743
2020-05-01,7.033691883087158,49.880001068115234,66.07823944091797,44.335418701171875,264.7936096191406,9.17753809217423,9.770646751414796,1.7054550752817668,10.49438426516305,58.22374474294662,10.931371363797338,18.96249397314476,35.63761813938173,64.76681606768051,3.0007304332844096
2020-05-04,7.245365619659424,52.560001373291016,66.1131820678711,44.98783874511719,268.7030334472656,8.799601289924844,9.308808826852008,1.6199653904239268,10.264856477325534,58.522126409443416,10.987391821069975,19.059671861266217,34.26285305259563,62.12339896057996,2.913424023406601
2020-05-05,7.306303977966309,52.189998626708984,67.81670379638672,46.18863296508789,273.6087646484375,8.898761724299815,9.444827445825116,1.650685176815917,10.662548872184326,58.54461465790212,10.991613936914788,19.06699590539542,34.30013251037765,62.19099189060454,2.916593954051752
2020-05-06,7.407041072845459,52.15999984741211,68.89994812011719,47.74874496459961,276.97723388671875,8.909303303006329,9.592872329905063,1.634620248013911,10.398549784084915,58.67935279584275,11.01691070594258,19.110877849779655,34.82938203684749,63.328051432958034,3.0336497249232344
2020-05-07,7.583144664764404,51.95000076293945,68.86500549316406,48.4578742980957,284.27410888671875,8.843409645294955,9.543569185532178,1.6594702623190962,10.2427134061297,60.68259266494414,11.410269675968252,19.890203566189204,34.341492418908445,62.95278175395002,3.1708078144552756
2020-05-08,7.772928714752197,53.189998626708984,70.37631225585938,50.878414154052734,288.8381652832031,8.907849251826825,9.624805318184878,1.7069125118160502,10.317349372140939,60.93899045290953,11.902018889026058,20.01666173266784,34.62047915975702,65.46672133283955,3.337704423422298
2020-05-11,8.02464485168457,55.7400016784668,70.30644226074219,51.0675163269043,288.8288269042969,8.994522253274164,9.570439266734395,1.7362400201371015,10.431727338122414,61.23976938347821,11.685347179591506,20.03580996749913,34.334743313777906,65.0778775971369,3.421426961644058
2020-05-12,7.762979984283447,53.7599983215332,68.50685119628906,49.47904968261719,281.46551513671875,8.799895508025546,9.483884556786787,1.7130948747694696,10.319157770183633,61.501021037753965,11.878041755199044,19.685249854048806,33.87718891968275,65.80226906577167,3.3464239360864463
2020-05-13,7.740594863891602,52.18000030517578,68.13992309570312,48.68480682373047,279.1881408691406,8.890488235274155,9.82097931095334,1.7165516535274457,10.368720046004828,61.20872829277825,11.683463516371958,19.772136481121418,34.24585228362063,64.01965156204481,3.219978038996965
2020-05-14,7.989822864532471,54.5099983215332,69.7735366821289,51.46463394165039,287.08282470703125,8.740235542113053,9.577092214741727,1.6728461945900135,10.049373478857252,59.49343610787788,11.375186591363736,19.644755443131032,33.83305045493097,61.676995526825614,3.122867887392965
2020-05-15,8.44774341583252,54.20000076293945,66.19181823730469,49.204837799072266,277.5845031738281,8.894147894727837,9.58222143682166,1.6712250827202995,9.987277021645305,60.46194487208959,11.702673539150167,19.672711652369916,33.75731529376326,62.727537730969956,3.220477443498176
2020-05-18,8.705927848815918,54.59000015258789,69.83470153808594,51.39845275878906,289.30322265625,8.632840360703728,10.243254379645915,1.5714796304223948,9.907423485578008,58.33277120562552,11.214077004308365,19.421251416260798,34.242267900794594,61.78057501817298,3.2672860291911023
2020-05-19,8.760899543762207,55.470001220703125,68.21855926513672,52.447975158691406,290.5935974121094,8.681551587950526,10.7482306857224,1.5621685750876446,10.046731059961523,58.53401088283454,11.21796319934816,19.99898313576999,35.522278082205716,63.40545353779563,3.2579664293664368
2020-05-20,8.924568176269531,56.38999938964844,70.43746185302734,53.99531173706055,308.9923400878906,8.783876400993776,10.96915386766151,1.5545435576254802,9.957117535688894,59.5307431841432,11.501309756397198,20.091544244403316,35.30695063596071,64.47249444620533,3.6449196675171134
2020-05-21,8.730802536010742,54.650001525878906,68.13992309570312,52.22964096069336,302.68231201171875,8.878037626729691,10.828094582280743,1.5854381460162232,10.120884414861106,59.15636687919191,11.393257547350167,19.968161491197666,35.2075198215587,63.819628742250366,3.6003936345691407
2020-05-22,8.980531692504883,55.16999816894531,68.75144958496094,51.631587982177734,303.03338623046875,8.715070097425706,10.304968938230658,1.5428629944480294,9.85231263153083,59.241490819363726,11.520437557283726,19.58304068571056,34.17113438324153,61.86764022834281,3.493743573664547
2020-05-25,8.980531692504883,55.16999816894531,68.75144958496094,51.631587982177734,303.03338623046875,8.659419401772055,10.656145674033443,1.528009250272705,9.789399993352065,60.02692662481989,11.64060045993773,19.728198528125617,34.07106716560338,61.6358987055259,3.746390774279588
2020-05-26,8.673592567443848,53.189998626708984,68.15740966796875,52.34355163574219,303.50787353515625,8.771966813734053,10.666788582551945,1.537045379949904,9.772330338964895,60.7361054216334,12.083602189199242,20.56586308648754,34.33701494077126,61.991003956983114,3.673745580436934
2020-05-27,8.482069969177246,52.7400016784668,69.26685333251953,53.53965759277344,302.245849609375,8.820150102449595,10.793776577606373,1.5302414496536643,9.725611469875059,58.68859043825493,11.776677791137237,20.60336289291124,35.04882802601969,62.07055298535091,3.549991981781338
2020-05-28,8.444012641906738,51.7400016784668,68.23603057861328,51.897396087646484,303.6123352050781,8.731216935451954,10.671407182442966,1.535206479941521,9.857137203386639,59.04277515820141,11.699403346195732,20.87261540717625,35.18761406816182,63.59304087851979,3.378534276983571
2020-05-29,8.830544471740723,53.79999923706055,70.65584564208984,53.330810546875,312.6645812988281,8.705163181934532,10.782300161706944,1.5536791422530078,9.746747208517782,57.56158498454495,11.650549724243058,20.72205147599937,35.40621357798802,61.7898786889397,3.4657702603511975
2020-06-01,8.761646270751953,53.630001068115234,69.65126037597656,52.865657806396484,310.02667236328125,8.799503671505954,10.735164415183371,1.577027099331944,9.856870888346473,60.08211282122625,12.321995469028765,20.676719388690763,35.97361828014059,63.768876419765455,3.475589805962494
2020-06-02,8.780547142028809,53.540000915527344,73.93180084228516,52.960594177246094,317.61761474609375,8.862132573420103,11.323784975517043,1.6005384281549795,10.190892651685779,60.76102099161844,12.428001754474204,20.756786758387577,36.335014783304956,63.92866483929007,3.4816434890875434
2020-06-03,8.725081443786621,52.72999954223633,74.04627227783203,54.87814712524414,328.5961608886719,8.985157900241612,11.425934861748493,1.6740166804811858,10.204891508294555,60.666023877889856,12.522285630866145,20.613695607984763,38.64809688806517,68.28785860294107,3.401127944332718
2020-06-04,8.72607707977295,52.630001068115234,75.745361328125,55.181915283203125,335.0579528808594,9.138419225880149,11.430947788997848,1.682306418773094,10.209368724324367,61.30058627184958,12.58696676080306,20.480470635766075,38.82474422432055,67.70236256095258,3.379828728864075
2020-06-05,8.878873825073242,53.099998474121094,77.95501708984375,57.13743209838867,338.9579162597656,9.30666509878907,11.529202146288092,1.7183005825858222,10.362358667338126,62.94519173056124,12.785524686700299,20.298300864312882,39.47899766511828,69.81196182191684,3.3581038836052373
2020-06-08,8.764399528503418,52.970001220703125,80.43762969970703,56.862152099609375,331.3954162597656,9.543134369642543,11.592220369415687,1.720884527571886,10.883426415517768,63.587338798999134,13.223623634546207,20.555308898821345,39.51615962326514,71.11023952148754,3.351558459363709
2020-06-09,9.004286766052246,56.38999938964844,79.01142883300781,56.75773620605469,331.47125244140625,9.593488485371536,11.687328881395013,1.6788913884912833,10.824956663301627,62.56464432237175,12.851172717972855,20.363676286037453,40.12777563391871,70.48825022306343,3.2849993160068687
2020-06-10,9.323556900024414,57.439998626708984,80.12067413330078,56.824180603027344,330.1333923339844,9.716768227586172,11.767886718891736,1.7277459714469354,10.940445285194548,63.84217839295279,13.27402264591942,20.93839127682536,40.002944450414454,71.17972831531557,3.346694150922659
2020-06-11,8.755693435668945,52.83000183105469,73.96702575683594,52.599857330322266,315.8717956542969,9.670232046232794,11.702119549513844,1.6920353139283695,10.601253120263777,63.33241013152416,13.110851681481968,20.899839069636222,39.45780071513951,69.81755262226372,3.301538319473444
2020-06-12,8.891313552856445,53.5,75.04104614257812,53.68205642700195,325.53131103515625,9.543500566519697,11.618851982185848,1.688546146823016,10.474738919337918,62.507039740242135,13.000270378715216,20.611964540313682,37.5306722986234,66.37621884383175,3.1330488984430045
2020-06-15,9.131450653076172,54.68000030517578,76.05345916748047,54.15669631958008,332.1165466308594,9.314668400364447,11.578420715740021,1.6649046647547323,10.370245718699724,58.76019160970624,12.038071967322521,19.517907226258465,35.872436872074196,63.99742747022086,2.9376527959766867
2020-06-16,9.026684761047363,54.459999084472656,78.8089599609375,55.57112121582031,334.0522155761719,9.527821992868793,12.050068808185294,1.7166308769210166,10.668536575739793,61.86779970723128,13.051925306845234,20.54274712309186,37.32085355153397,66.41406827704266,2.99268781749634
2020-06-17,9.193414688110352,54.54999923706055,79.17869567871094,56.95708084106445,343.8825378417969,9.526205941120793,12.048024948132538,1.734191615402967,10.598351522954943,61.87206938494055,12.948752575213568,20.577762712981635,37.261270174256715,67.2659558438383,2.986024327786827
2020-06-18,9.175494194030762,54.040000915527344,79.16110229492188,57.31781005859375,340.5329895019531,9.585547562024889,12.116842535336561,1.7211484735422156,10.84266896091798,62.56166374392344,13.033311278933908,20.47040420932123,37.23428503647232,66.62494472482032,3.008779593393818
2020-06-19,9.218544960021973,54.22999954223633,78.18391418457031,57.8588981628418,342.2315673828125,9.551861753122418,12.850967263712636,1.732885857680752,10.968064445877967,66.95346601081317,13.350118391585607,20.490277059838906,37.75440201760253,66.16954629035172,3.1006291051075827
2020-06-22,9.482819557189941,54.7599983215332,78.46561431884766,58.16267013549805,345.66644287109375,9.479135988595107,13.561646096563008,1.733471622128339,10.985399859811421,67.67010101657891,13.217522261833253,20.424568005562985,37.126484899458255,65.80765798174949,3.0749600967215347
2020-06-23,9.406426429748535,53.9900016784668,78.65928649902344,57.75448226928711,347.8963928222656,9.618727124856722,13.58296837105944,1.7320283660038476,11.109502808276888,68.85111850636491,13.407083504912578,20.278546016661444,36.785893522350996,65.34351070985099,3.0284435954314985
2020-06-24,9.192914962768555,52.38999938964844,78.47442626953125,56.92860412597656,343.09503173828125,9.65798814872155,13.672462515642286,1.7304941199982287,11.094307634648883,69.0339690564796,13.377817681468905,20.40980268819459,37.86098242781637,66.82255718392332,3.0478102932577813
2020-06-25,9.44623851776123,51.93000030517578,78.31597137451172,56.93810272216797,347.81097412109375,9.708257615800619,13.743627171648916,1.7395012771676324,11.152053090929948,68.77389761184781,13.169200093140137,20.27659940995566,37.22847956855424,65.64837429993777,2.9775005752826176
2020-06-26,9.112787246704102,50.099998474121094,77.48844146728516,55.41923904418945,343.2658386230469,9.713214608992546,13.750644606601544,1.7403894587888362,11.157747279674771,70.96182305187176,13.485548614384316,20.585492081890948,38.35141115603486,66.08651069832199,2.9751372874447366
2020-06-29,9.15757942199707,50.279998779296875,78.3599853515625,56.06474685668945,346.1599426269531,9.499043482923861,13.330594655779837,1.714188691971782,10.844573889571219,70.08687482023767,13.323720771765847,20.243692610364644,37.92087430451551,65.2450771903416,2.8680290034099865
2020-06-30,9.45395565032959,52.61000061035156,80.2967529296875,57.3842658996582,349.21527099609375,9.5652908019969,13.712234365322086,1.7282985963058468,11.049829323382337,70.82223644869435,13.409113974748044,20.691183032010414,38.3423460714624,66.6451644576356,2.897329505002531
2020-07-01,9.486056327819824,52.58000183105469,79.03784942626953,56.6533088684082,348.7976989746094,9.7079275394385,13.672073330015566,1.7394421349120197,11.247690723509065,74.0165232783118,13.621521719072053,20.246469809176467,38.2002945643116,66.80736025740916,2.8820554024966967
2020-07-02,9.5679292678833,52.34000015258789,80.87779235839844,57.906368255615234,354.13995361328125,9.834913495011534,13.58633757200107,1.8576650231809906,11.290382854168787,74.96942415216552,13.612740036081268,20.117016550370376,38.34426167841959,65.97531916502967,2.8494103476020154
2020-07-03,9.5679292678833,52.34000015258789,80.87779235839844,57.906368255615234,354.13995361328125,10.06248282261232,13.844632881678882,1.8369482992466348,11.247595003712357,76.99599747250626,13.881228376716937,20.511777594178277,38.933685595781085,66.8979674713504,3.057168988067639
2020-07-06,9.793879508972168,53.400001525878906,81.8021469116211,60.24161148071289,365.7542724609375,10.315437678577142,14.184974540836793,1.8281097502293597,11.719565416468544,79.02683369035137,14.243161795654723,20.57829077425456,39.93961853358365,67.34944070713392,3.1377778130866707
2020-07-07,9.826231956481934,52.93000030517578,81.11547088623047,59.026527404785156,362.4900817871094,10.347175574915688,14.907124880247858,1.8028953536396122,11.655979154937945,80.36989490795003,14.95302925526226,20.538143667753264,39.02420752392939,66.83178758231134,3.0913673590233146
2020-07-08,10.168890953063965,53.43000030517578,82.33915710449219,59.586605072021484,371.89349365234375,10.397110773481986,15.903840487448923,1.7728066267214113,11.681077903341247,79.8580245302566,14.94450225184079,20.3320333288323,38.57739413307002,65.70172944349942,3.253980378500678
2020-07-09,10.460543632507324,57.2599983215332,82.09265899658203,60.27009201049805,374.54083251953125,10.568834955337858,15.737337394601669,1.8042591311091702,11.91499211940155,80.1447678415497,15.161382858819538,20.64330867527102,38.5504582270527,65.35338147519904,3.32252093900806
2020-07-10,10.430927276611328,55.880001068115234,81.44121551513672,59.41572952270508,375.6130676269531,10.679767479048916,14.896422775108379,1.8356515780627465,11.630439463400984,79.57521839814162,15.299922728510989,20.45456808538809,38.35677928831979,64.99145057631128,3.374299951366654
2020-07-13,10.005898475646973,53.59000015258789,80.40240478515625,58.3904914855957,368.7526550292969,10.814596943360943,15.142131107223577,1.8477829199881375,11.933760239869018,78.90135123987112,15.412723183510517,21.19477156347562,38.744748570900555,64.94475939879925,3.460633464638566
2020-07-14,10.32914924621582,54.720001220703125,81.32674407958984,59.368255615234375,376.5429992675781,11.09179199668571,14.712306536625581,1.8048245379733396,11.772330066377107,77.49042847958307,14.986573813303293,21.246032965219815,38.89684573110865,64.63695840921025,3.5680959412722335
2020-07-15,10.180088996887207,55.34000015258789,81.47642517089844,58.950584411621094,356.2370300292969,11.10227628956014,14.698230446782883,1.80901914883923,11.689926372785203,78.4264762072381,14.924964022794065,21.886691418121185,39.54096257083542,64.70418140355616,3.5288940367458026
2020-07-16,10.088020324707031,54.91999816894531,80.28794860839844,59.17840576171875,365.5264892578125,10.900934663617964,14.41308175768551,1.778028924638277,11.378407379058842,76.65895528165936,14.573880293210454,21.366968689847347,39.004096092737115,64.65880448432773,3.4501506469735874
2020-07-17,10.154460906982422,55.040000915527344,81.19470977783203,59.14044189453125,363.9798278808594,11.233716614464045,14.661834319142274,1.7746342027419042,11.290942985903344,76.41441811767494,14.72260503449862,21.15502254368813,39.315939946388525,64.61280731211554,3.786790378803883
2020-07-20,10.462286949157715,57.459999084472656,82.02224731445312,60.49790573120117,371.4664001464844,11.1688314345866,14.4724975342206,1.8023940482227512,11.474551168573184,78.36507163466676,14.748451537064083,21.33245182203541,39.22676534641827,64.15778582062599,3.714831786741942
2020-07-21,10.280874252319336,57.0,81.26512908935547,60.5738639831543,364.19805908203125,11.69038162452573,15.343047660267448,1.8385723832219392,11.913679051791183,80.11572287581401,14.799840061424613,21.65761216375854,40.106268499547234,65.77748807148585,4.319111887458871
2020-07-22,10.390618324279785,61.790000915527344,81.52043914794922,60.96306228637695,372.5291442871094,11.738845429382431,16.017860910031427,1.8362714883235391,12.23785795708576,80.01102874277531,14.872333903985837,22.178113853029892,39.91358362554378,65.47129719332641,4.462429865910355
2020-07-23,10.083040237426758,59.56999969482422,78.94102478027344,60.40297317504883,364.5871276855469,11.650652236028117,16.31498377227145,1.8344185194087599,12.079967145986435,79.75496186477417,14.824736564328733,22.107135133426663,39.32773202464837,64.59860183439393,4.581588685144379
2020-07-24,10.147491455078125,69.4000015258789,78.25432586669922,57.545631408691406,348.8831481933594,11.79008386404362,16.269549274679015,1.7861787731527723,11.878227640457332,80.00653780812898,14.871499135571398,22.176869018893175,39.27870300159584,65.41505697238289,4.60614264949533
2020-07-27,10.373446464538574,68.97000122070312,81.60845184326172,59.81442642211914,362.2623596191406,12.955337176051561,17.532531397648544,1.8638550345105043,12.159316553812022,78.49638825070465,14.789894616703403,22.553773150444183,40.308394582534355,64.73592346224189,4.724033785846315
2020-07-28,10.168397903442383,67.61000061035156,80.50804138183594,59.14044189453125,357.1194152832031,13.399078249924635,16.528631799619365,1.8218954731126595,12.492439500183153,79.28867060913532,14.98232412368982,22.668637949317123,42.645644671820705,65.21872042774011,4.761520211795945
2020-07-29,10.417243003845215,76.08999633789062,81.89898681640625,60.042266845703125,345.97967529296875,12.940109956253055,16.50259468907003,1.8598668786232109,12.509252189462082,79.2540374846161,15.138844931454349,21.81899679782762,42.813232329513816,65.1093780008812,4.786581578320893
2020-07-30,10.56506061553955,78.19999694824219,94.36475372314453,61.152915954589844,344.1862487792969,13.33218549527211,16.556729099591834,1.940335106393728,12.531911338766529,78.844192901246,15.037432934444823,21.83457799856088,43.1238879445915,67.23713583324961,4.801793641062653
2020-07-31,10.565807342529297,77.43000030517578,92.97380065917969,61.06748580932617,335.6368713378906,13.11544731315669,17.05076229190048,1.9495015710770593,12.383489058712978,79.28597442899611,12.835691833181377,20.725478372218955,42.36150855075016,65.33073094003454,4.630668260940416
2020-08-03,10.959481239318848,77.66999816894531,96.47758483886719,61.71299743652344,347.8678894042969,12.757000721226383,16.842506947245834,1.8369041837442484,12.086281399589156,78.83555716215862,12.491855762021345,20.71092300787226,41.42333906934263,64.33457078792269,4.75213903571011
2020-08-04,11.175976753234863,85.04000091552734,97.67487335205078,61.56110763549805,351.39764404296875,13.075986468310576,17.75122050947626,1.8150887792948849,12.536625196657836,79.16209315531844,12.405833425195954,20.687221443988314,41.84513573735995,64.2650557242327,4.739135859045132
2020-08-05,11.234705924987793,85.30999755859375,98.06221771240234,61.580101013183594,349.67071533203125,13.175884595270583,17.692439325912414,1.8063259974002965,12.456155681885134,79.6376217417015,12.521661791291766,21.2791348257514,41.53595486475152,63.53012292933529,4.63971539827532
2020-08-06,11.283231735229492,86.70999908447266,97.7717056274414,60.38399887084961,350.3539733886719,13.326871939446667,17.696704130008722,1.8172037082714467,12.55652469240224,77.99085611804749,12.171567518799906,21.24956691497092,42.591487996440414,64.22587548968765,4.588949113682724
2020-08-07,11.147856712341309,84.8499984741211,95.29791259765625,60.34602355957031,347.35546875,13.251599588436502,17.0259654795044,1.7999233270426351,12.266149850495527,76.26419711139323,11.587831325066139,20.557564854477437,42.29605874792843,63.93833436041306,4.616388973404155
2020-08-10,11.113517761230469,82.23999786376953,93.6340560913086,61.93132781982422,346.729248046875,13.304595886296061,17.020041844847842,1.7993040812697403,12.011561692690416,76.0703864812749,11.558383104592044,20.505321800081607,42.33852830353451,64.3023016286829,4.61660162380276
2020-08-11,10.799970626831055,76.87999725341797,95.80852508544922,61.190895080566406,342.83880615234375,13.154308950008895,16.768194901061616,1.8059333749510524,12.14349758277573,76.15879869135927,11.832026340961937,21.261612761284205,42.738000608914795,64.38371354802455,4.785018059391027
2020-08-12,11.387496948242188,82.61000061035156,101.9357681274414,63.12743377685547,355.6486511230469,12.845492404045103,16.450831158469324,1.7928012326528084,11.951488106623115,75.32064276828382,11.839657880889026,21.380031014356835,43.3331424128259,64.15751848392085,4.589723916584496
2020-08-13,11.390235900878906,81.83999633789062,99.84054565429688,61.76995849609375,355.6012268066406,13.161852297898012,16.55991602931474,1.7967255234918826,11.960381899426588,77.44206914564735,12.31385407702516,21.55143384866613,43.19409546079053,64.0404050412175,4.480469988506658
2020-08-14,11.510677337646484,81.30000305175781,100.13102722167969,64.19062805175781,352.1283874511719,13.081422982254686,16.439112827283623,1.7624498660222612,12.03057515219217,77.28294687770384,12.361082457519927,21.36970972202621,42.62961713289398,63.569999765986886,4.3182586620160945
2020-08-17,12.280115127563477,82.41999816894531,98.75770568847656,63.545127868652344,359.1595458984375,13.306960309984726,16.535698682798614,1.8020169260800163,12.042084490182496,77.48808090592132,12.278458219911062,21.232411916559396,42.56060534950453,63.46708823759474,4.31126796513806
2020-08-18,12.20421314239502,81.66000366210938,98.62564849853516,63.06098175048828,357.9354553222656,13.266687797518328,14.917705085480797,1.7679195311161544,11.915074782084028,78.79399325284999,12.120811831762191,21.436106026807646,42.96061878124692,61.958798611838375,4.105882868832965
2020-08-19,12.082528114318848,81.08999633789062,97.75411224365234,62.73713302612305,355.77197265625,13.089695293475762,14.714753438801813,1.7087616843759619,11.644697376928624,78.67292037656831,11.851176630954935,21.744346544933556,42.499850304943735,59.4723485952849,4.241464158940157
2020-08-20,12.085020065307617,82.7699966430664,97.41957092285156,60.75606918334961,353.1436767578125,12.680473719620274,13.623168709315818,1.6078357428933499,11.052516149178834,75.44430529171237,11.333428318078836,21.310820845848028,40.81895302337463,57.05199332980037,3.899942458367058
2020-08-21,12.625014305114746,83.80999755859375,99.4795913696289,59.308380126953125,353.09613037109375,13.012777499361203,14.610716904465646,1.634165434608273,11.409727718998054,76.2990266303521,11.333213812290687,21.243773900748774,41.08023250348599,59.04343072103622,3.917275975436892
2020-08-24,12.66159725189209,83.08000183105469,102.0414047241211,60.70845031738281,358.6660461425781,13.08837262967709,14.116923611245856,1.6144160305539184,11.3092960597404,75.77878625200054,11.399581625233921,21.351479912462683,40.988067810922175,59.48887133120387,3.9023572729294314
2020-08-25,12.69120979309082,86.3499984741211,102.07661437988281,61.00371170043945,361.3609619140625,13.333417033527919,14.26294555050547,1.6411803915449954,11.363303733506221,75.83181342392854,11.27590534146172,21.65329308585781,41.30955449189985,60.82138254786451,4.029406591889333
2020-08-26,12.714103698730469,86.0199966430664,102.15584564208984,60.72749328613281,366.1907043457031,13.563567910074733,13.9965757590518,1.6358949065913644,11.49492524157361,75.71424384062887,11.276551698622098,21.627587741802444,41.37187915402882,62.337089638540334,3.9571265129410214
2020-08-27,12.57002067565918,83.80000305175781,102.13824462890625,59.079776763916016,356.98651123046875,13.628803044076736,13.516094664658334,1.628427849737794,11.673727876235894,76.5969603217584,11.179148782270653,21.78984772202874,40.874963227329395,62.7123645572189,3.848053520592025
2020-08-28,13.087126731872559,85.55000305175781,104.05740356445312,60.07032012939453,360.0704650878906,13.33364381823052,13.883975349754081,1.6129241159733942,11.54034272068809,73.3874939231065,10.887270164644017,21.207597985994973,40.63422246450606,61.53979126302934,3.905798725842586
2020-08-31,13.31282901763916,90.81999969482422,104.84971618652344,58.67024230957031,355.0508728027344,13.069406189416895,13.444784428923292,1.6151069637556603,11.507868337634566,74.14013477066345,11.324839633436287,21.5797819136185,39.84207551928186,59.75610607706494,3.980173029620309
2020-09-01,13.76138687133789,92.18000030517578,107.41155242919922,58.946441650390625,367.1205749511719,13.340558888021235,13.939576201303241,1.6190431068722404,11.502480861271888,74.80444584039506,11.25249608540454,21.659380821692228,39.73864547863523,59.4601494493344,4.013933851022888
2020-09-02,14.28462028503418,90.22000122070312,109.02237701416016,61.98472213745117,378.11810302734375,13.281265765885097,14.425804894505298,1.5902344476408428,11.504247770019187,75.94208559495061,11.39753577827552,21.86506816534091,39.95664841326216,59.80415386430119,4.0407303490879904
2020-09-03,12.959360122680664,82.54000091552734,103.04815673828125,58.536895751953125,356.9296875,13.378124479909905,14.600516372143199,1.5934522626637624,11.537657062325383,76.46518934307025,11.519422565862325,22.616290691079847,41.29565230875814,62.14327181704478,4.184479648153243
2020-09-04,12.568058013916016,82.01000213623047,102.64102935791016,58.060672760009766,348.636474609375,13.169584462603094,14.607448242508385,1.5730583791099622,11.630914383437602,74.4613727646016,11.199354702484822,22.783920262951835,40.637080760686715,62.032113190642214,4.098920026612348
2020-09-07,12.568058013916016,82.01000213623047,102.64102935791016,58.060672760009766,348.636474609375,13.057420210103654,14.46409596948034,1.6102405448705337,11.466988538801413,71.56583576107897,11.131303798980866,22.4281237900892,41.44662400108322,62.022747867020925,4.113983183514037
2020-09-08,11.861616134643555,78.69000244140625,97.15361022949219,52.98417282104492,329.5925598144531,13.219151718928833,14.618593609303085,1.621839106269605,11.591282034760304,72.03074178412785,11.331509015359911,22.91987266184949,43.04632913777618,62.793233074973244,4.425974054827085
2020-09-09,12.660158157348633,81.91000366210938,100.9151611328125,52.57462692260742,340.99798583984375,13.12252740684646,14.429423110998014,1.6409466871694527,11.497178106139156,70.77763923925504,11.078351766284568,22.66751239323002,42.73881424155026,61.00751633040978,4.495106779190935
2020-09-10,12.258646011352539,78.9800033569336,99.51673889160156,52.49842834472656,338.7491760253906,13.352860407367872,14.509559053385503,1.6178924296023165,11.542346025128069,69.42229761611502,10.90668583752696,23.093899342928818,43.50205561672573,60.70313398453028,4.513552002016812
2020-09-11,12.112029075622559,76.33999633789062,100.38412475585938,52.38412857055664,340.8651428222656,13.404582651903112,14.418773952152781,1.6212225913863745,11.459424121300401,69.47985688999901,11.093400803241718,23.18798221008275,43.25101883775381,61.9804355184382,4.36567813322684
2020-09-14,12.816728591918945,77.9000015258789,100.4195327758789,53.774696350097656,349.1298828125,13.536578370749575,14.75128680245914,1.6284111965443913,11.454180413609748,69.35638269006803,11.237548712009088,23.645465917065184,44.287010505717085,63.25921541049675,4.425377774495977
2020-09-15,12.934966087341309,78.93000030517578,103.18093872070312,54.479515075683594,351.3217468261719,13.733931178395423,14.880530995185685,1.647933546224438,11.693216491443783,70.44269383779596,11.30555771262062,23.74164486908315,44.95913460370514,65.09780170262061,4.349936697810014
2020-09-16,12.460519790649414,76.66000366210938,101.39310455322266,53.78422927856445,343.8541259765625,14.100291978852505,14.98959794305563,1.6544751841494656,11.913806525660716,71.54108460323397,11.632192236335527,23.590465967850275,45.019752358490564,64.86718915624337,4.257253931921772
2020-09-17,12.409743309020996,76.55000305175781,101.67632293701172,53.6604118347168,347.9912414550781,13.890735462643812,14.559780541174545,1.6526727327063355,11.949288319731764,71.78572570749199,11.532885435046591,23.527509958472656,44.18171685397752,65.8251363809583,4.164352242652967
2020-09-18,12.136672973632812,74.93000030517578,97.96790313720703,53.47944259643555,347.6116638183594,13.778704836037486,14.880990031154607,1.6586166904020128,11.85537367189473,72.26927803415236,11.55046718729232,23.786569910200235,44.16207310514216,67.22248153538368,4.176538747622232
2020-09-21,12.463262557983398,77.94000244140625,99.05651092529297,54.59380340576172,344.0818176269531,13.709700148740975,15.06333706254361,1.646631581446222,11.71125167382095,72.38057859822678,11.568255845879184,23.82320316184487,44.26409614860657,68.13667378190294,4.093420248702572
2020-09-22,12.583239555358887,77.69999694824219,100.7381362915039,55.13668441772461,345.9986877441406,13.633285668328204,14.763916269893578,1.6139573090284385,11.53369587532004,72.27479753573988,11.551349343911438,23.78838658824037,43.52163036477192,65.56423189258861,4.034001174081803
2020-09-23,12.071457862854004,74.7300033569336,97.86168670654297,54.52713394165039,339.2805480957031,13.494142489377305,15.073237113391226,1.5970518052768772,11.272089090975264,73.86271069925392,11.715507848614399,23.559020197259887,43.87163978494624,67.49736559139785,4.118660114247312
2020-09-24,12.29473876953125,75.81999969482422,99.29549407958984,55.041446685791016,341.7476806640625,13.095443743105681,14.577944855638025,1.5432588707099226,10.94645529325281,75.15118740891987,11.618312923123693,23.473440210351733,43.00524418237215,67.64185277468299,3.973983629201284
2020-09-25,12.818222999572754,78.05999755859375,101.33998107910156,55.46051025390625,342.0512390136719,13.094197049615925,14.178622750869202,1.557988442278132,10.714671413644014,75.18079107492154,11.469728448977015,23.38559735841389,43.12499665703894,66.58851492297818,3.9383854668110825
2020-09-28,12.978775978088379,79.4800033569336,104.85371398925781,56.536773681640625,352.0903015136719,13.331418234095583,14.621030481271706,1.5930449764898704,11.012050832374392,73.77152674974589,11.253668088015468,23.388292715710847,43.43149086324304,65.98823154911878,4.100068866368038
2020-09-29,13.168705940246582,81.7699966430664,103.88897705078125,56.81298065185547,354.880126953125,13.38543327062242,14.867918468515738,1.5587940863803447,11.187256341950507,77.01448566839136,11.579610391659093,23.537853760324136,43.69325074401655,67.59297561722998,4.164633173180219
2020-09-30,13.472140312194824,81.98999786376953,104.1545181274414,56.62248611450195,350.39190673828125,13.545297583364803,14.902341107094095,1.5862013325692494,11.387193497188823,75.54690593051406,11.441900093519001,23.073317394476312,43.6390035903218,67.50905587048292,4.159462592095481
2020-10-01,13.555776596069336,84.86000061035156,105.78302001953125,57.76542663574219,362.4805908203125,13.53498997078482,14.891000820347251,1.584994275381369,11.378528144639722,75.69950642009834,11.465012086452921,23.11992419441554,43.79199231021454,67.74572772797426,4.174044750372521
2020-10-02,13.005908966064453,81.80000305175781,102.19851684570312,55.441471099853516,351.08453369140625,13.556089342700465,14.914214045121179,1.5874650850216148,11.396265859827883,76.28387075880897,11.432512932880297,22.770620104538676,43.859831451821314,67.8506741296825,4.180510855200264
2020-10-05,13.583656311035156,86.1500015258789,106.66806030273438,57.717796325683594,362.575439453125,13.515619054993174,14.984982399564608,1.6193517797864443,11.479062462963505,75.0896763686252,11.458600357918456,22.997243482674275,44.10833268999979,67.00953813120842,4.208274145774388
2020-10-06,13.677252769470215,84.4800033569336,105.80070495605469,57.527313232421875,351.18896484375,13.837142201035071,15.195950083562616,1.6233795124876145,11.729107219554928,74.74251538841511,11.482184775306477,23.24089073092121,44.689246157275356,67.38449546806996,4.221913738271841
2020-10-07,13.903769493103027,86.69000244140625,108.88961029052734,58.213069915771484,356.58807373046875,13.898048912135232,15.930139141705672,1.6149553828588499,11.702528026577742,76.20000106886634,11.714310516936981,23.339954815842276,45.06687914222189,67.25546895738641,4.213589115081755
2020-10-08,13.779058456420898,86.51000213623047,108.2789077758789,59.62267303466797,361.4178466796875,14.308132952188032,16.608282411043785,1.6637797685330882,11.871695895057632,78.77782920120347,12.306011558462915,23.713901691145914,45.20342223303069,67.27944633592736,4.220416869325551
2020-10-09,13.703387260437012,83.0999984741211,110.51811218261719,60.27985763549805,369.103759765625,14.298788169438442,16.59743537799666,1.6626931375567016,11.86394237338019,78.32518141383368,12.299859434278563,23.75245291969461,45.444694250663936,67.6385485224617,4.242943227796071
2020-10-12,14.164639472961426,84.29000091552734,112.12894439697266,61.60374450683594,378.63995361328125,14.53532269510144,17.706400084667315,1.6807165991748938,11.667000040879854,78.55608917851261,12.25486186818176,23.79708838994733,46.28777099389793,70.23059595929273,4.515662422524907
2020-10-13,14.186795234680176,85.27999877929688,112.81044006347656,61.61327362060547,384.43756103515625,14.593926884748411,17.328963165038655,1.6720709765678126,11.723219119086286,79.70349054279959,12.604629552575279,23.939388974847745,46.51829132658717,72.21141845082512,4.622536432354638
2020-10-14,14.034454345703125,84.20999908447266,114.95228576660156,60.937042236328125,377.68157958984375,14.385728315200284,16.94741694408691,1.6348293466155501,11.824616476119877,81.63995739633876,12.58897333683252,24.14612789605216,46.457909409407016,70.72766300686499,4.535544421421139
2020-10-15,13.909746170043945,83.12999725341797,113.80172729492188,60.4893913269043,366.8074951171875,14.255819163320991,17.016816188991562,1.6523057180010525,12.454758186545707,81.79974847575743,12.380101299062993,24.205201171864086,45.8344203100727,71.31641735987968,4.460692277318144
2020-10-16,13.751930236816406,83.16999816894531,114.19998931884766,60.00364685058594,367.1205749511719,14.122560874944165,16.785768429566275,1.6487491309790847,12.314082364031625,80.4361047625351,12.331587851072713,23.968429252790024,45.53907070450146,69.97567854686258,4.591078378266784
2020-10-19,13.439532279968262,82.0,113.66007995605469,59.09883499145508,365.6119079589844,14.37041093115235,17.058834401272698,1.6653470172055154,12.34205367066508,80.49579810526852,12.503988847437295,24.13063272730641,46.040462116733224,71.30802594242721,4.643680777344329
2020-10-20,13.586644172668457,81.55999755859375,113.55390167236328,59.2988395690918,365.27984619140625,14.19520169969003,17.21721911308985,1.6687514892182755,12.501550713399906,81.18301837275658,12.63401446915705,24.137681236999214,46.902876264292,70.3319384894459,4.517659719931838
2020-10-21,13.466414451599121,79.19999694824219,113.7751693725586,59.15597915649414,363.4199523925781,14.353280170803423,17.182885393179085,1.7395900447678245,12.630010150280183,80.58224497925184,12.47554296426907,24.473884818468694,46.94416400748239,69.23714651188381,4.521636533065581
2020-10-22,13.303370475769043,79.41999816894531,113.62469482421875,58.76547622680664,356.3034362792969,14.339731402802478,17.017008167158124,1.7384067014475988,12.667187025985529,81.6174339343035,12.54831610835291,24.652653885072063,46.48995351314863,69.06540918889017,4.434835268757838
2020-10-23,13.531632423400879,81.95999908447266,114.06723022460938,58.051151275634766,359.2070007324219,14.242698860099658,16.76674231953174,1.7596950849046464,12.575370363867936,79.19978737955114,12.383184805636624,24.527168988536747,46.48027539036076,69.43284744510173,4.201119863109904
2020-10-26,13.084567070007324,82.2300033569336,111.69525146484375,56.67963790893555,348.7028503417969,14.228294608922464,16.72497264730086,1.795518321303662,12.453638142541529,79.28219628146907,12.456716816036137,24.897768312974044,46.898916611914565,69.24366327835031,4.142486369702802
2020-10-27,13.338968276977539,78.87999725341797,111.43859100341797,56.031982421875,347.64019775390625,14.126619301766915,16.989729645762388,1.7432213347612036,12.732228241269786,79.3784744995466,12.484327981287489,24.862380081132184,46.27383579664081,68.50861824118606,4.148821274605883
2020-10-28,12.572537422180176,76.4000015258789,107.60623931884766,54.59380340576172,344.3096618652344,14.043005525997755,16.903994892198487,1.7093949304469227,12.622461043167664,80.40659590706274,12.427721328341503,24.777267213518403,45.792781575468005,68.96526509176128,4.264365114915293
2020-10-29,12.967822074890137,78.0199966430664,111.90766143798828,56.67011260986328,351.9006042480469,13.817253807690573,16.973117081296838,1.6926077111789861,12.453638142541529,81.18588002904458,12.568972972277173,24.430561869806102,44.85766762388035,67.61041385060686,4.446921674190091
2020-10-30,12.479936599731445,75.29000091552734,109.18165588378906,56.41295623779297,342.74395751953125,13.763849619789044,16.953172943267447,1.7246827271905703,12.53398337141898,77.94130428976666,13.698848417794906,23.66758099144329,43.879849061301876,66.39361904016718,4.465268234355284
2020-11-02,12.52648639678955,74.69999694824219,109.7215576171875,57.46064758300781,347.8839111328125,13.769538820067051,16.203528110632043,1.809021303696147,12.558278045204476,77.86608071050104,13.332048198396354,24.172746180743257,44.26142036954646,65.78962190031363,4.482255619393358
2020-11-03,12.96334457397461,76.58000183105469,111.03147888183594,58.889305114746094,354.4089660644531,13.955789354731461,16.515912415428165,1.8106238696984274,12.869388665052982,77.75827149134358,13.31358935607472,24.139277886630364,45.47993329229604,67.48350933760139,4.537052868993026
2020-11-04,13.734753608703613,81.3499984741211,114.14688110351562,61.775177001953125,364.8299255371094,14.22252235654597,16.792600437865858,1.8408101065341962,13.047793174484783,77.97520975800064,13.790775530095374,25.015603749033154,45.32035690715742,69.08622916406352,4.626568375112572
2020-11-05,14.09892463684082,83.0,128.69735717773438,66.62310028076172,379.2993469238281,14.275545292189074,17.289823702007986,1.8489981571633811,12.917371631058042,81.24409137974438,14.46458582714255,24.802651024209545,46.73922179013553,71.53163483283863,4.670130947840208
2020-11-06,14.499191284179688,85.87999725341797,128.3433074951172,67.17549896240234,386.9674072265625,14.333265278918146,17.401622529567906,1.863885687835601,12.671376994853402,81.84249673698173,14.60409212389425,25.17451101855951,46.879223972811644,72.15187463607415,4.803225980078475
2020-11-09,13.5719575881958,83.12000274658203,126.21916198730469,67.90890502929688,387.0531005859375,14.501110100236758,17.424652355266787,1.9016691886609711,12.786915088111828,84.67998076192274,15.205691148762813,26.05352657320382,47.01922518915372,71.99598887730048,4.768104736902906
2020-11-10,12.714920997619629,77.98999786376953,124.00651550292969,66.0897216796875,380.35662841796875,14.238790977104541,16.997531842115187,1.9334750093183921,12.569867951354329,81.87074432693636,14.639520418573555,25.722218694697737,47.12262398863067,72.5737982616909,4.77859015650718
2020-11-11,13.360125541687012,81.27999877929688,130.71530151367188,67.77555084228516,398.2171325683594,14.44755236450162,16.772198696906493,1.9360655110968714,12.796488467709862,82.80176411080988,14.960894751250649,25.65831402851086,48.095869517496965,73.16400098130501,4.664814670400409
2020-11-12,13.398710250854492,81.83999633789062,127.36975860595703,66.48023986816406,393.1400146484375,14.51898212918123,16.743682330274858,1.9549660531985207,12.651373149608453,83.73290352324372,15.344477274479074,26.14449507869136,48.05986338492331,74.39769322299686,4.642423864343518
2020-11-13,13.239645957946777,81.43000030517578,127.6795425415039,69.34708404541016,399.6840515136719,14.685293638584257,16.8387439727862,1.9194013694377159,12.760830335323599,86.24313761020842,15.550146083054628,25.818484145465675,49.638639433556804,75.51375832485432,4.836484954085267
2020-11-16,13.456955909729004,83.7300033569336,131.93673706054688,70.93766021728516,406.2757873535156,15.358666870438654,17.28354492536092,1.9542181404127401,12.964933582342345,90.8813431512454,16.405844479334068,26.0907945740601,52.40956013210252,83.03359578259284,5.266349670570163
2020-11-17,13.364357948303223,83.36000061035156,131.6446075439453,70.83287811279297,406.2471618652344,15.387300373742695,17.31201578582119,1.9545272029498082,13.009060994473291,92.20010687180448,16.472474380031876,26.141531139294013,52.01367915048622,83.24382201741976,5.337341240109219
2020-11-18,13.37082576751709,82.54000091552734,130.14886474609375,72.32307434082031,403.7038269042969,15.759571676718823,18.116929086327723,1.9826537744235793,13.165791637031301,90.75244705098683,16.50659279401887,25.889861834440946,51.354086447372055,83.24476305686746,5.174568895517441
2020-11-19,13.382280349731445,85.54000091552734,130.57369995117188,73.79422760009766,403.2751770019531,15.52181320191414,18.222818828559046,1.977925298120991,13.212466933107152,89.40068326313738,16.09495128140845,25.832773689684096,51.151602626757914,83.34299085835882,5.401308433889473
2020-11-20,13.03129768371582,84.63999938964844,129.24609375,73.28790283203125,403.4942626953125,15.481792510032545,18.59889958027215,1.9809109797720743,13.29255824018546,90.41656899522727,16.01413581902554,26.012947448479082,50.851893084665505,81.54718021789114,5.2570544541573465
2020-11-23,13.083327293395996,85.30999755859375,127.2901382446289,76.89881896972656,406.8854675292969,15.729753355794335,18.473818094507507,2.0053174656293393,14.04006486495016,90.42353254844276,16.015369169153896,26.014950870483062,53.06736383766992,84.26641123700544,5.341986816804656
2020-11-24,12.901859283447266,85.06999969482422,129.15756225585938,79.23920440673828,404.1419982910156,15.591781290461826,18.454387836801068,1.9923363349978829,14.40469279761695,94.84094575732314,16.47499569535005,27.125563445649842,53.26045816836838,83.14266823025348,5.345586279799933
2020-11-25,13.177664756774902,86.70999908447266,127.52021026611328,77.51020050048828,403.3895263671875,15.460703957007771,18.038653233917913,1.9713980112449376,14.38510494658802,94.7120976487744,16.340526799276546,27.97245408478802,52.5541883040596,82.21105071268094,5.173317827451746
2020-11-26,13.177664756774902,86.70999908447266,127.52021026611328,77.51020050048828,403.3895263671875,15.517222373390744,18.179971680625552,1.9976916421547075,14.995299369594893,97.92006075453395,16.631230955288608,28.74503491946056,53.912552876431455,84.46912648588382,5.260898175968962
2020-11-27,13.20405101776123,87.19000244140625,127.29898071289062,78.9621810913086,417.0015869140625,15.501165629042957,18.036765183049187,2.0200606210060497,15.265252961505942,98.65692000421278,16.702009125675986,28.95950738358864,54.01877141773184,83.87799064299901,5.234783169411361
2020-11-30,13.343696594238281,92.66000366210938,130.2550811767578,78.79023742675781,416.9635009765625,15.22728395437425,17.509226844270312,2.079188343489964,16.762857063553877,99.53816954933194,16.567937396772788,29.32924016268301,52.88951571246484,82.86653068294403,5.135381180546966
2020-12-01,13.33224868774414,92.62999725341797,133.87496948242188,80.50017547607422,427.92742919921875,15.529052441033233,17.335918138790248,2.081997522032693,18.41595123899703,102.83163725810547,16.85229299876034,30.0880984770398,53.559031612897115,85.0941938223399,5.241819490857418
2020-12-02,13.486080169677734,93.73999786376953,133.31504821777344,81.47452545166016,429.60394287109375,15.838549329812087,17.736179375580953,2.101504871499644,19.647753638585932,103.18577757779062,17.192244376440033,30.27309632855907,55.01262743794693,92.47723545639982,5.357433579552815
2020-12-03,13.342161178588867,92.30999755859375,133.2527618408203,82.24829864501953,431.4137878417969,15.792818253301613,17.45687233318412,2.120199513455422,19.428884518594153,104.99591287131837,17.190459583045534,30.17021208530624,55.517207463679426,95.19200552601947,5.264209974527324
2020-12-04,13.503758430480957,94.04000091552734,140.10606384277344,84.86573791503906,442.3587341308594,16.013148392077344,17.614203509960095,2.170489957265173,20.06851413077912,102.34656997265196,17.08970062949873,30.483437152417704,57.37155172770574,98.90522257430655,5.281791587626661
2020-12-07,13.55206298828125,94.06999969482422,140.4616241455078,85.15230560302734,447.4454040527344,16.463258053809458,17.696630706718103,2.161797055560926,19.735625901167488,103.40783748638106,17.11937932731171,29.57869468948793,58.90187497057441,102.19140139706516,5.404320589264238
2020-12-08,13.296346664428711,92.91999816894531,141.1549835205078,85.7350082397461,446.34039306640625,16.91302708217076,18.49175807407924,2.1978255680629184,19.949066162109375,104.89862261839104,17.654764142271574,29.378618768407186,57.93761694583851,99.60249966572823,5.769429638298229
2020-12-09,12.878779411315918,89.83000183105469,138.6838836669922,83.89134216308594,431.40435791015625,16.649713658155925,18.44440329884401,2.1802511569497125,19.97166287481427,104.25574160739144,17.859632477636207,29.84465341258887,59.650399964083064,104.25257345614854,5.870276633525644
2020-12-10,12.920114517211914,91.66000366210938,138.44387817382812,83.9582290649414,436.081298828125,16.383521123735825,17.80527525776524,2.2090642652834727,19.110087303256343,102.01791450149776,17.175565919424255,29.463732719500936,58.76199109137059,100.65274739672437,5.862171203402093
2020-12-11,12.960948944091797,91.6500015258789,128.2483673095703,84.3498764038086,431.1566162109375,16.544499916734047,17.790516397099488,2.164044144420853,18.631558682466693,101.9098027782971,16.962413027633215,29.16428302093913,59.16446181562357,99.78786191605569,6.011879486396099
2020-12-14,13.255260467529297,94.77999877929688,130.03500366210938,84.54093170166016,431.4994812011719,16.290711830488938,17.66764134427001,2.1149640851020517,18.908257489230134,103.13157954424757,16.956365595813057,29.189617082784864,59.20295747489187,100.60133995763694,5.855430355516743
2020-12-15,13.306802749633789,97.12000274658203,131.87498474121094,84.51226043701172,447.0357666015625,16.202683749215677,17.686405608495246,2.136751987138152,18.68106785471583,102.35913666738577,16.944790867964826,29.392364106593224,59.17693006918279,100.98684082861958,6.044404322929312
2020-12-16,13.189278602600098,96.8499984741211,133.1016845703125,84.58868408203125,449.1600036621094,16.46806871071159,17.69521792975624,2.168120382496108,19.23919909005526,102.30774889211305,16.891672524256606,29.352880947760507,59.38629863585824,101.34413327506199,6.791975335785636
2020-12-17,13.287631034851074,96.83999633789062,132.9149932861328,83.58566284179688,454.65625,16.409483685575687,17.760014610073977,2.188812411833129,19.04453101160516,105.14654962977436,16.894673064126362,29.47546674973779,58.79807313081131,102.74435257783443,7.132521514242132
2020-12-18,13.218656539916992,95.91999816894531,131.03944396972656,82.23872375488281,454.59912109375,16.466649438505943,17.6259116238753,2.171312291515126,18.639982049440935,102.66511905306169,16.490403538028165,29.521957544786474,58.53009492035017,101.8369815496299,6.937660158880515
2020-12-21,13.278668403625488,93.2300033569336,130.48837280273438,82.54443359375,449.8553161621094,16.636125029276503,17.826874987854357,2.184639658455342,18.582436643410453,102.87802732620685,16.484355674307295,29.60974065796107,58.16687437880741,99.06989924517185,7.211843279745823
2020-12-22,13.224884986877441,93.16000366210938,130.0794677734375,81.80886840820312,453.58935546875,16.42735238314202,17.71921875432102,2.151130473494225,19.45403682823234,101.8922044919963,16.594961085213857,29.462250959396027,57.45852898546791,95.8295743935287,7.150806015706973
2020-12-23,12.956965446472168,91.55000305175781,130.6305389404297,80.2708969116211,452.1033935546875,16.432724343890396,18.153640054022606,2.1243170811466627,19.704035375191516,103.14006299589519,16.97681366691407,29.82002132876182,58.40568708098167,98.2651653069022,7.0903305785488175
2020-12-24,12.941527366638184,91.80999755859375,132.25721740722656,81.51273345947266,460.1715393066406,16.462552546996804,17.999670934061193,2.2147924698269787,19.396597197868623,102.95289626994287,16.85917448821051,30.11590502394206,61.66497623010032,100.24709911759786,7.110738585023052
2020-12-25,12.941527366638184,91.80999755859375,132.25721740722656,81.51273345947266,460.1715393066406,16.50715038630356,18.038346024680198,2.2274606503343692,19.959590044201992,102.542614510843,16.91148966075828,30.370153524148304,61.93912832226268,100.69278082602415,7.142351730427171
2020-12-28,12.848153114318848,91.5999984741211,131.32386779785156,81.07331848144531,457.4566955566406,16.740570403688345,18.7859964191899,2.2635770334983105,19.961957067143672,105.45438740859896,17.2522804066564,30.749497596843455,62.70237817708076,98.63299860224829,6.978505499655976
2020-12-29,12.891229629516602,90.62000274658203,131.99053955078125,80.50017547607422,461.0478820800781,16.64050865886866,18.522296747124745,2.2225070393154582,21.45809489213712,108.90135618224929,17.707376170145448,31.51935691436623,64.1925727739726,100.44749571917808,7.787689069634703
2020-12-30,13.092915534973145,92.29000091552734,133.288330078125,83.08892059326172,466.66796875,16.95301053413982,18.81333650720666,2.248639201811549,22.084348803253086,108.30476175040161,17.729605482962068,31.03423248734592,66.5507567360609,102.83583027688316,7.891857022372332
2020-12-31,13.002530097961426,91.70999908447266,135.4127655029297,82.4393539428711,464.5819396972656,17.14775775435415,18.875199466404435,2.2419826804316494,21.608463382303338,108.76477514960482,17.804910169043602,31.166047215963925,66.93054671187589,103.4226908838732,7.936894048766325
2021-01-01,13.002530097961426,91.70999908447266,135.4127655029297,82.4393539428711,464.5819396972656,17.14244499051546,18.86935150198776,2.241288063404619,21.6017685908028,108.65414568680443,17.786800007509218,31.134346851058364,67.0397693848586,103.59146438566498,7.949846113642152
2021-01-04,13.060796737670898,92.30000305175781,131.99945068359375,82.9838638305664,476.27935791015625,17.351776158020435,20.023670866178563,2.3150011938775568,21.987238835885076,107.25419269743689,17.78456018449066,30.776669552227645,68.6900136707769,110.13978043030762,8.015137335715478
2021-01-05,13.350876808166504,92.7699966430664,135.49278259277344,85.59171295166016,481.38507080078125,17.516662065889154,20.116382679800072,2.385504068854329,21.615109518980397,110.12008522727272,18.656428740530302,31.19938446969697,69.31407026002431,113.87490618250153,7.847747666681158
2021-01-06,12.563800811767578,90.33000183105469,134.3905487060547,86.76669311523438,466.96331787109375,17.83556437289713,20.094583477837194,2.450574357224191,21.850581630462067,108.864233440834,18.298121793453824,30.788667527950036,67.9202435721093,114.32909874589306,7.717429207754704
2021-01-07,13.290369033813477,95.16000366210938,138.3994140625,90.32982635498047,477.6414489746094,18.437799633813736,20.363240601099243,2.486614325949639,21.979507687478563,110.9935052692023,18.559440834944144,32.00812822572296,68.46713012845264,117.32971081143548,7.670051325798542
2021-01-08,13.223390579223633,94.58000183105469,139.23497009277344,91.28509521484375,484.6045837402344,18.861692294179782,21.283162062074,2.4391901315190068,22.363476993018427,114.4800149779884,19.2920983392854,32.64730079021826,72.92931620765545,119.70888059975684,7.627107434767756
2021-01-11,13.566753387451172,97.25,138.7638702392578,93.57774353027344,483.8521423339844,18.930634039388856,21.543745626397264,2.4976462281886613,22.627839093219357,114.14897031652484,19.236310906300886,32.55289379140825,74.75321526195098,115.39799121596813,7.4980723005421686
2021-01-12,13.430554389953613,95.36000061035156,137.28829956054688,95.53604125976562,489.5484313964844,19.155010677686082,21.414337580152417,2.547041549550651,21.86049951817167,114.44499004085867,18.84169511655877,33.61064399028008,74.17826753111015,111.55681187889093,7.56014650442134
2021-01-13,13.477363586425781,91.77999877929688,139.9282989501953,93.66370391845703,489.6722412109375,19.638692629731814,22.410362319877997,2.755667268635644,22.230686237816606,120.9124012370926,19.940179639917165,33.286002143395734,73.63679992141348,115.32200199145372,7.863435391615354
2021-01-14,13.147195816040039,90.79000091552734,142.97723388671875,101.0669937133789,518.8110961914062,19.18927212027148,21.796127724148015,2.735156490339597,21.403949936760956,118.8444054473277,19.90098223212237,32.7354690328662,73.39718910378552,112.78609405815283,7.685865908578836
2021-01-15,12.807816505432129,88.20999908447266,139.63497924804688,98.52599334716797,502.4747314453125,19.502647957541082,21.541574446357835,2.710537227199855,20.264513879593785,123.49635475022896,20.451749966786547,32.515244680263216,72.1515147967745,110.41573185158775,8.201752153232633
2021-01-18,12.807816505432129,88.20999908447266,139.63497924804688,98.52599334716797,502.4747314453125,19.700585871893416,21.393031483525352,2.7801407204959188,20.11476414621059,121.48983690872797,20.04739787549096,32.34447729049434,69.1824963189429,111.75805162068333,8.638533031234312
2021-01-19,12.972902297973633,89.44999694824219,145.57273864746094,104.33401489257812,523.4310913085938,20.349771776895658,22.280261407542582,2.9184665086922723,20.39037943028337,124.29303089337108,20.93448533609563,33.13852401607939,70.80135117264855,112.17364947748571,8.745404657395845
2021-01-20,13.312030792236328,88.75,146.31048583984375,103.01576232910156,523.316650390625,21.049442793208296,22.156043046018244,2.8977625636295308,20.071188001776502,125.1854450158129,21.078290273129923,32.74227940280165,71.10010854488868,112.38862396347392,8.762164733222386
2021-01-21,13.811765670776367,91.52999877929688,146.44386291503906,103.13994598388672,543.6633911132812,21.914950166840008,23.75262706676172,2.9281146340489297,20.244670229056915,124.69631326114823,20.918533567825506,32.99664919615998,72.14453392246294,113.73952394526796,8.930421536488028
2021-01-22,13.657387733459473,92.79000091552734,144.37274169921875,101.57331085205078,542.4343872070312,21.081433162535525,23.262915900527908,2.907066040962139,22.211234561222415,122.78003334331362,20.92843718217305,33.25323685030256,70.84409504992075,110.7758706318856,8.965755388146183
2021-01-25,13.598376274108887,94.12999725341797,146.13272094726562,103.2832260131836,540.681884765625,20.56700490655277,23.091283280817716,2.824734310276684,21.4101939256571,123.75407937755045,20.988222029884888,33.70715408374447,72.65304522129057,115.87992455916876,8.948847363598881
2021-01-26,13.381250381469727,94.70999908447266,144.48831176757812,100.8091049194336,522.9547119140625,20.069826175094466,22.12666721364033,2.728122277442576,20.906331352227514,125.01292916170559,20.83142075190858,33.1374915248355,70.64494715564079,111.02217703602687,9.102206535087973
2021-01-27,12.86583137512207,88.83999633789062,136.59498596191406,94.16999816894531,499.7408447265625,20.006208892051635,22.788802569257022,2.7255451090218044,21.125300469930053,123.76456546258274,20.243974499118227,33.06733968351595,69.79488107402362,110.6651978315168,8.653911039679837
2021-01-28,12.998544692993164,87.5199966430664,138.26608276367188,96.6250228881836,521.259033203125,19.54028043958127,22.065590586016178,2.6187756219094696,20.36875515408499,117.42946064429239,19.272320885998194,32.108981012848794,67.84516083521444,105.30685665914221,8.517090505079008
2021-01-29,12.937543869018555,85.63999938964844,138.91500854492188,92.35498809814453,508.81866455078125,19.215426275955846,22.218259992145978,2.549532811366166,19.251231108644088,111.49348036486722,18.880573065986425,31.04701795147345,66.18093126775155,104.42711010241575,8.094937158961708
2021-02-01,13.183801651000977,87.66000366210938,143.62606811523438,96.68234252929688,528.0889282226562,19.81715936718611,22.923892694216335,2.623474209616127,20.102466740433012,112.41205232438695,19.172356646036853,31.09154479319644,66.67989369003911,106.06812528792099,8.611936197855645
2021-02-02,13.502264976501465,88.86000061035156,146.47052001953125,98.95586395263672,527.2411499023438,20.535462825969717,23.625256354797703,2.730703486084045,20.914697802450892,114.59805475566165,19.95200510483698,31.254554133487822,67.83799343372591,110.36517415577998,8.616177464055065
2021-02-03,13.476119041442871,87.88999938964844,144.26605224609375,95.40229797363281,517.153564453125,20.538301742172447,24.18727865961139,2.725857692401176,20.33018671243902,113.54772483098132,19.53962065140565,31.202328596863484,68.19843044153738,110.68925195663167,8.598697774878536
2021-02-04,13.609334945678711,87.83999633789062,131.5283203125,98.62152862548828,529.0892333984375,20.436096394485475,24.08024828388937,2.7141584423210157,20.263559928182822,110.6346553038987,18.776596990024274,30.550391388401533,66.53305647321368,106.47595412836492,8.38826506413859
2021-02-05,13.536377906799316,87.9000015258789,129.635009765625,96.20470428466797,526.583984375,20.570347052147095,24.14835688401983,2.926760778270462,19.706889994200623,112.10496784361779,19.01145471522995,30.509984113497687,66.97968621648133,108.02515076222909,8.30087458290671
2021-02-08,14.380721092224121,91.47000122070312,131.00390625,101.43955993652344,537.2430419921875,20.518358134879033,24.08732500521777,2.9193637652993547,19.657083354044186,114.03375739206162,19.921360487511066,30.551319584836442,66.71452640575961,106.12321576612689,8.232509931158178
2021-02-09,14.205924987792969,90.91000366210938,129.87501525878906,100.66580200195312,538.671875,20.586579444083274,24.167412741101987,2.9290703323064675,19.722441018275134,116.40509075904899,20.40886622526257,30.67423123207725,66.50435588943655,106.59734072537104,8.236344877924761
2021-02-10,14.704910278320312,92.3499984741211,129.3328094482422,101.14344024658203,539.9959716796875,20.606533818752343,24.190837983256852,2.9319094521807356,19.741557791828324,115.82712356898234,20.0103872121203,30.536806768351074,65.99399634009009,107.63236204954956,8.30477195945946
2021-02-11,15.18945598602295,92.66000366210938,129.38612365722656,107.94493103027344,563.4479370117188,20.527384392146836,24.097921291283207,2.920648026361116,19.66573072681748,115.78283555024443,20.002735978311705,30.525130620064896,66.35386260029519,108.21928294775074,8.350058006564494
2021-02-12,14.90112018585205,93.7699966430664,131.5371856689453,111.4793930053711,569.6204833984375,20.540754303413078,24.11361676729761,2.9225503050054087,19.678539425177703,119.88225466638579,20.749699678306882,31.100730066520928,66.45981554005998,108.39208601780896,8.363391264921004
2021-02-15,14.90112018585205,93.7699966430664,131.5371856689453,111.4793930053711,569.6204833984375,20.488037250727263,24.05173010107348,2.915049692509386,19.628035213680242,121.10408863486056,21.026020579228053,31.77814967335844,68.5059114549077,113.43525312577202,8.87279394282896
2021-02-16,15.268633842468262,91.45999908447266,130.80833435058594,113.05558013916016,574.5263061523438,20.503406505371224,24.069772686609,2.917236438876336,19.64275933135281,122.25149803251001,21.411348278125008,32.076508375813575,69.14626044487267,113.98166420253501,8.90350106040722
2021-02-17,14.846092224121094,89.94000244140625,128.66616821289062,110.53364562988281,559.7045288085938,21.473828102999,24.78913622142004,3.202315265400343,21.559216370873454,118.75629166387434,21.334018257682462,31.48225931845617,67.50326871224124,111.4045339205571,9.21399098864534
2021-02-18,14.769399642944336,88.63999938964844,127.91947174072266,108.35568237304688,554.8461303710938,21.4695327509136,24.846029418124303,3.257817709778329,21.963544852347464,118.31040704878478,20.59748131461024,31.200821770133977,66.7259827458199,108.16342998830521,9.316184806410451
2021-02-19,14.866510391235352,89.58000183105469,128.83502197265625,114.11592102050781,566.2007446289062,21.253377967387465,24.54125796368789,3.1534531569376307,22.133709242290195,120.3690549529142,21.312680174687802,31.397440457006883,67.0310074183246,114.0001355086219,10.443354637319118
2021-02-22,14.298052787780762,85.37000274658203,123.96391296386719,110.07515716552734,551.0551147460938,21.15249815042314,24.169530250192647,3.1065373358233566,24.302967421818003,128.16665997827465,21.768264787438202,31.64111462305922,66.84416655719548,117.24177915659864,10.400192138509572
2021-02-23,14.085162162780762,84.73999786376953,121.88394165039062,110.94444274902344,548.7403564453125,20.933427022452125,24.612119983799875,3.0618591665989374,24.295397539186023,128.8136935508638,21.87815918694015,31.800850887066808,66.27746109322865,118.23876111172598,9.736671616507534
2021-02-24,14.440727233886719,86.94000244140625,125.4217300415039,117.53871154785156,566.7819213867188,20.380999629764723,23.93937619944655,2.9461958976068665,23.481252028041453,124.9245742628456,21.09409098909951,30.33145485614747,66.35871554100657,116.24685423926665,9.233263214792062
2021-02-25,13.254016876220703,82.41999816894531,120.4706039428711,109.03985595703125,533.2138061523438,20.857033215390434,24.215320003782967,3.0095216362664723,24.184519875504282,125.9922784282514,21.209101464955513,30.47852716909597,69.16019026568576,127.17210259811621,9.594992163403402
2021-02-26,13.659378051757812,84.51000213623047,121.05726623535156,113.11701965332031,540.1866455078125,19.822069271001926,22.888832588575447,2.8855379211005454,23.115978340377893,119.5739065650705,19.537077428111033,29.056003066130362,66.17754247886079,119.88675023421361,9.42894113414907
2021-03-01,13.786117553710938,86.38999938964844,123.99060821533203,117.00274658203125,555.8656005859375,19.758023703300772,22.814878237134625,2.876214680839729,23.041290075720134,121.93033520180184,20.33950953042148,29.850183397601114,65.92776534838292,119.43425581791847,9.393353021147067
2021-03-02,13.352371215820312,84.12999725341797,121.81278991699219,112.4566421508789,536.4240112304688,19.881527864471632,22.94638827608979,2.9495002045914043,23.07110675722076,120.63116673880667,20.095430445919487,29.652929124622087,68.11280993278339,124.35080090815717,9.685079342991967
2021-03-03,12.753287315368652,80.86000061035156,117.58837127685547,110.48506164550781,517.8108520507812,20.36374857679406,23.778795412379573,2.985804829277513,22.605290011536916,119.25884291307395,19.845948809349828,29.078007873230764,67.06911961779319,123.97062790544412,9.618377091129906
2021-03-04,12.32052993774414,77.75,114.14090728759766,103.59407806396484,486.28118896484375,19.690428501844355,22.951579696865046,2.8762597910737595,21.901964342075143,116.03272619625028,19.25786282026632,28.705310160710578,65.4904825143869,119.20577412571934,9.553261779271802
2021-03-05,12.411417007446289,78.5199966430664,115.88251495361328,108.5804672241211,502.036376953125,19.624588140108415,22.517812138810378,2.8388106944290716,22.327668961135842,112.2277401967706,18.85582561206535,28.86285804018946,65.03038698341724,117.12761369794052,9.352672864372646
2021-03-08,11.546653747558594,73.95999908447266,110.03254699707031,101.14398193359375,478.3654479980469,19.44657350987597,22.019139529135703,2.8410305576683816,21.894512197162516,110.48124190970252,18.139795696128868,28.731117795435058,65.2887309533435,113.95198171408379,9.12663746191968
2021-03-09,12.474233627319336,78.52999877929688,115.3108901977539,109.31742858886719,513.9243774414062,19.10580952626298,22.043302470563656,2.764267146681262,21.005994023106144,109.60531689765277,17.704352023233238,28.34050157950362,64.08687940301243,113.51033127482934,8.69041718643143
2021-03-10,12.422425270080566,77.5199966430664,114.20344543457031,107.8435287475586,498.50250244140625,19.19106033309738,21.690911367904196,2.7673003003945738,21.612336059804814,109.35203432127749,18.17902645592617,28.730329858506593,63.99178073616492,111.11825850905592,8.47929442713992
2021-03-11,12.945744514465332,81.2300033569336,117.65982055664062,112.15995025634766,518.5729370117188,19.611525249949782,22.33296564242995,2.881996920053267,22.757787821833805,108.8517754110337,18.24714771939628,28.80982556146925,64.79906866330103,114.34931014762856,9.204964349550417
2021-03-12,12.808751106262207,81.05000305175781,116.08790588378906,109.3844223022461,512.1241455078125,19.914465551379823,22.77190968100188,2.9026848243408234,22.766277209060018,113.59849417940207,19.057929070772712,30.237783955198154,65.80022781472812,117.51228391667138,9.57316432841932
2021-03-15,13.142768859863281,82.5,117.57051849365234,109.94908142089844,521.2305297851562,19.7152765640903,22.856436841563482,2.8190053531156845,22.926567515919984,111.24673988579227,18.720328777781685,29.690205474227255,64.7270617562803,114.0836340348171,9.952073979451301
2021-03-16,13.242401123046875,82.75,119.36567687988281,113.41371154785156,523.316650390625,19.75805272236515,23.133358505882402,2.857112298857095,23.7016627827021,112.94229500660356,19.34857916564484,29.636609460074276,65.6984500040838,117.74955598878635,9.832054842141755
2021-03-17,13.292217254638672,82.62999725341797,119.6068344116211,114.75361633300781,533.0232543945312,19.506294828080247,22.80805979009269,2.823647408028258,22.82213160742818,112.78315715402428,19.672209428697045,29.951096552717793,65.39131983073256,117.49148741487495,9.972039345917288
2021-03-18,12.67574405670166,78.12000274658203,115.88251495361328,109.37483978271484,513.6101684570312,19.454729028347625,22.69765648568228,2.9215522974657078,22.74520609465269,116.0107672337151,20.351529623870587,30.7661897538921,66.37976276246293,120.09572599840793,10.49568322975618
2021-03-19,12.798537254333496,79.05999755859375,117.01677703857422,109.92993927001953,521.4495239257812,18.9734384538313,22.098684261329876,2.943185925719853,21.95416231121128,112.96506493575623,20.104205380603346,30.485037615028194,65.28904760092934,116.19662500963405,10.787706964038195
2021-03-22,13.137785911560059,80.30000305175781,119.7586441040039,114.20808410644531,548.6642456054688,19.050114994182426,22.013216603778453,2.9451142994063093,21.90744077000008,111.33712853733093,19.788024336472333,29.90456301848501,65.28931058660184,116.05543508905498,11.049244309094664
2021-03-23,13.022710800170898,78.37999725341797,118.35643768310547,111.38468933105469,532.3565063476562,19.13448281647198,21.797875320066037,2.9531772266533456,21.967417423922434,113.09917146695126,19.80530651682821,29.922495182882145,65.26668433694627,113.77062190523732,10.606659467637078
2021-03-24,12.59653377532959,76.4800033569336,113.58718872070312,115.90210723876953,551.13134765625,18.492981966983255,22.324753319913462,2.9161083560445014,22.291374483660046,119.09888270705437,19.676929580587874,29.648328630344363,64.16757027283987,111.70433216053044,10.425932337366508
2021-03-25,12.489176750183105,76.22000122070312,113.67648315429688,114.58135223388672,556.2942504882812,18.410513358177813,23.6335457148695,2.8809737204218377,21.804220427563752,117.03130646525084,19.25692993980149,30.041462136736786,64.25344073271457,111.16038073267153,10.204205447584698
2021-03-26,12.792059898376465,77.41000366210938,118.77621459960938,123.11849975585938,595.9874267578125,18.875806363757665,23.46550206511831,2.9058469059494225,21.939078173370365,118.43350870805733,20.080293997823947,30.554483306091903,64.5061755713426,112.85882329643346,10.122629755878739
2021-03-29,12.90066146850586,77.13999938964844,117.24005126953125,120.31423950195312,579.155517578125,19.108639967812177,23.348402669373897,2.951649609145505,22.391789169772405,121.68402239084242,20.487583567132987,30.927758999219346,64.9432058533494,110.96232049183095,10.220954242786558
2021-03-30,12.824440956115723,76.0,116.20402526855469,121.3191909790039,572.7639770507812,19.083555341960146,24.1417549653244,3.0119196669088337,22.9237604791348,124.93812852413905,21.02442551011279,30.94776980727992,65.4971639539152,112.6951978846396,10.292869288171472
2021-03-31,13.29919147491455,78.5,118.41896057128906,127.86558532714844,588.0715942382812,18.820903062483975,24.1652172204392,2.9258106941119326,22.8714184860945,125.04831207470907,21.021898828024575,30.27925624314518,64.82134333193366,110.95375370648767,10.265743779757685
2021-04-01,13.760988235473633,81.08999633789062,123.06317138671875,135.44566345214844,606.875244140625,19.34722055944207,24.022048946526358,2.9326884263398627,23.200284316919795,130.37522044300226,21.802619744638825,30.619436018623023,66.31569385474715,118.18725837993455,11.009725556209418
2021-04-02,13.760988235473633,81.08999633789062,123.06317138671875,135.44566345214844,606.875244140625,19.28787636723127,23.948365541429478,2.9236929210096574,23.129121530119566,134.4544078268113,22.73918558680151,31.08733257567956,67.78387433140844,118.51734886054295,11.191373118345195
2021-04-05,13.9360933303833,81.43000030517578,125.33174896240234,136.90997314453125,610.1041870117188,19.24136455197581,23.890615173658272,2.916642571742761,23.07334673111382,134.85607268828875,23.15891849920478,31.11799935147011,68.21933399718483,120.12078059938696,12.49246938049851
2021-04-06,13.810554504394531,81.44000244140625,123.30432891845703,133.55062866210938,598.206787109375,19.33856417274563,24.011300935240545,2.9313762748088155,23.18990398182734,132.3718570454214,23.043249713689132,31.441979165721875,68.98463096184275,120.62088442581909,13.010660234784268
2021-04-07,14.091520309448242,82.19999694824219,124.52791595458984,133.1677703857422,596.8350830078125,19.56474686263371,24.896569619651945,3.0356704600128857,24.007588660266038,132.23657689905514,23.82538162607913,31.074310037782503,69.06993148769575,121.75859899328859,13.1728790897651
2021-04-08,14.264384269714355,83.3499984741211,125.34065246582031,133.36875915527344,609.5232543945312,19.717411492033484,25.518450864602027,3.0443865034286377,25.453196916664844,133.77569543427413,23.13658520899473,31.653942234761473,68.32172024073358,122.14346936486767,13.552189356297657
2021-04-09,14.347079277038574,82.76000213623047,125.54605865478516,132.94766235351562,604.2269287109375,19.606882097840735,24.97518625602696,3.0558506558038103,25.068130800142903,134.090836199212,23.66335145416271,32.35499426312527,67.55649958467168,118.96560635145474,14.025011155829239
2021-04-12,15.15310287475586,78.58000183105469,122.7506103515625,129.20547485351562,600.5215454101562,19.35794228001645,23.891295315926534,3.0555668881064966,24.28489497669956,132.8934065906551,23.25725778025196,31.233247451002978,66.8605518153125,116.19351438807752,14.010950491714675
2021-04-13,15.621870040893555,80.19000244140625,122.62556457519531,129.3012237548828,599.2736206054688,19.430482431509407,24.005803945930868,3.0670170351187096,24.19262006778794,133.28221791089192,23.281502921099516,31.193352003983854,67.35997613416455,117.6330284750769,13.451582121206398
2021-04-14,15.220852851867676,78.55000305175781,120.34812927246094,128.38241577148438,601.0548706054688,19.641397487621973,24.08867203930573,2.996739872196761,23.74816556556968,135.07779167825592,23.68557347270452,31.264554520883998,67.58597456488029,115.91248938533174,13.496713319649542
2021-04-15,16.077939987182617,83.01000213623047,123.10785675048828,128.6408233642578,611.6283569335938,19.92214267783838,24.657343891650356,2.9778808091729805,24.519262614204667,132.48907212900707,23.076148076985326,31.124841010487387,67.94409774374826,116.81295147756693,13.317334802699238
2021-04-16,15.854015350341797,82.1500015258789,123.43832397460938,127.98999786376953,615.0576782226562,19.69393069142189,24.48340107742274,3.0968229966873464,24.473180039371524,133.2271685870188,23.207831204151876,31.36517688894879,67.80923695635975,116.85901424892137,13.450688539032859
2021-04-19,15.305289268493652,81.11000061035156,120.79468536376953,125.27191162109375,600.2166748046875,19.461252942113198,24.173765507291634,3.0546657407705555,25.508442726581784,135.71213002763434,23.443798558275404,31.98381812456785,67.3255276464934,117.28604564520339,13.771190575316446
2021-04-20,15.11549186706543,79.2699966430664,119.14239501953125,123.07061767578125,587.6715698242188,19.517394087294,25.16636288013636,3.1098479390131275,26.981298870000906,133.3555732770324,22.82503004350247,31.603066522846508,67.88225467149222,117.83561105477507,14.0636254841048
2021-04-21,15.304046630859375,81.61000061035156,121.63419342041016,129.2533416748047,624.3927001953125,19.262357085811296,25.00397837303687,3.038195634249928,26.800011841813784,129.30487090114877,22.175198855813104,31.036835200835604,66.73224360952155,112.56520422396032,14.106984522769064
2021-04-22,14.795670509338379,79.05999755859375,118.75835418701172,126.09500885009766,616.3911743164062,19.261430424242604,24.943692313439417,2.987859637134756,25.139198959915547,135.33843244858656,23.12573392290088,32.1352886909352,66.59752347150338,113.03553295715614,14.51833521947129
2021-04-23,15.209144592285156,82.76000213623047,120.9554214477539,129.07150268554688,639.0811767578125,19.54567747639948,26.13720186535971,3.059233116314699,25.93958402233977,133.44919865141344,22.85039693654131,31.71299039093918,66.74551843735503,112.31564047275006,15.225615483360105
2021-04-26,15.421113967895508,85.41000366210938,124.10816955566406,131.40676879882812,638.6333618164062,19.843785477436953,27.07341421193847,3.258457242614246,26.63957513046511,134.0697440976583,23.449784539658754,31.868338239176715,67.5792361371862,111.91418647603423,16.270036232245307
2021-04-27,15.325218200683594,85.20999908447266,123.25968933105469,130.9091033935547,640.890869140625,20.003631150552756,27.16396482955644,3.284704769420911,26.947727687852197,133.74505954730887,23.20159427419607,30.892639695540616,67.39003470083897,115.40041633963595,16.384858407987313
2021-04-28,15.220602035522461,84.0199966430664,121.97362518310547,129.8658447265625,633.7755737304688,19.67816721906703,27.458478219208082,3.412939835843526,26.51958014700639,133.8030172413793,23.172788703304597,30.66270653735632,66.56447247438817,110.83455787805438,14.992513116123588
2021-04-29,15.268424987792969,83.91000366210938,127.4305648803711,129.57875061035156,631.0509643554688,19.693407808465214,30.25188973942171,3.2876604028450886,26.971975713245936,134.10514255869109,23.225112531902234,30.73194249431179,66.44868375228181,111.18345791296173,14.438120166132597
2021-04-30,14.954334259033203,81.62000274658203,123.96524810791016,127.01378631591797,617.353271484375,19.705465426782467,30.270411964899456,3.289673327915234,26.98848975650222,130.79861414930997,22.83207380555146,30.40511185689771,66.40762635275026,109.6737669451249,14.830527075522367
2021-05-03,14.782219886779785,78.55000305175781,122.74168395996094,127.14781188964844,625.186767578125,19.255526834802026,28.14524083080164,3.1272747049128653,26.162962155228236,130.3449993266518,22.752891260861798,30.2996657135072,65.96672459238664,111.65062505342406,14.418716602441188
2021-05-04,14.298502922058105,78.61000061035156,119.7854232788086,123.19505310058594,600.8931274414062,19.300057963617753,27.559124051294866,3.0908744664867696,26.525191906295383,130.5791932174082,22.793771909585306,30.354105827349095,66.47672421861219,111.71104244928564,14.244312546624833
2021-05-05,14.405360221862793,77.83000183105469,120.25877380371094,124.69766235351562,613.1975708007812,19.125214799983862,25.55530437149166,2.955530163627499,23.911463224670012,130.29015062207733,22.74331692646133,30.286915723695465,66.21020452698963,111.26316850642245,14.18720398972878
2021-05-06,14.469623565673828,77.88999938964844,121.46450805664062,126.07581329345703,615.5477905273438,19.196240488308607,26.83459816162647,2.9841589174002796,22.612158288936264,131.58197493313742,22.415302852778375,30.58854939100152,66.02374744861001,108.82344326927192,13.796162049131349
2021-05-07,14.75780963897705,78.80999755859375,123.11680603027344,127.24349212646484,629.1417236328125,19.544512752203488,26.90100275025915,3.129765837944568,23.771476866436664,134.92171898614478,22.647737466559747,30.282114223052005,65.97285879684533,109.69418049620923,13.91669373851355
2021-05-10,14.21331787109375,75.98999786376953,115.15906524658203,119.33802032470703,599.2310180664062,19.35339501294117,25.020110154593052,3.0681036888180855,22.219842396735224,135.9230258365178,22.504748274317816,30.704715823460873,67.46724881433812,110.85250456184247,13.79534535085075
2021-05-11,14.253669738769531,76.83000183105469,114.64998626708984,118.24696350097656,602.4789428710938,18.77649838491668,23.30029875120949,2.8890444225633507,21.14241648158068,130.00399694358794,21.216040681879054,29.704606228298225,65.634718330265,104.5478778583453,13.281435123298081
2021-05-12,13.70793342590332,74.63999938964844,111.30079650878906,109.94908142089844,574.9850463867188,18.292289138121912,22.560959045807795,2.68959620806764,20.194020611963968,126.03658965526631,20.602215433364222,28.980468917769137,64.50918919627009,101.32859416584611,13.505102537623328
2021-05-13,13.61502742767334,73.08999633789062,113.52465057373047,114.77274322509766,595.2473754882812,17.799421982982373,22.095175089961664,2.7621928165836964,21.323935435187412,119.08572382683033,19.41911745471647,28.721499831639058,62.551753293692485,98.45553521889325,12.629847011893226
2021-05-14,14.190653800964355,74.58999633789062,116.23974609375,119.47200775146484,618.8150024414062,18.181270010023873,22.72252525664923,2.909334408590845,22.197522856845968,124.92633735765159,20.035938882081492,29.530529456272227,64.16120525705902,99.81388402658328,13.90216633878184
2021-05-17,14.113438606262207,74.6500015258789,115.92715454101562,118.26608276367188,606.9594116210938,17.905460657723836,23.185895938615353,2.8515810039402307,22.89280389438872,120.43773695422517,19.87983250644139,29.698028777931572,63.77033736926461,98.98650266985759,13.84077510356991
2021-05-18,13.964237213134766,74.44000244140625,115.13228607177734,116.5816421508789,603.9405517578125,18.592885736663476,25.13054129318597,2.9385687712122532,23.310506048211643,122.19031024543169,20.305475540953225,30.171390195680896,63.20986082924519,101.03915224285961,14.348445694723921
2021-05-19,14.014056205749512,76.2300033569336,116.69525146484375,119.44331359863281,602.5936279296875,18.48882142488843,23.916763197538994,2.9202093906032855,23.322409476048794,121.71650702832451,20.11119120398084,30.14315830370497,63.67924903268316,101.78945584305723,14.454995385838853
2021-05-20,14.558794975280762,78.05999755859375,118.46363067626953,124.71680450439453,619.77978515625,18.538273760872016,23.65014350130043,2.9557739167922237,23.07382520961694,123.74733776217512,20.73815404446292,29.91647219006061,63.417516496506316,102.75682730145202,14.434763921476813
2021-05-21,14.936651229858398,77.16999816894531,117.40974426269531,123.13762664794922,610.6563720703125,18.694499946499658,24.234108760735552,2.9217764952253673,23.583173378229947,125.84162285336551,20.794824514815787,30.194837326255364,64.08434629863939,103.0595176281416,14.477284341013132
2021-05-24,15.554619789123535,77.44000244140625,118.70475769042969,128.80352783203125,629.5046997070312,18.532362859624012,23.93088312720833,2.949629520944905,23.05689391315623,124.66378724188478,20.607619476036778,30.3762100795371,63.77905294787027,100.55881570383235,13.761878885419295
2021-05-25,15.590239524841309,77.86000061035156,119.45496368408203,131.59815979003906,642.2486572265625,18.978721300726207,24.104601178015418,2.9982204824613516,24.924345754095665,126.9353368306503,21.104647699027947,30.873325456122867,64.20121092398765,103.92834532436707,13.690934604448177
2021-05-26,15.642297744750977,78.33999633789062,118.86550903320312,131.2530517578125,636.02001953125,19.175192791640505,24.24537469403784,2.9910775805271292,25.096268917343355,127.23636551307857,20.93801455392424,31.200640408568997,64.16716289231462,104.00340940820315,13.50964894090087
2021-05-27,15.431074142456055,78.41999816894531,119.35675811767578,132.13510131835938,635.3704833984375,19.182003584723564,23.968847097752654,3.049529573969392,24.795731421480767,127.23951211569117,21.437942348696254,30.380348211246947,64.34257425309193,106.67473698724275,14.392038816677864
2021-05-28,16.184795379638672,80.08000183105469,120.16056060791016,132.43231201171875,645.28662109375,19.36239080897815,24.5298589253954,3.0782559309398,24.93924497221416,129.64008147081006,21.138671225400607,31.306770810716547,64.64357152830539,106.08046698092697,14.198555608799026
2021-05-31,16.184795379638672,80.08000183105469,120.16056060791016,132.43231201171875,645.28662109375,19.710576082111288,25.55128236734967,3.1248941100426872,26.346109461229272,130.5169184761897,21.555729282722915,30.788977441615245,65.22620133435464,108.20873305415354,13.955670327112466
2021-06-01,16.20471954345703,80.80999755859375,119.62468719482422,132.509033203125,641.7807006835938,19.81771435083175,25.183234724339826,3.1788220654570742,26.413495665945504,131.06424779182836,21.48409033613709,31.04471807967214,65.65352047443976,110.06737697361602,13.857531334152297
2021-06-02,16.716581344604492,81.97000122070312,120.12739562988281,133.27601623535156,643.9683837890625,19.671758567830967,24.660921897374052,3.115189629458439,25.659361334398557,130.1488424945577,21.571598608811115,31.864273656781823,65.80276472658348,107.90358296076057,14.19886786095752
2021-06-03,16.907384872436523,80.27999877929688,118.29610443115234,130.7545166015625,636.134765625,19.73185631538117,25.261277049653593,3.1475683556022376,26.765176263204687,132.4485965589861,22.447680432968397,31.891927203345727,67.26931457368053,110.20692363082519,14.980252937235768
2021-06-04,17.513647079467773,81.58000183105469,120.59417724609375,134.08139038085938,652.766845703125,19.64184920526911,25.085597445857772,3.1104532285029713,26.75065137490077,129.5305407227742,22.419702223481494,31.665304645436848,66.44899867406227,109.23258015926136,14.499845693941703
2021-06-07,17.55424690246582,81.3499984741211,119.67857360839844,133.23765563964844,651.5057373046875,19.60512839623534,25.062552807777127,3.246872678241443,26.83594820290433,130.56637535853812,22.33391786128334,31.729990264982213,66.5501367966709,109.79956105819933,14.682433604579902
2021-06-08,17.39284324645996,80.88999938964844,120.46849822998047,130.25592041015625,650.3116455078125,19.44447647587542,24.804057200018534,3.2366697478985214,27.06560910926943,130.22082751916145,22.031346188675062,31.213686857325424,66.57174030093263,108.9804505043109,14.429531219033867
2021-06-09,17.29841423034668,79.95999908447266,119.29254150390625,129.0958251953125,652.088623046875,19.37061541409015,24.862044759487706,3.1987926004811706,27.446664049961417,126.08408412384975,21.53256314798087,30.485903960470356,65.47464441744376,103.99702105991291,14.033152840195756
2021-06-10,17.364938735961914,81.55999755859375,120.48645782470703,131.5023193359375,668.663330078125,19.663063053908356,25.48117616185923,3.246277204410902,27.100265042475318,127.93901495962706,21.657850369205338,30.34844804014143,65.42202457107662,104.46640587183104,14.273884437279396
2021-06-11,17.763809204101562,81.30999755859375,120.84551239013672,131.17633056640625,665.8831787109375,19.920738185945567,25.223165424135978,3.3286080414771058,26.972375474172427,129.00932913151436,21.829007390002104,30.297576032449737,65.72521646208105,109.21681711159361,14.275729114328405
2021-06-14,17.956640243530273,81.55000305175781,123.26028442382812,133.295166015625,677.633544921875,19.860560197821602,25.146969485251876,3.3185527446643266,26.890895396686894,130.80619853797464,22.118670260417094,30.926334467750475,65.06832807613782,107.94682503398228,14.071361149306906
2021-06-15,17.727182388305664,80.47000122070312,121.70731353759766,132.92127990722656,670.4210205078125,20.094551673909425,25.381766548699648,3.305052305291442,27.051898518134642,132.60828767686493,22.422007067178967,31.273382072084228,65.34652816604853,109.14647115061926,14.232358978940486
2021-06-16,17.748859405517578,80.11000061035156,121.14176940917969,131.3297576904297,667.8130493164062,20.017320408033047,25.34845397296029,3.243903981769973,26.937289853028435,131.16398125155504,22.36973192052356,31.114439116414037,66.09066955077365,110.02443221878262,14.342774277283349
2021-06-17,18.592939376831055,84.55999755859375,121.5008316040039,131.6557159423828,667.602783203125,20.048644488966247,25.062101158391464,3.3001327315654487,27.732355112515172,131.01701133940063,21.863557328423852,30.589606817897703,64.44422099844559,105.96404891914469,14.162098856737252
2021-06-18,18.57450294494629,84.6500015258789,119.3912582397461,125.81693267822266,641.083251953125,19.94434937364075,24.72271325360338,3.257358001387952,27.662687609632933,132.42726934125042,22.234014023564026,31.16848566558957,64.03565296426002,104.14243266178187,14.1632468802364
2021-06-21,18.363731384277344,82.58999633789062,120.2530517578125,127.56184387207031,650.2352294921875,19.21620954539385,23.43732851730266,3.1485797870204038,27.00513777832093,127.25289213400613,21.25911038048665,29.412112835094067,63.51858331496584,101.9873470905885,13.734368973165086
2021-06-22,18.821653366088867,83.58000183105469,121.2584457397461,127.93576049804688,655.1646118164062,18.93790448194678,22.9170188183768,3.1298218008496685,26.533914429437793,129.05659047064614,21.70326622608055,29.73186826434144,63.81806496831176,102.34013830834435,13.84509832614181
2021-06-23,18.991561889648438,83.81999969482422,121.6534423828125,129.9107666015625,651.1904907226562,19.492949880534383,23.8790201205718,3.212592432909306,27.52424070767811,129.87557648455308,22.059663501047773,29.73773109800498,63.775388298728906,103.81853602718485,13.58720744612624
2021-06-24,19.13929557800293,86.0999984741211,123.807861328125,132.5569305419922,663.944091796875,19.270950018087177,23.503532425647478,3.189115008670756,28.92636861636043,129.1380913387212,21.57853471669313,29.698416247066696,64.64551539978969,105.48372645497724,13.754256283531722
2021-06-25,18.965404510498047,85.62000274658203,123.56547546386719,130.5723419189453,655.5467529296875,19.392571291053628,23.56101091441615,3.2592886543097035,28.593475709824588,130.14766102214395,21.92017972523834,30.23245053852022,65.06795930788252,107.74883051939037,13.77627107812435
2021-06-28,19.91611099243164,87.08000183105469,125.42365264892578,135.17433166503906,672.646728515625,19.387754646654397,23.798707502992016,3.1251086863150213,28.1679478127724,128.13587209559688,21.658760176215043,30.243267827880604,65.62404394939246,106.16518163727649,13.864279077991297
2021-06-29,19.957719802856445,89.5199966430664,128.02694702148438,136.0659637451172,672.2360229492188,19.587065054947015,23.8413159443882,3.144618045139076,28.37428658708638,128.1230382433388,21.67998081804208,30.51409357936935,64.97659014459359,104.97742049601388,13.945427747749617
2021-06-30,19.933547973632812,93.93000030517578,128.3052215576172,136.52615356445312,659.9699096679688,19.544975983578514,24.477074786178584,3.1100923708518646,28.593334519329456,128.22852277367463,21.69331677899377,30.167541733031733,64.65177303264458,106.93774177644259,14.264417180696368
2021-07-01,20.142330169677734,93.30999755859375,126.3931655883789,132.25970458984375,648.9551391601562,19.51982262988387,24.349538048374715,3.088738813233974,28.060461400360545,127.17747432329494,21.190318185516276,30.4033312175662,64.22278351225128,104.5056831966256,14.381343298662813
2021-07-02,20.416378021240234,94.69999694824219,127.99104309082031,132.4611053466797,656.8173217773438,19.312884061813175,24.34714716974678,3.109746607031377,28.21683610272549,123.99818735890027,20.82611986557681,30.32951022516807,63.98342859526709,102.5717106605655,15.081870358466796
2021-07-05,20.416378021240234,94.69999694824219,127.99104309082031,132.4611053466797,656.8173217773438,19.370428299379324,24.29573038727684,3.158593125215821,28.250381667715533,124.48576344092517,21.03733814010008,30.44069636424535,64.45361140200254,103.23104856189187,14.779771014306096
2021-07-06,20.62714958190918,94.47000122070312,126.7432861328125,131.13796997070312,655.2218627929688,19.381837579122223,24.321733673602022,3.127438316070985,27.940180470066707,124.73155847902412,20.992483826159642,30.460346422220084,65.11395780455001,104.94025099725778,14.805180768780158
2021-07-07,20.301528930664062,90.54000091552734,125.6480941772461,129.30674743652344,659.3394775390625,19.4974361428715,24.25218306291326,3.1771202125528424,28.323087431226973,124.57926752926934,20.878816154571776,29.54888342792301,64.44855755606518,103.12944648012031,14.789359366285337
2021-07-08,19.834144592285156,89.73999786376953,124.1399917602539,127.06331634521484,643.5863037109375,19.31108330366669,24.344877010433994,3.1094566502585717,27.9964547788656,121.69101004465094,20.396244684301266,29.22373706749209,63.44905888170358,101.01098859698132,14.264532908636712
2021-07-09,19.98113441467285,90.9000015258789,126.9587173461914,129.33555603027344,660.466552734375,19.12594095186796,24.250226685254447,3.0730522736333192,27.483671157804316,123.07173962573367,20.70388095696192,28.91449312551275,62.73516808681615,98.84903250430283,14.234413586919134
2021-07-12,20.441791534423828,90.80999755859375,127.8923110961914,131.1571502685547,676.1815185546875,19.42694133505805,24.680369151217242,3.1155828287172143,27.957972957425543,124.93647420411045,21.03906576861575,29.81547351880438,63.08059364715109,99.43350997441058,14.092392429082924
2021-07-13,20.180200576782227,90.26000213623047,126.73429107666016,130.66819763183594,674.853759765625,19.879756373581703,24.435637250384126,3.197726833800031,28.942437558979588,123.98356407426068,20.431843451251193,29.81828009204096,63.33744028465886,102.20606979691996,14.173786151336168
2021-07-14,19.773107528686523,89.05000305175781,129.04135131835938,130.05462646484375,684.4927368164062,20.03326696223927,24.488640468123837,3.16325260566108,28.323284817765398,123.6275395787556,20.42527753349428,29.250532219161435,62.68184545411072,101.94256712167181,13.934854598492054
2021-07-15,18.900876998901367,86.93000030517578,126.98562622070312,127.70564270019531,672.4844970703125,20.1036902645808,25.088705902716942,3.321434405045288,28.37655461501145,123.9658994148305,20.69121298173542,29.151945053709387,63.84314326694826,102.41419820931661,14.270142412335463
2021-07-16,18.09839630126953,85.88999938964844,125.41472625732422,122.89271545410156,656.7025756835938,19.345242030644883,25.325689991483884,3.2346099662639207,28.119017647406526,122.1844901549272,20.27179375768218,29.23934815511652,63.39188144408542,101.04642948188855,14.18596910896873
2021-07-19,18.715017318725586,86.58000183105469,124.58883666992188,123.31456756591797,653.4354248046875,19.052259661254013,24.239822428106894,3.251609913521528,27.932185342027186,119.52886207977625,19.97065591864127,28.63393731375515,62.68049167761717,98.84763742882173,15.25391138304862
2021-07-20,18.547840118408203,87.11000061035156,125.27111053466797,126.52640533447266,653.4832763671875,18.948193588151454,24.17519242264118,3.2532000923060767,27.390187255389407,119.44235082371887,19.967036757392297,28.444271580654238,62.21341708899541,97.69882669967531,15.533766469069848
2021-07-21,19.343093872070312,89.41000366210938,127.62299346923828,132.30764770507812,688.7821655273438,19.13193227713686,24.031902794028607,3.3037558537049256,27.310090907158727,120.14931513828209,19.98409210134157,28.777059398641008,61.95918961344897,96.67985254712794,15.485794065545296
2021-07-22,19.526460647583008,91.20999908447266,127.8653793334961,131.521484375,697.3035278320312,19.354079633799095,24.248838824684782,3.2528194027652653,27.4407992779775,119.78425313135257,19.923372381376595,28.689623102849335,62.840071293852496,98.64165062356616,16.257472315821733
2021-07-23,19.490583419799805,92.1500015258789,130.0557098388672,132.7199249267578,714.7093505859375,19.13425504213503,24.588256694970163,3.1797326712908807,27.156796824594405,119.9093206209083,19.944174499368604,28.719578118170414,62.458371244438595,97.7124131760053,16.69594099317595
2021-07-26,19.227493286132812,91.81999969482422,128.81687927246094,132.76785278320312,720.3936157226562,18.955411487456004,24.30509519009905,3.177168045709437,27.886028660435798,120.99116039555744,20.087985118318628,28.79320940812354,61.99930583060931,96.37413630470918,15.850680410075318
2021-07-27,19.14179039001465,91.02999877929688,126.50985717773438,129.33555603027344,712.2828979492188,18.935879620341915,24.674636394485887,3.1738942563691745,27.294520364424972,121.65748776552302,20.56640925017209,29.09230915654597,61.72894447165927,95.49733180515808,15.75914748339678
2021-07-28,19.435779571533203,97.93000030517578,127.8653793334961,131.55026245117188,725.905517578125,18.918947600403307,23.431433823053982,3.107478230188624,26.347186344358253,119.14647720492046,19.939393956237737,28.83962777259143,62.18222376296883,93.70436882087593,15.796502928476764
2021-07-29,19.594226837158203,102.94999694824219,135.54054260253906,131.8282928466797,731.4943237304688,19.134933754177432,24.673482002016666,3.1907539363036213,27.093765816093143,122.03203011351373,21.384478207685518,29.094957362493197,62.24913574994475,94.04269492448306,15.294000924174862
2021-07-30,19.431787490844727,106.19000244140625,134.47232055664062,134.1580810546875,732.478271484375,19.073384872276137,24.111910027667346,3.4054382144723,26.67392242334455,121.03381705574773,21.040799260497714,29.116514565506147,62.24996496992865,93.39768135663797,15.287341601819618
2021-08-02,19.681922912597656,108.62999725341797,133.62844848632812,136.15223693847656,735.25830078125,19.34727683661047,24.677722427405886,3.4789533609043164,27.006608279313955,125.08617524323884,21.355031804211375,29.945625630025205,62.40301709120055,95.56619662320904,15.501459576626791
2021-08-03,19.7466983795166,112.55999755859375,132.81158447265625,136.2960968017578,744.69677734375,19.480676592347365,24.786250973710384,3.5209383852669447,27.166731119582327,125.42456647088075,21.835050236326975,29.9504176271283,64.13189148871915,98.97940066236276,15.540656475664306
2021-08-04,20.204116821289062,118.7699966430664,133.05397033691406,136.87132263183594,759.9338989257812,19.5958173835732,25.166982911025094,3.6410407149145114,28.11721746786546,125.66333194919551,21.890744206011227,29.755111766562123,65.36941516714498,99.88940530017163,15.429487434966347
2021-08-05,20.565866470336914,112.3499984741211,131.80621337890625,136.4015655517578,759.236572265625,19.691693429365916,25.582952255206898,3.6867851279568438,28.159863899931764,127.81831830670892,22.13314916184209,29.7891976176122,64.99436841532457,99.4552381846622,15.511262955952429
2021-08-06,20.29579734802246,110.11000061035156,131.31246948242188,136.76585388183594,748.2791137695312,19.518257443494942,24.90690634459086,3.601474593232443,27.294051801178803,127.31685469740391,22.240961573994326,29.27898161290318,64.57242596166199,97.87808025659626,15.357318468303333
2021-08-09,20.22504425048828,107.58000183105469,131.88697814941406,136.1426239013672,753.4378662109375,19.582629836720596,24.423282866583424,3.5612383112571293,26.695684853626865,126.73141382138282,22.13869099828479,29.144348121640746,64.47090488139428,96.06785067146026,15.603638055971814
2021-08-10,19.86728286743164,106.4800033569336,130.9444122314453,132.36520385742188,754.0205688476562,19.4766716432162,24.48209427226355,3.5241538155380785,26.162876295069275,126.14291464921772,22.324710949515385,29.091254768630964,63.388821142476864,93.09039961197942,15.153898672555012
2021-08-11,19.631092071533203,107.68000030517578,131.6715545654297,129.2588348388672,753.9537963867188,19.415345991824083,24.128199554964333,3.532921062204438,25.179296951122506,122.71793749315773,21.55101166842493,28.965764990668998,61.69038151845608,86.7989250423361,14.633209040117714
2021-08-12,19.836389541625977,106.5,132.0934295654297,123.88983917236328,746.1677856445312,19.30779513751866,23.999041367122487,3.4955523909201656,24.95831333321895,121.09738582607062,21.11727918154916,29.504226498193365,60.49217150050714,82.65867780329975,14.835133760624437
2021-08-13,20.1184139251709,110.55000305175781,133.43096923828125,124.54177856445312,753.705322265625,19.139607987746967,24.153981120771576,3.3417599812699477,24.228242593974997,118.82263176276655,20.11364006075155,29.146975877256327,57.98633303346066,82.81952133262799,14.020621043161915
2021-08-16,19.8812313079834,107.4800033569336,132.97317504882812,126.2579345703125,752.1671142578125,19.230483337415578,23.905203787178912,3.396050907715619,24.911969977367384,120.82332931091516,20.1691570327791,28.797464923082128,58.020287312677866,82.86801684881004,14.028830910156321
2021-08-17,19.390932083129883,107.55999755859375,129.6337890625,123.4871597290039,741.8594970703125,19.24314764383273,23.920946648157155,3.3982873896879617,23.66617976931196,120.29473698318331,19.87883099665945,28.982146865901015,57.70927705023615,82.64599211034779,13.623054422498926
2021-08-18,18.974367141723633,103.44000244140625,127.63196563720703,122.11614990234375,737.9331665039062,18.83926879023165,24.117781239640532,3.3016892156807116,24.610338967743992,119.30452230561959,20.163313351304296,29.13983682372245,56.89214211435814,83.82143793220591,13.64665569145787
2021-08-19,19.729759216308594,103.69999694824219,126.22264862060547,123.87065887451172,746.5882568359375,18.384644151728832,23.531350491401476,3.2111645615215547,24.471927916137545,114.92069345930959,19.365841898128743,28.764820075221515,56.601976681532356,83.09061044441678,12.911061019603489
2021-08-20,20.744251251220703,104.6500015258789,127.55119323730469,121.95313262939453,752.9602661132812,18.040521321997254,22.988707376785637,3.2048298985785832,23.598529589262426,115.32044312598615,19.291607005548077,28.75968748173329,56.01878615133046,82.68696217958737,13.010463718461137
2021-08-23,21.882312774658203,108.7699966430664,129.39141845703125,126.06619262695312,775.3529663085938,18.529143544500254,24.0296698366026,3.348586212210686,24.610046055673223,118.331284102714,19.388002512754788,29.492441870318626,56.536429085718055,83.17171574782309,13.469484396801704
2021-08-24,21.717880249023438,107.6500015258789,129.67868041992188,126.01824951171875,769.6112060546875,18.772412638984367,24.03689952546659,3.3292199265750195,24.451612303414812,120.87134671214615,19.766092469139796,29.519639197076458,58.64152460710915,85.26812489747844,14.035582209041845
2021-08-25,22.136430740356445,108.30000305175781,129.14907836914062,127.57429504394531,771.7703857421875,19.20463719341702,24.0967799684054,3.3995655639920574,26.879430810328596,120.22301888311591,19.603915333121826,29.293027214751007,58.928042441066374,84.34908960580397,14.269782038802049
2021-08-26,21.991933822631836,107.2699966430664,127.8115234375,127.25730895996094,774.7030639648438,19.505827403784394,23.495317214736975,3.42832495127471,25.818133017340006,122.44702164598627,20.082826688784714,29.031680968428642,58.07874355495735,84.76677321791954,14.271499503829958
2021-08-27,22.55797004699707,111.4000015258789,130.02877807617188,131.15696716308594,795.700927734375,19.647681817678713,23.680065327816287,3.5214808512894415,26.6683363010611,123.43841614629736,20.222058038391147,28.922984557006274,57.51541132478633,83.87831864316239,14.047627871260683
2021-08-30,22.609790802001953,111.31999969482422,131.0072479248047,130.67672729492188,802.0729370117188,19.87553107648083,24.140625788013928,3.5825325372555024,27.46510505814529,124.95879418550751,20.364761800596867,29.24069644745134,58.17876464414421,84.50452199295431,14.090968364811904
2021-08-31,22.3117733001709,110.72000122070312,131.6804656982422,129.79306030273438,795.8155517578125,20.275805475644766,23.973137043408805,3.5871531103094925,27.512668482448895,126.66551380999238,20.7423134946685,29.717565843984072,59.601952186553255,86.64207951144644,14.122180702729345
2021-09-01,22.367591857910156,109.98999786376953,132.07733154296875,128.1890106201172,804.5376586914062,20.36062944502533,24.80851980902922,3.551880494306777,27.577417062573737,127.17946602002321,20.982397821599058,30.005312347923017,60.045461945826496,88.40088875353739,14.064798499846413
2021-09-02,22.322736740112305,109.19999694824219,130.87783813476562,129.139892578125,822.7938232421875,20.086372875224843,24.876243875056108,3.5106984559020584,27.06290095429466,128.60596085943783,21.409934774969383,30.271534679005992,59.58097534101137,87.4092933113019,14.020433104037657
2021-09-03,22.768274307250977,109.91999816894531,130.43594360351562,130.4654083251953,819.765380859375,20.54997747560375,24.542879304791846,3.600475135310348,28.090958379403347,131.35663216061997,22.09298014511567,31.50473949550442,59.955335091778224,87.67925509396406,14.018601763079598
2021-09-06,22.768274307250977,109.91999816894531,130.43594360351562,130.4654083251953,819.765380859375,20.929418428979538,23.945625606820055,3.6085816938612556,28.61912285730729,134.76922833113008,22.696830684562375,31.842824630341294,60.62792947607707,87.03884769430613,13.738079129681749
2021-09-07,22.58786964416504,109.1500015258789,129.64231872558594,131.09933471679688,823.26171875,20.719536878898175,24.19747737382747,3.5310797702904706,27.80416471485058,135.98900511291706,22.35806814726385,32.41490790086956,59.64594814552517,85.74850267013613,13.50193573249791
2021-09-08,22.26592445373535,106.16999816894531,128.53302001953125,128.2850341796875,819.6508178710938,20.54315304407277,24.38718309162998,3.4656420845536022,27.49135940897576,138.58269149212785,23.02173142076448,32.462144206046226,59.521472599052544,86.5702923126615,13.356372133397933
2021-09-09,22.104454040527344,106.1500015258789,127.6852798461914,129.6681671142578,815.3613891601562,20.48413087485738,24.023820093116512,3.527979620905611,28.2363326453174,139.08196133954715,23.32056151478691,32.49325407257982,58.464905085724126,83.72429725511586,13.109730275141416
2021-09-10,22.404470443725586,105.19999694824219,128.67733764648438,131.43553161621094,820.4913940429688,20.614026304809624,24.700432172928817,3.706993050054025,29.198732999637993,146.48312308906358,24.220751444745247,33.709751643852705,58.33288537431377,85.15726535688336,13.14124950809255
2021-09-13,22.07953643798828,104.80000305175781,129.33567810058594,133.9328155517578,832.3086547851562,20.366633383516735,24.735128691972207,3.5884351228631095,28.383819491509346,148.5038053266452,24.670688153125692,34.28912236385385,59.094930133019666,86.35534258824596,13.01622235089896
2021-09-14,22.169239044189453,105.7300033569336,127.28843688964844,134.60516357421875,848.3865356445312,20.308548350611407,25.27893618979938,3.604351554336531,28.395217281671126,149.04036932721857,24.609411551560804,34.86005027074036,59.23962570148659,87.03741244414452,13.037673656333775
2021-09-15,22.267921447753906,105.5999984741211,124.67306518554688,135.65213012695312,849.59033203125,20.112539618813233,24.962042618085857,3.5903698892395224,28.17700501752604,151.72458775548918,24.998585294896653,34.57938074091607,59.56473823801291,87.06045316151462,13.102160169005026
2021-09-16,22.169239044189453,106.22000122070312,124.8173599243164,138.399169921875,847.66064453125,19.987638605134336,25.009465561493478,3.520900694459842,27.78752707655664,147.55513160344225,24.26507937581855,34.546135121669735,59.15044625300221,84.62927948531043,13.021806965850441
2021-09-17,21.828359603881836,103.87999725341797,120.48845672607422,135.23912048339844,821.4276123046875,19.929680528583436,25.043513141440922,3.409560697530454,27.833610714928216,148.9574275199157,24.784777403599424,34.88835019755583,59.53537613988121,86.38842414011486,13.183466864514763
2021-09-20,21.043933868408203,101.55000305175781,119.73088836669922,130.17727661132812,803.1715087890625,19.86583640039877,24.963287005306757,3.398638273063372,27.744446585690053,148.58899499858438,24.723474532158367,34.80205706640829,59.19816099233819,85.8991102719372,13.108794207481397
2021-09-21,21.176502227783203,102.81999969482422,118.81998443603516,129.84104919433594,816.5364379882812,19.877283145917524,24.977670914843817,3.4005965770903432,27.76043300645906,145.6506023441233,24.296886404929793,34.684888852761055,58.938180447202214,85.52186717619163,13.051224320055713
2021-09-22,21.86922264099121,104.37999725341797,119.95633697509766,132.6457061767578,826.0991821289062,19.44667552357886,24.248480357410607,3.348675787951292,26.73228754609745,145.46774480584813,24.141527925516858,33.90493834288455,59.10757825127566,85.76767076887101,13.088735636548899
2021-09-23,22.408456802368164,106.1500015258789,120.76802062988281,135.53684997558594,840.4671020507812,19.523400699850228,24.36787011916566,3.3648941102341907,27.18961072294036,144.57630877824994,23.993587034683657,33.697166622819175,59.3555504610957,84.7006604032373,13.089514230390538
2021-09-24,22.008764266967773,105.80000305175781,120.74095153808594,136.31488037109375,829.9968872070312,19.868992945393472,24.517757702026874,3.3960942101409772,27.018131214427534,145.43888977597064,24.166244820685435,33.38869119912945,59.598284219436856,83.94631025916483,13.139770773412675
2021-09-27,21.589143753051758,108.16000366210938,120.38021850585938,137.1024932861328,797.9841918945312,19.971596484622996,25.51838410481771,3.3332318447089215,26.69256080357528,144.8105336946213,24.265324173155655,32.96500172647046,59.67808798462444,84.02801240496125,13.3320289863174
2021-09-28,20.631282806396484,101.5199966430664,117.15154266357422,127.64149475097656,745.30810546875,19.75806353161804,25.53220277727103,3.2552011154053466,26.31889819581185,143.03522933047256,23.358074205565313,32.42037494758246,58.71434201759532,83.38230362087177,13.0335867614443
2021-09-29,20.44988441467285,100.3499984741211,116.59239196777344,123.20397186279297,716.8875732421875,19.234029760389934,24.284630014688414,3.057845512469338,25.227659164671227,136.43450608618107,22.03155929342317,31.421437854378496,56.81312409345138,79.88858915296025,12.402743473389856
2021-09-30,20.648235321044922,102.9000015258789,116.32184600830078,123.64579772949219,711.814697265625,19.18264609331088,24.007533822512425,3.1359881846488764,25.06567707980437,132.39215835956017,21.564259568181548,30.53150509399915,56.78728568202054,82.24783799456938,12.477343494841955
2021-10-01,20.67414665222168,102.44999694824219,116.0783462524414,124.030029296875,708.6622314453125,18.967704793518333,23.45657110143997,3.1045167682524695,24.1618369243809,130.8952374276973,21.245918659582287,29.891019326166084,56.273371837203,80.10253362007393,12.274974801573347
2021-10-04,19.66745376586914,100.33999633789062,114.2475814819336,120.25520324707031,681.082275390625,18.957866315022883,23.712466331557728,2.9840163853028456,23.25428261761027,126.7955696740039,20.433312096063517,29.711685804850692,56.45077462923729,80.35505826271186,12.313671875
2021-10-05,20.38409996032715,101.80999755859375,115.01412963867188,123.01188659667969,700.1217651367188,18.870632160732175,22.94182293424944,2.8841901841896713,23.556130084404163,124.00222595047384,20.12581982919254,29.331272940332344,55.50180613075953,78.41640434890301,11.67069456684107
2021-10-06,20.632280349731445,103.63999938964844,115.49212646484375,121.5230941772461,699.7681274414062,18.84528262272034,23.057010568604223,2.871004283955216,23.251054667084485,120.85581814986617,19.470884477907898,29.95703609377626,54.65343258925666,77.07431042979972,11.035436347085339
2021-10-07,21.006059646606445,106.44999694824219,115.29371643066406,122.8293685913086,713.4483642578125,19.087525949590205,24.046864369641447,2.8914149454626994,24.596281219518488,122.89100915043869,19.63501921677723,29.822749856623155,54.6894604747953,76.1652384760525,12.07609061060259
2021-10-08,20.762855529785156,105.05999755859375,114.13033294677734,121.23493194580078,697.6378173828125,18.91114136148077,24.005438792477864,2.752278046740254,24.518185604317207,126.59821278864743,19.5912341291147,30.09631230680029,54.6236392437267,74.82670873582342,11.758464858374767
2021-10-11,20.62729835510254,104.68000030517578,112.67833709716797,122.46439361572266,689.6324462890625,18.856195156925498,23.93569113816562,2.7442813198553706,24.446948167306505,124.3978438176521,19.377961928864845,30.835279348858645,54.4212445928408,74.54945650947587,11.714896717860617
2021-10-12,20.60338020324707,105.04000091552734,110.88362884521484,121.75360870361328,692.6511840820312,18.860901956986133,23.336544373624054,2.6679244933960016,23.92146372942814,122.43452048689032,18.550161512669366,30.347845699284456,52.50872305556741,72.55340009395677,11.194830049916323
2021-10-13,20.870502471923828,109.16000366210938,112.76850891113281,123.14635467529297,711.1556396484375,18.672632316983037,22.609709822790784,2.6285045505894544,22.882163126867262,120.24319326585731,18.274356042363138,29.84291937946505,52.30883139010883,72.88343294485841,11.1846353102416
2021-10-14,21.67486000061035,111.98999786376953,116.03324127197266,126.85391998291016,743.5121459960938,18.82449804159484,22.13433450941641,2.6749270868912265,23.26962175647873,126.71551707477731,19.010461066561064,30.586606362885675,53.2176587877955,74.94686185134682,11.722170424237836
2021-10-15,21.790483474731445,112.12000274658203,117.42211151123047,126.392822265625,754.1256713867188,19.718984092127677,22.59084365777208,2.7502721094183795,23.905039605447477,129.87021919580172,19.238570418452525,31.28529126132255,53.962709039200604,78.92690888659851,12.654183200366708
2021-10-18,22.149303436279297,116.43000030517578,117.3499526977539,128.01609802246094,752.9983520507812,19.382646833147323,22.845384870256698,2.7034571511404857,23.425792149135045,130.51407361187347,19.198216844876516,31.05629878525894,54.055227727403064,77.90657875491776,12.557045266177086
2021-10-19,22.217084884643555,116.33000183105469,119.4963607788086,129.2839813232422,765.1690673828125,19.746993297814914,23.7052397970987,2.817163763023401,24.15862060964566,132.98650561525022,19.541689197362487,31.201382363331803,54.18487194241256,78.13079482113366,12.314951028462515
2021-10-20,22.03069496154785,116.38999938964844,119.18976593017578,128.6884765625,733.3954467773438,19.768099447563042,23.889483271465924,2.8094771435592376,24.265321634560845,132.73907727640278,19.43464296514176,30.799588100747467,54.414926915119786,78.9586794622531,12.278188439843525
2021-10-21,22.617769241333008,119.33000183105469,119.992431640625,128.07374572753906,752.367919921875,19.716364099316575,24.225329173009406,2.7597294948016073,23.999207592188746,126.78833991020593,18.82964531575825,30.26407006645348,54.38657876060265,77.73833143443403,12.228432025346278
2021-10-22,22.65165901184082,119.81999969482422,118.70272827148438,130.56143188476562,765.1786499023438,19.83977023917741,24.55922691582654,2.7613654829177507,23.95690339039552,132.99672341457529,19.25700217261839,30.375580254496768,54.45066587482562,79.38181616712826,12.370025496202754
2021-10-25,23.09021759033203,122.36000061035156,118.98233032226562,130.398193359375,753.2086181640625,19.59527592559031,24.860956497281016,2.7710286095444174,23.594463296540056,131.5869065243458,19.18265171932549,30.361656278812266,54.29643494190211,80.59136587102842,12.410620388669438
2021-10-26,24.63614273071289,122.93000030517578,118.99134063720703,126.78662872314453,755.8739013671875,19.815463323724863,25.10076340726594,2.820141253631986,23.431385091028496,134.56475076863978,19.461779526357205,30.962533781187368,55.43925939035345,82.87091587560388,12.9196360546395
2021-10-27,24.371015548706055,122.27999877929688,118.32396697998047,126.94031524658203,765.207275390625,19.822520235167584,25.00352899593482,2.7981157553759224,23.660559296690302,134.32752409491644,19.263230940378236,31.55251933439568,54.646877833581016,82.44563357028358,12.875837296882796
2021-10-28,24.859411239624023,121.16000366210938,120.56958770751953,130.64791870117188,776.8526000976562,19.714127384846986,24.87451916953167,2.8764598730957944,23.563021270380375,137.54119132710264,20.305980453901228,32.580619342462285,54.88702438146562,86.14979666056993,13.229094299903869
2021-10-29,25.483360290527344,120.2300033569336,119.98339080810547,131.2530059814453,776.5564575195312,19.576099997014104,24.29759351809846,2.880527092064847,24.0391694692134,138.78528454037624,19.76266576487744,32.23658107279432,54.41113447058719,83.6611829120175,13.120252805184933
2021-11-01,25.74251365661621,125.2300033569336,121.57964324951172,134.00003051757812,771.3690795898438,19.510370090103088,24.454723071823693,2.8248296313443495,24.588932966226874,143.93464030025498,20.835150620701427,32.386112172456,54.16383249930019,85.98767904565668,12.737691025257364
2021-11-02,26.314634323120117,127.62999725341797,121.95844268798828,135.63290405273438,777.7421264648438,19.587492486681505,24.627675096425353,2.843684212367871,24.31885600931353,144.42759487777917,20.77671479991112,32.19661307955603,55.30053646531329,86.63350881432213,12.815210229101929
2021-11-03,26.5109920501709,130.52999877929688,124.88948822021484,137.1121063232422,794.9823608398438,19.547134348728257,24.682868683612767,2.823463733126056,23.639209887910187,144.59488739108002,20.800780760712815,32.23390686905943,54.38179643260082,84.9156396391318,12.536358308332911
2021-11-04,29.703521728515625,137.5,140.78929138183594,144.20059204101562,814.5883178710938,19.430164009542818,24.637955713710255,2.824715208637432,23.824124324857454,147.12585718658937,21.224131038580175,32.21131530106613,54.476167803159726,85.22403402575242,12.68412000099781
2021-11-05,29.65467643737793,136.33999633789062,147.03016662597656,147.23577880859375,811.24560546875,19.80019674209542,24.880804617143934,2.8620730617153787,24.318082810138403,148.34432183221818,21.183011174368634,32.16605174385924,53.87107094177163,85.55720519369397,12.976268948960808
2021-11-08,30.703231811523438,150.16000366210938,149.5734100341797,146.91888427734375,814.0517578125,19.897609394073204,25.980575542970467,3.0333610742028623,23.883894900324428,150.68436601058468,21.356626109909673,32.236793280888456,54.4226360652266,86.34509344557391,13.03485678737823
2021-11-09,30.55671501159668,148.9199981689453,150.3760528564453,150.1173095703125,814.1668090820312,20.21607158587679,25.954502781178384,3.022122916311627,24.57110192513143,150.6622622306498,21.547049977270934,31.71693190199043,53.46867356044249,86.13726394060667,12.844389293876148
2021-11-10,29.362627029418945,139.8699951171875,144.11717224121094,144.45997619628906,783.3261108398438,20.300195031524456,25.487821190564425,3.000885881659966,25.138981901877877,147.97412416901483,21.079462001748425,31.821009240653904,54.25216958598726,87.3703423566879,12.724169818205946
2021-11-11,30.290586471557617,146.00999450683594,148.28375244140625,147.82168579101562,798.2100830078125,20.08111992879342,25.356070901778935,2.9546528716971223,25.24025164440877,148.04620785497096,21.12811060006607,31.622976825609207,53.71739919952373,86.07967094394863,12.51201080359467
2021-11-12,30.290586471557617,147.88999938964844,148.7527313232422,150.6263885498047,815.68017578125,19.98410274135094,26.086726914157683,2.9932869551233807,24.7914513198251,150.77103346810415,21.292463046844748,32.10002138100986,54.302577672784366,85.3531896339232,12.96583576806403
2021-11-15,29.926782608032227,146.49000549316406,151.9723663330078,150.09811401367188,820.5552368164062,20.1312254890047,27.22129385786949,3.0386893544029885,25.219992417648342,152.31889972755843,21.346272801133193,32.16507085341236,55.1042146149983,89.26143293038014,13.91889344835515
2021-11-16,30.104196548461914,152.4499969482422,163.9670867919922,151.62530517578125,824.2235107421875,20.218403974130297,27.515386861703156,3.041842633792575,25.15137286144488,154.23481865381953,21.549982853716465,31.96408438511689,54.82244969064437,89.73074456381711,13.947650174094413
2021-11-17,29.165281295776367,151.33999633789062,165.52728271484375,149.81956481933594,823.1796875,20.1833508706656,27.33499177013487,3.065351598870247,25.360106254484815,158.2619386074894,22.096358488587878,31.84375331367466,54.3363228986185,88.48862515667949,13.92117271621151
2021-11-18,31.571382522583008,155.02000427246094,168.0344696044922,152.47056579589844,842.009765625,20.326478144151217,28.856905156697046,3.057558946862085,25.54139804715529,158.36318242290162,21.64440755170403,31.797413956680487,54.08085702510666,88.29851365701883,14.216555422772956
2021-11-19,32.87709426879883,155.41000366210938,166.843994140625,144.10455322265625,820.9864501953125,20.443855573684154,28.92139073798911,3.0503345940429516,25.544122664498733,164.00537012397882,21.963919229169573,32.0170690365354,54.77380027918591,89.37624641175309,14.417988596245097
2021-11-22,31.851469039916992,152.52000427246094,163.59732055664062,141.7225341796875,790.8927001953125,20.354422485042072,28.669873649558976,3.0662008452643565,26.629174028050304,164.78737907324827,22.20247834668512,31.796057511161543,57.198051226649746,95.08712554291802,15.431767374016745
2021-11-23,31.642152786254883,149.9199981689453,163.18246459960938,143.03839111328125,773.3938598632812,20.272269605726024,28.029918094490803,3.0255728055686517,26.335932374380597,163.85139649023927,22.076369580655808,31.615457781945803,57.60648513030685,94.8588298654897,14.938746256305171
2021-11-24,32.567115783691406,157.8000030517578,162.9750518798828,143.35586547851562,768.5186157226562,19.987178315248,27.64941140472336,2.9698786080232713,26.921887051343784,160.4237904377097,21.11031363404178,30.922308933993854,57.20234672094066,95.22137612881319,14.292534214465018
2021-11-25,32.567115783691406,157.8000030517578,162.9750518798828,143.35586547851562,768.5186157226562,19.97544543748049,27.50032531333389,2.9969521107999633,26.716597134604985,161.00918921352408,21.061474577796155,31.336482763622104,56.45934725041216,93.79085496181166,13.876288149156217
2021-11-26,31.399946212768555,154.80999755859375,158.4927978515625,137.85292053222656,749.0086669921875,19.745692069335224,26.706103080100785,2.9252261106724813,25.519319730386677,157.74979611895355,20.51700785634893,30.26593938705998,55.27796467835494,92.01317131135283,13.548811818981235
2021-11-29,33.266822814941406,161.91000366210938,165.7076873779297,145.48202514648438,780.60595703125,19.583386026303618,27.282781224676388,2.9014944808307837,26.004274875567212,158.99282950038767,20.908711265739875,30.25951238938807,55.0748263506585,92.07189723944168,13.239808322804098
2021-11-30,32.5691032409668,158.3699951171875,162.8397674560547,141.60494995117188,758.0979614257812,19.75928508797709,26.857444428060415,2.9416599039574995,25.7581248236282,156.88158429467254,21.12571311883913,30.189243897268785,54.48957665054905,90.77852266154576,13.042786427081866
2021-12-01,31.33600616455078,149.11000061035156,158.9923553466797,145.91493225097656,770.060791015625,20.01228036359736,28.491366419716304,3.0174906863673674,25.850415732398673,157.81783552645,21.3473203654034,30.267943864131745,57.23748417051867,93.38730766361036,13.975451158922883
2021-12-02,32.02482986450195,150.67999267578125,160.25970458984375,140.93153381347656,756.0579833984375,20.49341422489834,28.86564808742082,3.0436576209511035,25.47681885104018,157.47576311177528,21.12770776855661,30.36373749887636,58.59939883136634,96.66281574445821,14.77221308768071
2021-12-03,30.596342086791992,144.00999450683594,159.78897094726562,140.29653930664062,738.9518432617188,20.20584842067834,28.25514963536093,3.1511365038062626,25.947107453962722,156.54152485280835,21.39963953066082,30.918090835573327,58.461647493283266,95.07923278804162,14.877689650522298
2021-12-06,29.942405700683594,139.05999755859375,158.8293914794922,141.7877197265625,724.4605102539062,19.955478555051613,28.944027097851098,3.066790029308282,25.745333108786845,158.51975950554515,21.182960429425265,30.824640483629185,58.685295920476115,94.9680367360301,15.159978304389172
2021-12-07,32.32487869262695,144.85000610351562,166.3159942626953,150.93687438964844,771.986083984375,20.186833714595714,28.408442861362158,3.008708339416085,25.39473058680525,160.91007356719214,21.57194092434037,31.014436459492387,59.661454048681705,97.58508586571108,15.193108408639802
2021-12-08,31.725770950317383,145.24000549316406,165.3292694091797,151.3217010498047,769.9840087890625,19.960366066620868,29.1208735965732,3.0861925298340775,25.476434970043545,165.33548280306607,22.04678093990779,31.46601107302182,59.850049057778435,96.68499450193985,14.694640509018406
2021-12-09,30.393978118896484,138.10000610351562,164.9943084716797,146.85775756835938,739.9959106445312,20.24095022905552,28.971787417257126,3.0262918905426344,25.67481930002974,164.36939439918248,21.82542575430066,31.318616483999605,60.689362010458055,99.86816540164229,14.748276736557754
2021-12-10,30.10289764404297,138.5500030517578,166.46084594726562,146.9347381591797,748.8363647460938,20.101131859589117,28.647843767938056,2.976937048456972,25.750600679507066,162.633726648059,21.48898926795256,31.033112896318567,59.438652597020514,97.04743430242993,14.526669864973327
2021-12-13,28.072311401367188,133.8000030517578,165.95388793945312,141.5183563232422,732.1995239257812,20.0040695073849,28.699260408926,2.9678033114681166,25.511242390292427,164.79211991985105,21.98783596179905,31.552323170509148,59.27879063859413,97.71669978904802,15.011561046754224
2021-12-14,28.247758865356445,135.60000610351562,164.7407989501953,142.12445068359375,722.5450439453125,19.858528744589375,28.45263157460568,2.9416281554443224,25.125754717071924,161.66092015290093,21.655288036050813,31.523246857191605,59.12575405535386,96.81121518315337,14.913811312110136
2021-12-15,30.363079071044922,146.5,171.3493194580078,147.8294219970703,758.7779541015625,19.86426261743815,28.147860189828695,2.9231729995414955,25.18580046039922,160.97905667644318,21.26399169548799,31.358011209964342,59.63023671681435,98.88402067700407,14.763855897593002
2021-12-16,28.297605514526367,138.63999938964844,161.27366638183594,141.13351440429688,723.1292114257812,20.15430575885242,28.990932088853977,2.985554600266564,25.953273716699425,165.41761763375672,22.329380267451263,31.859987483985666,59.77535311393177,99.27011890105801,14.60084420627244
2021-12-17,27.713449478149414,137.75,160.051513671875,140.60438537597656,718.2158203125,20.207817905124767,28.573431963888755,2.94037756675947,25.462575522937527,160.82985644350327,21.91414828678436,31.324401731583833,59.840600452344006,97.52488813094574,14.17767011243559
2021-12-20,27.631710052490234,135.8000030517578,159.933837890625,139.5076446533203,721.0987548828125,19.858475707165997,27.971798558508,2.9186560413756033,25.27292875058424,156.64602029527327,21.62413936767791,30.623710374687708,59.13816605097672,96.3063159262662,14.074412277018393
2021-12-21,28.983440399169922,144.25,162.5681610107422,145.67445373535156,749.9855346679688,19.833674728867578,28.91203405543883,2.934278159645841,25.283650865923168,163.32499238483584,22.591884792399682,31.25308805143488,59.71745520753297,99.19135689832353,14.35053725523139
2021-12-22,29.30741310119629,143.8800048828125,164.19769287109375,146.540283203125,758.68212890625,19.994585727618684,28.86783173440709,2.9721491275885983,25.487826863240237,164.0532773922054,22.842765032672258,31.019299769459693,60.65285661762144,101.08546673984443,14.296692121763103
2021-12-23,29.546653747558594,146.13999938964844,165.42886352539062,149.59002685546875,767.580078125,20.208526043041473,29.154080329447993,2.988646695178354,26.77126222894309,166.01449224592375,22.838433947485733,31.420517676480678,61.214633350229164,101.78248778135564,14.479202714185467
2021-12-24,29.546653747558594,146.13999938964844,165.42886352539062,149.59002685546875,767.580078125,20.204751417477468,29.912855627712997,3.041431927905376,26.85489597363142,167.5068240147354,22.855291400170334,31.209517459360566,61.792433308730494,102.37729333614509,14.506927786271616
2021-12-27,30.84754180908203,154.36000061035156,168.67874145507812,156.54563903808594,777.1771240234375,20.231670160919382,30.52023050008872,3.0354324460745215,27.150413745936532,171.18675177358915,23.069720613204918,31.219917181902535,61.540332702113844,100.74197032503258,14.702642300503229
2021-12-28,30.22650909423828,153.14999389648438,167.31179809570312,153.58251953125,770.7982177734375,20.528877862776344,31.314910220533886,3.0494022694414697,27.62123355889585,173.5952142018715,23.18712573566812,31.575527264125782,61.63111220244944,101.96447940845344,14.80644157298917
2021-12-29,29.906522750854492,148.25999450683594,168.56105041503906,154.8716583251953,768.1259765625,20.673302452780394,31.7519713887313,3.0804004081386673,27.865939331974257,171.93423324197843,22.813528768885117,31.383818967453575,60.64043748619727,102.61593504463683,15.084792752793765
2021-12-30,29.492828369140625,145.14999389648438,165.41973876953125,151.9855194091797,766.4403076171875,20.578161729803526,31.790810037189896,3.0856967081186877,28.195573719509504,172.03587729675655,22.820670862121332,31.336040626387188,60.4684586647416,106.22174045093008,15.485828522810772
2021-12-31,29.31838035583496,143.89999389648438,165.5465087890625,151.38905334472656,762.5325927734375,20.547433112948134,31.743337982397918,3.081088949995259,28.153470299718126,171.86392740581232,22.797861597404722,31.304720248027753,60.152368911295824,105.66648231319797,15.40487868833892
2022-01-03,30.02614402770996,150.24000549316406,168.57008361816406,153.86151123046875,763.82568359375,21.048968529688246,30.62827829948184,3.0473768061548845,27.571232726463776,171.74601779551563,22.78222081101561,31.283243214303415,60.25922423310128,105.85418940064915,15.432244082244585
2022-01-04,29.1977596282959,144.4199981689453,169.4934844970703,152.35110473632812,746.298095703125,21.944233561704415,31.114709984237706,3.099364033014854,28.092890162662528,177.00528490093325,23.559307215429836,32.38519973707803,60.21724035153812,103.23436041884499,15.099893029594192
2022-01-05,27.517070770263672,136.14999389648438,168.83262634277344,147.90643310546875,714.1929931640625,21.829817539747204,31.50633735675042,3.2279883205696143,28.013164522004157,173.25081008216964,23.367029397932995,31.75246124375532,59.1324697033013,100.67085640409528,14.570988299206018
2022-01-06,28.089263916015625,136.22999572753906,168.334716796875,150.40774536132812,730.9064331054688,21.56490645411423,30.3445636685201,3.1460360573249635,27.097284223940612,167.0248686546182,22.34010368087676,30.768490826140425,58.61573639774859,100.03984260996457,14.133753843548051
2022-01-07,27.161197662353516,132.0,163.31954956054688,145.08753967285156,724.1828002929688,21.211908291200057,29.38369562252453,3.085406055659083,26.72168338358941,167.17226444239836,22.245418198356624,30.955377737180736,59.359668750474555,101.09002718230366,14.458845789780062
2022-01-10,27.31370735168457,132.0,162.65867614746094,143.9138641357422,696.4738159179688,21.483469484836586,29.209946680028725,3.0667012027922955,26.812954191773976,167.52940456037442,22.29294241719931,31.02150956409548,59.571944103938044,99.83699766268519,14.26289564512061
2022-01-11,27.729400634765625,137.30999755859375,167.8368377685547,146.6653594970703,698.3800048828125,21.797334747223385,28.87150509351495,3.087765031819437,26.293208766523758,162.40717768524866,21.857657436095103,30.40713903462659,60.19845430649146,102.53999626888216,13.925123535966723
2022-01-12,27.910825729370117,137.47000122070312,168.7602081298828,153.4959259033203,710.8406982421875,22.076199083089136,28.975665789062173,3.0991059756615775,27.932136307039833,168.41193583373052,22.452751317833663,31.537709673396876,60.63674264617818,103.69002436520988,14.372590765563904
2022-01-13,26.491313934326172,132.74000549316406,166.46987915039062,151.21588134765625,699.26123046875,22.132403661051107,29.40648026917095,3.0443082279659825,28.345666418906102,169.97371536434608,22.93795797156776,31.434289941068542,60.047430247410915,104.80977822438484,14.68105924519356
2022-01-14,26.85715675354004,136.8800048828125,170.8151397705078,160.66326904296875,713.1012573242188,22.527328688561852,28.50449184547224,3.062422526502812,27.608714686010188,170.51576976473748,22.607057220260316,30.73999446705417,59.5482819205883,103.93645154895594,15.161774722399365
2022-01-17,26.85715675354004,136.8800048828125,170.8151397705078,160.66326904296875,713.1012573242188,22.919363785850837,29.87307176009602,3.138179574331152,27.026204399092023,170.9922615435424,22.717248254542223,30.792261490146117,59.584349833058866,102.52013519562709,15.17253869625748
2022-01-18,25.821422576904297,131.92999267578125,161.9163818359375,146.57876586914062,685.037841796875,22.307253547228015,29.72854551879803,3.136669936264064,25.81578958899262,170.7270197542127,22.64370165911414,30.492186414775205,59.14521613150597,102.022142232022,14.894001131606492
2022-01-19,24.988061904907227,128.27000427246094,156.13172912597656,137.6412811279297,669.3207397460938,21.963595801672945,29.49454226771409,3.053424853426836,25.568199662660426,160.41237118894915,21.44958468372119,29.723246003182723,58.464079619420744,102.1746700976538,14.45160429481877
2022-01-20,24.073949813842773,121.88999938964844,150.7272491455078,133.87001037597656,676.63818359375,21.837926462845765,29.193097552038804,3.0644680463918683,25.217809527686867,159.97218837592717,21.151671004671165,30.20402156703268,58.85511619929178,100.97358756291605,15.121614867229944
2022-01-21,23.300390243530273,118.80999755859375,149.3059844970703,129.93521118164062,665.4033813476562,21.449449324450327,28.586776880053154,2.941009132111022,24.48266832797139,150.52309084423098,20.372885072172483,29.67124364763685,57.95442133895801,95.78264906990273,14.681641093867391
2022-01-24,23.29839324951172,116.52999877929688,153.95909118652344,134.0047149658203,658.40185546875,21.791423213017843,29.04170857967991,2.932990424960071,24.959202279296473,153.23680819158983,20.748530175751313,29.78110219452451,57.61606955518254,95.85741449853127,14.774391523289971
2022-01-25,22.253694534301758,111.12999725341797,149.77671813964844,127.94377136230469,621.1919555664062,21.41207655814997,28.937016520646825,2.8924974477468086,24.599959279780247,148.82448772555568,19.9474971643474,28.76252160616717,56.5746360305577,94.72116593551691,14.662233723507882
2022-01-26,22.70028305053711,110.70999908447266,151.17991638183594,130.4354705810547,625.6839599609375,21.218901413185716,28.635018874129933,2.854269212708762,24.633575795278922,147.7969950603732,20.013592549396268,28.70953751029089,56.553827130431124,94.68632623666741,14.656840759830304
2022-01-27,21.874893188476562,102.5999984741211,145.92935180664062,125.21150970458984,607.8690185546875,21.244596707221685,28.669694808353324,2.8577256257082015,24.663406131962784,139.60710849600022,18.48146499590236,27.82005399984079,54.28477175831658,90.73177950906918,14.420027083355997
2022-01-28,22.76807403564453,105.23999786376953,151.00787353515625,127.4242172241211,617.743896484375,21.174179929083863,28.574666996509166,2.8482534839614084,24.581657458563537,137.00700126201957,19.131436086457565,29.776271929003613,55.67625896361646,96.10104978889805,14.848887038754633
2022-01-31,24.408893585205078,114.25,159.11004638671875,132.93679809570312,648.6134033203125,21.1205353599424,28.502273368773768,2.84103746277596,24.51938007981432,141.66977368574445,19.981546532044987,29.87012290022367,55.48033104362838,95.76286473220964,14.796632961239432
2022-02-01,24.560413360595703,116.77999877929688,160.3502960205078,133.3505096435547,652.7127685546875,21.163582431408038,28.560365617749888,2.8468279572218824,24.569354547250914,143.50198036468612,20.382311516759735,30.01665462710267,55.59956577683737,95.96867207713508,14.82843292620607
2022-02-02,25.16250991821289,122.76000213623047,170.37158203125,135.4188995361328,657.76025390625,21.18501817296788,28.58929326354052,2.8497113947757144,24.594239858425137,146.92197937358452,20.55557839296635,31.456979892579646,55.72070556133056,96.17776767151767,14.860740969334719
2022-02-03,23.87258529663086,120.08000183105469,162.13365173339844,131.33023071289062,618.6632690429688,21.17852990749935,28.5805373152219,2.848838623089278,24.58670746190344,143.98570143910084,19.840716400803135,30.503048035795494,55.838653470696855,99.18081576615106,14.831661863717784
2022-02-04,24.242412567138672,123.5999984741211,162.46859741210938,130.4258270263672,625.2530517578125,21.183796223155642,28.587644235852647,2.8495470236963345,24.592821265033727,145.44560251091676,19.846151926605113,30.845963708725797,56.354530609513596,99.55004925708599,15.210374995563456
2022-02-07,24.650127410888672,123.66999816894531,158.50352478027344,130.96463012695312,622.5903930664062,21.107804033781754,29.193443166429347,2.8783368139016354,22.919711735120586,143.11478469989353,19.25712166879433,29.770119131489594,55.74345420377235,98.61684396803324,15.413362543709258
2022-02-08,25.0289306640625,128.22999572753906,161.6719512939453,133.48519897460938,625.8849487304688,20.855615779680328,29.033591846040103,2.875647258541085,22.07141432374532,143.88545465323233,19.30497645531908,29.74891287612709,55.75463178234287,98.63661844267918,15.416453203829429
2022-02-09,26.620899200439453,132.85000610351562,166.524169921875,138.72836303710938,651.649658203125,21.037387947934732,29.984019270770418,2.9353544154716587,22.247058482159304,144.9554315265941,19.455918785324773,29.769269634922132,55.777467070574694,98.67701680135086,15.422767282878434
2022-02-10,25.742673873901367,125.7699966430664,157.58016967773438,134.4665069580078,629.1510009765625,21.588165893676717,30.807201439496968,2.9811483459626196,23.317893307613385,147.49892137668593,19.985236452696427,29.899584251380247,57.72365162213462,104.09438394584713,14.763366005233966
2022-02-11,23.873580932617188,113.18000030517578,149.04345703125,127.46272277832031,601.7200927734375,21.58591513305049,30.49146236272579,2.961873865930114,23.37500733426883,146.93331453931333,19.908600052384823,29.784929790660563,57.08651547189207,105.63328137444243,14.172953997806632
2022-02-14,24.190576553344727,114.2699966430664,149.48704528808594,126.85661315917969,601.4039916992188,21.09386012954469,29.214746635876786,2.8674034557690393,22.80094165854851,146.0505560921954,19.259606017917303,29.348861432467938,56.17707666822676,106.04311853597055,13.326222438649804
2022-02-15,26.411563873291016,121.47000122070312,156.6115264892578,134.53379821777344,628.700927734375,20.99465244375756,29.12868945611694,2.871952401238615,22.83711384075434,142.5991846685731,19.184289005176137,28.171588734070347,56.26528170241069,101.80090985895993,12.983132548790762
2022-02-16,26.42751121520996,117.69000244140625,156.24942016601562,135.611328125,635.8364868164062,21.4574796386056,29.96731495464265,2.94810023735678,22.966280336587147,149.46933367448486,20.083592061523923,28.984076348441935,57.13035504049139,104.65278321607853,13.595840492936306
2022-02-17,24.429826736450195,112.37000274658203,150.99880981445312,131.29171752929688,622.9733276367188,21.431888044532872,29.97798169642701,2.9923075229603944,22.815344682131087,150.54044216462503,20.356182638130573,28.59191014549387,57.28692291623146,106.66476916649259,13.576515824106956
2022-02-18,23.56754493713379,113.83000183105469,151.75926208496094,128.2901153564453,620.4830322265625,21.14637347024019,29.685044066072248,2.989523413287025,22.73053753043623,147.56087056902507,20.029483021597912,28.375266377235064,56.661818927649826,105.29373385788554,13.635685111029437
2022-02-21,23.56754493713379,113.83000183105469,151.75926208496094,128.2901153564453,620.4830322265625,20.95531979501375,29.914303725037396,3.0146624940878697,22.86214386664246,143.10476602066024,19.636124046400333,27.541768846750315,56.832035667368366,105.61004484876578,13.676647824676024
2022-02-22,23.316341400146484,115.6500015258789,150.17503356933594,125.54329681396484,613.242431640625,20.832583946956007,29.44570498874343,2.963364785524439,22.432214388053854,137.73900586412051,18.751503308707058,27.09780907788035,56.85058321810182,105.64451145975009,13.68111129877849
2022-02-23,22.31650161743164,109.76000213623047,146.3095703125,123.23020935058594,605.0628051757812,20.747486556013214,29.68429760843149,2.9319590553220443,22.57101635066974,137.15619822346258,18.67216108219994,26.983151577075837,56.94591571409052,105.8216662820028,13.704053094872439
2022-02-24,23.673208236694336,116.61000061035156,152.0670623779297,128.5888671875,629.1128540039062,20.024978304043394,28.058487454118918,2.8622168183250873,21.78043295015329,138.92464357857094,17.929351109711074,27.11620805727205,54.81279436895925,98.60225236306478,13.483893813572102
2022-02-25,24.080923080444336,121.05999755859375,154.7375946044922,130.80555725097656,638.9588623046875,19.886209288620496,28.521218737292134,2.8309785953337263,21.69256479788106,146.11859714359312,19.199302461387624,27.466805984266564,54.49783633913764,97.88825404228855,13.392071219423714
2022-02-28,24.30820655822754,123.33999633789062,155.6971893310547,129.34063720703125,638.3745727539062,19.960455535122804,28.62770426232013,2.841548208253982,21.77355517115308,143.95845163124886,18.884660332699294,27.64338723865685,54.880545512904995,98.57567092601444,13.486116577105896
2022-03-01,23.403064727783203,113.83000183105469,148.18344116210938,124.91682434082031,607.438232421875,19.951322642092045,29.010198829761855,2.946077699116625,22.14318505467036,149.4668761316999,19.197903086709825,28.283709143445712,54.72790894183067,98.30150724449709,13.448608302138876
2022-03-02,24.14784049987793,118.27999877929688,153.8558807373047,128.35752868652344,627.704833984375,19.801830461091736,28.410433985934063,2.9243339550661727,22.02386803967003,146.79787349886797,18.819716529854283,28.029118106093982,54.37464892771615,99.53191280353391,13.358893323142663
2022-03-03,23.643348693847656,111.9800033569336,150.3106231689453,125.90953063964844,604.1624145507812,19.888886691609276,28.487933729925633,2.9609190787227853,21.830834776377777,146.59759045884152,18.68712144117555,27.698315587836348,55.386698632993124,102.90646998515149,13.665301807338626
2022-03-04,22.867664337158203,108.41000366210938,147.5016632080078,121.18695831298828,569.2319946289062,19.601557157458032,26.96005049725833,2.9096848810335483,21.16914698024505,141.04795219263332,17.923288754422742,26.82435570947278,55.25626941526215,102.66413724622879,13.633121614823468
2022-03-07,21.28838539123535,102.94999694824219,136.44766235351562,114.90303802490234,550.0953979492188,18.924681224706912,25.49739036508848,2.776695489607981,19.664978268187628,134.78678247683007,17.000060132506558,25.23985954214605,52.66580678716217,94.2656802933757,13.11497851772719
2022-03-08,21.449899673461914,105.52999877929688,137.04762268066406,119.65452575683594,548.850341796875,18.39950326195141,25.127383831662193,2.719526682300469,19.24775808506268,133.7753827658332,16.958591524893585,25.35890655904543,51.55444327797063,91.90481864193787,12.63466495598515
2022-03-09,22.945432662963867,111.05000305175781,142.8201141357422,123.96267700195312,595.1115112304688,18.54487212965879,25.18117143366799,2.776254380899477,19.666794279692756,133.39772680673164,17.094612746353913,25.274615876645925,51.520581070177045,91.844453329693,12.626366201834415
2022-03-10,22.590492248535156,106.45999908447266,140.63836669921875,120.44483184814453,574.7391357421875,19.189213264561364,25.969610756615147,2.8448371058258,20.035783501757994,139.59194187839938,17.731441934479975,27.690921738361173,51.93671180656042,92.58627920205176,12.728349117327133
2022-03-11,22.034154891967773,104.29000091552734,138.48391723632812,119.16299438476562,561.119384765625,18.77521184694384,25.10536519870274,2.84155008482774,19.95009447882043,135.54381265754887,16.88236853956845,26.81722274779558,52.0817181570701,92.18160080622445,12.88951166011952
2022-03-14,21.26645278930664,102.25,128.43899536132812,115.78009796142578,553.1697998046875,18.604741041382436,24.514493661393814,2.872764784855822,19.997236757887222,135.73851564461143,17.057026980165418,26.724583653066738,51.88045283132084,90.0118494724406,12.45074261766695
2022-03-15,22.904556274414062,109.33000183105469,131.0934295654297,119.90512084960938,571.511474609375,18.085726795769997,23.393404926085307,2.775685669798083,18.809690543367914,134.92217072914158,16.97796989623151,26.905333890069553,51.66491811102526,89.63789979119151,12.1065864795967
2022-03-16,24.423017501831055,115.37000274658203,136.76583862304688,125.75533294677734,623.1648559570312,18.17026338143288,23.46453549019179,2.8001682972384447,19.67333562197246,139.20116991101253,17.313211438364544,27.071943090542014,51.82755573400022,89.66461004166108,12.227200911378597
2022-03-17,24.69221305847168,111.69000244140625,138.92935180664062,127.21066284179688,626.488525390625,19.045205688723307,25.16608625350659,2.918298415682104,21.17357316320994,145.25101272235366,17.95786420345548,27.640053556589766,52.6191677739166,91.03414375511038,12.750542179834424
2022-03-18,26.37418556213379,113.45999908447266,139.98385620117188,130.2466278076172,651.1610107421875,19.148105170466327,25.371785088957598,2.9675123246957518,21.16757870080842,146.95561994480818,18.097309647778452,27.958548111141152,53.39656720917339,98.33104371013562,13.20411742867364
2022-03-21,26.654348373413086,115.91999816894531,141.4383544921875,129.34063720703125,654.0823364257812,19.191651468842032,25.446689318168627,2.9629934960059425,21.03470175750373,145.99820164226807,17.97940537511419,27.776397706249472,52.79061447244782,98.32779091733616,13.203680636217518
2022-03-22,26.444974899291992,114.77999877929688,143.27462768554688,130.5742645263672,659.6661987304688,19.057115860587515,25.32041429680332,2.9432791707189154,20.994721055128352,148.38822628413584,18.31198375801613,27.828039877706665,52.683112569725225,97.17581395050938,13.121671407918669
2022-03-23,25.55762481689453,113.91999816894531,138.9657440185547,126.66130828857422,637.2731323242188,19.247045316096706,25.321194153532876,2.9654531328265725,20.92130232019637,151.81008176668965,18.82199529233522,28.336651099364726,53.04304145437447,97.56213996565815,13.173837094225084
2022-03-24,28.066129684448242,120.52999877929688,144.04733276367188,133.57167053222656,661.3902587890625,19.217355879463916,25.110193282696347,2.9418602507842517,21.2255212339019,155.40231481300685,19.03390689476768,28.408873118129485,52.38443774655645,94.95305021939403,13.240139996861075
2022-03-25,27.609495162963867,119.66999816894531,143.60186767578125,132.09706115722656,658.3443603515625,19.382674512593102,25.003988513103565,2.9184705422937234,20.72509855449852,154.8294473699554,18.942613291793815,28.362295528193048,52.40422731916541,93.01819880751982,13.662782166335646
2022-03-28,28.13492774963379,120.23999786376953,144.0382080078125,132.6753692626953,665.4992065429688,18.91733840345163,24.80858167818334,2.888778404734328,20.40376977612588,152.90031575223855,18.757562145373072,27.72921220805491,52.037239431109555,92.49931561144676,13.626121559251379
2022-03-29,28.57062530517578,123.2300033569336,146.419921875,136.3184814453125,679.2051391601562,19.0032762021792,23.376828587784637,2.8772668968664594,20.44543971356606,151.8571858331908,18.663488060855496,27.775775025782984,52.441374458648816,94.12245836909254,13.91117176862486
2022-03-30,27.607501983642578,119.22000122070312,138.83843994140625,130.88270568847656,655.6626586914062,19.463254741638515,23.581037949764262,2.920835733484065,20.772808427530506,152.32084390862943,19.21713396256345,27.985763007614214,53.11790855564349,96.28802023342705,13.898107790529675
2022-03-31,27.2047061920166,109.33999633789062,138.92030334472656,127.02752685546875,639.7345581054688,19.435662422779917,23.4072953128688,2.903300496201096,20.81657061588178,156.5452825100539,19.212192525018075,28.216437677294273,52.832708278119114,93.79908276828262,14.003094013225596
2022-04-01,26.632417678833008,108.19000244140625,133.62054443359375,122.79650115966797,639.5430908203125,19.11484337527998,23.20467899870878,2.8941591701000102,20.874728751862644,152.99172657195697,18.91552110239854,28.240229059800352,52.27780851173323,91.90103308974886,13.956281841807328
2022-04-04,27.278488159179688,110.52999877929688,139.82020568847656,124.75299072265625,652.0902099609375,19.079971854165404,23.162346323636648,2.888879308234147,20.836646643098256,147.88657496625234,18.546503589318675,27.99869825517658,52.24501078999857,92.36775616305928,13.907271114914437
2022-04-05,25.853740692138672,106.81999969482422,132.2296905517578,117.3028793334961,619.1710815429688,19.13303030761965,23.22675722967451,2.8969128351954256,20.894590137695918,148.95030316855733,18.694114073828615,27.625078020063714,52.379342513763454,92.34276989087886,13.963179797328491
2022-04-06,24.33428382873535,103.66999816894531,126.61180114746094,115.00907135009766,601.9786987304688,18.7333102169415,22.71082212588839,2.8484817702798244,20.56944526450906,142.55697776859702,18.01711677910917,26.946857998774544,51.643163461538464,89.21208333333334,13.391046474358975
2022-04-07,24.135881423950195,103.72000122070312,126.55729675292969,117.96790313720703,598.9042358398438,18.298277806082357,21.831835750790667,2.7800384625012526,20.425320657515815,134.71744576135805,17.027634055207926,26.273213883459444,51.31462931919232,89.69145424583834,13.523015257085035
2022-04-08,23.050121307373047,101.0,124.25736236572266,115.61625671386719,585.1409301757812,18.283950665525825,21.520078962498577,2.792412622104797,20.096770256045957,134.8722862749286,17.093670158902476,26.09826792407567,50.951947732589886,88.13981027015592,13.467049373149903
2022-04-11,21.85169792175293,97.37000274658203,123.04835510253906,112.03095245361328,572.5076904296875,17.93623998618887,21.349178544820646,2.711480830951981,19.297428931608174,133.7091121718175,16.742113097821182,26.214406070491716,50.79528534919699,87.34771215560885,13.011576722996873
2022-04-12,21.43992805480957,95.0999984741211,123.71198272705078,110.41178894042969,568.9254150390625,17.817755864500786,21.398705767609105,2.6625730054751435,18.655674725150543,129.7105487786414,15.998104812479927,25.206005691643117,49.845626748821104,86.47654358326588,12.469291615641367
2022-04-13,22.136850357055664,97.73999786376953,127.72080993652344,112.6285171508789,586.8935546875,18.325155056644732,22.359051711822072,2.7308214020043646,18.894979760941,134.10293939979778,16.46916907270153,25.531379151634397,51.378694884919966,88.4968490339147,12.92892866755671
2022-04-14,21.194665908813477,93.05999755859375,124.4573974609375,109.2552490234375,572.6320190429688,18.43390026894907,22.006116899812245,2.7581149884132006,19.09907559329488,136.60157335536,16.764333448910858,25.78776923650801,50.70742516890808,86.53335101831883,13.659954655777026
2022-04-15,21.194665908813477,93.05999755859375,124.4573974609375,109.2552490234375,572.6320190429688,18.01791694286903,21.191866451486177,2.7044415578412355,18.391896398878725,128.9598219527801,15.985316231777254,25.398776457453845,49.747433233710225,84.4779150576775,13.34622688009968
2022-04-18,21.71809959411621,93.88999938964844,126.6481704711914,110.71055603027344,580.0167236328125,17.896390039199222,21.111800729471906,2.69098947305522,18.2396113676432,129.2282577192654,15.891600386934886,24.818681333910657,49.90366912701172,85.39966898308268,13.289203840798178
2022-04-19,22.13186264038086,96.93000030517578,128.2208251953125,112.8212661743164,591.0982055664062,17.9604540186922,21.16364220402114,2.686979509093105,18.20559747462712,131.6866621377804,16.308443207447944,25.222332519698526,50.05666825461337,87.62385327174827,13.367912824393944
2022-04-20,21.417999267578125,94.0199966430664,127.57540130615234,113.62120819091797,607.1506958007812,18.09479960180902,21.58889467577349,2.7134214197433146,17.54561735641144,127.79975382159935,15.820424029494216,24.977735755696077,49.959167499359665,87.32343266531119,13.204877337354551
2022-04-21,20.12286376953125,89.8499984741211,123.73015594482422,111.50086975097656,593.808837890625,17.991555174393216,21.959249507834265,2.730045304558062,17.964019400038183,133.69435267585757,16.343377523702358,25.657546492861282,50.4055855461086,88.10316068831163,13.30307661035257
2022-04-22,19.45685577392578,88.13999938964844,120.73027038574219,108.71553802490234,581.9608764648438,17.692510180633843,21.512493299793935,2.7074189409379645,17.49425480326059,130.4843296420219,16.085424879092923,25.35743707300483,49.547154692479566,85.57151432660167,12.901325325849307
2022-04-25,19.842702865600586,90.69000244140625,124.13921356201172,110.32504272460938,574.4998779296875,17.330715671857696,21.06843744481014,2.582538913854427,16.575366330530994,129.95569166910786,15.702623211418446,25.268729228356467,49.00307473502222,83.5904295447933,12.38794587610113
2022-04-26,18.732023239135742,85.16000366210938,121.35753631591797,104.97601318359375,536.7725830078125,17.36853516750102,21.05199463187644,2.6038791428694816,16.096328822591172,131.51718136689573,16.16903542367255,25.42469478898941,48.618650381373854,85.49632384843233,12.21164939403107
2022-04-27,18.360136032104492,84.91000366210938,122.81202697753906,104.87000274658203,533.3724975585938,16.67122904855193,20.34561087566369,2.506981347812346,15.040864782949882,130.0415455683766,16.420253714868206,25.145843875511368,47.37344641652343,82.80840641162787,11.908188977719803
2022-04-28,19.72306251525879,89.63999938964844,134.71141052246094,110.479248046875,565.6114501953125,16.787299207710145,20.796694302238656,2.533354137443353,15.5452507249135,130.49856526212295,16.97461729132185,25.667034566457215,47.01994241791912,83.2040053344305,11.588095898669728
2022-04-29,18.491743087768555,85.5199966430664,126.9845199584961,106.35424041748047,539.9716796875,16.96355523618939,20.79171686894258,2.597282669126327,15.624268239429902,128.08733078808282,16.6609756638123,25.192782313425088,48.675522806209585,85.079755147468,11.647548212538139
2022-05-02,19.474802017211914,89.83999633789062,132.05697631835938,108.87936401367188,546.982666015625,16.97433231295733,20.804926006161395,2.5989327427296183,15.63419445689521,127.27268775260696,15.96168067676627,25.22096319175588,48.979036118997016,84.21324446374747,11.507441325943091
2022-05-03,19.543596267700195,91.12999725341797,131.1388702392578,109.67931365966797,550.34619140625,16.724727012886568,20.518991653869975,2.6026141607468083,15.577348839357601,127.17389381049887,15.949290607973243,25.201385712710888,48.96093595816065,83.5529282612986,11.507336071640024
2022-05-04,20.273418426513672,99.41999816894531,135.49319458007812,114.50787353515625,571.5238647460938,16.854949812824792,20.78826661093267,2.6271801506762698,16.33231187475098,127.16998640363951,15.948800567402369,25.200611402320224,49.47329856027779,83.54841594934817,11.48245194569456
2022-05-05,18.787857055664062,93.87000274658203,128.75717163085938,109.36126708984375,544.0682983398438,17.21399845181215,21.22052127107958,2.6982734254735807,17.220921266356868,128.04878920276278,16.059014077505335,25.374759158927535,49.85121916200559,84.1866322912505,11.57016502072513
2022-05-06,18.61935806274414,95.33999633789062,127.79356384277344,108.42637634277344,531.3675537109375,16.561654039139984,20.78324861081745,2.5918807341990995,16.55927193911163,128.21247146367645,16.015621028491307,25.69348602034794,48.16145341324464,81.52848701890372,11.06976164199827
2022-05-09,16.89950180053711,86.36000061035156,122.64838409423828,101.92080688476562,494.39361572265625,16.286902291449437,20.2303446755928,2.5395182378234122,15.759073752894714,125.21461316600313,15.85305141953929,25.246779291207158,48.1072278891542,81.43669317499776,11.057298072399508
2022-05-10,17.542577743530273,88.7300033569336,124.36648559570312,103.29901123046875,504.7220764160156,16.16918171786652,20.33525844058363,2.5658615169086065,15.675827017817307,123.81141069569999,15.582175292387857,25.09394389556559,47.3521546531659,83.02140869674625,10.864324963688471
2022-05-11,16.580448150634766,87.91999816894531,120.26668548583984,100.15705108642578,502.72576904296875,16.322791353951935,20.634256641297725,2.5969187662813495,15.912763239547441,127.24190561677169,15.86425435662309,25.077865583915496,47.289463693896955,83.28835214694757,10.963751367678961
2022-05-12,16.126806259155273,87.05999755859375,119.78490447998047,102.89421081542969,503.7480163574219,15.796308600267283,20.377725066052765,2.5065351217744065,15.321068413357517,125.60760063590135,15.348467898252494,24.923491223919708,46.6551623330266,82.05490322669989,10.571134714756216
2022-05-13,17.653249740600586,95.12000274658203,122.65745544433594,107.80955505371094,528.782958984375,15.912966855569104,20.856214704713224,2.530280066171817,16.499345605116197,133.8480896787915,16.13831876354774,25.64256569515908,47.338705089095484,83.86296726709277,10.580499921315127
2022-05-16,17.212562561035156,94.23999786376953,121.73023223876953,106.47953033447266,515.889404296875,16.214715378711052,20.43796111844589,2.544383129743835,16.66980459314816,133.04528594077,16.070543719884903,25.432881231567837,47.68323193532338,83.22186218361752,10.84127973133198
2022-05-17,18.122848510742188,102.47000122070312,126.9845199584961,112.60921478271484,541.6190185546875,16.565526137446266,20.8834851443352,2.620407658615808,17.096330607687594,135.95991998199096,16.246820193114104,25.547505307667162,48.53158238551634,84.57719815984139,10.973322125710725
2022-05-18,16.88753318786621,96.27999877929688,118.58495330810547,107.30838012695312,509.47625732421875,16.875831321882806,21.307216366792712,2.618987311272296,17.18749184220607,139.27489407285356,16.461084334239324,25.874430111539542,49.399653196426264,86.2175402658262,11.508153391916467
2022-05-19,17.07298469543457,96.66999816894531,118.69403839111328,106.73011016845703,507.25836181640625,16.299952733473873,20.96284517551145,2.5748648542914734,17.109819572702907,136.13521123534707,16.318119158694554,25.433880012959605,48.62201332861096,83.72886299133809,11.237850123895276
2022-05-20,16.644256591796875,93.5,119.63036346435547,102.60508728027344,513.8547973632812,16.627870003757284,21.086702544405192,2.6356756961559906,17.160672140879544,137.9471987077919,16.518231598126338,25.67954203579594,49.44852913756562,85.66825279330446,11.30651583295994
2022-05-23,16.84765625,95.06999969482422,120.10302734375,105.9494400024414,534.848876953125,16.502404615073825,20.932374273253807,2.6256965115733433,16.88721594944823,138.60259350382134,16.528020456557552,25.665287283809565,49.001188095725695,85.39614823814378,11.41091468030714
2022-05-24,16.10586929321289,91.16000366210938,116.8395767211914,102.7303695678711,526.9603271484375,16.37526790357806,20.765418688899278,2.6211311592921995,16.204680953089635,137.55410490080254,16.194057288549505,25.368579911322,48.53945456923914,82.93273642529911,11.233587849328368
2022-05-25,16.92443084716797,92.6500015258789,119.29400634765625,104.85590362548828,528.5517578125,16.477928603002134,21.06088102679073,2.660782751999016,16.39156252526946,139.79478361224145,16.312516723473816,25.6202412802318,48.38305406663872,82.40849019799555,11.175850602563594
2022-05-26,17.797815322875977,98.75,122.5756607055664,111.17451477050781,540.1143188476562,16.230351163573467,20.897165437363928,2.6826764621763233,16.188579125784486,136.0485071852885,15.672332530524448,25.190004576364657,47.806033681422306,78.24518053077746,10.973410818652722
2022-05-27,18.754953384399414,102.26000213623047,127.04815673828125,115.43521881103516,562.5938720703125,16.79095529062325,21.419371395457215,2.75706821258664,16.815756223755493,140.53703491739932,16.181666608815902,25.73044867410255,48.53675291944682,81.017328808095,11.040616506026913
2022-05-30,18.754953384399414,102.26000213623047,127.04815673828125,115.43521881103516,562.5938720703125,17.339590030717716,22.11177534537002,2.8132950066671913,18.24525980301104,141.76682638535078,16.7415882758414,26.27215248598915,49.70080381155805,82.258644253769,11.182398170296084
2022-05-31,18.616371154785156,101.86000061035156,130.19345092773438,113.3193588256836,555.7564086914062,18.037992300347447,23.15934819496516,2.9003004614988592,19.153423512579298,139.39341798126014,16.88490470779461,26.29144736873529,50.097786397451095,84.06309614035365,11.282711997633978
2022-06-01,18.265413284301758,101.22000122070312,127.95453643798828,110.58515167236328,543.5765380859375,17.585768744733517,23.03113442355132,2.842843135242504,18.98633622230047,136.88465897547923,16.797703216440464,26.44574356139418,49.873067872132395,83.6860228930745,11.232102288422697
2022-06-02,19.533628463745117,108.58999633789062,133.60203552246094,113.35800170898438,559.8551025390625,17.21624519418964,22.745662705811526,2.856962765831361,19.018692583850644,135.9140276804639,16.67467299117286,26.065479277763284,49.14888144059323,82.5647361814678,11.107497258447223
2022-06-03,18.664226531982422,106.30000305175781,129.05116271972656,111.06822204589844,543.5668334960938,17.232395891672873,22.767000594141624,2.8596429054803583,19.036534171663998,139.38184885532655,17.03673981179441,26.000630938094073,49.464942954527814,82.97129088837626,11.591506942328653
2022-06-06,18.730026245117188,105.6500015258789,128.33836364746094,111.10685729980469,551.3203125,17.079797994233974,22.741294640247062,2.8479466168451606,18.626833714227065,140.1809896645044,17.026637593634565,25.822648433682225,49.0816507297394,82.32836584331136,11.501687077608302
2022-06-07,18.869611740112305,105.27999877929688,129.66343688964844,111.75418090820312,556.45068359375,16.9099590158906,22.348913674091385,2.791510635724669,18.312765498745378,135.69837985030742,16.415550352412748,25.417824347983892,47.97493670147032,79.76812478713984,11.349659715667482
2022-06-08,18.596372604370117,101.9000015258789,126.98592376708984,108.65287017822266,547.2218627929688,17.180567889771922,23.33453778564256,2.8300787542642913,18.23781902845676,133.6717178591361,16.040656718193954,25.592883098726308,47.82464094690557,81.29566055776691,11.232951454529054
2022-06-09,17.998031616210938,98.80000305175781,124.92980194091797,103.60957336425781,523.0835571289062,17.06620570530393,23.157370576523494,2.8540104869573892,18.788033232238874,129.1995962771413,15.455024992043137,24.99164177450998,47.66932673764722,80.77312195744547,11.3677839042491
2022-06-10,16.92700958251953,94.81999969482422,121.72225952148438,98.4310302734375,502.9476318359375,16.636188533782224,23.19201914820603,2.8398398161561795,18.455456354853748,125.05461983118138,14.80712499111726,24.69396943065775,46.377102444342036,78.78550306658174,11.072433290210231
2022-06-13,15.603680610656738,86.98999786376953,117.57344055175781,93.05924987792969,475.9933776855469,16.165979095865794,22.077683435595453,2.7534619033784624,17.22620908831477,118.12361731579585,14.026349691064235,23.438958616529167,44.637761121196526,74.51935364655303,10.304861020257514
2022-06-14,15.792158126831055,86.98999786376953,119.03556823730469,93.3490982055664,473.6692810058594,16.046709666659364,21.86899904911069,2.74913078206839,17.407768973151978,116.34696341869615,14.124020612579676,23.671493775414735,44.02833149979031,73.813916015099,9.934585509976635
2022-06-15,16.481245040893555,89.30000305175781,119.73922729492188,94.12199401855469,487.3248596191406,15.981340320352444,22.050846595262996,2.705340920588476,17.233740667983774,113.84281104383763,13.851154238116226,23.430288041857626,43.252467856054196,73.05129891644941,10.065130421776281
2022-06-16,15.557808876037598,82.05000305175781,110.40901184082031,86.55708312988281,451.469482421875,16.130767378131583,21.904355727744136,2.748442029283979,16.79323802925518,113.92035257170572,13.701776044925223,23.39716300195202,43.779313429959274,73.32187773352408,10.078492843879298
2022-06-17,15.836034774780273,81.56999969482422,110.5643539428711,86.7889633178711,456.4842834472656,15.752602693410655,20.646217134588834,2.62719965552625,15.79426531364119,109.56203229118738,13.309525101738892,22.52030093763291,42.65417225485135,72.00460694162699,10.03769341720767
2022-06-20,15.836034774780273,81.56999969482422,110.5643539428711,86.7889633178711,456.4842834472656,15.655113963793125,20.865608786621358,2.5916466836651146,14.956826313628431,101.66845307761096,12.795655222386957,20.63629316871522,41.794290003874465,70.45853714645486,9.306639868268114
2022-06-21,16.5201358795166,83.79000091552734,113.67138671875,91.94817352294922,476.73602294921875,15.874629597546408,21.560400916308215,2.6777652446303284,15.522399836742306,104.40403828641435,13.11864121136845,21.00427445329085,41.59129180517148,70.8772039987619,9.517934384208369
2022-06-22,16.31470489501953,83.75,111.63355255126953,90.75981903076172,468.2012939453125,15.533580249971493,20.031046070065607,2.5951123904055824,14.915983297417078,99.50920466601907,12.702412904056592,20.371623840703656,40.976164060386054,68.6851289984384,8.736291544286829
2022-06-23,16.180078506469727,82.43000030517578,109.74191284179688,90.12215423583984,468.2012939453125,15.27774779391478,18.83615791607838,2.572718981550882,14.822976558504488,99.77723361873825,12.725291433511071,19.357586862436786,40.642565726565635,66.88038665756714,8.695359008597356
2022-06-24,17.078584671020508,87.08000183105469,114.3202133178711,94.06404113769531,496.9010009765625,15.339509421515539,18.35297430540263,2.4859383350016326,14.70289034511796,104.66247317773231,13.286503802136366,20.37009014726248,41.28286171619877,67.80714880592154,8.9419149657909
2022-06-27,16.822296142578125,86.16000366210938,116.22097778320312,94.3055648803711,489.93817138671875,15.67505264575088,18.521516156515894,2.5411446198560554,15.467498378747251,106.81592778923796,13.767251661117088,21.299848397257705,41.93730030647153,70.95284522770842,9.736106257613464
2022-06-28,15.937750816345215,80.77999877929688,120.26011657714844,91.8032455444336,472.9364318847656,15.783938037806852,17.94346056163024,2.474215472453427,14.824434490255088,106.0311757678235,13.65773443228313,21.139719518136143,42.43408250328618,71.29256388476304,9.940189530728748
2022-06-29,15.498969078063965,77.98999786376953,119.0081558227539,88.82752990722656,467.3526916503906,15.451186537233605,18.07110898719214,2.310851612439557,14.182076553779474,102.55739046403893,13.43591952243927,21.024417293182484,41.49919871961422,70.22381166084516,9.820370718544714
2022-06-30,15.11703109741211,76.47000122070312,116.73272705078125,87.90001678466797,458.92413330078125,14.98218299178731,17.80131581011617,2.23242403846871,13.513732523954857,97.94943929490229,12.885638234588026,20.525122892852448,40.47979420415215,67.47605931559677,9.337960338986992
2022-07-01,14.482792854309082,73.66999816894531,112.88549041748047,83.34947967529297,433.80224609375,14.278467478528604,16.740130773299526,2.177588453092231,13.025593820683751,94.88112728007856,12.604764806681656,20.794939942381454,40.34619657746954,65.58720475650588,9.251587461086064
2022-07-04,14.482792854309082,73.66999816894531,112.88549041748047,83.34947967529297,433.80224609375,13.788189430269526,16.634080638548273,2.152789023719272,12.786057329923116,94.84406754304828,12.692065628510523,21.316412845029785,40.6707829856433,66.26266283495175,9.141709590056351
2022-07-05,14.92257022857666,75.19999694824219,114.9873046875,83.088623046875,416.9932556152344,14.026108897720182,16.802752081107478,2.1838317868862687,12.75719028343046,94.64330849736196,12.67114141002268,21.319494384104978,40.811501486073716,68.90854685289374,9.568446679644865
2022-07-06,15.088111877441406,75.3499984741211,116.11131286621094,83.62964630126953,413.5987548828125,13.654184949797818,16.47919463362347,2.12769891807586,12.10916387082494,93.64043567395792,12.593634591618716,21.30883237793959,39.84157892002299,67.93004570757283,9.140487007048057
2022-07-07,15.814096450805664,79.30000305175781,122.8188247680664,87.67781066894531,435.79852294921875,14.34043304395053,17.31933817026051,2.1708270553829676,12.58153130999083,95.11089045175962,12.74854814476311,21.59621702884677,41.233167538735586,69.45990090493035,9.464089380336338
2022-07-08,15.79415225982666,79.3499984741211,124.29008483886719,88.1029281616211,436.8111572265625,14.65592597087293,17.74926174544833,2.2171557901575505,12.894199530637877,96.77008853742267,12.985403034895164,21.54397355665544,41.81815065526071,70.51474528258667,9.591240325223565
2022-07-11,15.110050201416016,76.94999694824219,120.84495544433594,85.61993408203125,423.4161071777344,14.499010521253263,17.3675622652957,2.208415271687227,12.953687881432053,95.16517770482172,12.912866121503853,21.744794753432977,42.01435794936902,69.9044730650697,10.331051046880342
2022-07-12,15.040244102478027,76.36000061035156,121.4937973022461,85.72618865966797,419.00885009765625,14.054192661301073,16.678139125346323,2.1421394773951987,12.180937026108014,91.68647935441022,12.510724955741205,21.012593265554994,40.97359973143525,68.69964022194772,9.864025593736221
2022-07-13,15.122016906738281,77.5199966430664,123.95198822021484,86.0643539428711,431.0827941894531,14.709900924526025,17.220360814290025,2.2116691417812433,12.331135140361765,93.3894562509242,12.58903082704879,21.39576573786546,41.06063786398119,69.48169094820507,10.30996977852197
2022-07-14,15.329442024230957,78.5999984741211,129.6725616455078,88.5666732788086,440.6202697753906,14.899980052488932,17.604658016166518,2.283091258036915,12.78101996564517,95.87142296616841,12.717901004136664,21.322110353365325,40.73723528628686,69.53387372886105,10.354827257196918
2022-07-15,15.718361854553223,81.11000061035156,131.9297332763672,91.27188110351562,458.68304443359375,15.370078378734178,17.569031777669473,2.2946169565692753,13.122571156536571,93.5350873542563,12.438352753015398,21.123255185020522,42.142490544786675,72.38208123113142,9.934537898620748
2022-07-18,16.056425094604492,81.43000030517578,129.48068237304688,89.9869155883789,456.6096496582031,15.467684497453064,17.92611008636793,2.350269589716297,13.156090386046964,93.97667969250749,12.497075970489862,21.22298105167098,43.41302342027103,73.95977584448435,10.03013750922737
2022-07-19,16.94495391845703,85.87999725341797,134.67124938964844,94.90459442138672,480.6031188964844,15.373982331632028,18.008017772242358,2.4010439120015086,13.01484661769902,93.94706333254443,12.66260557484643,21.554173010282838,42.686096575772844,73.18362487668345,9.91397463522412
2022-07-20,17.75769805908203,89.43000030517578,138.6372528076172,98.76919555664062,496.0908508300781,15.516922484647912,18.273673350177972,2.427066293333654,13.604764516783016,98.56228326994413,13.262551199499585,22.355677285392733,42.84131738318652,75.41408344504022,10.09000233387591
2022-07-21,18.000028610229492,91.08999633789062,142.4296417236328,100.3246841430664,522.9485473632812,15.655231949359164,19.437383618071436,2.486095447415986,14.029289755224212,97.45682770011207,13.102863496715218,22.183705472689475,43.51621487655405,75.35832188675235,10.402233522153493
2022-07-22,17.27105140686035,88.0999984741211,140.45574951171875,98.2281265258789,515.2239379882812,15.717937890893223,19.139018975183205,2.471623718880066,14.421698413041895,99.70050980232847,13.332918116096476,22.253235694955567,43.36297164645239,73.85898840012086,10.672495578296266
2022-07-25,16.976863861083984,87.54000091552734,140.0445556640625,97.58080291748047,519.7661743164062,15.650103137374348,18.727212157313602,2.4607483711117557,13.945805852381165,99.74368430720727,13.320875734873272,21.70271084408155,43.13995526176751,73.7196568807105,10.393450127350036
2022-07-26,16.487224578857422,85.25,137.04718017578125,95.56156921386719,505.49359130859375,15.49507362041101,18.519893836107414,2.432366814588289,13.479824806301284,98.54985951458997,13.238180089299554,21.697214069522662,43.52768813420505,74.02719809233467,10.237055437564399
2022-07-27,17.740745544433594,89.81999969482422,140.19992065429688,99.9575424194336,526.71923828125,15.665718569191757,18.354321905463006,2.4654225761264814,13.845001171044238,101.20481356471467,13.486973604088735,21.85263198234138,43.581609389347676,73.63079974816772,10.270094692255524
2022-07-28,17.934207916259766,91.66999816894531,133.83047485351562,101.5999755859375,540.7315673828125,15.666451206598738,18.527645417500352,2.548840351499498,13.858190226135976,102.22072449291886,13.429602350627846,22.912705923766026,43.81758593995219,73.4664388182767,10.160690693941174
2022-07-29,18.112714767456055,94.47000122070312,132.56027221679688,102.39224243164062,553.972412109375,15.88697835945197,18.52026730806456,2.5035280369720216,13.681708759891242,103.38955308235548,14.160058729482204,23.123114152138516,43.826079285239054,72.96116625002627,10.095850193814835
2022-08-01,18.38994598388672,96.77999877929688,134.72604370117188,102.79802703857422,557.5502319335938,15.68530032602679,18.763974799501757,2.493378985433215,13.897447559198405,105.49241795771478,14.792133694751698,23.960859942072258,43.51514049408911,71.9687522203677,9.966200730802104
2022-08-02,18.47471046447754,99.29000091552734,134.3605194091797,101.43573760986328,545.4473876953125,15.227588020778013,18.364950508069942,2.4279398004137396,13.596851938960796,104.82900501153756,14.851031283345836,23.953832574309935,43.64927001626172,71.27938468528792,9.783869362205854
2022-08-03,18.840696334838867,98.08999633789062,136.30699157714844,105.31964874267578,563.0567016601562,15.610512170126214,18.569772167487294,2.4876718313591186,13.763581639861725,104.40507550171453,14.84976740982798,23.60183253278811,43.106347966362996,71.58634318245994,9.872575653591934
2022-08-04,19.161802291870117,103.91000366210938,137.99752807617188,107.30024719238281,568.8529052734375,15.591996830725703,18.53065864555057,2.530220634414158,13.48871984365627,107.17450412525596,15.273754478414878,23.66325828360101,43.48681841749302,71.98332109717063,9.890281629686939
2022-08-05,18.936431884765625,102.30999755859375,137.2664794921875,105.90899658203125,558.074462890625,16.085731696048676,19.418391159014366,2.552553196245099,14.312072283836594,111.26411910555777,15.903469271525465,23.847263229955875,43.66382925305712,73.01761538943991,10.15369658615052
2022-08-08,17.743738174438477,100.06999969482422,135.07330322265625,104.17961120605469,553.6663818359375,15.964604908443443,19.20602218983116,2.5444404274091577,14.270116493174054,111.13560806480915,15.59867207405727,23.50531956720388,43.144968453097,71.35060699700882,9.962681944961632
2022-08-09,17.038694381713867,95.54000091552734,130.22999572753906,96.28617858886719,523.0806274414062,15.87271923777515,18.764788393825498,2.5339377113889006,14.273671058827809,102.13158725585541,15.138344170121696,23.359697558208932,42.69886316544402,70.66274772699808,9.655611054446988
2022-08-10,18.046894073486328,99.05000305175781,134.323974609375,101.49372100830078,547.1895751953125,15.547341221546663,18.045362731622046,2.5114270687504288,13.930447199193054,99.21099280273465,14.561500471521619,23.103199856878657,41.78400923415997,67.76573883175628,9.185213842427022
2022-08-11,17.892324447631836,98.12000274658203,135.09158325195312,101.95747375488281,543.6707763671875,16.045508435839462,18.170551288434698,2.5937525507497163,14.512679266690066,100.9714367833191,14.819886212145526,23.51315331033468,42.70430026040789,69.44984403956633,9.374183224655889
2022-08-12,18.65719985961914,100.83000183105469,138.2534637451172,106.64327239990234,556.7693481445312,16.118194945006895,18.52614106213714,2.590383592368364,14.584131673432127,105.41126711599898,15.384925128171002,24.00771096944146,42.58550055013516,68.91149759596681,9.486808479077817
2022-08-15,18.979312896728516,101.01000213623047,139.0210418701172,106.0635986328125,555.7833251953125,16.308683821826392,19.12603419022501,2.6198773966548687,14.903332213074718,105.92649065924593,15.36917941533311,24.360305624555103,42.76384115607446,69.20008685941765,9.526537568808651
2022-08-16,18.826730728149414,100.19999694824219,137.1019744873047,104.81725311279297,547.798583984375,16.349372406497125,19.10070975223877,2.6221905561029977,15.304549933617777,105.31598618328012,15.367707657644235,24.262974262118853,42.942752783132924,71.07736867365318,9.588447801088183
2022-08-17,18.28423500061035,98.2699966430664,135.73126220703125,102.41154479980469,538.7118530273438,16.432974598983705,19.04425576503224,2.622702403151758,15.14378991252725,104.11169029191781,15.418467570994787,24.07853384162254,42.59106836384439,71.49006006864988,9.530511805158277
2022-08-18,18.721027374267578,100.44000244140625,138.335693359375,104.60469055175781,542.5978393554688,16.219090396591817,19.02231039224901,2.588665077023609,15.238232376727055,102.76903328814103,15.03685362105637,23.463901606682278,43.24041798195484,70.25407036448595,9.502750465203745
2022-08-19,17.799585342407227,95.94999694824219,134.8814239501953,101.08789825439453,527.0923461914062,16.16737696081242,18.75462541770202,2.602734699807208,15.459528824040394,103.63729848358231,14.996176510015607,23.357337258964336,42.42874018851988,70.12367839807868,9.233753635103877
2022-08-22,16.98684310913086,92.83999633789062,129.40757751464844,97.39725494384766,502.74163818359375,15.88134012692974,18.24353272758021,2.557086099412392,15.09415143735153,100.66756625761222,14.718304923918723,22.897604630336154,41.55275165742691,68.83834101207178,8.924802195630559
2022-08-23,17.133434295654297,92.48999786376953,128.59426879882812,98.47931671142578,508.2323913574219,15.617784094876155,18.198625381218733,2.4912765405117168,14.675363719338948,99.50751607322435,14.593765957435007,22.640354595491676,40.6704845746926,67.25314187757076,8.760180666536117
2022-08-24,17.1743221282959,92.7300033569336,129.1334228515625,98.29530334472656,507.93267822265625,15.567010493072695,17.933540943732332,2.4766215766585034,14.611912463761483,97.91255063367278,14.591889640075465,22.63426200884863,40.73144685340395,67.17976601639619,8.715850498958817
2022-08-25,17.8634090423584,97.18000030517578,133.64773559570312,101.704833984375,521.7562255859375,15.70353342255132,17.993327784414856,2.479491597657229,14.953139465547082,98.85367475015973,14.590217437281133,22.590169350404175,41.186401002798505,67.7819437966418,8.818287954757462
2022-08-26,16.214984893798828,91.18000030517578,126.45587921142578,95.69940185546875,492.9491882324219,15.836096908070825,18.218428192569174,2.5124732691291185,14.931697736163919,101.44010079339265,14.840831290734881,22.77648924394117,41.56583128821673,68.78768268376868,8.891320789788846
2022-08-29,15.75725269317627,88.48999786376953,125.26790618896484,93.51033020019531,483.2243347167969,15.37119034968898,17.492767211315975,2.416016916137066,14.022459737093147,95.595346513308,14.120552196829497,21.89847424319371,40.39195092139791,66.57080042344793,8.413332657379707
2022-08-30,15.425177574157715,86.94000244140625,122.8279800415039,91.55372619628906,476.5928649902344,15.250286372368366,17.54949867406359,2.4148038592657084,14.308837980757938,96.4220936478555,14.11587832998845,21.8011814783772,40.39276719804213,66.84779222475603,8.564819642568816
2022-08-31,15.052212715148926,84.87000274658203,121.55061340332031,91.11784362792969,473.61553955078125,15.491958595019037,17.776398789867923,2.432137119392099,14.395017495428666,96.13026207120468,13.97951687794783,21.548359664151324,40.87556546767689,68.05675561417321,8.644132462555001
2022-09-01,13.898414611816406,82.33000183105469,119.3910903930664,88.92877960205078,454.2626647949219,15.098729044220454,17.32923760448532,2.3976103734932708,14.013419169165502,92.53365404364577,13.366187810298785,21.17202296924395,40.22170659072005,66.44533355208364,8.442643432570671
2022-09-02,13.609217643737793,80.23999786376953,118.0677719116211,88.37664794921875,451.62353515625,14.824111930185055,16.46347992686089,2.3466460373668796,13.752250476162825,91.71327797159759,13.204755201001095,21.020677647514017,39.22661163488373,65.3171364435515,8.505597209038951
2022-09-05,13.609217643737793,80.23999786376953,118.0677719116211,88.37664794921875,451.62353515625,14.823232531230941,16.720104368658774,2.3303526741291245,13.340307360192309,91.51271451715421,13.149336219267258,21.201220468524017,38.770337894237585,64.58426053190526,8.323275315618698
2022-09-06,13.427720069885254,78.72000122070312,116.40446472167969,87.45646667480469,454.2626647949219,14.879252266646908,16.62746012599714,2.3276338298473016,13.279191800352828,91.82943882684539,13.327308485508333,21.170682435060773,38.76179559101566,65.06617635722218,8.534810667815949
2022-09-07,13.680095672607422,79.61000061035156,118.17805480957031,89.0546875,460.7973327636719,14.324580648921012,16.30323664092071,2.2571981141966666,12.879344889752764,87.65779961166307,12.819956288645026,20.461066962964733,37.5654376194752,63.316029963124066,8.504145940507254
2022-09-08,13.955412864685059,82.77999877929688,118.40779113769531,90.84662628173828,466.6651306152344,14.37745406254361,16.3824704072452,2.3069952255997928,13.384889295709037,88.94944711136105,12.884435915110709,20.824550082880098,37.4002381166402,63.49109691759395,8.562897505033598
2022-09-09,14.351430892944336,85.44999694824219,121.34845733642578,93.48126983642578,484.3070068359375,14.372375384498993,16.376683479155435,2.306180304825202,13.380161230287994,90.12532050340342,13.043615192473876,20.953083276418003,37.165237481923356,63.092156995661604,8.509093399765003
2022-09-12,14.469141960144043,84.63999938964844,122.22146606445312,93.27786254882812,488.1061096191406,14.724486924769781,16.486476898360575,2.332118668615027,13.69077198775711,92.02300867474763,13.430891312743235,21.478756889520803,37.27141767118753,63.272409770156656,8.533403674873377
2022-09-13,13.098535537719727,77.02999877929688,114.80547332763672,87.5533447265625,455.4032897949219,14.905274381397845,16.442597284787297,2.411023354969674,13.544781098034498,92.98321752663693,13.63595571318208,21.576790760634307,39.03929325727492,66.50878903373332,8.870360110999947
2022-09-14,13.095545768737793,77.44999694824219,117.19476318359375,87.79547882080078,462.1700439453125,14.402314509798586,16.03131614821331,2.303624953501838,13.181457418654956,88.4239078301727,12.910175036912248,20.5753743715038,37.68209454919562,64.41908083760524,8.47991424846605
2022-09-15,12.8970365524292,76.66000366210938,114.85140991210938,86.12945556640625,450.1348571777344,14.402683904529065,16.083070008024997,2.3212599047805207,13.057461724107108,90.35444358583828,12.908255950236809,20.750119627160416,37.21251217583712,63.831280825674654,8.702737065884957
2022-09-16,13.165371894836426,76.51000213623047,114.82384490966797,86.0810317993164,451.68157958984375,14.196755393626614,15.588562017237123,2.320989998362791,12.473735011594862,86.17876788515949,12.445710100154658,20.31549637919747,37.14649266594499,62.93917954904427,8.656381013193277
2022-09-19,13.348915100097656,76.7699966430664,116.38607788085938,86.90436553955078,455.4129638671875,14.028844217248482,15.672908101744216,2.337504370867505,12.44375469157066,86.54095600511616,12.49801635206937,20.400877403086945,37.639296554646165,62.71187341621339,9.089724143984158
2022-09-20,13.143425941467285,75.25,114.65843963623047,85.35457611083984,446.56781005859375,14.286347696582137,15.668282836377537,2.363394057478287,12.49147627332509,86.53833288072154,12.542682854720777,20.310050123249262,37.10815302823263,61.10302823702001,9.09265185201577
2022-09-21,13.228214263916016,74.4800033569336,114.52058410644531,84.35688781738281,439.7624206542969,14.113787989796151,15.659783397650076,2.3482820107917743,12.153883513640533,84.94294727046282,12.408288466992332,20.045906212248706,36.7122585413978,60.997715701732254,8.833536563236526
2022-09-22,12.529948234558105,69.5,113.65676879882812,82.37124633789062,426.34490966796875,13.869883772423778,15.243418313142122,2.331725338407305,11.93899735203008,84.56454645870915,12.346899674166329,19.768974760023188,35.98427085709854,59.395988334859545,8.836269125565169
2022-09-23,12.485058784484863,67.95999908447266,111.36858367919922,81.64476776123047,421.6081848144531,13.548180022778139,14.917815814453958,2.3087064455168,11.662600017223912,85.77464651579898,12.523581092399754,20.05186444000737,35.8937518866127,57.41874561855807,8.9013726061271
2022-09-26,12.197769165039062,66.30000305175781,110.03607177734375,80.33712768554688,416.4556884765625,13.189403178854356,14.518562675939725,2.2167366225812413,10.832597776289864,81.4403685985648,11.92626710275459,18.922263439650056,35.045438545098385,56.006904161488144,8.17464396553826
2022-09-27,12.382309913635254,67.16999816894531,110.58744812011719,81.50914764404297,418.8530578613281,13.220405124134695,14.4784729367529,2.2090598670603834,10.708389271258325,80.21602521953278,11.915130293701507,18.874190170022704,35.04430516134827,55.35754254621233,8.095262261160473
2022-09-28,12.704513549804688,68.36000061035156,109.2917251586914,83.30111694335938,426.52850341796875,12.98569949144996,13.957107506782453,2.140020047183019,10.30304293018857,78.9811649265608,11.728474514390713,18.60964438692075,34.28793037132566,54.952386022433224,7.8095920188443575
2022-09-29,12.189788818359375,64.13999938964844,105.53318786621094,81.77068328857422,413.5266418457031,12.898385489672368,13.907645203398431,2.1594491929255075,10.233179772624961,79.17781797766035,11.726854161464534,18.80849478303846,34.43178939571695,55.05079591443239,7.662975869918945
2022-09-30,12.108990669250488,63.36000061035156,103.82391357421875,79.35881805419922,401.5108337402344,12.528936607561302,14.130615192505896,2.195099319250734,10.445791272429233,76.37843056258406,11.351440346608658,18.462772425552775,34.55931378352235,56.292432036898745,7.314174100903273
2022-10-03,12.481066703796387,66.11000061035156,107.72029876708984,83.54325103759766,417.2967224121094,12.313338708190647,13.977452107724327,2.101425512676045,10.176532456563482,79.67474720675409,11.861980108656288,19.210371121674243,34.34176329234213,55.93807181099648,7.268131457284932
2022-10-04,13.134449005126953,67.9000015258789,112.45292663574219,86.60409545898438,449.6129150390625,12.67537027689881,14.62398359847173,2.176337192454092,10.679083832733841,81.97664561300964,12.10647482044772,19.52668749261577,35.84660738221625,58.263246022520505,8.210247709893466
2022-10-05,13.176342964172363,67.94000244140625,114.76870727539062,86.42005157470703,453.6535949707031,13.212837563406165,15.362809994656311,2.244604856261067,10.959686424843632,81.85670786806003,12.270217043528092,20.11788023739219,36.79767229387531,61.416800482996955,8.136738602028538
2022-10-06,13.097539901733398,67.8499984741211,115.12709045410156,85.35457611083984,446.7418518066406,13.435378223292687,15.104945831444802,2.2767934422567433,11.110409972099047,83.7277124546168,12.569729607536383,20.12229678839627,36.988806401600264,61.47521415035441,8.545606973161867
2022-10-07,12.046144485473633,58.439998626708984,111.11125946044922,80.00779724121094,419.7908020019531,13.04169527427594,14.55740844904838,2.2536872292910792,10.69047932514244,82.72666422311146,12.383626945708889,19.82874858131421,37.14095743620527,62.73213346273737,8.42410735566287
2022-10-10,11.641149520874023,57.810001373291016,105.31262969970703,76.7048110961914,407.8329162597656,12.970956946947847,14.478448873451741,2.2414632000089982,10.63249402416031,82.47476125168183,12.345918759914197,19.76836997504171,36.943445817774034,62.39853072163541,8.379308858464368
2022-10-11,11.557355880737305,57.630001068115234,101.11297607421875,73.90552520751953,386.2469482421875,11.859450088861777,14.109508042194825,2.033938335733857,9.655212464358101,77.84790923034525,11.72492196674289,19.20580343904628,36.102168328071265,61.17988080207893,8.103310448478824
2022-10-12,11.471569061279297,57.849998474121094,99.83563232421875,73.62460327148438,385.0579528808594,11.729309238258589,13.993146554971307,1.9937298115868973,9.744497283679488,74.3327706957598,11.373662201550335,18.880210081115212,36.300568700210576,63.64812627878204,8.089434502556669
2022-10-13,11.930432319641113,58.939998626708984,103.71363830566406,76.92758178710938,391.89239501953125,11.6742849678777,13.888003672766494,1.9751117005081749,9.46225569715812,75.30448447448337,11.423193916824276,18.84474566570402,36.08425740504016,64.56888759646826,7.788525082195352
2022-10-14,11.199243545532227,55.939998626708984,101.03945922851562,72.47197723388672,366.4976501464844,12.148278588624551,14.899819311948091,2.063034863373638,9.992126046969311,76.90832336578683,11.679112200836341,19.152620212961907,36.63864918531319,64.68637805284587,8.227697525087015
2022-10-17,11.858609199523926,57.959999084472656,102.54655456542969,72.0748291015625,379.1515197753906,11.664452963852813,14.669301061931662,2.0665633763162106,9.914366001716386,76.34020511979215,11.49157780198993,18.429205070206628,36.56646196219748,64.01503112930205,8.26880344219368
2022-10-18,11.937414169311523,57.91999816894531,102.1973648071289,72.86909484863281,385.6959228515625,11.948548335884873,14.91096573385189,2.0621739110991193,9.864030278592265,77.20361123974351,11.629691518855495,18.786991613099424,36.772655431059746,64.89639852680857,8.22856062020236
2022-10-19,12.021208763122559,57.22999954223633,103.7044448852539,74.83539581298828,409.8919677734375,11.6004186313842,14.618766162154847,2.0278179696949765,9.643916452918743,77.78458527793609,11.709539675623029,18.906680441017855,36.44780757945766,63.158449322771986,7.952325231176508
2022-10-20,12.16385269165039,57.77000045776367,102.90497589111328,76.19144439697266,422.700439453125,11.610126364811387,14.380778254232627,2.0489591566852,9.561363448148379,75.69310096918431,11.433045354721704,18.549989616718925,35.999476675035446,60.89593846406164,7.593234953003683
2022-10-21,12.435178756713867,58.81999969482422,106.3602523803711,79.83345794677734,446.8288269042969,11.397024455472023,14.3309403619291,2.060764627224913,9.522463257361899,78.99153154247935,11.61784584208754,18.40700984176484,36.37807990031663,61.299230697015474,7.61818606993198
2022-10-24,12.567852973937988,58.70000076293945,106.9483642578125,82.27437591552734,457.2110290527344,11.293609113736064,14.82200063206854,2.0929683678857023,9.53903805616875,81.8606838981422,12.167285025826155,19.128527522057883,37.476961302160845,62.275567209276424,8.104672189096627
2022-10-25,13.228214263916016,61.470001220703125,109.51227569580078,84.7830810546875,469.8164978027344,10.782693658353102,14.134145623020341,2.0737329746017013,9.360770502465522,81.87535729080258,12.21149032873111,19.022562638752838,37.194512432242334,62.73258150363685,8.250478995546509
2022-10-26,12.864117622375488,59.72999954223633,108.53816986083984,85.37393951416016,467.9604797363281,10.9566008511958,14.573848012248886,2.068398453382796,9.553101017209164,81.81339009820255,12.253263734225255,19.434666695263576,38.74734424172441,63.7528457165207,8.179252145381833
2022-10-27,13.143425941467285,58.599998474121094,105.40452575683594,83.82413482666016,458.6029968261719,11.32624642964023,14.948053514296209,2.1343039480503516,9.98459830412946,83.71381297641295,12.592244073794006,19.610131650307746,39.20381834715948,61.72090934951018,8.261700151631988
2022-10-28,13.799799919128418,62.0099983215332,109.54903411865234,86.90436553955078,472.880859375,11.122090315575937,14.303121473163902,2.1830721391257972,9.847099720472198,82.34507954288101,12.88131444606958,19.534118843384764,37.54271472718813,56.874240127032515,7.908609451910192
2022-10-31,13.463632583618164,60.060001373291016,108.12464904785156,85.51924896240234,456.6793212890625,11.404548938218388,14.902981674152567,2.170148050268385,10.063945894347825,82.55443688643975,13.012161135013116,19.56376742579003,38.89125245349174,56.35720830485112,8.039304982750963
2022-11-01,13.50951862335205,59.65999984741211,107.82139587402344,86.97217559814453,459.5406188964844,11.400945473618687,15.067585051045473,2.1503985134750043,10.050175186942372,82.47730422211434,12.947689837979045,19.54844070783169,39.20081481312019,57.05376990303316,8.056256172940262
2022-11-02,13.186319351196289,58.630001068115234,103.38280487060547,85.00587463378906,431.4586181640625,11.547163000049638,15.125605472150122,2.158679006126743,10.173066413778509,81.2017350961036,12.837666964418439,19.518691875606123,39.16130955268718,57.7891285725451,7.965406000127361
2022-11-03,13.38782024383545,60.11000061035156,95.46139526367188,83.59168243408203,426.5427551269531,11.182603538018444,15.09283090094516,2.13697184677238,10.399690825882661,81.21436075214733,12.839663029740256,19.521726740436947,38.720814271015655,56.29978774296011,7.929024059371927
2022-11-04,14.121001243591309,62.189998626708984,98.04366302490234,88.82221221923828,454.5057373046875,11.158100268986573,15.062909160375087,2.17041408744496,10.641534042166938,79.02441809242984,12.499492652197143,19.380575838727975,38.836616480062105,57.50295137226099,7.857926673098084
2022-11-07,14.265643119812012,63.08000183105469,101.1681137084961,92.05738830566406,468.69097900390625,11.445534554726283,15.717043622187258,2.289011683590543,10.776271746539782,82.88989098623642,12.94822646365536,19.997273305032788,39.964338762946646,59.76828066308059,8.116802896722426
2022-11-08,14.565899848937988,63.849998474121094,103.41956329345703,94.40145111083984,488.2767028808594,11.764439991369322,15.790570846981955,2.296998671682904,11.067277664983708,85.75226070984426,13.351237102137025,20.255314153697256,41.30371624221514,61.006864932398095,8.38028370238999
2022-11-09,13.741944313049316,59.91999816894531,101.48057556152344,91.4181137084961,474.5763854980469,12.318451100800257,16.585980533642175,2.3667895821272333,11.40018111225822,87.9402759047865,13.776510590730801,20.811999261083717,41.9967506547238,62.88793756296617,8.528652788473556
2022-11-10,15.711061477661133,68.47000122070312,110.89990234375,101.5014419555664,543.7372436523438,11.991718167130763,16.776659532837062,2.3495775735683275,11.978028673464514,86.48175669406852,13.673653377343847,20.35734969687286,41.02043171321676,62.98243409557173,8.37437994019352
2022-11-11,16.28663444519043,72.37000274658203,111.58911895751953,107.0613021850586,558.9114990234375,13.20326254888636,18.08240824719024,2.4953924065148936,13.206081843610777,96.73382060032434,15.382971895142463,22.378660302503725,43.38881018965104,67.1300949815719,8.828832248556388
2022-11-14,16.254716873168945,73.52999877929688,111.01017761230469,104.23292541503906,560.24951171875,13.43862787386373,18.181739046910817,2.5561372003463783,13.43724903508887,100.52627883239693,15.588314784634822,23.095100945849683,43.88076169389185,67.06962348352256,9.257597052975816
2022-11-15,16.624797821044922,76.37000274658203,115.80712127685547,106.99347686767578,579.3019409179688,14.593020001812935,18.960458993702396,2.6041851140234984,14.563648475319011,100.67440022555759,15.927469598131331,23.022382496765342,43.86605491375709,67.02209256261465,9.546089777293213
2022-11-16,15.870667457580566,72.69999694824219,110.94584655761719,100.9493179321289,559.16357421875,14.715320841025418,19.02724767061853,2.6105772756649896,14.358585587995641,103.17524862169644,16.252974072191154,23.681585029882918,44.33881286144362,67.34665664824412,9.676388011205251
2022-11-17,15.638242721557617,73.9000015258789,112.90322875976562,101.17208862304688,571.1187133789062,14.675665918804903,18.949678568579554,2.6114853424543543,14.11750742627592,99.87233488419773,15.701979945035418,23.146745884474054,42.764195035912834,63.57553661456143,9.349161927231691
2022-11-18,15.370905876159668,73.56999969482422,113.81298828125,101.41425323486328,575.1229248046875,14.74093373093074,18.877344847714884,2.6514422230125536,13.831480382281239,98.12872774637714,15.667223390984674,22.79477433321586,42.84020375628375,63.78135472910073,9.377291676363805
2022-11-21,15.279132843017578,72.45999908447266,110.45880126953125,101.8404312133789,562.6444091796875,14.549118980906528,18.772835315632168,2.6245840532083284,13.764134895352486,98.59247938965281,15.911797929875481,23.152312307045733,42.681160405909786,62.43915701718992,9.475675369170089
2022-11-22,15.9983491897583,75.25,113.62920379638672,103.68081665039062,578.0803833007812,14.811404512177415,18.57855738496386,2.6396295463499007,13.79886322489019,97.39934572057984,15.481330486274683,22.9106304566909,41.48315119966906,60.703972467365325,9.08197594916345
2022-11-23,16.478160858154297,76.4000015258789,115.00764465332031,104.54498291015625,585.4879760742188,14.852924361639847,18.38415631193616,2.6695147234077203,13.505120934700878,98.05003754296686,15.584755977201377,23.0636885678477,41.97490749226891,61.020803094528446,9.200980107273232
2022-11-24,16.478160858154297,76.4000015258789,115.00764465332031,104.54498291015625,585.4879760742188,14.98693134472934,19.00072182917724,2.688610797342009,14.053692258728812,102.89899638716031,16.51512869091229,23.73524788164584,42.752038781687546,62.977685261855655,9.527638198296653
2022-11-25,16.22977638244629,75.13999938964844,113.44540405273438,102.74867248535156,573.8431396484375,15.128505122532633,19.07694445378522,2.6946970550026332,13.998245113394786,102.59753050756065,16.436660550806156,23.89782953372747,43.083288078024076,62.558597945287005,9.55417998352191
2022-11-28,15.787871360778809,73.19000244140625,109.85227966308594,100.4668960571289,565.6017456054688,14.589565587516244,18.437926171727305,2.6513069857304528,13.758044076630418,100.63150366090255,16.289974460452093,23.62515376712171,41.91741558090414,60.32531056326717,9.36226203991762
2022-11-29,15.600334167480469,73.38999938964844,108.78629302978516,100.25325775146484,561.218994140625,14.74991913817597,18.653396756398173,2.667036414456925,13.520081229685351,99.81641449296278,16.070117020097044,23.49553408788915,42.09079414475678,60.50878977849228,9.829342219256361
2022-11-30,16.88548469543457,77.62999725341797,116.98017120361328,106.4189682006836,589.628173828125,14.869603077200718,19.21387600174944,2.7226352845577364,13.691998873810018,100.42130249982624,16.102379115237653,23.56489667859993,43.68289625787168,62.13244956380566,9.79257432075783
2022-12-01,17.09701156616211,77.4800033569336,117.27611541748047,103.9041519165039,592.672607421875,15.21011845417133,19.52960015705973,2.8585998878569727,14.235390296901391,105.50636455909208,16.977447686664647,24.182000384582956,45.52923745068972,64.11770637541227,10.103419246742837
2022-12-02,16.838586807250977,74.9800033569336,116.21257781982422,103.61284637451172,587.29150390625,15.120488755373884,19.597999004291125,2.862205814421017,14.412328232736474,106.86502604099043,17.291152611607068,24.115997060015648,43.13873369460963,60.882541243046234,9.77298490552465
2022-12-05,16.57317543029785,73.62000274658203,114.03001403808594,103.3409652709961,582.52099609375,15.037516082206738,19.62995787756281,2.866873274240794,14.332505866230642,105.93081411749114,17.177778983074234,24.043314421021602,43.20255767255255,60.402607170800245,9.840952959657894
2022-12-06,15.951558113098145,70.2699966430664,110.7746353149414,101.67088317871094,575.0161743164062,14.687224901637027,19.242328199765673,2.827658134324325,14.055309428828867,105.32864428780795,17.065284444134274,23.578577262893432,42.24536753377202,60.161808464054545,9.43044391697493
2022-12-07,16.084260940551758,70.13999938964844,109.32267761230469,103.03025817871094,583.06396484375,14.561456308213252,18.959721497890264,2.8013430982413303,13.596242672209613,101.17557929412467,16.785840446748125,23.164431993406282,41.54272770931705,57.92089437265379,9.210738184511719
2022-12-08,17.130939483642578,70.47000122070312,112.59654235839844,105.45768737792969,588.435546875,14.452510616113408,18.666307239837906,2.7444367543981487,13.653539141301499,100.59862841965055,16.758287577626202,23.100115295990708,41.93257047979179,58.09441931232082,9.139501539557386
2022-12-09,16.96331024169922,68.58999633789062,110.09954071044922,104.22455596923828,579.5249633789062,14.84333437582276,19.41200315439143,2.8312495128005493,13.701934052682343,103.36747697873426,17.69694660026907,23.394440494865766,42.700344424023626,59.969510004466045,9.489758649146523
2022-12-12,17.496124267578125,70.66999816894531,112.09713745117188,106.19564056396484,591.4412231445312,14.532895932654663,18.8168206001626,2.770431818519359,13.525516707049237,102.27627389654712,17.558964404270835,23.275582121350183,42.49855197413834,60.291549049985065,9.364802943992961
2022-12-13,18.03193473815918,71.6500015258789,114.2057113647461,108.62307739257812,609.1654663085938,14.432253936486534,18.74590361448779,2.720812903524218,13.355251015283905,101.77706924803101,17.45782870748387,23.358047784033268,42.5516037104543,61.05481227175263,9.419250545213789
2022-12-14,17.634817123413086,68.93000030517578,112.55953216552734,106.45781707763672,597.1327514648438,14.745706689158517,19.032872453593573,2.7759919026346545,13.861094830961141,105.17831110062727,17.90357625618794,24.402505932891895,43.68852703070765,61.48140240795718,9.806037583466518
2022-12-15,16.91441535949707,66.52999877929688,107.87071990966797,101.52523803710938,568.5104370117188,14.887358734239768,18.12117600986526,2.7923058349939462,13.943729765826523,104.63112498332895,17.79015705115811,24.376309487746962,42.600535451952105,59.96712143747661,9.680575598129716
2022-12-16,16.534259796142578,65.41000366210938,105.91935729980469,101.6903076171875,556.85595703125,14.438753957160367,17.376721171687816,2.706519213736526,13.328159740357906,98.20733413457545,16.929133052344742,23.552567500955398,42.04907817959063,57.66788292112011,9.486372491202939
2022-12-19,16.21796417236328,64.58999633789062,104.1436996459961,100.97179412841797,551.319580078125,14.319023011622127,17.293406875611684,2.698699125338806,13.345138876104345,97.45501308534071,16.809909583666922,23.46311210973379,42.31380014942855,58.475058385975764,9.509094465016027
2022-12-20,16.049339294433594,65.05000305175781,103.67206573486328,100.49601745605469,546.0352783203125,14.0359735679768,17.021547871937383,2.632632930689635,12.987276226190978,93.80956870181053,16.27234970768884,22.983004874971375,41.914895696682,58.292269542830795,9.340830796318558
2022-12-21,16.46441650390625,67.68000030517578,105.9748306274414,102.82636260986328,563.2939453125,14.110272236698954,17.26694530278786,2.6887031935548453,12.954671790343133,95.98656867438545,16.66075050956341,23.717031438251837,42.057449428129445,58.869192842353236,9.431829859297334
2022-12-22,15.304991722106934,63.86000061035156,102.35881805419922,94.76725006103516,539.0445556640625,14.40804763205027,17.47735751741165,2.74915584018335,13.135293863111073,95.00967100864553,16.452695792507203,23.750881383285304,42.951120789533576,59.90881492571341,9.566401590229876
2022-12-23,15.17228889465332,64.5199966430664,102.50679016113281,94.39828491210938,534.603759765625,13.980028185822915,17.416290631288348,2.6450063670325767,12.771966913891895,91.517066114159,15.714792046434992,23.450940426656313,41.91575350462537,58.4196876279056,9.15866246052962
2022-12-26,15.17228889465332,64.5199966430664,102.50679016113281,94.39828491210938,534.603759765625,14.023789513766955,17.175941839114845,2.650206302549238,12.843153670506641,93.24315414204499,15.847827153613462,23.724805386942297,42.129348117960205,58.31433649626023,9.199271647002625
2022-12-27,14.089693069458008,63.27000045776367,101.23055267333984,92.57284545898438,520.8453369140625,14.051079242422652,17.32256780450878,2.66656666006234,12.912760360478275,92.35369072025608,15.666615407141991,23.308964601275605,42.411128996976316,58.502294640032204,9.304881500957556
2022-12-28,14.004881858825684,62.56999969482422,98.927734375,91.49506378173828,515.4737548828125,13.865199896593008,16.845555299769767,2.6380829774061683,12.55932554006189,90.95138096815573,15.526884463871054,23.05046033795992,41.66762465653693,58.09823077302433,9.209637056995248
2022-12-29,14.570625305175781,64.81999969482422,101.58196258544922,94.32061767578125,534.7006225585938,13.708852746704876,16.604733288384924,2.646039228762777,12.630262759490469,90.16454456326078,15.408630094630587,22.574425561233017,40.64543233987874,57.242002067394054,8.885822506623812
2022-12-30,14.5816011428833,64.7699966430664,101.67445373535156,94.55363464355469,529.784912109375,13.807217662339212,16.52489666282214,2.6529959699619674,12.561827985065534,90.38824454701718,15.611879666845104,22.715303549634974,41.098888130142726,57.880615456143666,8.984956097655475
2023-01-02,14.5816011428833,64.7699966430664,101.67445373535156,94.55363464355469,529.784912109375,13.821768784873845,16.54231188738753,2.6557919039717643,12.575066618854022,91.81889895088756,15.858982644782111,23.074838677476002,41.22625734858111,58.39071424941006,8.824144345616265
2023-01-03,14.28326416015625,64.0199966430664,99.14044952392578,93.9225082397461,532.8585815429688,13.927594997696536,17.005082024415472,2.669292904959463,12.853605262079524,91.85469793912911,15.86516585477167,23.0838352553911,40.854218095951055,57.891647193819615,9.109157734049717
2023-01-04,14.716299057006836,64.66000366210938,103.1448974609375,96.42762756347656,553.4721069335938,13.851459004788175,16.832085261199044,2.6499190022591748,13.02994277885476,90.43040996834378,15.41875881898778,22.422683381175936,42.32483160551173,61.59130455612559,9.738029816696972
2023-01-05,14.23337459564209,62.33000183105469,101.17505645751953,95.07796478271484,548.1295776367188,14.11143943043069,16.67924185874507,2.6720850749098006,12.999028549941421,93.34632071494289,15.616958086618082,22.51378755477465,42.88596324848716,62.28500904713644,9.566923888137616
2023-01-06,14.826058387756348,63.959999084472656,106.66846466064453,101.24365997314453,577.7312622070312,14.141392443640472,17.482832647296952,2.740030236798868,13.2955184624414,95.43130128537953,15.621156887361488,22.495125227667938,43.36968311135292,63.43109860306725,9.775477738584758
2023-01-09,15.593353271484375,67.23999786376953,105.99334716796875,103.39923095703125,602.4364624023438,14.86520625190195,17.916148183726573,2.8646687754649123,14.010838900113013,96.47708346544457,15.79234105109777,22.74163764848338,45.37788355403415,66.76073301036001,10.020259377003745
2023-01-10,15.873730659484863,68.05000305175781,108.12042236328125,104.90424346923828,614.1298217773438,15.068790092155957,18.48062468266426,2.888253801720521,14.116675112256003,99.55360088367972,16.10550224070635,23.53448537888139,45.64913591974612,67.88576170127762,10.408307494881395
2023-01-11,15.965523719787598,69.05999755859375,109.48915100097656,106.86560821533203,625.0762939453125,15.03679288960065,18.84498904982104,2.8625609799587566,14.34076575855255,100.55977686528624,16.115719194660826,23.45412804880373,45.69226639667673,68.4649920452909,10.400921866281157
2023-01-12,16.474393844604492,70.80000305175781,112.44857025146484,107.00154113769531,632.7168579101562,15.097674363222232,19.056726310350413,2.8765755837436364,14.459883541119549,102.51535405466404,16.17714272559501,23.581210756786326,45.639274944015874,67.9939141813045,10.34920702962201
2023-01-13,16.861534118652344,71.0,111.2000732421875,106.77822875976562,639.6298217773438,15.572650260741105,18.56380861140015,2.8869622906573977,14.66294759214496,107.86357291833029,16.97368965683435,23.94993843185025,45.95701073583928,67.26606418136306,10.409567653401608
2023-01-16,16.861534118652344,71.0,111.2000732421875,106.77822875976562,639.6298217773438,15.752375579477613,18.86002874695261,2.8913671835482466,14.911944599439348,106.24653004560498,17.087398895297337,23.84455023841783,46.278634708585116,67.48288321638042,10.510574922668924
2023-01-17,17.66275978088379,71.58999633789062,111.237060546875,106.23448944091797,638.1754760742188,15.664279477981786,18.534917044580038,2.900919437743139,14.872425363956815,108.1213772995174,17.524851049003853,24.094269853245887,46.04946607088463,67.41558473246873,10.475672714478778
2023-01-18,17.338470458984375,70.52999877929688,112.86473083496094,106.51607513427734,632.4550170898438,15.691545299301017,18.567179603289784,2.9059688848729714,14.898312854864217,110.00985461680614,18.007201597140675,24.60223927040056,45.733276071139855,66.91014046079223,10.586689855749798
2023-01-19,16.727834701538086,67.70999908447266,108.74005126953125,103.07881927490234,611.0850219726562,15.739007722471511,18.62333999531014,2.9147586071280687,14.943375977441155,107.04852983143739,17.913947073646842,24.321225764880342,46.533062517398925,67.17684644067927,10.579163812248705
2023-01-20,17.799449920654297,70.06999969482422,113.66007232666016,106.46751403808594,629.1195678710938,15.659116276280187,18.528807633971137,2.899963247437788,14.86752317027124,106.99689903167248,17.994718559309703,24.35324603202527,46.97636808490255,69.14518706572674,10.468281464498927
2023-01-23,19.150449752807617,76.52999877929688,121.17884826660156,110.84661865234375,655.4730224609375,15.670118399220495,18.54182600716216,2.9020007667720695,14.877969118487675,108.85843490602717,18.25509310463277,24.657103923115542,47.05848017636447,69.26604902581337,10.486579441122162
2023-01-24,19.222288131713867,74.69999694824219,120.87364959716797,109.71057891845703,649.6361083984375,15.682895427450608,18.5569445549801,2.9043669866547925,14.890100247722993,110.02279874351618,18.64346062329963,24.807137912360428,47.08719117734971,69.3083091581927,10.492977441897738
2023-01-25,19.280162811279297,74.91000366210938,121.3083267211914,110.64270782470703,660.8058471679688,15.696107735848141,18.57257815245644,2.9068138175033953,14.9026446530245,110.04051459912039,18.488028424868222,24.96820291814869,48.09782420215745,72.11654245499903,10.959457418638692
2023-01-26,19.758098602294922,75.16000366210938,123.88858032226562,112.22540283203125,663.1038208007812,15.706433931075502,18.584796727348074,2.908726159561329,14.912448842743435,108.88525700392789,18.214813411988843,25.3201695082551,48.48050340202213,72.12064202416133,10.960080424846968
2023-01-27,20.319847106933594,75.4000015258789,123.37065887451172,109.23478698730469,647.095947265625,15.726607800639862,18.6086676624504,2.9124622248196137,14.931602891279143,108.27014262970529,17.815320928886404,26.242554786751374,49.11789276224159,72.24293127307988,11.03860260035486
2023-01-30,19.11952018737793,72.44999694824219,121.7337646484375,105.05958557128906,630.5352172851562,16.95074721087461,19.81291794959017,3.0081915881740855,16.027188038876726,108.96279249908814,17.75138282551393,27.564363900263594,48.24302695847394,71.7802700515855,11.104711589444033
2023-01-31,19.493684768676758,75.1500015258789,123.19496154785156,108.25410461425781,640.7449951171875,16.38236564092778,19.352880546482172,2.8802712966618325,15.900116912646727,106.97255829444542,17.2537618675179,27.204141890046067,46.69807209196102,69.89415220259846,11.361558090996752
2023-02-01,20.896570205688477,84.63999938964844,128.0502471923828,115.55583953857422,657.8971557617188,16.668885841269294,19.556193617828967,2.944137632437388,16.055868782341044,109.55588609163318,17.9985605535618,27.538733997827343,46.369378823954136,72.14639283051045,11.34757359809855
2023-02-02,21.66086769104004,88.30999755859375,125.63648223876953,120.6534652709961,675.3690185546875,17.269775283816024,20.517692622959817,3.0231337298510352,16.946216425711572,114.06657792141311,18.87265467375917,27.690946809672987,48.67269211227652,72.74862575365522,11.69209209713199
2023-02-03,21.05321502685547,86.08999633789062,124.86888122558594,116.49771118164062,658.9539794921875,17.32787364484823,20.620582295610316,3.110133358813716,16.78563319611803,114.0047080307456,18.835471842482214,27.75099632616209,48.55546784599867,73.20864057284649,11.688049716270491
2023-02-06,21.04224395751953,83.68000030517578,122.93598937988281,114.27416229248047,643.2338256835938,16.579079149133243,19.788232854417963,2.9939338829329727,15.999205637377663,109.00981789877224,17.999162673259246,27.029802312751016,46.27712364648085,69.50728143172248,11.48321025290756
2023-02-07,22.123842239379883,85.91000366210938,126.35784149169922,117.02201080322266,659.5096435546875,16.466662584709358,19.38822599470528,2.9906901489844477,16.042869453219275,108.83133367795801,18.192595340249376,27.016917635583216,46.04287651679308,70.0202454588639,11.827599623538376
2023-02-08,22.155773162841797,84.69000244140625,122.233154296875,112.58467102050781,644.0305786132812,16.98559955606508,20.099031636461206,3.0599914322999244,16.454070826320624,111.46486811957519,18.934943058131672,27.31447027812979,47.07925483382791,73.52472187639874,12.071245461441544
2023-02-09,22.287477493286133,83.20999908447266,120.7164306640625,112.71089935302734,645.3326416015625,16.977457458535334,20.224403218255183,3.05852461633033,16.537551876466868,108.79682176968839,18.661732580553824,27.483521779838707,47.03663474975716,73.22606643378654,11.990965516373112
2023-02-10,21.217857360839844,81.4800033569336,119.29222869873047,111.43891906738281,637.7728881835938,17.15664396915668,20.00702825829504,3.0624493133055477,16.192833498185944,113.41010292219873,18.92208966718485,27.66109497728857,46.58860061892846,71.9130357052875,12.084647512152006
2023-02-13,21.739696502685547,83.12999725341797,121.00312042236328,113.1478271484375,649.8121337890625,16.930391392359848,19.647266638948278,2.9869663538836804,15.854914904359237,108.40279929096754,18.619866131961604,27.23000336607153,46.50328558933973,69.55497384469116,12.264595041972118
2023-02-14,22.920072555541992,85.94999694824219,122.39033508300781,115.00240325927734,658.3047485351562,17.033448218165848,19.64862497012273,2.997433662987394,15.864625959267944,109.25333183901279,18.54625394824624,27.258103979343325,46.50227370280029,71.36264974696785,12.06687889171421
2023-02-15,22.713531494140625,85.18000030517578,123.06549072265625,115.99279022216797,657.65380859375,16.392800820731154,19.040010391556105,2.994589706936679,15.516854183389526,108.20489833401754,18.639052431601,27.208012026116553,45.79130538907447,70.10175746708587,12.375257909215955
2023-02-16,21.95322036743164,80.08000183105469,120.37425994873047,112.04090881347656,637.704833984375,16.457471608031106,19.03329035263164,2.975019221720938,15.670722966455225,108.43714186378912,18.69484735114382,27.300640752224353,46.47658011413591,70.38456390377011,12.149633034031003
2023-02-17,21.3405818939209,78.5,118.1176986694336,112.08946228027344,633.4779663085938,16.17192957569327,19.38587548234585,2.9225331995484605,15.635619938737625,106.45506138044954,18.342481808247353,26.752287839516978,45.48832445005095,69.41932805261024,11.626621056978017
2023-02-20,21.3405818939209,78.5,118.1176986694336,112.08946228027344,633.4779663085938,16.07677999180752,19.389214145349793,2.9394965209584285,15.694182188957457,104.63687021866987,18.347097868379986,26.615816687768067,45.386338393589384,69.52905589760103,11.63531929349941
2023-02-21,20.609207153320312,76.7699966430664,114.39993286132812,108.0501937866211,611.9549560546875,16.05033448090211,19.36811969891725,2.926075125710258,15.758995104380768,104.33825588004512,18.37957146900831,26.554664076283043,44.87606836600619,68.43606860334499,11.699225814022636
2023-02-22,20.707984924316406,76.61000061035156,114.63114166259766,107.45652770996094,606.5426025390625,15.708307842162423,18.97256188551366,2.9145567652138964,15.336801175373958,102.08075053129812,18.310550774057752,26.15302403279663,43.824768337680354,66.36254798964866,11.664924772553674
2023-02-23,23.611534118652344,79.75,116.71199035644531,109.88965606689453,620.02978515625,16.053964761431367,19.830052058370367,2.94387987758541,15.761745928766064,102.11403131821854,18.316520455271256,26.16155054945751,44.57270573195389,69.2028506529178,11.89584384878808
2023-02-24,23.234375,78.08999633789062,114.99181365966797,108.33245849609375,600.8775634765625,15.937582217915788,19.36667033234335,3.034133496386663,15.46906389324844,109.64346494682466,19.86649727569401,26.44868984756966,44.2307265153019,68.18235504267449,12.022812764984643
2023-02-27,23.44889259338379,78.7699966430664,114.1409912109375,109.0721206665039,614.1898803710938,15.74325526946072,19.130532510686248,2.997138305052351,15.280449588975095,106.1840834484963,19.304136592196052,26.194726508071625,43.13444832337994,66.63131456267196,12.029763711190384
2023-02-28,23.16452980041504,78.58000183105469,114.24271392822266,113.04297637939453,600.2459716796875,15.773612103034903,19.167420840429525,3.0029175182562287,15.309914020388529,105.88215661848304,19.404935776121597,26.14146144401333,43.0533469544181,65.95364355838463,11.920114615631983
2023-03-01,22.64767837524414,78.29000091552734,115.08013153076172,114.12328338623047,597.5446166992188,16.087923583568415,20.9373185475401,2.9982140662124293,15.285934192120918,107.80708535187439,19.849198658460335,26.0331588908002,42.94747272606862,65.7914542836234,11.890801379239383
2023-03-02,23.262311935424805,80.44000244140625,115.17317962646484,115.28144073486328,606.5037231445312,16.040011463801648,20.570931274109682,3.063290570423991,15.20874704043187,106.2500413977308,19.67400323339245,26.083091687851027,43.61293053641645,65.62278119840622,11.831718293952997
2023-03-03,23.8370304107666,81.5199966430664,115.00569152832031,115.7778091430664,619.3397827148438,15.926029414487,20.543504646192012,3.059206373672798,15.06887453682838,106.53099111863816,19.779462198151844,26.768289980945628,43.22130194175083,64.76251512541103,11.69349409005639
2023-03-06,23.501781463623047,81.16000366210938,113.89845275878906,115.36904907226562,603.3942260742188,16.134604707302355,20.85219145656205,3.0979492872129857,15.299711508094097,110.53697661910115,20.22668410207373,27.777134526115542,44.48813416401759,67.37960398754086,12.061058724569943
2023-03-07,23.240314483642578,82.11000061035156,110.90233612060547,113.25709533691406,591.869873046875,16.186961209114898,20.90621035194652,3.13273411916303,15.411103083161146,109.31068134363609,20.098056397350785,27.81031838372324,43.76677672729022,66.56172416281755,12.302337435046189
2023-03-08,24.131484985351562,85.37000274658203,112.77257537841797,115.47610473632812,601.8687744140625,16.015038148463354,20.27526386718835,3.089097255458449,15.394773371869768,108.04573804897059,20.10815346904179,27.426969864806498,42.85484284941133,64.05739481265556,12.081081213759942
2023-03-09,23.388011932373047,84.02999877929688,109.0693130493164,113.90916442871094,587.6237182617188,16.046557860487823,20.249850452961777,3.075141768605725,15.306187162619025,109.52672445301434,20.488975556426087,27.89388255160013,42.759749629973335,63.241390168983635,11.817646261372257
2023-03-10,22.91797637939453,82.66999816894531,107.18047332763672,111.3300552368164,584.193603515625,15.724294070115933,19.90171879818448,3.0099883889914416,14.96500467522911,108.812070725959,20.452339429204176,27.968328126994468,42.04224624469537,61.11965680520671,11.268541416603108
2023-03-13,22.91897201538086,82.01000213623047,106.47332763671875,112.74126434326172,587.6626586914062,15.808658688791278,20.10266905820208,3.050719486841554,14.750071783802593,109.12862725494738,20.576099454117877,28.137448481237218,42.5886358068959,62.13510419187557,11.267631432295078
2023-03-14,24.013729095458984,87.44999694824219,108.44590759277344,117.12088012695312,602.7432250976562,15.816561848605682,20.269433740724967,3.0454599058782477,14.675703447149846,108.38348010301523,20.294667929272233,28.112499669007363,42.62699590252115,60.84439194364943,10.876494746441718
2023-03-15,24.178390502929688,89.68000030517578,107.4596176147461,115.31065368652344,589.518310546875,15.887218867928082,20.240034732719106,3.0958791939271735,14.682300408511274,107.48676736026827,20.628940437396583,27.975660780472673,42.933425182221704,58.970908810877845,10.740202668277577
2023-03-16,25.488704681396484,96.5999984741211,112.13056182861328,119.54429626464844,612.712890625,15.712694804849866,20.09336708898731,3.067375527067539,15.139091334625315,109.67335523125108,21.05924961273056,28.242613929532173,42.770474793160545,58.574876411880616,11.086922170520243
2023-03-17,25.67232322692871,97.83999633789062,112.33526611328125,119.3204345703125,615.7542724609375,16.10188309861459,20.52570222384777,3.1070256786855834,15.03487072123365,112.50971551089452,21.687148822051153,28.12174493058388,44.110431421331086,62.766375022261826,12.111150177095832
2023-03-20,25.846965789794922,96.80999755859375,113.3494644165039,120.721923828125,628.0364990234375,15.879506498926968,20.39996536397417,3.1000237343989934,15.120518045307161,110.48843352292049,21.383909592445306,27.99347956782066,43.11913526443371,62.25381532147858,12.100480299738551
2023-03-21,26.145357131958008,95.93000030517578,115.19180297851562,117.17928314208984,623.9552612304688,16.09344845200648,20.5014517382532,3.0403684397768402,15.266009542370137,111.23852101044885,21.529081376570595,28.183522616551613,43.28045808501873,62.30856679302695,11.891700595356362
2023-03-22,26.413803100585938,97.58000183105469,113.48904418945312,115.68048095703125,622.2452392578125,16.60560672290615,20.785007288012636,3.0998295344075983,15.699226631505153,112.93319570432391,21.96522281107444,28.978220359139772,43.905126346487755,64.84265006396461,12.21510613629425
2023-03-23,27.135324478149414,100.27999877929688,115.5174560546875,119.49562072753906,645.3617553710938,16.833228413448573,21.194834811984133,3.155958711024494,15.856962554567609,115.65918738361421,22.590008290152305,28.981119925480524,44.94638214904679,66.30051872713268,12.408041774985557
2023-03-24,26.724166870117188,97.94999694824219,116.08503723144531,116.33255767822266,629.2025146484375,16.98314738720202,21.263181450886123,3.1925393038614285,15.93814869344912,118.06180074574684,22.53202305078058,29.697645705309554,45.87401236447177,66.00964346803465,15.263865237431112
2023-03-27,26.47667694091797,96.61000061035156,115.00569152832031,115.69021606445312,625.821044921875,16.63009777481648,20.86731682130443,3.116095076434855,15.932480070373309,115.12699701217113,22.40438253771987,29.80862665176931,44.920431474820944,64.22223598639685,15.703105622033691
2023-03-28,26.35592269897461,94.55999755859375,112.90284729003906,113.28629302978516,621.60400390625,16.528318432811126,20.600118919199886,3.146786674346733,15.682273394140255,114.4107400442254,22.170492225671897,29.36622883869586,45.39498764905831,66.24856479442657,16.008584238388696
2023-03-29,26.928749084472656,96.08999633789062,116.39209747314453,116.64400482177734,640.4644165039062,16.58565290377415,20.663690461037824,3.185044123584126,15.407307285657096,113.93734705086531,22.22080332957975,29.862527917565327,45.279259397300294,65.16561648812313,15.980748546333787
2023-03-30,27.326929092407227,97.87999725341797,118.5414810180664,118.84353637695312,657.5275268554688,16.64830450923932,20.68080893931205,3.195601672661456,15.440899101472308,114.10295976256434,22.057197668504614,29.589011959600395,45.54817837751164,66.30222294359297,16.044975681286783
2023-03-31,27.720123291015625,98.01000213623047,118.7089614868164,119.54429626464844,661.4435424804688,16.67569108869379,21.033082935167805,3.212868520571207,15.61476483437732,113.63840768633939,22.47112759882884,30.25702869856455,46.50291951889703,66.69528538372542,15.72085151128037
2023-04-03,27.90773582458496,96.55999755859375,116.0664291381836,119.04792785644531,654.9136352539062,16.581181663884113,20.913878006292343,3.1946595987188364,15.526268205650739,111.17860897360565,21.486641593705663,29.566398738349534,45.533596920732656,65.18988204395309,15.612712787105737
2023-04-04,27.396787643432617,95.87000274658203,113.79608154296875,116.90677642822266,649.75390625,16.606424555763848,20.945716916932152,3.1995230908678107,15.549905116309807,112.73695781725921,21.247524234035847,29.608206453559472,45.804219029063006,63.04726982647455,14.362573405032277
2023-04-05,26.82596206665039,92.55999755859375,114.48462677001953,114.18167877197266,645.1091918945312,16.657415567778536,21.01003198363306,3.209347416376283,15.59765202269236,113.25544745788007,21.15441509174712,29.311112764173984,45.86739102187343,62.91218138743327,14.614961609626702
2023-04-06,26.981637954711914,92.47000122070312,114.44741821289062,111.38844299316406,638.5210571289062,16.47932026723415,20.000005246008115,3.1930068213718625,15.338487369767067,108.57878511683694,20.829849953810157,28.383230599246627,44.58980307894575,62.13735430876562,14.684981959476154
2023-04-07,26.981637954711914,92.47000122070312,114.44741821289062,111.38844299316406,638.5210571289062,16.52686191133577,19.91358342590198,3.1393670898974553,15.383759067835767,110.37366665662309,20.937909807093703,28.303545461498704,46.46120525011476,65.9805530722552,15.278333366059794
2023-04-10,27.522531509399414,95.4800033569336,115.64772033691406,113.38361358642578,642.9131469726562,16.528216277886887,19.803678328125095,3.108713099756914,15.623803294511314,109.48025813236266,20.66509732059513,28.290349584370485,47.05045263779344,67.29252240546406,14.962933570251238
2023-04-11,27.11336898803711,94.02999877929688,114.977783203125,113.26681518554688,641.0960693359375,16.302693160904447,20.09191932996647,3.0955539670461154,15.64759736697374,112.34967595836024,20.8584021262546,27.971287148634783,46.99966517719963,67.82865611850085,15.840680905553816
2023-04-12,26.440752029418945,92.33000183105469,111.90725708007812,110.13296508789062,636.130615234375,16.20069478279621,20.173032129793246,3.0998499021854857,15.54924148226504,112.63306901851422,21.133691276148983,28.67902470938467,47.027907787971465,66.65928976347578,15.155898203241733
2023-04-13,26.408815383911133,92.08999633789062,112.70745086669922,110.4346694946289,646.5764770507812,15.906575408286864,19.982023381331583,2.946664465707161,15.536248894691292,111.29112176658668,21.380975775921165,28.909134165090265,47.072816688372384,65.44154724216206,15.110202504968568
2023-04-14,26.703208923339844,91.75,111.80489349365234,109.8799057006836,647.3441162109375,16.091332252725852,19.925792607296895,3.003161021162794,15.443812607680231,109.79904702103086,21.42174548191869,29.381180991833386,47.12299749139764,66.96757688896726,15.040898800945287
2023-04-17,26.946712493896484,89.87000274658203,111.07911682128906,108.79961395263672,620.9528198242188,16.186833880103265,18.85282629097414,3.0119539100146118,15.206022784894019,109.07587230548604,21.147711659885857,29.238687400789278,47.19705610665778,66.26833908869564,15.184597513469946
2023-04-18,27.610347747802734,89.77999877929688,110.13004302978516,108.29353332519531,625.1214599609375,16.05197699649789,18.318141990156025,3.0016332336247795,14.940444569097528,106.21533025558145,20.435391672135086,28.9085032288925,46.95671121470665,64.96194901423722,14.963364249676173
2023-04-19,27.873809814453125,89.94000244140625,110.29753875732422,107.38839721679688,605.9498291015625,15.903754868446255,17.98063056455374,2.9461419657781,14.451858205340168,106.5172288025965,20.879105827991097,28.835938086957473,46.891180427042926,65.41533952271891,15.227190945924773
2023-04-20,27.048503875732422,90.11000061035156,110.39058685302734,111.3300552368164,615.6376342773438,15.952463032726449,17.87710160460874,2.937883612853984,14.441308533273123,107.85182943150745,21.233641607614715,28.316726818344577,46.36535527598309,64.51209101118447,15.696262831892115
2023-04-21,27.06346893310547,88.43000030517578,109.57177734375,110.42491912841797,616.5120849609375,15.87893351302101,17.65199351836121,2.9074229394139537,14.281308665890146,109.795012777909,22.13574304890178,28.726663434136206,46.76074098414903,65.6984042414362,16.068498084143485
2023-04-24,26.986629486083984,87.56999969482422,109.19027709960938,110.5709228515625,609.622802734375,15.720838647959184,17.905486686862243,2.887033392458546,14.25067063934949,107.71035216147861,21.627029497220043,28.38229337571196,46.2031141345205,64.01787722465563,15.035752337336383
2023-04-25,26.18726921081543,83.80000305175781,106.11974334716797,107.65116882324219,588.61474609375,15.468541756129522,17.246663808846385,2.8778616233937315,14.320265491545609,107.82267057486979,21.82748364150244,28.616406191232855,44.953638012078436,62.60874432993128,15.107986977457475
2023-04-26,26.900802612304688,85.94000244140625,106.22208404541016,107.35919189453125,591.8602294921875,15.206110684096327,17.151851449313863,2.8382101570194362,14.203867815610893,107.70000926635569,21.391331894841926,28.625728241980607,45.03000326249068,63.608710850111855,15.82328952274422
2023-04-27,27.17025375366211,87.44000244140625,105.99877166748047,108.69255065917969,611.43017578125,15.300588552159198,17.532774901062083,2.858421041160041,14.398496455049026,107.47427493739968,19.457359877861087,28.55134734430867,45.488786854659374,64.78074781310795,15.82398325909487
2023-04-28,27.692182540893555,89.37000274658203,108.67853546142578,110.00643920898438,618.8345336914062,15.56488726846616,17.61308875534462,2.858560960323004,14.369328174463595,109.28417507065923,19.389953161464312,27.218219770715606,46.06881102137085,65.21536785006366,15.107167031692493
2023-05-01,28.85080337524414,89.69000244140625,107.78526306152344,109.92855834960938,619.0274658203125,15.504543461226685,17.544804236837535,2.8474785510130767,14.313619452995544,107.24824402426755,19.4196442166778,27.435250950611607,46.14529449574894,65.32363845235258,15.13224796165307
2023-05-02,28.152236938476562,89.91000366210938,108.03650665283203,109.15972137451172,617.9068603515625,15.482318038630252,17.7130127037608,2.834968298478636,14.61937771825641,107.94139389226787,19.939535156208393,27.387059149348644,46.09247449304263,65.55901490672478,15.655538804247511
2023-05-03,27.745073318481445,81.62000274658203,104.98458099365234,110.25949096679688,618.5792236328125,15.314845916799369,17.93541640347814,2.8607561980859657,14.056651257075236,108.77586824571675,20.09368390403867,27.598783286423696,45.898753033114765,65.29209188475718,17.01831827620683
2023-05-04,27.50556182861328,86.61000061035156,99.16915130615234,109.44194793701172,618.8812255859375,15.430788220552861,17.68100310752925,2.913263830546519,14.180822964062981,110.32976058001178,20.38072754606874,27.99303927790674,45.93012893158694,64.83380416017108,16.002281910266074
2023-05-05,28.621274948120117,89.83999633789062,101.21617889404297,112.95539093017578,633.762451171875,15.502317123598193,17.87730753326724,2.9150615524877566,14.309065727395465,110.62988927686243,20.436168989674826,28.069188399913347,46.45478470029919,65.57439492600282,16.185074550131862
2023-05-08,29.09130859375,95.04000091552734,100.77884674072266,112.65367889404297,638.3135375976562,15.651837318588859,17.906481405128023,2.9481664988530834,14.347377985011924,109.51604949752844,20.063510436659644,27.73887866487322,47.13956369983842,65.73323535278558,16.07474749122587
2023-05-09,28.512500762939453,95.05999755859375,98.41547393798828,110.79476928710938,626.6776733398438,15.832992380519926,17.953668787169306,2.961371949141609,14.267908908449446,111.57442716702305,20.956951445887007,27.904348596227084,46.51787087876204,64.42909936996357,15.97126901668697
2023-05-10,28.825857162475586,97.0199966430664,99.05748748779297,112.3227767944336,640.4088745117188,15.584190546433758,17.679272342666355,2.898838171268209,14.060030161820144,109.02548974006325,20.8326755192791,27.685791284101008,45.89288448994118,63.95783412356916,15.593286643968215
2023-05-11,28.51948356628418,97.0999984741211,96.82437133789062,112.37142944335938,633.6358032226562,15.478134715464929,17.699714337567627,2.9305039268226687,13.941801022169475,111.79666085767485,21.55163671777472,27.997045812439133,45.88554240411593,63.90175472652565,15.277057042828382
2023-05-12,28.28196907043457,95.26000213623047,96.41496276855469,112.98457336425781,631.0239868164062,15.343232714744708,17.783691501360618,2.908414225668194,13.8293658700798,115.03338797460219,22.199530521491898,27.82738048304939,45.40652852384308,63.99380818196396,15.067119487419978
2023-05-15,28.89371681213379,97.4000015258789,98.8900146484375,117.87029266357422,638.9957275390625,15.27199776293569,17.90328361742263,2.8978322898838154,13.80874573531758,112.38347055592648,22.001249939474665,27.486706052230303,45.293444462521926,62.8565384487993,14.385905679956526
2023-05-16,29.153182983398438,101.4800033569336,96.57315063476562,117.68536376953125,635.4484252929688,15.59872010411097,17.942300951236074,2.932343379087448,14.151329436203305,116.95082810434681,23.177432985880756,27.725772262752436,46.13591231925637,66.0679547884625,14.606674816266084
2023-05-17,30.1162052154541,103.75,97.5222396850586,122.33749389648438,653.4285888671875,16.013038818806958,18.05379640640486,2.9712733875291257,14.165056448975614,120.49433334421943,23.92392682938832,27.6406177511521,45.61360791627895,66.81250105140523,14.852912476617885
2023-05-18,31.613140106201172,107.93000030517578,99.52273559570312,126.44462585449219,678.2113647460938,16.345254306235404,18.151257697443597,3.068500410908186,14.39655975661797,125.97223515526844,25.614108331482544,28.348201636360834,46.744025654940174,68.4707596247428,15.756924766937342
2023-05-19,31.19998550415039,105.81999969482422,98.49922180175781,123.5540771484375,676.3304443359375,16.460931244389567,18.448871996716584,3.0785986512833987,14.443937922344013,126.14726460163354,24.70017744314554,29.060608061995026,48.27610421988277,71.14593765061701,19.14339516690308
2023-05-22,31.112165451049805,108.0,97.95954895019531,123.16477966308594,680.852294921875,16.467706289995846,18.67666959496375,3.113975663801844,14.402398849012929,127.88842284882072,25.617474179066583,29.222229302278212,48.73112874642973,72.37499363933831,19.44433554499993
2023-05-23,30.625164031982422,108.12000274658203,96.35914611816406,121.15987396240234,664.0999145507812,16.414716985686145,18.942716336735966,3.10981180071606,14.651705478639947,123.71814461430932,25.010423406317425,29.13129301822798,49.04443423446944,72.72394574136419,19.935205908819142
2023-05-24,30.47547149658203,108.2699966430664,95.856689453125,118.77903747558594,649.8131103515625,16.183644975370417,18.72226133252496,3.053026759743821,14.612724911586982,124.26082511601966,24.970496718157197,28.929175851705338,48.892477697963095,72.24490347830663,19.80712882726427
2023-05-25,37.90223693847656,120.3499984741211,96.78715515136719,127.30713653564453,690.4417114257812,16.736881792844862,18.641449972307647,3.0527296313864984,14.596453273969052,127.37612969077408,28.877046370577904,29.253931206124943,49.155761390556485,76.61036858842016,20.38704024583671
2023-05-26,38.866249084472656,127.02999877929688,102.67701721191406,132.76165771484375,717.1928100585938,17.473375633425547,19.25106985219936,3.113913231442884,14.842601417226298,132.33613646850304,29.850787595761798,29.1679097800669,49.76063307905573,80.07821510566559,20.0865774755149
2023-05-29,38.866249084472656,127.02999877929688,102.67701721191406,132.76165771484375,717.1928100585938,17.577864735444805,19.509483752789464,3.079130447917074,15.117319440715768,132.10329412891207,30.875484531075305,29.466241455648007,50.07896599268906,80.59049820890995,20.21507702097976
2023-05-30,40.02886962890625,125.2699966430664,107.93415069580078,133.25927734375,709.718017578125,17.601439331183713,20.26879724726162,3.1651219532609627,15.25101210781642,132.44057431485055,31.70614674735529,29.48261923886735,51.41970360263131,81.2695777299155,20.219280343701588
2023-05-31,37.75653076171875,118.20999908447266,106.2570571899414,130.0685577392578,704.5238037109375,17.338287652009562,20.145845299262813,3.162501623455346,15.088695614401942,130.3889146309263,31.53639620281116,28.978814066700874,50.96429726260021,80.30800945640472,19.807878117450322
2023-06-01,39.68857192993164,119.47000122070312,108.5244140625,131.56146240234375,708.2659912109375,17.0735199826629,19.799069388106684,3.167913818382927,15.047042068980197,133.86098946602078,31.82867847788733,29.17831891304803,50.53275572804329,81.44481364175974,19.629662973482628
2023-06-02,39.2464714050293,117.86000061035156,108.32766723632812,131.3662872314453,706.2000732421875,17.450299438169488,19.919492310028662,3.3019950175234865,15.108004361927742,131.09796129743475,31.454359397113535,29.652112853100338,51.80776294118746,81.9963203636084,19.275085038243617
2023-06-05,39.090797424316406,117.93000030517578,105.61994934082031,130.4881134033203,703.8123779296875,17.185634835436993,20.07640888300658,3.2929289964013697,15.30520290029941,130.70972114812628,32.180411261512354,30.43956656755116,51.752924392709225,81.2842446954448,18.97401041760684
2023-06-06,38.57485580444336,124.2300033569336,109.02098846435547,130.69302368164062,698.38427734375,17.352458560828023,20.037357788915013,3.436632025754292,15.256078632122223,132.9380855480982,31.664260432088792,31.22148874762387,51.96594101361022,81.61881313463337,19.05210802525949
2023-06-07,37.402137756347656,117.83000183105469,107.9154052734375,131.7371063232422,692.1277465820312,17.608393086251862,20.337813377866652,3.537245752382411,15.352657880177848,127.25482048910322,30.431944038746106,30.635215218304467,51.481971608503805,81.13003739718874,18.94707962363406
2023-06-08,38.435123443603516,121.05000305175781,109.01162719726562,132.89825439453125,701.717041015625,17.283623409049767,20.284109361303482,3.457347147832886,15.103586327632424,126.81527255347459,30.526964675814952,30.007909977083294,51.050312462650176,81.83139845871229,19.303898955776965
2023-06-09,38.69462203979492,124.91999816894531,111.59754943847656,132.82017517089844,697.6338500976562,17.50738960834867,20.22264529189079,3.5639147394774144,15.256078632122223,128.50893234083392,31.641019431184528,30.720597908296728,52.32264651889184,86.88087529256225,20.204324200635902
2023-06-12,39.40522766113281,129.19000244140625,114.43643188476562,136.61587524414062,711.5795288085938,17.77745263914078,20.29198726932938,3.5480124221206912,15.188836165834141,128.34521730124249,32.435256318880015,30.99419060025063,51.982511751743075,87.07669153187628,20.279172917122843
2023-06-13,40.942237854003906,124.52999877929688,116.5820083618164,138.35275268554688,718.4986572265625,18.33581851603751,20.57570599033659,3.6127631312382906,15.43208306570926,134.65786472590693,33.967770541785455,32.09657436591397,52.80123961362233,90.79056670454143,20.389132322729445
2023-06-14,42.91340255737305,127.33000183105469,115.6169662475586,137.7477569580078,721.3638916015625,18.322589562988977,20.691932560022725,3.529295436198257,15.319827656219143,133.96909947488962,33.69744933947559,32.61839366732559,53.43337214496863,91.4663408171321,20.46773532037607
2023-06-15,42.570072174072266,124.23999786376953,115.813720703125,136.71343994140625,719.8826293945312,18.347599176070187,20.219170097018058,3.5681024366108054,15.362493616579687,136.85721651625389,34.37865869125886,32.44274501437996,52.870423740620204,91.16220320823231,22.529461623532583
2023-06-16,42.60899353027344,120.08000183105469,114.94236755371094,135.56207275390625,703.50048828125,18.33203769958815,19.87367953657599,3.548903666363287,15.312043557287133,137.24605563342007,34.85133570422483,32.913127118279,53.25695018862484,91.36816973832809,22.560588221159623
2023-06-19,42.60899353027344,120.08000183105469,114.94236755371094,135.56207275390625,703.50048828125,18.112973573146956,20.736413960986933,3.5708097896152484,15.225176703663317,132.37318148006173,33.31337591729986,31.904203714674516,52.55288320096959,87.78486259713996,22.60422826882458
2023-06-20,43.72282791137695,118.93000030517578,112.26277160644531,135.16201782226562,702.0679321289062,18.063679421617167,20.15514813732182,3.561091891107722,15.064885645367491,133.00837626309306,34.08647245607906,31.910302206797727,52.415894444432816,88.29949672298227,23.709853084509938
2023-06-21,42.9613037109375,112.11000061035156,108.4588394165039,133.3568572998047,689.291748046875,17.90778906468174,20.108018735499225,3.5425116542288344,14.587241019533357,137.27823809712487,34.649186923099094,31.55737368112452,51.58234611939404,87.24658289601128,22.330598032069695
2023-06-22,42.94134521484375,110.69999694824219,109.05845642089844,135.55233764648438,699.144287109375,17.925336149915392,20.12772173274569,3.545982811595801,14.601534440154355,130.67551155463826,32.19149344715753,30.886569351791174,52.13367494096543,86.35644269612823,22.20140303450435
2023-06-23,42.12693405151367,110.01000213623047,106.27578735351562,132.77139282226562,680.1212768554688,17.884389455864262,20.081744147899062,3.537882752992567,14.56818027829107,130.4720966747724,31.786198151534723,30.10242836967684,51.956607919408256,85.40185516866298,23.019295649734048
2023-06-26,40.55299377441406,107.51000213623047,109.27396392822266,136.41098022460938,682.4114379882812,17.667089544225696,19.84786819314451,3.52353511445661,14.507641485894561,128.92286350005946,31.355792319909753,30.44844390456871,52.15706123902945,84.7093944018133,23.0786593484412
2023-06-27,41.794586181640625,110.38999938964844,112.23465728759766,142.9973602294922,706.6190795898438,17.601557672165992,19.727513922617774,3.4668230900906027,14.578144050839663,129.68633670485264,30.592803182796477,30.386779545820772,52.50230040301213,84.66059129498676,22.751689634462835
2023-06-28,41.03705596923828,110.16999816894531,110.1265640258789,140.53842163085938,705.7517700195312,17.66908462526893,20.139892378359484,3.467997577774605,14.494520945849477,132.7493343992137,31.64074090845798,31.313252913663796,52.82034000621555,86.03479936021824,22.630205746757103
2023-06-29,40.74263381958008,111.23999786376953,110.61375427246094,140.7335968017578,704.93310546875,17.602518524432597,20.127958827087895,3.419096148944729,14.671341282538668,135.77983230540022,32.43316955305887,31.255534215578297,52.36368953532505,86.86372413252874,22.716542592328373
2023-06-30,42.21975326538086,113.91000366210938,111.53196716308594,141.03607177734375,706.2974243164062,17.660105132714744,19.85772813228439,3.316176535038589,14.613270573339781,134.0117479397262,32.558096907117836,31.04740974728671,51.664124177049246,85.20106519400265,22.43792877467722
2023-07-03,42.33053207397461,115.81999969482422,112.51573181152344,141.94351196289062,715.1951293945312,17.73572963832148,19.925938581977594,3.3281120996303986,14.629182054486263,139.6598853229017,34.57901969795421,32.40919483725863,52.545151721522664,87.48987548698656,23.35651416277291
2023-07-04,42.33053207397461,115.81999969482422,112.51573181152344,141.94351196289062,715.1951293945312,17.953064980833133,20.223254489857023,3.334342804694287,14.80372440941017,139.61074890635882,34.73883148854984,31.806742830451345,52.915275948914214,88.33091046360644,23.74719958398332
2023-07-05,42.23473358154297,113.94999694824219,109.74241638183594,138.81134033203125,697.4486083984375,17.866629450106917,20.14293564763381,3.35041882745497,14.720072429906255,139.29271818315533,35.24188359169348,31.51299014179517,52.617443795831726,88.1472525086839,23.37146613276727
2023-07-06,42.021141052246094,113.4800033569336,107.95289611816406,136.97694396972656,681.5050659179688,17.263536368191684,19.84727112038852,3.24500727621004,14.46068320689329,133.75914306029708,34.574279579830716,30.63362758813255,52.02514013114195,85.46399236270052,22.103941097608846
2023-07-07,42.42036437988281,113.16999816894531,108.62748718261719,136.1865692138672,679.0005493164062,17.206940099430614,19.552843046511885,3.2492739120126632,14.3402610689832,132.45625528078148,34.14775768385176,30.106306219023523,50.547440637083184,83.56115851276395,22.073630809137047
2023-07-10,42.09799575805664,113.58000183105469,109.73306274414062,137.15255737304688,691.75732421875,17.24431641057486,19.336727415974366,3.226457418667072,14.342140590731955,132.05484017966464,33.70060824207878,30.435315573527312,50.71724450052244,83.19303579065031,21.933718634312676
2023-07-11,42.322547912597656,111.31999969482422,109.49882507324219,134.22528076171875,687.05029296875,17.553850727590234,19.646764878900395,3.260733579893821,14.456413921893102,134.34311903620286,35.36404248793742,30.58506356344033,52.089602015136066,85.38836081576339,23.10938741096046
2023-07-12,43.81663513183594,114.58000183105469,111.19466400146484,135.52304077148438,706.4046630859375,17.63742421208817,19.677420244329504,3.2855235495383575,15.070748968132627,130.9610924717403,34.75689794357326,30.35797574436393,52.70669684925875,87.43460834306076,24.167946276246333
2023-07-13,45.887611389160156,115.91999816894531,115.3546371459961,139.19189453125,731.6256713867188,17.984303391954434,19.679629988945123,3.3100533359179463,15.15378519934884,135.36321687017602,36.55358133365223,31.796550365310726,53.40176447007769,87.58968744750938,31.824931227113613
2023-07-14,45.38059997558594,115.94000244140625,114.82994079589844,139.27969360351562,734.8222045898438,18.213360854666277,20.07608471373844,3.469005692447872,15.722968235151397,137.9906359713127,38.72073757611851,31.831333878446653,54.854515728707746,91.1462907950966,36.375232646464774
2023-07-17,46.37065887451172,118.31999969482422,115.6169662475586,141.97279357910156,735.2802734375,18.217950473521626,19.819972423252175,3.4698798536783233,15.667806063507374,137.3866522076292,38.551257258492555,31.69200841839901,54.714560711344426,90.42056445081495,38.42800104444161
2023-07-18,47.401649475097656,117.93000030517578,115.11103057861328,141.00680541992188,737.7556762695312,17.90969829134845,19.819972423252175,3.5000525676363066,16.022550468320325,138.70056350024814,38.76885226860765,31.823984485264873,53.86692565310441,91.09102474242675,38.5546689231516
2023-07-19,46.9854621887207,116.43000030517578,116.57261657714844,138.3429718017578,697.5558471679688,17.93693744849424,20.227937266295324,3.399610370821707,15.579825592677283,140.6772116256422,38.78313645085599,32.03379022887361,53.66411525991885,90.8956939269211,33.86083130645176
2023-07-20,45.431495666503906,110.25,113.10599517822266,130.79063415527344,658.9153442382812,17.794404026142153,20.020790347286095,3.4143280475164404,15.599407949185377,138.24274784545773,37.01110333222388,31.19365986077796,53.133894083503854,90.42080501431113,35.76369292689994
2023-07-21,44.22284698486328,110.94999694824219,116.85370635986328,133.0934295654297,675.70654296875,17.21352745258852,19.734967411154823,3.3246705872506093,15.33213484681688,130.22058629560772,34.80241545856827,30.48051330731071,52.06228755979979,88.101604817805,34.659638584416
2023-07-24,44.5252571105957,110.61000061035156,116.27281188964844,134.99612426757812,667.052734375,16.996414206550106,19.35518269095454,3.2945041359480043,15.1038235939424,131.58369157848324,35.28575562169312,30.44076209766314,51.842336792142454,86.76755027157594,36.14910190755926
2023-07-25,45.59018325805664,113.0,117.18163299560547,136.66465759277344,669.8008422851562,17.3436568225131,19.081840614631837,3.416161666142806,15.56073211476706,131.12886140984816,35.66437263350335,30.39654047004427,51.753874652505765,86.65598713911457,35.6015970102102
2023-07-26,45.36362075805664,110.08999633789062,116.19784545898438,135.64988708496094,666.877197265625,17.326389538285284,18.875706427677912,3.400885926281337,15.119662961231239,133.00150711314524,35.2158584946584,30.75538226076501,51.865644476776296,86.78475790055387,33.84870551068728
2023-07-27,45.81075668334961,111.0999984741211,117.91242980957031,142.5972900390625,690.0909423828125,17.39144079917258,18.932999843692006,3.4106147425934883,15.275421160826992,137.14925777457165,34.78291466157747,30.935460151936734,53.233592754795936,95.15441118118342,35.442377907434796
2023-07-28,46.65909957885742,112.95999908447266,121.31349182128906,148.24693298339844,700.0798950195312,17.28473809708821,18.883211550269603,3.5060823883071195,15.443545162425666,142.0995361729804,35.097353127945205,30.991938875178548,52.06129909593921,97.5575315342126,36.16059375072795
2023-07-31,46.63814163208008,114.4000015258789,123.8338394165039,147.9151611328125,698.169677734375,17.19234196506395,19.76542145812964,3.4103323805968806,15.266860782866123,142.4334329642235,34.144187419970436,31.33845551451123,51.93616259693676,94.90087810918855,37.53183250140861
2023-08-01,46.41657257080078,117.5999984741211,123.74950408935547,148.92996215820312,692.2049560546875,17.228258956075138,20.394735873370937,3.390530690376287,15.185468944177481,144.84558156289935,35.126399121716084,30.967361117067355,52.6740976977024,95.7911753616913,41.14456103529697
2023-08-02,44.18293380737305,109.3499984741211,121.11674499511719,143.75843811035156,667.1525268554688,16.940152958557682,20.15444652508479,3.2660377416581188,14.708042479513432,139.5696801663066,33.40070153928383,30.035932489491106,51.33836254857765,90.71382166759565,37.61964518975467
2023-08-03,44.42844772338867,113.1500015258789,111.21340942382812,144.22679138183594,665.1502075195312,16.921353927407132,20.13208048925418,3.262413314807045,14.691720492963938,137.6584340622376,32.429204768222746,30.220643563597594,50.283932097027886,90.64893172809447,37.47410864886407
2023-08-04,44.593135833740234,115.81999969482422,113.83680725097656,142.12892150878906,662.2492065429688,16.704721167992687,20.04030928460243,3.2170693676804993,14.74575696976032,139.60288885229298,32.71105837873849,30.312622287367248,49.878831187137536,90.65239386902715,35.65946677195121
2023-08-07,45.32869338989258,116.80999755859375,111.81301879882812,146.7344970703125,677.2711181640625,16.819211650132537,20.03302728499182,3.289659798717234,14.563867976670231,138.84999181543185,32.33968646543456,30.520040791629498,49.769598183948304,91.54147617528211,35.66639193313914
2023-08-08,44.577152252197266,113.2300033569336,110.23900604248047,144.42193603515625,663.54833984375,16.63126874716673,19.570672700053404,3.2145293275288367,14.145927180851379,137.02689237877433,30.836894099247647,29.825647214326757,48.93917272032116,88.74324340470274,35.91467334161728
2023-08-09,42.47125244140625,110.47000122070312,109.21773529052734,141.6410369873047,656.8285522460938,16.62328690001721,19.801376592764043,3.2601273701336155,14.029511099550756,136.73388132121573,31.576558006625653,29.9713655156138,49.54238973440133,88.06771714236419,34.96092594946432
2023-08-10,42.30558776855469,110.2300033569336,108.31829071044922,141.10438537597656,662.024658203125,16.578364365970334,19.628797914999463,3.2690207937034215,13.862199789132378,134.27130210303469,31.443664402413216,30.186020967815736,49.00802474487608,88.27085328322062,35.07904285888587
2023-08-11,40.77555465698242,107.56999969482422,107.38137817382812,135.4644775390625,646.3680419921875,16.41110637334386,19.212566417541296,3.2509634839927295,13.862674507537937,133.2266391605233,31.199025149918594,29.951166482955294,48.4746017017602,85.58162529367553,35.7384804605362
2023-08-14,43.667930603027344,111.9800033569336,106.82857513427734,138.45030212402344,651.0269775390625,16.18307581175795,18.923580048154363,3.20613939744311,13.533602832401437,132.0877424880096,30.22115207823384,29.600773892242398,47.920963371377496,84.56118099569737,33.769051423660954
2023-08-15,43.85456848144531,111.3499984741211,104.63616180419922,136.68421936035156,636.5227661132812,16.207904831527497,19.086556946290774,3.2197698029112893,13.368819201472313,133.73077564280183,30.667764376517557,29.55237254204778,47.736781599734414,84.23617442169927,33.639261801742975
2023-08-16,43.40144729614258,107.19000244140625,103.20266723632812,134.89854431152344,631.38525390625,16.22779218843574,19.420018394164867,3.165107472382565,13.180644885174141,132.0506874146849,30.96984354103498,29.316951436332744,47.38198359107421,84.64232871138925,35.414273310794115
2023-08-17,43.25972366333008,104.44000244140625,103.1370849609375,134.25454711914062,629.3341674804688,16.263225683677575,18.968720194689084,3.1749879179975395,13.350539682699063,131.97688319355868,30.614558232523425,29.596909889897674,47.00865086915341,83.62468682297946,35.73305645414778
2023-08-18,43.21480941772461,105.44999694824219,103.15582275390625,139.20166015625,640.0682373046875,16.12203242260613,18.97847287252809,3.13270401664783,13.313609481609051,133.44417793870744,31.217598635658174,29.29562418523332,46.87504237792991,85.64388937826529,42.50104455500917
2023-08-21,46.87568283081055,108.22000122070312,103.6992416381836,145.16351318359375,647.0907592773438,16.05939362313489,18.834375274276276,3.1614266694950257,13.04855075704437,135.02129016242017,31.305471510834945,29.24184003121801,47.08397817743816,85.05357750494258,43.89518235344467
2023-08-22,45.57920455932617,105.66000366210938,102.56555938720703,144.26585388183594,651.9743041992188,16.171818545328918,18.910416432975698,3.1746496099599355,13.057332629506432,136.74108808418825,32.536465601416715,29.4162878524652,47.063947918707264,85.09043211254516,41.01020505414505
2023-08-23,47.024391174316406,109.43000030517578,104.15831756591797,144.72543334960938,661.3508911132812,16.469257997404974,18.84637286725081,3.197817473465951,13.396544273340238,136.37741527966264,32.67627034969293,29.42806763808941,47.41905867473854,84.72839702808449,41.893710101560494
2023-08-24,47.071292877197266,101.80000305175781,101.6661148071289,139.36669921875,632.7330322265625,16.891307391010233,19.481955217022737,3.3125861967591876,13.476746858118023,141.87310967178516,33.44990228122966,29.79314755692527,48.62873095530144,89.09954883501909,41.15713143873583
2023-08-25,45.92852783203125,102.25,103.36194610595703,141.1659698486328,635.8488159179688,16.37365641729304,19.592185039213117,3.4196649578282075,13.304143928767282,132.18491061040902,29.819289899648446,28.95374706703381,47.88623431828218,85.93195874258615,40.37668052336144
2023-08-28,46.74393844604492,102.61000061035156,104.63616180419922,142.20249938964844,643.6430053710938,16.464710992796178,19.791105874875964,3.4932788924763094,13.612398605402715,134.95421290889067,30.338005734841076,29.170887267553162,47.78053775274456,85.68379729877664,40.91484461007286
2023-08-29,48.689151763916016,105.91999816894531,106.60370635986328,146.66160583496094,651.9645385742188,16.55155691869149,20.04141808232159,3.4485953430913554,13.507390691026314,135.982416721492,30.125005925303153,29.132734604239236,47.80907413168095,87.7322547849909,41.16258721302305
2023-08-30,49.168212890625,106.58999633789062,106.87734985351562,147.61019897460938,653.966796875,16.668232837630036,20.04532124987624,3.5276243125436317,13.587707805503157,137.75093478213154,30.43398683246459,29.589358106166,48.087412870112885,88.44103174907517,42.558720704329666
2023-08-31,49.25904083251953,105.72000122070312,108.06623077392578,149.38009643554688,645.1471557617188,16.471546052601983,19.912298718387277,3.46536151109462,13.44233270586392,139.35800100765096,30.84891836272594,30.063746038536383,47.8730453277472,90.0850915026782,44.50509574321049
2023-09-01,48.41468048095703,109.44999694824219,108.877685546875,150.58290100097656,647.0907592773438,16.436893036214908,20.047845200608666,3.479060528956766,13.672752375086109,139.04948866229432,30.880141527141717,30.10238837540733,50.74522550025798,88.64589998148635,43.48467684183433
2023-09-04,48.41468048095703,109.44999694824219,108.877685546875,150.58290100097656,647.0907592773438,16.677896695491498,20.04130092391144,3.45837908952614,13.853653572508847,138.81654393359292,30.647122981297937,30.14984550760176,51.16549586792175,88.534818198193,43.497452706624294
2023-09-05,48.45360565185547,110.77999877929688,109.97222137451172,150.21131896972656,648.1065673828125,16.53087968851911,20.241918324156952,3.473600315925689,13.899762804276348,139.7085141550642,30.150756749225987,30.73178421719141,50.787310059068346,88.65039902206667,43.92954182252525
2023-09-06,46.97336196899414,109.27999877929688,108.20777893066406,149.79083251953125,650.5287475585938,16.446878863854,20.043383850418955,3.4538807755967453,13.806445642311008,141.51701203322332,30.862359034084907,30.45529076607876,49.764135070138664,86.85135017707451,42.51380022534422
2023-09-07,46.15489196777344,106.58999633789062,100.39508056640625,144.95033264160156,622.936767578125,16.19272846012029,20.165557228670092,3.4653224199093557,13.647922083126948,140.2987147965183,28.771229524174824,29.98497581210912,49.98357919621403,86.95883520827734,42.31096119045335
2023-09-08,45.48713684082031,106.08999633789062,100.14973449707031,144.26585388183594,613.2379760742188,16.0540851146485,19.87986002827969,3.3964662178231593,13.34471984040661,135.2782944904678,29.262730278461444,29.54999666510762,49.89162734670706,83.40142009382619,40.00508624769543
2023-09-11,45.09387969970703,105.31999969482422,104.05609130859375,143.46397399902344,613.0914916992188,15.938063153839844,19.98661259391099,3.303475613163411,13.4240129165879,131.43747488641972,28.293801662407514,29.337449557617216,50.19756117159787,84.93240140887495,39.3024955523574
2023-09-12,44.78644561767578,105.30999755859375,104.95247650146484,140.78460693359375,604.3889770507812,16.266436874988603,20.492512910089822,3.3804933526898746,13.586674712962157,133.40355107712315,27.798756414568285,29.842235403642,50.548126826515634,86.48236246427398,39.37254872957899
2023-09-13,45.40030288696289,107.70999908447266,106.28291320800781,141.381103515625,602.6797485351562,16.14773582686532,20.568170267552606,3.28678559683814,13.43121140964888,132.1667983700373,27.314994680193074,29.360511406555705,50.69441718915238,87.57354213278902,39.48680721454828
2023-09-14,45.49612045288086,106.62999725341797,107.60388946533203,141.37135314941406,607.4166870117188,16.543566713130094,20.64076375993871,3.3817228719839414,13.971189406506223,136.00105794386292,27.83142944515836,29.681351575063633,51.0478367051986,89.92282720409904,39.83675807428226
2023-09-15,43.81825256347656,101.48999786376953,106.75466918945312,135.19117736816406,582.7644653320312,16.797889359428343,21.50307131431808,3.3991329673156425,14.114084570938282,140.09876238699357,27.747347336576524,30.082270536699024,51.366099066935654,90.2539337608575,40.14070105477958
2023-09-18,43.884124755859375,102.37000274658203,106.3866958618164,137.1664581298828,583.8095092773438,16.251384694529545,22.03224375290675,3.324926631577946,14.110055534969764,139.7330419742604,27.674914353249005,30.003742359795915,50.03067976534992,87.6570386891074,37.282996966574615
2023-09-19,43.438968658447266,101.61000061035156,104.47126007080078,134.6631317138672,579.94189453125,16.18078640392332,21.76467700522142,3.3374274493286626,14.028001074623232,132.6616313677832,26.606917641819493,29.680365445966952,49.69921106808996,87.72248178231501,36.69284076538376
2023-09-20,42.160343170166016,100.33999633789062,103.05591583251953,133.93948364257812,576.1425170898438,16.049557188551375,21.31602858756597,3.34352279782641,13.759290213416689,132.37893832327043,27.040413450356418,29.187027210139615,49.59895649470134,86.9132417154401,36.83521955344868
2023-09-21,40.940616607666016,96.11000061035156,101.86702728271484,132.1988525390625,568.563232421875,15.795288752477225,20.93201608734944,3.2675672490129535,13.630492217738153,130.4306050235768,26.221242515070166,28.984100082661506,48.9597115917691,85.56303767207912,35.806100290722576
2023-09-22,41.53252029418945,96.19999694824219,101.60284423828125,133.15719604492188,573.4270629882812,15.5825763604147,20.847930581959133,3.254441182112206,13.749598802770493,130.45344433240317,26.483188037367107,28.97013878776523,48.566769865653214,85.58339289688186,36.56147882039144
2023-09-25,42.14337921142578,97.37999725341797,104.19762420654297,133.5679168701172,572.4797973632812,15.675550214063982,21.104046100718406,3.2696821505152176,13.738102415199236,133.12866020386377,27.362096414481798,28.72703479553538,49.22927927701333,85.78087434667745,36.73981306137493
2023-09-26,41.83295440673828,95.95999908447266,103.5276870727539,131.11338806152344,559.372314453125,15.510015024556903,20.619000336994965,3.1707416598499254,13.53260556997066,127.87670497692997,26.680757854567833,28.58457101877082,48.77773325056988,84.29194291218762,37.077176676684985
2023-09-27,42.388912200927734,98.06999969482422,103.0276107788086,132.07174682617188,561.1499633789062,15.557500903907547,20.563271809947025,3.1766772773344782,13.365843588383196,128.5307357952082,27.101290329780063,28.280357947065532,48.08585237765466,83.12186057248384,38.331022045244694
2023-09-28,43.008766174316406,102.76000213623047,104.8298110961914,135.1618194580078,567.12744140625,15.569895120623121,20.484562608016287,3.1731286252041953,13.105278060560146,126.69781651463981,26.84560154676177,27.544166619630865,48.11891104563935,83.17900623706214,38.35737433949863
2023-09-29,43.417999267578125,102.81999969482422,104.79207611083984,135.38674926757812,574.9508056640625,15.65002559329201,20.589986419254533,3.189459133188158,13.172724380353204,130.11268433986072,27.675478877484814,27.72708065331896,48.296341458886296,83.48571487051635,38.49881072349473
2023-10-02,44.69861602783203,103.2699966430664,104.8298110961914,136.42324829101562,568.621826171875,15.858151225748811,20.750901384186818,3.214680805831607,13.37184444552495,128.28327758477255,28.431161522054584,27.810586522613242,48.15023261206318,83.23314912417884,38.382341925466626
2023-10-03,43.435970306396484,100.08000183105469,103.97116088867188,133.69500732421875,557.3114624023438,15.709030333329634,21.46181205554258,3.194078569055219,13.317438565012255,126.71655061001657,28.009336667129975,27.415657745145808,48.070230523682106,83.09485642253985,38.318569284205815
2023-10-04,43.958988189697266,104.06999969482422,103.65035247802734,136.21791076660156,577.0996704101562,15.439429782919602,21.6809257928687,3.1646929902749816,13.07043820550775,123.35762331414325,26.72839075476451,26.948824575576836,47.26216872793503,83.29259676705227,39.26339156854275
2023-10-05,44.604793548583984,102.91000366210938,103.6031723022461,136.1983642578125,568.1431884765625,15.68691110065229,21.8615693145755,3.239001226706284,13.295033257160355,126.06546674484227,28.135925584032837,27.444127180404966,46.98061407917441,87.27463009893752,38.69599392087763
2023-10-06,45.67678451538086,107.23999786376953,104.62223052978516,137.18603515625,583.4481811523438,15.848697590513725,21.920967371858374,3.2043043792785295,13.287777657611514,124.47560539302921,27.76516821586259,27.479316001537978,46.66369551472378,87.75104716419557,38.84260597062245
2023-10-09,45.18869400024414,106.97000122070312,105.49031829833984,137.04913330078125,577.59765625,15.890986931472868,21.979459450342958,3.2128544774590444,13.323233653711052,123.89394630371291,27.63542502314495,27.350908560818795,46.75748675237771,87.92742152178072,38.92067728596736
2023-10-10,45.71272277832031,109.01000213623047,105.97151947021484,138.27146911621094,588.1266479492188,15.881444341571113,21.966260712674785,3.210925147781497,13.31523300809534,128.8196364933681,28.676990004277446,28.076579213267113,46.91758022201572,87.0414426753327,36.36965836463359
2023-10-11,46.718841552734375,108.30999755859375,104.84868621826172,139.03419494628906,592.0725708007812,16.30094270977738,22.834607162954832,3.3688790319188775,13.714516248372291,131.500875367089,29.343866142189018,28.01330406032143,48.36900058702257,87.14643988958917,37.789274998469445
2023-10-12,46.857582092285156,108.79000091552734,105.16948699951172,141.7917938232422,602.3964233398438,16.458782214976047,22.83220708111622,3.3935208261369683,13.972209606066162,134.99985574200568,30.444157976120746,28.83862485785366,48.99801058576345,91.04821095927348,40.98198143468783
2023-10-13,45.3763427734375,105.08999633789062,102.52751922607422,138.0172119140625,585.7825317382812,16.491663346424573,23.507515130817538,3.3818539283207163,13.924173259718822,134.6059022045941,30.158929580466303,28.566162525924103,47.99645542148408,90.73134254985311,41.84402605163811
2023-10-16,46.00916290283203,106.45999908447266,104.27311706542969,137.8802947998047,589.7382202148438,16.240412336931406,23.433394077988552,3.36471391163193,13.826537910115288,129.62748234867792,28.756680324143435,28.035230923783892,47.37133285488821,90.04569509081534,42.529662228514816
2023-10-17,43.85618591308594,105.13999938964844,105.86772918701172,139.562255859375,594.4557495117188,16.423490470753297,23.02094767903945,3.365592027399592,13.830146330108759,132.6993796838926,29.098017453072323,28.28794549770962,49.00569938002962,94.62830850885575,43.03095649338593
2023-10-18,42.1174201965332,102.16999816894531,104.71658325195312,138.3203582763672,569.6669311523438,16.026655321900847,22.588894599297483,3.3511717581417084,13.74208257093478,134.4115902360217,29.02985040866643,28.15826126896994,49.589999868274965,94.26252294586985,42.573517457266504
2023-10-19,42.022605895996094,102.4000015258789,104.99964904785156,131.45570373535156,574.04248046875,16.16956292066375,23.011188810859426,3.3438993791268588,13.741005252563696,128.11021560928566,28.042930284143505,27.79853532259465,48.82994543532246,91.03896812668724,42.66955621185528
2023-10-20,41.30992889404297,101.80999755859375,102.49921417236328,131.1525115966797,566.5901489257812,16.48963332524756,22.98909623247314,3.4209296722737603,13.818548374258086,127.4560397921084,28.104284789981566,27.34825102796823,48.27861010333174,91.2885537264915,42.47181067980914
2023-10-23,42.89497375488281,100.01000213623047,102.52751922607422,131.26010131835938,574.10107421875,16.141874831871103,22.806235281347487,3.3215632093859577,13.595090872193722,127.26286083349555,27.252043260518466,27.066844651931028,48.24301088323257,90.15516610452177,40.42654752083742
2023-10-24,43.581695556640625,101.66999816894531,103.21630096435547,131.91525268554688,586.75927734375,16.18994626810283,22.73484587965125,3.3024857540535595,13.707799112807164,127.07155194344807,27.44385258833158,27.156936122228437,48.852994200735985,93.22029921699507,43.23911929052048
2023-10-25,41.701202392578125,96.05999755859375,98.86650085449219,127.23124694824219,569.7546997070312,16.206034409745932,22.92477083564072,3.3057674733196833,13.779255717041465,129.18803131954604,28.219865689587195,27.44055249086839,48.164343393295546,93.0931080023901,43.60259210896531
2023-10-26,40.250911712646484,93.66999816894531,99.6590805053711,127.94510650634766,574.5015869140625,15.732630593566368,22.661268020537914,3.2300885654266973,13.30158956427205,122.486375936621,26.23776884061043,26.773458869799732,46.927821513190636,87.03149951426543,42.292105470954965
2023-10-27,40.42458724975586,96.43000030517578,100.45167541503906,128.3949432373047,576.2596435546875,15.802332538106127,22.232167598701874,3.2755136312285806,13.526231239591304,123.97500321176784,26.43424765378584,27.277372735348504,47.43202237211495,86.52846446636838,41.7091348433396
2023-10-30,41.084354400634766,96.18000030517578,101.74436950683594,128.13092041015625,575.1658325195312,15.745872020878565,23.746039606756913,3.2267300417458307,13.833634297485647,125.7053817514941,26.420560197177146,28.596131908787022,47.261224637591084,86.21688454707375,41.41363265339946
2023-10-31,40.70405960083008,98.5,102.83889770507812,129.4217071533203,584.8643188476562,15.737917444501317,23.450872888105728,3.286828669203923,13.70291012385537,125.9428861933796,25.291079597934456,28.5683595544803,47.22949594549282,84.63648251456142,38.34644890259684
2023-11-01,42.24618148803711,108.04000091552734,104.63166046142578,132.29664611816406,595.6260986328125,15.632833880332358,23.44927860407764,3.299885357418086,14.35569715239505,128.11551391176621,23.45606767142663,29.08880220719614,48.35467873048542,87.41192952115865,38.43294111818161
2023-11-02,43.42498779296875,107.83000183105469,110.73651885986328,135.44541931152344,618.2655029296875,16.20843737010132,24.078465637939793,3.345810204887631,14.554230608630409,132.95716949279816,25.924879634676767,30.430754990609625,49.21460688556497,91.20172947437872,41.93260248489676
2023-11-03,44.92119598388672,112.25,112.77461242675781,136.65797424316406,629.0563354492188,16.377873641105303,24.297395261301244,3.412027986229179,14.768632486976426,133.0260814920778,25.9383165579621,30.446527319202296,49.665784114183445,92.53783682532993,41.71334913793932
2023-11-06,45.66580581665039,111.75,113.1614761352539,137.2544708251953,624.1896362304688,16.443292022723607,24.685957420099086,3.448529988668628,15.090873989722356,136.82124421474145,28.250037113461005,30.86417412594481,51.59306223500944,99.76709233163693,44.043265593753866
2023-11-07,45.86942672729492,113.44999694824219,113.9068832397461,138.60394287109375,623.0831298828125,16.586266020878284,24.844134888317736,3.418086265486141,15.113960719623327,134.45900237434,27.63426313310943,30.83568934448419,52.01985144822686,98.62593082484584,47.51993186475531
2023-11-08,46.48727035522461,113.58999633789062,113.28413391113281,141.03884887695312,626.0011596679688,16.627440534853367,25.58893230999882,3.4204091213503753,14.862968557958302,134.3795643662077,28.09187334218583,30.289473427897054,50.99363574418488,95.95778597183798,45.890319657553746
2023-11-09,46.86257553100586,113.48999786376953,113.32188415527344,140.0023193359375,621.0757446289062,16.58713183807524,25.23015794357786,3.42048476826744,14.85813046440056,137.64886275676713,27.919551517175595,30.429336717432538,51.14549549141812,95.99589403589117,46.29198313307271
2023-11-10,48.244998931884766,118.58999633789062,117.1999282836914,147.34613037109375,647.5341186523438,16.567845392499784,24.616051307488934,3.402030878070439,14.869727980705523,139.37469583038606,27.69945420861055,30.520809355317695,51.01488437382995,97.34395557947296,49.63636893525762
2023-11-13,48.52946090698242,116.79000091552734,116.8602294921875,146.4269561767578,640.992919921875,16.935808408684863,25.156679647756874,3.536677565027219,15.028834719834533,141.680553563168,28.10171223548033,30.32038773921411,50.77190208954826,97.98438104601276,43.12779215651848
2023-11-14,49.563533782958984,119.87999725341797,120.17213439941406,150.6708984375,661.370361328125,17.01877009268752,25.207858031668454,3.576750014374102,15.076049291693947,145.62115587096025,29.092326714342292,30.341580508160774,51.081664965577346,96.68649517699765,44.41476940993193
2023-11-15,48.796966552734375,118.0,121.64409637451172,151.932373046875,663.9066162109375,17.376814008859537,25.42348610555641,3.6682089807657294,15.445094200796714,152.33519630791756,31.51077129459648,31.652714687465302,52.68407071512366,100.86991589742514,47.03366255678641
2023-11-16,49.38786315917969,119.83000183105469,121.43651580810547,151.384765625,666.7168579101562,17.47389100190183,25.056926928365645,3.6468727527636613,15.59447599066699,151.44262830390153,30.78991558649796,32.42045177278042,53.21900672274691,99.69785529774154,47.1952814656239
2023-11-17,49.206207275390625,120.62000274658203,122.16305541992188,145.3023681640625,671.8284912109375,17.477668288604967,25.502296972092275,3.6811952150992853,15.561525368479783,152.11281530704434,30.940024216828398,33.20075617092233,53.38557786120753,98.60199268022006,47.843635144388564
2023-11-20,50.31513214111328,121.52999877929688,122.20079040527344,149.1943359375,679.8776245117188,17.443316739713772,25.810918804417952,3.6489219155863863,15.435617072647982,151.55548811954168,30.616206482018857,32.810147234053204,53.44807358053303,99.58262722093473,47.15935810158362
2023-11-21,49.85100555419922,119.16000366210938,119.85132598876953,145.9477996826172,670.193115234375,17.835053137309036,26.429250295257784,3.7688759959741294,15.744002637848336,154.86746836281446,31.828416015876495,33.25596119407774,53.78542405727539,100.53050089907391,47.00963987292141
2023-11-22,48.625282287597656,122.51000213623047,120.30424499511719,146.4867706298828,670.5652465820312,17.64385800192741,26.966463396099414,3.7652851125648152,15.583396255045592,153.64325688523638,30.49237323144877,33.40606299802179,53.49307703646568,99.4538370450461,46.906169122606215
2023-11-23,48.625282287597656,122.51000213623047,120.30424499511719,146.4867706298828,670.5652465820312,17.593687049945025,26.50130905553684,3.762897160817305,15.7485741936417,152.29863284482275,30.2255162347444,33.11370655939029,53.05169098943503,98.2717478181691,45.25990461374431
2023-11-24,47.68703079223633,122.30999755859375,120.54013061523438,147.32955932617188,676.8125,17.449223917140444,26.846977536617093,3.736700701985618,15.759665628165001,152.50174420401044,29.939135544980008,33.28524988428568,52.48259879871281,96.58212189849381,46.044560196975425
2023-11-27,48.15217208862305,122.6500015258789,120.96473693847656,147.79013061523438,674.07080078125,17.224813499031583,26.430850622875703,3.7193431355555386,15.8075798961497,152.18561631293113,29.899072716208515,33.30586368382474,52.61022831810834,99.41384900188909,45.57572279281769
2023-11-28,47.73194885253906,122.01000213623047,119.44559478759766,145.09519958496094,661.9382934570312,17.498486191370507,26.837298894209702,3.7176276951018017,17.133479495835566,152.98057364874936,30.164393074278312,33.42846905370055,53.11856901091869,98.96870554845279,46.56624586727716
2023-11-29,48.05036163330078,123.8499984741211,121.45868682861328,146.36915588378906,673.3167724609375,17.609376797364455,27.22674308747736,3.7924978838749626,17.391212021517568,154.84562365680316,30.16026049601361,33.5172898802553,53.73741169189205,99.35976387079867,46.726376793017
2023-11-30,46.682918548583984,121.16000366210938,122.54119873046875,146.78074645996094,669.5469360351562,17.817065444483625,27.317916565576596,3.8473345126902005,17.50484299197795,155.3234665248702,31.469408950361693,33.79509332788729,53.77665877568694,101.96090009280626,48.606926217839366
2023-12-01,46.67792510986328,121.38999938964844,123.1299057006836,148.5545196533203,677.8113403320312,17.705019608472533,27.10959855825991,3.809932900529223,17.275304802501207,153.19190759049502,30.871211438560994,33.492138267839344,52.84525945989353,100.32465961272383,47.080797937233385
2023-12-04,45.42525100708008,118.56999969482422,123.39578247070312,145.30099487304688,675.9705200195312,17.65623888134174,26.867250268437814,3.8924152358442856,17.58678690299876,153.96336798411343,30.980297293770324,33.67068875877995,53.18187076457273,98.99660883941729,45.32176262176589
2023-12-05,46.483375549316406,118.37999725341797,124.15544128417969,143.22344970703125,680.093017578125,17.402297879407218,26.552338886954647,3.8484966569986945,17.603669459258796,146.92203493612058,28.871638580656146,32.62888911306234,51.81294251420031,94.44407120811522,43.51758277268545
2023-12-06,45.42226028442383,116.81999969482422,123.40528106689453,141.802490234375,677.6939086914062,17.35127622475703,26.417494978806197,3.8223977410059553,17.345214540706696,150.29309398920745,29.765878948147588,33.69031536248087,51.95552538788695,93.81944836230672,43.40799471927416
2023-12-07,46.51332092285156,128.3699951171875,126.23499298095703,145.41859436035156,685.1065673828125,17.24423307340195,26.55415350216244,3.751522242810547,17.00514247768705,144.90107798679452,28.369111652253387,32.55694660844336,51.796795277901104,93.79445481943216,44.14593949782912
2023-12-08,47.42170715332031,128.9199981689453,126.26345825195312,144.7620086669922,681.9534912109375,17.400414728613246,26.94956659967752,3.848080200529241,17.15727429824203,146.53482839388232,28.87199879264797,32.34702698552351,52.63212700608975,95.28293371941756,45.22829610577518
2023-12-11,46.544273376464844,134.41000366210938,129.23561096191406,152.03343200683594,695.476318359375,17.532288568162596,26.90739307625678,3.894821256545571,17.463324156538917,150.8382107193247,29.611145736836487,32.38702004692681,52.77136575844819,96.05479093357812,44.05238236971307
2023-12-12,47.57244110107422,137.61000061035156,129.78634643554688,154.07179260253906,705.5819702148438,17.700390638746285,26.920054400351077,3.8602406810053083,18.48972322134925,151.91282148716496,29.665204520616467,32.47555319309613,53.249703308421246,97.83446733279591,44.14929930978727
2023-12-13,48.0026741027832,138.19000244140625,131.7994384765625,153.8463897705078,720.005615234375,17.588302359697785,27.2525299574831,3.8572791694839252,18.0494088559284,159.95228099362782,31.496611200211742,32.81300105975484,52.88266485860411,98.2440916130166,44.041100315513376
2023-12-14,48.26421356201172,138.0,134.3632354736328,158.5012664794922,738.0427856445312,18.014364893667622,27.846106708802154,4.001316172807001,18.32219310385442,160.03105686780194,32.2989270550706,34.55112281790374,53.84570923341383,103.79894910746697,45.11636328523813
2023-12-15,48.80324935913086,139.14999389648438,135.91102600097656,158.70704650878906,737.3084106445312,18.09137154444702,28.68575864515937,3.922948112223734,18.754102772467064,162.82492304864326,33.66165383134159,36.580877455131954,53.99679290481923,106.31210113867847,44.43356804976544
2023-12-18,49.9881477355957,138.89999389648438,134.5056610107422,157.1488800048828,726.635009765625,17.99701288843661,28.335587204960063,3.917382337685253,18.596873858210465,162.8862264752791,33.06319960328629,36.6123299693083,54.352128109040954,107.5988762190344,44.971380843279455
2023-12-19,49.5159797668457,140.14999389648438,136.00599670410156,159.07945251464844,729.2395629882812,17.981410296314742,28.39690262387948,3.913986145262699,18.254252521165338,168.3807177025666,34.31904684367626,36.20012468154727,53.61356010711659,104.05842076007511,44.51152399054003
2023-12-20,48.025634765625,135.47000122070312,133.35670471191406,153.7777862548828,714.4437866210938,18.04178892830187,28.2337561543558,3.9271286699686714,18.255981919774733,166.84990461202705,34.25367325881159,37.37087628619997,54.85381982363316,106.21168799529688,44.53710711346267
2023-12-21,48.903076171875,139.91000366210938,135.25582885742188,158.1582794189453,739.5704345703125,17.772328604680332,27.99688902965053,3.8773726494486263,18.262407193415328,163.59938306958287,33.5420751371237,37.30010887820366,55.033563171655906,106.27556579569048,44.943479349374954
2023-12-22,48.74336242675781,139.60000610351562,136.25286865234375,158.80502319335938,736.8875122070312,17.993573727861538,28.50500020912167,3.9368227545897314,18.271193380308663,166.6442540303092,33.523308881179716,38.79559130892414,55.92119215762173,106.7851102773017,44.66947655232322
2023-12-25,48.74336242675781,139.60000610351562,136.25286865234375,158.80502319335938,736.8875122070312,18.0279686779969,28.75312606034132,3.936112903256491,18.217770732888894,167.1272386577728,32.95923932240092,38.51381863692277,55.67765443137652,106.32005933774954,44.47494023554633
2023-12-26,49.191566467285156,143.41000366210938,138.12353515625,160.9904327392578,746.8262939453125,18.159917159469554,28.86074841479227,3.9761042211834807,18.404007186949247,169.09683822389536,33.52035261611051,38.65810280559822,56.311822154398044,106.77568087124061,43.80986042789013
2023-12-27,49.329315185546875,146.07000732421875,138.37039184570312,160.92181396484375,748.1482543945312,18.450619748057147,30.186579534642203,4.028988887658814,17.997470758262136,170.95796075628908,34.041923994925625,38.89657642558249,57.641928667852284,106.67820097996254,46.80000826431233
2023-12-28,49.43413162231445,148.75999450683594,138.5033416748047,159.85365295410156,742.0968017578125,18.540081362698437,29.84504579820839,4.102248140771443,17.75233115446855,171.19992143934346,33.53558630476247,39.883218289093506,57.97378065923399,107.44426009510616,46.92174455441923
2023-12-29,49.43413162231445,147.41000366210938,137.3353729248047,158.8246612548828,741.1860961914062,18.629284505672185,29.696068984161325,4.106775238118789,17.8074074939329,169.750890410752,33.52823787787703,39.887964253239595,58.74141897284742,108.86694341313319,47.54304143124828
2024-01-01,49.43413162231445,147.41000366210938,137.3353729248047,158.8246612548828,741.1860961914062,18.63893831859083,29.711457674709536,4.108903394991141,17.816635404991974,170.3265501335328,33.64193893756164,40.02323243586149,58.02890625840482,107.5464257490942,46.966361090606625
2024-01-02,48.08253860473633,138.5800018310547,133.1573028564453,151.27883911132812,702.0174560546875,18.64714311595138,28.728837958704236,4.065037400230447,17.611920111095223,170.11653404093965,33.600457744187,39.973882978113785,58.84160246416802,108.22960549908085,46.28091666446472
2024-01-03,47.484596252441406,135.32000732421875,130.6599884033203,148.4173126220703,688.749267578125,18.05162151813439,27.71868784740519,3.8256439100702933,17.280808307167693,168.88514222966916,33.35724018303463,39.68453125553467,56.30674691419165,102.85382546322016,44.80367975311479
2024-01-04,47.91283416748047,136.00999450683594,129.30206298828125,146.32015991210938,685.7332153320312,18.01902316303588,27.561346505685812,3.820609852130545,17.37012390125258,159.57872982384404,31.90224745405845,38.17018727467785,55.932548260712714,102.40353180140701,44.36237580015045
2024-01-05,49.0098876953125,138.5800018310547,129.83383178710938,146.01637268066406,688.7199096679688,17.887783485778723,27.342790106896036,3.8040849468468005,17.51329800432891,158.38716585792045,31.84082500019236,37.124981672904646,55.85918136320305,103.09397044804575,44.154003813155384
2024-01-08,52.1602897644043,146.17999267578125,132.01780700683594,148.52511596679688,705.8560791015625,18.164837270844863,27.40311128546253,3.801535911113313,17.631189809167772,158.4407904254148,31.85160523266922,37.137550943114526,55.70638572760973,101.82331490622852,43.56589773082322
2024-01-09,53.04571533203125,149.25999450683594,132.83447265625,148.0057373046875,701.0676879882812,18.395597545660017,27.84924191570042,3.8453193127907648,17.85470102663173,164.18153674831314,33.89168618669594,36.700811668578204,54.450776483664185,102.97578563568034,44.060431781606745
2024-01-10,54.25356674194336,148.5399932861328,132.28370666503906,146.81016540527344,702.8695678710938,18.132081364390043,27.42558686965312,3.803215506428569,17.629223328860085,167.08288110815656,34.057398903967815,36.65049809127784,53.32418967564828,99.44717473260499,43.56986825407983
2024-01-11,54.7247314453125,148.02000427246094,132.01780700683594,148.90728759765625,703.5941772460938,18.161025809318215,27.257103583157484,3.766275655024745,17.986151253021127,170.11903916552532,34.30161358869283,36.675333214739716,53.12655953510436,101.48557874762808,44.094013875711575
2024-01-12,54.61292266845703,146.55999755859375,133.1287841796875,148.22132873535156,698.3943481445312,18.23015501360006,27.633611491951804,3.8086729356333717,18.026016967093327,172.0401218843151,34.464314437547436,37.73666654919372,53.27679152111004,100.48802371308345,42.85325901377972
2024-01-15,54.61292266845703,146.55999755859375,133.1287841796875,148.22132873535156,698.3943481445312,18.185688145831435,27.353453268619965,3.7713901875726865,18.070510203305016,172.44199302285364,34.61011754552044,38.57693631054346,53.82457040147498,100.42219880543385,42.150183354196756
2024-01-16,56.28196334838867,158.74000549316406,134.00241088867188,150.68106079101562,691.814208984375,17.93058926220489,26.45079975963555,3.756955051016303,17.643110640773763,169.00577680895253,34.646847706001076,38.55013691610754,52.602857961066555,98.41025379185619,39.31971617224725
2024-01-17,55.953548431396484,160.1699981689453,132.293212890625,150.29884338378906,697.4641723632812,17.81134407385607,25.760751133265085,3.710702664370427,17.081159266338336,170.37351089346495,34.654286038196815,36.90737140248089,50.748317574240986,96.27186277508456,38.56750982008136
2024-01-18,57.005672454833984,162.6699981689453,137.96209716796875,157.12930297851562,729.0536499023438,17.977647451944247,26.217853230934043,3.7599744191241236,17.12397376267086,170.87871519505234,35.71162394055214,36.53560804861533,51.009958713797374,99.62714938833606,41.17173109420153
2024-01-19,59.38544464111328,174.22999572753906,144.29568481445312,164.57711791992188,742.0770874023438,19.116376855447104,26.85766171236546,3.873719494628663,17.402320784812527,181.16732821939493,38.63881899317831,37.118853794357626,53.39812016870426,103.85139409520491,42.47254951149883
2024-01-22,59.54815673828125,168.17999267578125,145.1597442626953,164.92991638183594,750.7431640625,19.236251036972437,27.084831972481105,4.002156051816715,17.72206622645351,184.1922998234929,40.0020817413115,37.796464459891766,53.863263226748764,105.15670663862696,42.614317096235226
2024-01-23,59.76676940917969,168.4199981689453,145.7580108642578,163.7049560546875,762.2097778320312,19.307425221633206,26.775174259598128,4.0041719906996684,17.971823922194186,180.9577149576346,39.395861456925864,37.630214920039215,53.712183816150294,103.40043465106733,42.43828708015477
2024-01-24,61.25312423706055,178.2899932861328,146.58409118652344,170.65296936035156,829.697265625,19.260105484670678,27.48628938649049,3.9858559119787325,17.805977659082107,181.94679046804075,39.85365001135267,37.666856529657224,52.93257048597458,104.06688325765312,43.605373876964656
2024-01-25,61.50767517089844,180.3300018310547,146.67906188964844,169.17320251464844,851.0146484375,19.78578497405221,27.783001605508222,4.088504585511903,17.924942185856167,184.56387019561802,40.51409952562537,37.89989541509538,53.27871865872367,101.57504691146205,42.720699761227245
2024-01-26,60.92271423339844,177.25,143.11822509765625,163.5579376220703,849.7122192382812,19.83284499971038,27.55650816395755,4.085501598573134,17.610231745139004,179.99089903859812,38.249575283991874,37.04636265742536,52.53286440869684,100.07802749042052,43.26136036995975
2024-01-29,62.35416793823242,177.8300018310547,142.09271240234375,165.10630798339844,864.2731323242188,19.98277176825651,27.65238756922297,4.090975475830824,17.754606320974528,179.74091041636387,38.38879794341105,36.369283297332245,53.21949114297137,99.28791137181804,44.047979962629
2024-01-30,62.66261672973633,172.05999755859375,138.6173095703125,162.91116333007812,849.9865112304688,19.853672932119977,28.46959810998475,4.072587751341429,17.744203167709497,180.39884057707087,39.21394577225863,37.64057082116202,53.28948943273804,100.95338802101074,43.943706705283525
2024-01-31,61.41783142089844,167.69000244140625,141.0196990966797,161.01002502441406,851.7392578125,19.436868302585733,28.58202454380546,4.075972944249086,17.54681384608623,179.74595626930076,39.05917917575889,38.00874613984816,52.400956193833984,99.82448382914794,43.56822358718809
2024-02-01,62.9151725769043,170.47999572753906,133.992919921875,163.62655639648438,872.0285034179688,19.38343090651892,27.44120626230551,3.9751027065548024,17.438129476157044,178.7469822588397,39.96526299290084,37.68360216867545,52.75973084517613,97.80484143012728,42.37050179681499
2024-02-02,66.04261016845703,177.66000366210938,134.54367065429688,164.81231689453125,872.1460571289062,19.60639441178714,27.627972354741452,3.871858216465938,17.504736281290512,182.3980325517907,41.423450113062216,38.67015287753575,54.10786792541912,99.79742362234929,44.01047805049033
2024-02-05,69.208984375,174.22999572753906,136.76565551757812,167.66404724121094,881.4019775390625,19.88758103284751,27.576438766295695,3.8754169345461547,17.453438409677794,180.5522530348344,39.873092124853656,37.75110525287187,53.109431022922095,97.23156977607896,43.27998799855895
2024-02-06,68.1019515991211,167.8800048828125,136.8321075439453,165.32191467285156,887.6309204101562,19.878379996084313,27.563680461177153,3.8736239636650516,17.445363534800535,183.10148809123572,41.01292490476859,37.17701314335675,53.35399749394198,101.75079947315471,45.04544640176887
2024-02-07,69.9746322631836,170.94000244140625,138.53184509277344,167.47784423828125,904.6401977539062,19.966489054170975,27.685853893987797,3.890793439190104,17.52268847522996,183.15505914899768,40.89324772384747,37.59014637570452,54.05183003798671,102.25694797638509,44.82424613563781
2024-02-08,69.5174331665039,169.35000610351562,140.7063446044922,170.407958984375,905.3367309570312,19.861585454803723,27.5403928809296,3.8703512755699414,17.430624563209395,188.9540635081181,43.903216539494636,38.04361726638038,53.369816813617454,105.74757405458307,58.220255256985126
2024-02-09,72.00502014160156,172.47999572753906,143.38409423828125,182.11866760253906,931.4882202148438,19.901875128145992,27.596259188048705,3.8782023702857886,17.4659829776422,189.5071515189681,43.359501148966075,37.70631081806916,53.21549677915969,105.44180254839787,58.051910069877316
2024-02-12,72.11981201171875,171.91000366210938,145.37820434570312,181.82469177246094,911.4872436523438,19.860952618732572,27.539515380285533,3.870227957222533,17.430069183177356,189.62402559215303,43.38624210027017,37.729565297358,53.27190714411319,105.55357469980319,58.113447209084704
2024-02-13,72.00003051757812,171.5399932861328,142.47250366210938,176.69940185546875,886.0908813476562,19.911352827973293,27.60940111860834,3.880049253441191,17.474300653378023,214.55006073693605,44.501457706891124,38.22464884001337,54.1261937805796,111.00582188558525,60.03461375611592
2024-02-14,73.76888275146484,178.6999969482422,146.17581176757812,182.46165466308594,906.8080444335938,19.79727083323484,27.45121319534881,3.857818530981482,17.374181736676586,211.4741688675509,45.2925374028837,37.62446719163931,52.77426074441593,109.03507362511462,58.0155735490022
2024-02-15,72.5290756225586,176.75999450683594,148.11293029785156,183.90223693847656,912.1051025390625,21.44444311926717,28.588896339630494,4.036889689945028,16.7196790042023,222.3355027928091,46.25940183570896,38.87274707248654,52.78600466628959,110.39952158748115,55.692401960784316
2024-02-16,72.4841537475586,173.8699951171875,144.98886108398438,195.57376098632812,911.2222900390625,21.06909045384267,28.605270148397945,4.0923365004626415,16.975185743000676,224.10974328424916,46.27908260837311,39.41564167845663,52.43191481282372,108.70641017613612,55.9194298812884
2024-02-19,72.4841537475586,173.8699951171875,144.98886108398438,195.57376098632812,911.2222900390625,20.867792847180976,28.334941498832972,4.053325067579779,16.876715624252594,220.40976930093274,44.759082116115266,39.24415973219372,52.995667612093285,111.70886177254152,55.08930362495431
2024-02-20,69.32878112792969,165.69000244140625,144.29568481445312,185.3526153564453,892.2217407226562,21.098409693445184,28.830592118050426,4.074169763572612,16.83968652573801,219.19824940762655,44.25186556384763,38.86748858535585,52.56713304313092,110.30790441319522,55.01658570240877
2024-02-21,67.35228729248047,164.2899932861328,144.34315490722656,186.83485412597656,890.8877563476562,20.930336896155396,28.82353928064208,4.09220592250783,16.912916925921362,218.85794128919213,43.472722569257805,38.819762513278,52.335900890346764,109.83173617619494,52.85873945641987
2024-02-22,78.39865112304688,181.86000061035156,146.94496154785156,196.06224060058594,933.6951904296875,21.23559566779992,29.77649335729969,4.115606097242413,17.27743191001547,231.27676615756675,46.600257670623066,40.0059356594729,52.44218674256707,115.43634502138545,56.43958757274447
2024-02-23,78.67716217041016,176.52000427246094,147.09690856933594,193.53944396972656,915.4500732421875,21.370198148015078,32.24167235918114,4.201049605677779,17.05206860366789,231.08003424033168,46.56061789967891,39.971905244079984,52.52332444550893,119.56193281253607,54.75301588633077
2024-02-26,78.9516830444336,176.00999450683594,149.10995483398438,199.81210327148438,929.5166015625,21.30063266252223,32.52827800430804,4.1813752067245,17.181373697841615,227.3934634940536,46.43775015748192,40.64577512991181,52.33966752819549,119.60321898496241,57.523807565789475
2024-02-27,78.56135559082031,178.0,150.31590270996094,199.13475036621094,923.4151611328125,21.33661834013931,32.58323187090194,4.084838251079692,16.611778347889935,228.9323425919836,45.431979936545176,40.67808185929293,52.343874347469395,113.54274468465412,61.14639473117343
2024-02-28,77.52519989013672,176.5399932861328,148.74118041992188,193.9124755859375,921.5807495117188,21.318171192391286,32.55506116067745,4.081306594209648,16.597416187745537,230.49315612947183,45.45998353415446,40.26647740407428,52.556514266146436,116.63726202618803,66.61426812626627
2024-02-29,78.97163391113281,192.52999877929688,150.59266662597656,197.91754150390625,933.5285034179688,21.025956729904042,33.20937858254281,4.101542047564054,16.64921994810462,232.6445638945562,45.33922769398804,40.419623164967014,52.63727078400912,115.17099593712342,62.62102678473749
2024-03-01,82.13301086425781,202.63999938964844,155.6509246826172,206.38906860351562,972.0396728515625,21.017400033411135,32.22339149794637,4.0762847736269,16.72633801847362,243.07761136796296,46.885142934172755,41.822057278583124,52.56552347339421,115.01401193897435,62.535671100583855
2024-03-04,85.08575439453125,205.36000061035156,158.962646484375,205.6430206298828,979.0043334960938,22.154514865743486,33.59473550422146,4.187032618198709,17.114856242795156,248.82444976411674,48.600827810042226,42.38456703635893,53.81304962709809,122.99424740567342,70.57992817030372
2024-03-05,85.81550598144531,205.1300048828125,154.0857391357422,203.5815887451172,950.3612670898438,22.342704710692793,33.794341725530856,4.282588298704088,17.231920584737917,249.23832413542726,47.203133169860074,41.74428157964657,53.028990667123736,122.65780739685833,70.23947144197182
2024-03-06,88.5467758178711,210.6300048828125,160.2319793701172,208.27381896972656,984.781982421875,22.473484465031067,34.78396783417046,4.411588416421418,17.24481489396725,250.88130738545587,48.0985208790545,41.841235330541345,52.276744939492154,120.1065882153263,75.20977668337474
2024-03-07,92.50891876220703,211.3800048828125,167.704833984375,208.7057342529297,1027.4132080078125,23.294385773012667,36.04059165633196,4.8526735675699335,17.88697638086061,242.38482031114154,46.1843466690955,41.24230991016298,52.022124227143564,122.16203859607133,73.55689493678024
2024-03-08,87.37678527832031,207.38999938964844,162.7897186279297,201.78518676757812,975.3651123046875,24.052319510938975,36.074071736911264,4.7383514771776865,18.203989979180733,246.60994727200173,46.327783291095145,42.37455690660209,53.05095182002728,127.91747434447429,74.93395750406977
2024-03-11,85.62582397460938,198.38999938964844,163.31466674804688,197.67213439941406,944.3088989257812,23.48650459690863,35.90664597587813,4.572312547338062,18.253501940216236,240.61119987657736,44.44383287585244,41.46919096731764,52.60662521654824,124.46341267034911,73.20087847437244
2024-03-12,91.75421142578125,202.75999450683594,165.1852569580078,201.1765899658203,965.5164794921875,23.677496293976247,35.71663822974458,4.689767360535674,18.426783962001664,236.53378601256128,44.86076328473077,41.86441835613714,53.48166197588214,124.30491068135228,74.03299421084908
2024-03-13,90.73099517822266,194.7899932861328,161.5299530029297,196.8770294189453,950.302490234375,23.926326389954472,35.675005014574765,4.714042400887279,18.315081982070968,240.77941453278714,44.75192371918388,42.07142943527318,54.04022012596476,122.67240123560869,75.50718694013867
2024-03-14,87.79208374023438,187.05999755859375,160.76646423339844,197.06353759765625,941.4740600585938,24.073914752390728,33.758072704994454,4.579067398092469,17.79940075685177,239.68142196642924,43.699998656259915,41.592928206034635,54.08295726001241,121.16668978938748,74.46003720140676
2024-03-15,87.68526458740234,191.05999755859375,159.57345581054688,195.00209045410156,922.27734375,23.0344452314256,33.191571776684476,4.532103940641925,17.252747296626964,226.98787114814522,42.90116102654185,41.59005268899929,52.29790466840069,119.88804237887506,71.97414316832621
2024-03-18,88.30220031738281,190.64999389648438,159.30621337890625,197.04388427734375,923.3858032226562,23.422341405482538,34.13097255363051,4.668704514533713,17.21032930441045,234.47160767124075,44.370441660268504,42.494173735378766,52.36565483799609,121.51153563289024,73.13479644953472
2024-03-19,89.24356842041016,181.4199981689453,156.6148681640625,197.6427001953125,933.7540893554688,23.33348254870382,33.50798942214529,4.722228836378715,17.697386285620524,237.74381247313747,43.803868123152746,42.79191811260979,52.101100669340646,117.88074551798684,69.13815044317403
2024-03-20,90.21588134765625,179.72999572753906,160.02200317382812,201.29437255859375,952.401611328125,23.145603223108047,32.832479796064746,4.605916805783744,17.67728380629132,234.76718403189258,43.25542970813974,42.256149634833704,54.99707875599341,115.07803800794458,68.86814302883957
2024-03-21,91.27703094482422,178.67999267578125,163.05699157714844,206.92898559570312,971.8926391601562,23.91555018033285,33.0898709746381,4.704209688131661,18.046075373486566,248.05872508541572,44.23918324788134,43.43361631998196,57.00813223912313,125.65430582105182,69.74641741786472
2024-03-22,94.12612915039062,179.64999389648438,162.3411865234375,206.38906860351562,961.2691650390625,23.855324106893843,32.53075298366092,4.6570961231222485,17.533440608609517,246.56786650861088,42.674139565400274,43.2212787624957,56.52637483435387,125.0767338665533,69.50759921230683
2024-03-25,94.83788299560547,178.6300048828125,159.87889099121094,204.6319580078125,960.2587890625,23.664782053685638,32.33343524573681,4.605649705906366,17.50489075016229,243.2698403093852,43.97530114188047,42.53361845048429,55.652928547345994,123.95366452159311,71.69610924039394
2024-03-26,92.40109252929688,177.8699951171875,159.44940185546875,202.87481689453125,952.7744140625,23.875736600280508,32.82875604310798,4.620107941245679,16.812343251838964,244.47935860527937,44.105738277592366,43.1317595564122,57.052578938507054,129.65341723128202,83.08763751973196
2024-03-27,90.09410095214844,179.58999633789062,161.41543579101562,204.18038940429688,955.4326782226562,23.671280391073083,33.68497177736782,4.510321180493244,16.229107954259955,247.86469875647867,44.392744497601875,42.90460321408324,56.814438518032695,132.64129002282058,84.24365562696254
2024-03-28,90.19992065429688,180.49000549316406,161.5776824951172,202.44288635253906,951.9601440429688,23.298657029623982,33.44170489387833,4.526251048524622,16.388050016175193,248.23113615125754,43.861325329093184,41.93869716266026,57.49926285740021,130.00914017031965,98.18427606374715
2024-03-29,90.19992065429688,180.49000549316406,161.5776824951172,202.44288635253906,951.9601440429688,23.482318925463996,34.12114514902447,4.579113019552496,16.51570522531341,250.0016209944168,44.45839400643158,41.84558960145382,58.6378516349264,133.51108246103436,97.964463414268
2024-04-01,90.20690155029297,183.33999633789062,163.88729858398438,204.8577117919922,974.0112915039062,23.36211868481939,33.48924901985132,4.386470379504083,16.647909379497694,241.9837817282954,42.428206597870854,40.296592054500195,58.54796920000218,135.78666918312496,104.61383677017416
2024-04-02,89.29747772216797,178.6999969482422,163.23831176757812,202.32510375976562,948.2719116210938,23.908286168430536,33.54850664995341,4.477464510148298,16.458311786419845,249.95841760609912,42.09582029898897,40.342989720568085,60.23239511326127,135.3441060211435,106.15989226711832
2024-04-03,88.81031799316406,180.77000427246094,165.97740173339844,203.57179260253906,961.5733032226562,23.587963659708873,33.37949467259257,4.503257119561386,16.357564004137718,250.0891480240552,41.20463362139493,39.89122982079431,59.806422670033385,130.64870666360602,106.09781530892403
2024-04-04,85.75659942626953,165.8300018310547,162.0166778564453,199.655029296875,935.2255249023438,23.639834981682863,33.452898148215546,4.513160047315147,16.39353525122837,249.13802801929373,41.520420148475765,40.33665673043278,60.9254589913396,137.66480005453425,100.9733060819399
2024-04-05,87.85597229003906,170.4199981689453,163.70594787597656,204.03314208984375,960.8668212890625,23.58134031234381,33.37012192676015,4.5019926341396115,16.3529709061489,235.64111408962899,39.58197867025286,39.15672229543847,60.062860936262034,133.2112201421799,99.31512389726748
2024-04-08,86.98248291015625,169.89999389648438,165.7006378173828,205.20126342773438,963.966796875,23.62545086233175,33.01733882109702,4.449510190243055,16.20315908345191,237.4821503656114,38.994615113171946,39.20594828207102,60.11134491690573,132.1518316106479,97.05141585902415
2024-04-09,85.20654296875,170.77999877929688,167.56167602539062,206.54612731933594,970.950927734375,24.74126216802423,33.344319463653044,4.542186845093755,16.22255810512564,245.62134733126706,39.36654365616631,40.90591118663982,59.29763894510162,133.00260308263105,97.06047556421306
2024-04-10,86.88865661621094,167.13999938964844,163.0665283203125,205.40740966796875,956.0211791992188,24.702529521325076,34.464950644395905,4.630368158467782,16.335739949204914,247.61887136811154,38.978796216734594,41.25275913788647,59.54739536753071,133.56279830980407,97.4692857220446
2024-04-11,90.45945739746094,170.5,167.1417694091797,209.0689697265625,973.2561645507812,24.686651700096483,34.37601113247311,4.613684218012512,15.990963162798195,243.3835462967332,38.650401026509755,41.064495325472244,59.23500289386195,136.04374251807343,102.76340704849174
2024-04-12,88.03365325927734,163.27999877929688,163.4768829345703,204.04295349121094,943.4948120117188,24.5947246384978,33.75954828546667,4.651212157407334,15.970369314606913,246.64292081221237,38.929311761803845,40.95321891100942,58.77742952135789,134.91802421076727,105.20450160169098
2024-04-15,85.85243225097656,160.32000732421875,162.09303283691406,201.9029998779297,936.608642578125,24.21175436208257,31.727816975910542,4.632480890737798,15.955761151756086,245.1860055517092,38.3953810416647,40.99783277280349,57.23159028700385,134.33801180612056,104.8804677853415
2024-04-16,87.26398468017578,163.4600067138672,160.89053344726562,205.63319396972656,958.2871704101562,23.57252892340054,30.03020824377277,4.411373612719112,15.597806968469577,233.6074436248249,36.7322715001043,39.36350484917738,55.37633276749497,127.09984004810784,99.994952406329
2024-04-17,83.88983154296875,154.02000427246094,156.8248291015625,196.2193145751953,890.299072265625,23.970418572133372,29.78755222511597,4.482771419472577,15.806954912879004,230.57664962762945,34.97527787729052,39.49907439993814,54.627899878302756,126.84613943630357,97.16717572559264
2024-04-18,84.52471923828125,155.0800018310547,154.07620239257812,190.75161743164062,872.0734252929688,24.08894149527681,29.93483825403467,4.3605477413390465,15.972715561116608,227.6998199794621,36.82833491037085,39.82043462962818,55.42416835321442,130.13316117450265,102.23316903208087
2024-04-19,76.068359375,146.63999938964844,150.43997192382812,186.28515625,843.1458129882812,22.41702572739659,28.24176988559404,4.206026759919291,15.147810790627132,207.44529500605032,35.15545084979345,38.07413219276822,54.03707471961395,123.72118093335027,97.79818044972387
2024-04-22,79.38063049316406,148.63999938964844,152.87367248535156,185.98086547851562,855.4172973632812,22.117799545085873,27.399400215638828,4.151530696493222,14.6128792501205,200.72455408941764,33.770628942540455,37.98600481701738,53.20353062374975,122.99523057492802,91.49292751328603
2024-04-23,82.2806167602539,152.27000427246094,153.9903106689453,189.6914520263672,884.3742065429688,22.421009670736943,27.502741341680405,4.155795312217919,14.606430439464642,200.8091848617535,33.57923953941646,38.51432328075834,52.59608637348626,122.12873759777935,94.25146552282037
2024-04-24,79.53936767578125,151.74000549316406,156.16629028320312,192.45965576171875,875.3007202148438,23.34030170182891,28.647848425662144,4.2521522550412545,15.252246849340857,215.17796677606418,34.81116065657441,40.23214137276048,55.089669413979124,129.19706007995745,102.90901874521465
2024-04-25,82.4892578125,153.75999450683594,155.85134887695312,193.8732147216797,885.2963256835938,22.746912651403576,27.719708440882673,4.150152734971416,14.673423086101089,207.0094204905448,34.10200358641831,39.022303763695014,53.225578623240246,122.0085272006424,98.04259061369639
2024-04-26,87.58344268798828,157.39999389648438,158.10369873046875,199.64523315429688,903.3170776367188,23.29078874449067,28.481933102136704,4.090672794385801,14.832970637465252,210.4327528965045,34.32730439370396,36.456101059064714,53.71017336886131,127.64632161385912,98.92398926898952
2024-04-29,87.60540008544922,160.1999969482422,161.4822540283203,201.49069213867188,894.2738037109375,23.65761335541302,28.74059611868385,4.2162231319768875,15.023232174352964,206.93893012573187,33.75736689063403,35.850819066311466,53.4999484537042,125.78797585807297,98.46497205375246
2024-04-30,86.25275421142578,158.3800048828125,158.2850341796875,195.00209045410156,857.6089477539062,23.599426889747786,28.197588956877713,4.261264319229279,15.197587310279548,214.91380268667305,31.67796939417586,38.064612989562676,54.15432573744671,124.79430845309199,97.12955424853328
2024-05-01,82.89752960205078,144.27000427246094,156.62440490722656,190.4276580810547,838.3134765625,23.46932175777986,28.04213386682187,4.237771699718066,15.113802050924075,211.9035488811508,32.31264835215972,36.9879718112636,53.731399841123384,123.819709581444,96.37100720301738
2024-05-02,85.66875457763672,146.16000366210938,171.88507080078125,194.2756805419922,855.4564819335938,23.031888240981353,28.38822283346855,4.155110027275859,14.945319660595798,215.07998271694927,32.50864618029977,36.9430324737312,54.48944318181818,124.33192045454545,95.66554545454545
2024-05-03,88.6356201171875,150.60000610351562,171.44602966308594,200.34219360351562,886.2723999023438,23.364087879792105,29.642410054591707,4.272857107476906,15.1805455868461,218.81677219553384,33.07344986623572,37.58487897804547,54.621542228997946,124.98716331349905,94.21756163336846
2024-05-06,91.9808349609375,155.77999877929688,173.55523681640625,205.0246124267578,901.302001953125,23.594217176862468,29.56305278828194,4.282004577130704,15.476347315438622,218.07440287016198,32.96124313537791,37.45736653477544,55.00811003398925,125.87172298359454,94.88435855095729
2024-05-07,90.39756774902344,154.42999267578125,171.93275451660156,203.51287841796875,892.7501831054688,24.02481663724917,29.861546698146224,4.370684566881764,15.424477437442892,228.4749897013042,33.55684148002053,36.75887201481271,57.75367485190228,130.80086814299605,99.84077352512332
2024-05-08,90.25581359863281,153.6199951171875,172.3145294189453,203.55213928222656,895.9447631835938,24.00986329994333,31.192874661597344,4.34264406217085,14.938778704701663,224.25895490488895,32.98488310236142,35.71270509038792,57.51717218142213,129.10473917610787,102.56421941638426
2024-05-09,88.59368896484375,152.38999938964844,172.30499267578125,202.54103088378906,897.9795532226562,23.852938365733817,31.22258846315118,4.274575142562998,14.719367920959916,216.70531675296547,32.56187889890963,35.81189176027977,56.210926724825605,126.82569849346761,102.82812781773471
2024-05-10,89.72273254394531,151.9199981689453,173.77474975585938,205.87860107421875,914.4442749023438,24.02842562278957,31.216990259538807,4.374878589269238,15.037927332153572,215.45440451456435,32.63832677996939,35.85589106535682,55.716724642762856,129.7498420479561,100.75667893300142
2024-05-13,90.24283599853516,150.55999755859375,175.80760192871094,202.8355712890625,901.6165161132812,24.47327753016939,31.703633880356815,4.2625783301804985,15.02753455187013,212.65124747250405,32.612076671359326,35.83114877775349,54.964337392721504,132.10696955730612,100.84342104079128
2024-05-14,91.19818878173828,153.16000366210938,180.35043334960938,205.96697998046875,899.4442749023438,24.69255198624934,32.89424715596075,4.298340064817392,14.964396156773148,211.78021437097746,33.369198953870566,35.656047738005874,55.148610010160965,133.8022815267368,102.83366737771935
2024-05-15,94.46653747558594,159.6699981689453,185.7332000732422,213.49610900878906,921.4528198242188,25.156491272474298,32.95308200140175,4.363826835180395,14.991161564439336,215.3334462400645,33.93334388299509,35.9638990964829,55.198798065939734,133.92404844647155,102.92725127463602
2024-05-16,94.19600677490234,162.6199951171875,184.45431518554688,210.09967041015625,903.8773803710938,25.438781118502938,34.2509911796297,4.373145859030087,15.24125117470164,228.28439094948337,35.44218632631212,36.91623668223548,55.49281876463146,140.41146317450816,105.28834178894515
2024-05-17,92.3192367553711,164.47000122070312,185.01742553710938,208.18545532226562,909.2149047851562,25.184564272839253,33.43488237408564,4.404159048366946,15.256154539196427,222.17859045904132,35.33867050682329,36.09927606212679,55.23359100950778,138.93210190482063,102.79366631721376
2024-05-20,94.61627197265625,166.3300018310547,188.73951721191406,215.91094970703125,923.4383544921875,25.153085060961146,34.109678827268844,4.413170928412164,15.383878741875801,223.17901259603974,35.12631797775242,37.51082175507524,55.99824731209272,138.323116746675,103.25849467812263
2024-05-21,95.2212142944336,164.66000366210938,191.68856811523438,215.76370239257812,909.5098266601562,25.30094709458284,33.63601998778332,4.465436241650486,15.158670056950756,224.07381830984485,35.49501593697965,36.6689862394739,55.366416897712895,139.0102623027237,101.94470201341161
2024-05-22,94.78597259521484,165.52000427246094,193.6737060546875,214.534423828125,906.6199951171875,25.969501402281306,33.8917665336238,4.504874286980872,15.232914788940658,221.48959743032907,35.23660101409503,35.84863769432736,54.74087389204735,142.79488343638366,106.85126487391103
2024-05-23,103.61968994140625,160.42999267578125,192.55709838867188,214.33773803710938,918.3367309570312,26.309026006173333,34.47543180059148,4.680278271097683,15.238066781559366,224.81707904756814,37.01955597179406,36.480506590567465,55.06704576289183,144.20334200993216,106.01257910201672
2024-05-24,106.28507995605469,166.36000061035156,200.7648162841797,217.22901916503906,939.9324951171875,26.070996363104243,34.19261944223215,4.622763375409593,15.386069170278917,218.09432389170306,35.301834101053686,36.185479630728246,53.30853070318916,143.00440780206762,106.81240532570813
2024-05-27,106.28507995605469,166.36000061035156,200.7648162841797,217.22901916503906,939.9324951171875,26.156952593772594,36.804118626434004,4.801398599906875,15.43060240789661,217.26188662331265,35.81783532374274,36.423531938503395,54.297411416766835,145.29551436659762,110.22060269419737
2024-05-28,113.7042236328125,171.61000061035156,203.36073303222656,217.65187072753906,974.9556884765625,26.13316636053136,37.65937310499232,4.775536168968609,15.605638091685483,216.50370221054706,35.494944349612425,36.61304598485027,54.77044318644467,146.52942400032865,118.45636569301693
2024-05-29,114.62663269042969,165.13999938964844,198.7605743408203,215.41949462890625,941.5642700195312,25.80793816201691,36.964776020020466,4.731104155015153,15.467240459611373,215.19970363821352,35.70334868248828,35.96630184851589,53.00524036321194,146.33265978306534,122.79695621445521
2024-05-30,110.30909729003906,166.75,196.25941467285156,212.95108032226562,949.6639404296875,25.07738544361336,36.73278573175692,4.571618095264577,15.195177436389505,209.38637881428576,33.44910551827002,34.942773732747355,51.51251822971823,140.61498532270542,119.28465792970253
2024-05-31,109.44361877441406,166.89999389648438,195.5406951904297,211.5153045654297,943.9922485351562,24.584299335678367,35.18904564894561,4.531236604041766,15.379953586615288,204.95799912736368,33.550803844266305,35.82904416768617,51.32266514415242,135.443541393223,116.25673828358111
2024-06-03,114.80133819580078,163.5500030517578,197.32315063476562,210.65972900390625,949.0348510742188,25.24816376936504,36.06525911212084,4.631138105200573,15.532110491680577,208.19170274425227,33.75458181130514,36.37613780789884,52.611029888900205,138.3710953463574,104.97775310247697
2024-06-04,116.2358627319336,159.99000549316406,195.8473663330078,208.7027130126953,934.61474609375,25.15602502656121,35.37754692480227,4.609387321449652,15.575323810648094,211.19653301425404,33.85363603630097,36.59651856456951,52.76481613804767,138.86620184385572,107.21473488785621
2024-06-05,122.22848510742188,166.1699981689453,203.06333923339844,219.66790771484375,1023.602783203125,25.594291594575495,35.076501265339445,4.535104954086828,15.45150240105933,206.8195966125416,33.52469387301418,36.81492033507879,54.12065529042751,138.85675461015998,112.16978589976429
2024-06-06,120.78898620605469,166.77999877929688,200.70591735839844,218.07472229003906,1034.6807861328125,26.856888999071284,36.875152046183246,4.632768548688133,15.605410880711105,212.86791467979677,34.65466623178888,37.32705324405226,54.31756617797754,139.36196665251012,112.57790091572801
2024-06-07,120.6791763305664,167.8699951171875,198.00352478027344,218.05508422851562,1010.90283203125,26.441605188449635,36.49513784188067,4.624471034669806,15.890151918013778,211.71062781863037,33.68777643611536,37.69727920857402,54.38607283464567,149.67234709760118,113.59010483427943
2024-06-10,121.57960510253906,160.33999633789062,200.61968994140625,224.3784942626953,1023.9663696289062,26.28159424097822,36.274288103653355,4.596486122765333,15.793992919883937,212.1288648885939,33.7976676282157,38.00601252728224,52.72738519301015,148.53162657081265,114.74837344335019
2024-06-11,120.7110595703125,158.9600067138672,199.82431030273438,226.15850830078125,1018.3636474609375,26.459165254471245,36.21137675014311,4.621019602735388,15.624243230782227,216.6003529226694,34.28327150239322,37.876407884239185,52.573163650062014,152.30720395753892,114.66961018099627
2024-06-12,124.99398040771484,160.24000549316406,206.40780639648438,233.7112274169922,1050.6539306640625,27.253593830436152,37.0876468604396,4.695866193434775,15.866808209700578,216.14540823635667,34.37633426388591,37.707897789371884,53.34998940472642,153.71867585579545,124.87017869631252
2024-06-13,129.396728515625,159.89999389648438,208.7268829345703,233.61288452148438,1034.77880859375,27.75852010454789,39.65347229140918,4.75610827196146,15.92337482655217,212.96655357192384,34.97416525521249,38.0630112071327,55.09248121325458,159.5284286617641,136.4011010119986
2024-06-14,131.6630096435547,159.6300048828125,206.35031127929688,233.10150146484375,1010.3917236328125,27.764637464392596,39.818592418154786,4.799503105531376,15.61193760851703,212.76551984595156,34.95162349924123,37.56178761512093,55.65817397654349,158.42486909613018,129.5189259902407
2024-06-17,130.7644805908203,158.39999389648438,212.95298767089844,238.8348846435547,1034.543212890625,27.69165820764293,39.329554759757436,4.820952970343732,15.471044667418859,206.91875115920826,33.57550706130353,36.230665277795936,54.27193769352217,158.87093812077003,128.8618346859905
2024-06-18,135.35690307617188,154.6300048828125,217.61988830566406,243.72250366210938,1043.301513671875,28.395261749229082,40.10154858929653,4.943760464259104,15.552505204302609,212.29706240728737,33.97638109702084,37.10884935278834,55.58275758900831,167.45391077128437,128.73240555674562
2024-06-19,135.35690307617188,154.6300048828125,217.61988830566406,243.72250366210938,1043.301513671875,29.497040639277106,42.323976677013334,5.16760787494562,15.763681345915064,210.4311748603405,35.320767730557804,37.14165521483469,56.57635966934468,166.79425014563594,126.98092552286154
2024-06-20,130.56480407714844,161.77999877929688,206.4844512939453,236.01246643066406,1032.8424072265625,29.4667076322223,42.707534206553106,5.133454564989152,15.834958446978193,211.2841705439611,36.61899963629988,37.60155912880056,56.75049903304476,169.3395532641158,128.3943950623547
2024-06-21,126.36174011230469,161.22999572753906,203.6670684814453,231.50836181640625,1018.943359375,29.172151589071902,42.47502647735627,5.038708780220427,15.766849701208976,210.17122340865743,36.07676179675647,36.72472503533607,55.21122062511418,165.5649680940421,128.12069404196131
2024-06-24,117.91564178466797,160.25,192.46456909179688,226.0306854248047,984.942626953125,28.25070281287815,40.16716161195394,4.977572460155077,15.464352034226309,209.3674203108818,35.959882596058854,36.16261304901853,55.762721881577406,158.1717836364642,124.94667702859168
2024-06-25,125.88250732421875,160.25,193.7390899658203,230.38726806640625,1005.9093627929688,28.437438148295854,39.50563910506537,4.882839579944829,15.425776833799388,206.0626439177073,36.08618063211896,36.83979581052675,55.99303708414953,159.8528565312959,123.36838927441123
2024-06-26,126.19202423095703,157.5399932861328,189.1009521484375,228.32205200195312,999.2841186523438,28.753604747147598,39.88852745645846,4.960634851345626,15.411730169382736,213.55036080595636,38.61854901328997,37.393146148819966,56.14591250210305,167.79969617798434,127.85081494739723
2024-06-27,123.78596496582031,159.47000122070312,187.01182556152344,228.6761016845703,1010.499755859375,28.657590559887343,39.472375367832406,4.929739825088916,15.592121718895141,207.24521163719078,38.492473726679954,37.06784257344683,56.50328453049782,167.3582958760861,123.29255077436564
2024-06-28,123.33671569824219,162.2100067138672,190.87376403808594,232.07875061035156,1005.3096313476562,28.89016658012184,39.68729944599972,4.83837950080506,15.650065973080356,207.75541571790055,39.63009854063083,37.28572737658729,56.69566288859939,168.13418748669895,122.86582501121732
2024-07-01,124.09546661376953,157.69000244140625,191.68833923339844,233.4752197265625,1015.8864135742188,28.966007955422594,40.134736828269034,4.876701042833307,16.414067857339436,206.99578509693652,39.54511933911928,37.23474820442019,57.17893020955599,168.23108254676433,122.3838456732868
2024-07-02,122.46815490722656,164.30999755859375,191.8129425048828,236.8680419921875,1030.041259765625,28.71098717252004,39.97114963586913,4.711084763603781,16.34706392180796,207.5825671596669,39.76518439089831,37.46396632923471,57.04956217594018,165.35587004191396,120.5341502060756
2024-07-03,128.06890869140625,163.89999389648438,195.3107147216797,239.27743530273438,1053.1605224609375,29.23329699708295,39.766924580653594,4.74806892426117,16.234450794049348,212.98253738594218,40.71223656565378,38.29839708262954,57.04956217594018,168.20684344457771,119.24731445232793
2024-07-04,128.06890869140625,163.89999389648438,195.3107147216797,239.27743530273438,1053.1605224609375,29.964866637899885,39.719271756048336,4.903444412871147,16.818097346322823,212.17732865029947,41.553576408747965,38.448949272441055,58.90230957306354,163.65241431021295,114.33467333460885
2024-07-05,125.62295532226562,171.89999389648438,197.16978454589844,238.5693359375,1056.1781005859375,30.070781243949064,39.134939405567856,4.994884179965522,16.90658987186393,215.60578577779273,40.73064707485505,38.35685847373529,60.88544874117008,168.5931669987321,118.51801077703314
2024-07-08,127.9890365600586,178.69000244140625,199.2205810546875,242.20803833007812,1059.038818359375,31.07701688874611,41.30851564322567,5.131389246659446,17.28654295034723,214.60709534924104,40.87618759577232,38.540733988805776,61.25848248018664,167.2531474849251,116.75128672775163
2024-07-09,131.16383361816406,177.10000610351562,198.48268127441406,247.30218505859375,1041.915283203125,31.152137468665114,42.37011174004749,5.341631032986305,16.866965739740635,222.4023197283532,42.508809587320115,39.515258125556585,61.26380288374616,170.07107665883203,117.37390390526126
2024-07-10,134.68801879882812,183.9600067138672,200.09262084960938,250.7441864013672,1080.2313232421875,31.26676137450441,41.59783778861502,5.320812434593035,17.080414746165236,224.23911197099628,42.537506332174026,39.982582028845584,61.278425329929,170.46829021478112,116.1856865273822
2024-07-11,127.19036865234375,181.94000244140625,191.515869140625,237.2613983154297,1044.4022216796875,32.23523715650995,41.062723384130564,5.72183047974471,17.00982059032176,225.21749593714557,41.955817142658596,39.908357564424996,61.11364731257129,171.82395691795915,115.13662282401252
2024-07-12,129.02732849121094,181.61000061035156,193.98826599121094,239.3659210205078,1066.7747802734375,31.233129309111124,39.5706603235216,5.28113658354736,17.14407093988755,215.85723959840897,40.47213210130807,40.196878411082096,59.384428141538784,167.54005628193812,115.76004651823608
2024-07-15,128.22862243652344,179.8300018310547,199.4984588623047,241.4803009033203,1045.5130615234375,31.078440034021455,39.22992059668109,5.3141915573863585,17.059160975230135,215.70453006163447,40.44349984159343,40.16844088128991,60.87664307569823,165.04108971814054,113.6494270216988
2024-07-16,126.1520767211914,177.5500030517578,200.89759826660156,241.76548767089844,1049.995361328125,31.501525632916618,38.90931656681008,5.295158412283104,16.929587839625327,218.23766642940143,40.91366662199249,40.73444501597801,61.152450934205945,166.03622630696552,120.15325021517067
2024-07-17,117.79583740234375,159.42999267578125,183.60989379882812,216.42262268066406,916.1841430664062,30.765145542422843,38.34333527719471,5.400469103967375,16.703162058762405,201.70001886751362,39.81439300279274,41.34787667237189,60.50107203520354,157.24803243907454,114.02125070862034
2024-07-18,120.8907470703125,155.77000427246094,183.4757537841797,214.0426788330078,908.4088745117188,30.085404850475527,37.123765038272836,5.219745580390332,16.74043273030742,187.21063745915677,38.50303566447562,41.34593794514928,60.81614492636335,151.98145335256612,110.11867166181109
2024-07-19,117.7359619140625,151.5800018310547,178.44467163085938,206.77517700195312,880.1190795898438,28.90580424440149,36.37777599607673,5.048429673363551,16.045035377024956,189.72740257240957,38.743504552197486,41.150226303920135,58.785543668662164,149.1230320783977,107.80988388498086
2024-07-22,123.33671569824219,155.8699951171875,186.83935546875,219.76626586914062,925.2274169921875,27.860799209434468,35.214082716596174,4.820795448383178,15.24136430273577,184.5385045452043,37.310324666311516,40.19445704524112,57.661823383960034,145.54479705430157,103.5447794751788
2024-07-23,122.3882827758789,154.0,185.28692626953125,216.00953674316406,916.9213256835938,29.02328281060132,36.620667675826816,5.06640376878179,15.023193746540192,187.60183695618238,38.51054711195059,40.44680684484909,58.35893107907043,145.72423162188775,103.74372749463329
2024-07-24,114.06199645996094,144.6300048828125,173.51902770996094,203.10699462890625,857.8843994140625,29.07396969119185,36.68462279150904,5.075251844463906,15.049430572763072,187.17348633656243,38.654565274207194,39.81967812427633,57.14155270706888,148.48305239183568,102.43322782653438
2024-07-25,112.09524536132812,138.32000732421875,168.07586669921875,198.966796875,847.936767578125,29.106406736295952,36.72555083734366,5.080914166284495,15.066220817214202,180.31926821749576,36.76236889341336,38.88237582224048,56.10439432811182,135.49618020973332,96.9245182321475
2024-07-26,112.87395477294922,139.99000549316406,172.5415496826172,203.04798889160156,873.2579956054688,27.53163891741274,35.94029846560199,4.590260772052246,14.922414392520329,171.92717057523976,35.49969774698648,39.3938785152363,56.5031548577652,136.9006270834852,98.44199784830792
2024-07-29,111.4063720703125,139.75,171.1903533935547,202.1629180908203,857.307373046875,27.99463444074466,35.62679611374958,4.5098081497369265,14.617080487692258,177.7330104555155,36.85111527280582,42.64571801805922,56.68560753098304,139.54625903135653,98.32343153171223
2024-07-30,103.55931091308594,138.44000244140625,159.97825622558594,193.47927856445312,847.1541748046875,27.832479082297837,36.00145344803139,4.561433204737943,14.462377400160511,179.57890370366843,37.188580105199584,42.14366391680526,56.57586265799501,134.8375324681178,92.14638434209805
2024-07-31,116.82743835449219,144.47999572753906,173.4040069580078,208.68304443359375,922.4510498046875,27.728938357619864,35.09122192917261,4.411888315533199,14.57459725990137,194.35500157365323,39.140317794994516,42.452116516102684,58.510785598120705,138.69133989880737,93.79102480122877
2024-08-01,109.0302963256836,132.5399932861328,157.16085815429688,193.04653930664062,870.2672119140625,28.666387230836598,34.13783728613234,4.541057567411552,15.132134616864315,196.36409509515497,45.425252630960046,41.60116442215072,58.61292641326732,139.33393866375704,92.03950776017243
2024-08-02,107.09347534179688,132.5,152.6664581298828,178.79669189453125,797.038330078125,26.84547540387998,31.395116431841018,4.2265123243529885,14.800617599342571,173.45363859842215,41.93695073970368,38.11546877967429,56.101218036984285,124.7497575036546,83.37166989965404
2024-08-05,100.28471374511719,134.82000732421875,151.36318969726562,178.8754119873047,807.8709106445312,24.324170532899213,28.65539293350041,3.8438875873011598,13.41111192399378,144.9109039279245,36.17086649156959,34.60268758189006,50.75946014085167,113.41079554597225,74.7686798369158
2024-08-06,104.07846069335938,130.17999267578125,152.10105895996094,180.2718505859375,830.186279296875,26.19172404840938,30.99860248004927,4.054441176456855,13.801284149471599,168.71994526554155,41.728419079903034,39.19830220190647,51.15588228651243,118.0425992709526,77.82574797971137
2024-08-07,98.74724578857422,128.6699981689453,149.6094512939453,175.55137634277344,823.6275634765625,27.29955556879699,33.06114176037956,4.277377767453596,13.52464435495096,169.45762072864167,41.51300326531266,39.54456500241008,52.596245361041476,121.82145991565692,77.8770030590847
2024-08-08,104.79727935791016,136.32000732421875,158.07125854492188,187.391845703125,863.3145141601562,26.691622224179874,32.180596756491,4.072798674424892,13.061684528172794,167.77787519336636,39.448966008248206,39.075841377255,51.49229690353957,117.1469112126236,75.4354035958878
2024-08-09,104.57763671875,134.27000427246094,157.62083435058594,188.0113983154297,847.4594116210938,28.029499988171096,32.70945355296094,4.325918867381995,13.485058095212425,167.1884530478311,38.87514016852876,38.68000821688272,52.46415935109094,123.09459898228533,78.11338669940453
2024-08-12,108.84060668945312,136.77000427246094,156.09715270996094,189.88975524902344,839.8864135742188,28.187989120086336,34.13708281932637,4.411736541622774,13.830906420722691,167.90135800746015,39.040906881045025,38.84494287112238,53.41172622932024,127.96628315920312,82.81505690227063
2024-08-13,115.94889068603516,141.1300048828125,162.40277099609375,197.4719696044922,856.2634887695312,28.389531501811565,33.90617730373933,4.453503501253068,13.780622534391322,178.31753381118227,42.05759019464295,40.481364763783695,53.612131696245534,130.96152121100192,81.74822038363986
2024-08-14,117.88570404052734,140.75,160.1795196533203,198.28823852539062,866.199951171875,28.5422871084843,34.5661518449059,4.653201806871108,14.452755497332369,177.1919055147115,42.472108540264834,40.24259826030008,54.68132128112662,135.14459717658474,86.03866278181437
2024-08-15,122.6578369140625,147.36000061035156,166.11135864257812,208.31918334960938,914.1295166015625,28.666831956300584,34.017490854473685,4.547700853582456,14.306950242315835,179.41847760703135,41.966722737038246,39.5719817254732,54.94188282056435,135.78857364719678,86.44864494574813
2024-08-16,124.375,148.55999755859375,164.99972534179688,204.45431518554688,904.685546875,29.05090099989335,35.72672552652933,4.559225840770773,14.21346148034824,185.60870596220857,44.24246894982347,41.0579931535768,56.75041992416387,144.4127301704567,92.62733384458947
2024-08-19,129.7860870361328,155.27999877929688,166.99302673339844,207.44390869140625,918.9551391601562,29.44949584698905,36.80112305972523,4.61777401556885,14.603877979551358,181.37830817153176,43.703292464742745,40.10451666610976,56.00274223398684,141.72875266359745,91.57217530172356
2024-08-20,127.04061889648438,156.39999389648438,164.9326629638672,202.7431182861328,912.0911865234375,29.657145493933996,36.9129566895784,4.680531338006533,14.767186609773457,185.21460867857576,44.996613919646485,40.80824741581762,57.199365764160724,147.95338603222783,93.26344423960995
2024-08-21,128.28855895996094,157.80999755859375,166.95468139648438,205.65406799316406,929.2559204101562,29.21413697244723,36.04455547206026,4.607276354032127,14.472536631917182,184.27211029471434,44.52868538331111,40.361835295950506,56.90548262683169,143.04784601401218,92.97378455404723
2024-08-22,123.53639221191406,151.6999969482422,161.9523468017578,197.2592315673828,893.902099609375,29.18367090505875,36.56931194872238,4.560343468388502,14.548674671011694,183.2775519736021,45.124852832982825,41.53743002567806,56.646053858446365,141.28669754350045,89.50942336547237
2024-08-23,129.1571044921875,154.97999572753906,166.2646942138672,199.6929473876953,893.458984375,28.813210343730006,36.03411233655359,4.526982419050361,14.39426381939138,177.33879079817825,43.26495888845727,41.991507378703155,55.965245766350826,136.5444091189767,86.97535374272157
2024-08-26,126.25190734863281,149.99000549316406,162.42193603515625,193.34754943847656,869.8732299804688,29.098359654318468,36.05566025966419,4.491107939254358,14.566888085973856,175.66640896267361,42.825290256076386,43.15387301974826,55.461190339527306,133.76528601296883,86.21122162057496
2024-08-27,128.08889770507812,150.5,166.67674255371094,192.89430236816406,876.34326171875,28.803883078551475,35.845755943922306,4.453119932227932,14.314948836657647,173.41753337371625,42.007119627587414,42.89345297292229,55.12761502175916,130.06806525862788,85.80821331939619
2024-08-28,125.40331268310547,146.36000061035156,164.68353271484375,190.05661010742188,874.6199340820312,29.582605317299286,35.67737638370788,4.621148022290975,14.579046858853431,174.002708481311,43.927288574503265,43.00792937684793,55.57571040411149,133.29215066235543,91.56797181106766
2024-08-29,117.3965072631836,145.49000549316406,162.42193603515625,190.14527893066406,874.206298828125,28.6775886623709,36.82928105485689,4.579535567791207,14.387566350631904,170.40448843972376,43.91838243924475,42.85160657672588,53.413880559231806,125.1805587569282,82.27743073071782
2024-08-30,119.173583984375,148.55999755859375,167.98963928222656,194.36241149902344,890.1204833984375,28.820642711474093,36.6779985615557,4.642874321362442,14.640433168947396,170.36214775592381,45.42844213439382,42.57061004931699,53.783723769119625,128.49743084341512,84.96127714809286
2024-09-02,119.173583984375,148.55999755859375,167.98963928222656,194.36241149902344,890.1204833984375,28.81793303522914,36.078033902471866,4.6077913366814265,14.592332370339667,166.79716695897366,46.01521094313956,41.99264543466874,53.70702009806505,128.36305347675,82.43219438605138
2024-09-03,107.82228088378906,136.94000244140625,156.43258666992188,180.67645263671875,832.5301513671875,28.63291073911776,36.00391851402302,4.571904732322484,14.637112150738544,163.93212468981307,44.874724782392065,41.71830508696674,52.29752318336511,124.0680092833851,80.3020068064772
2024-09-04,106.03522491455078,140.8699951171875,158.43540954589844,179.7010040283203,799.1358642578125,27.037084841853957,33.44307747451804,4.323713571482035,13.756337337268384,151.32722210523067,41.792506162702054,38.53643106434342,50.38641849531707,113.87254821873299,74.52299852494923
2024-09-05,107.0335922241211,139.44000244140625,157.68406677246094,177.59243774414062,783.49755859375,27.454774647847813,32.733057918278334,4.327231668039802,13.526523307824224,149.66530442946052,41.14629950637089,38.77372163304085,50.01737365725959,118.08443313486127,74.1576292821274
2024-09-06,102.66079711914062,134.35000610351562,152.3765869140625,172.18307495117188,741.3387451171875,27.896382586712047,33.71032685640079,4.259989609607025,13.669971895405284,146.7582017331595,40.559718832988345,38.40675999456871,49.87817936556668,115.70728404713738,71.6097589569578
2024-09-09,106.29480743408203,138.14999389648438,154.8617706298828,174.94192504882812,738.413818359375,27.30288379419296,32.513473691181765,4.272519301645973,13.55669570400355,144.33574777879798,40.55357518053725,37.795176292214514,48.68278271800414,115.71879946841923,72.1564199400457
2024-09-10,107.92211151123047,142.83999633789062,155.73829650878906,175.43460083007812,739.9501953125,27.384531158666114,33.16405145825314,4.336622422453819,13.522031336878573,148.71661326653629,40.83550429446179,37.38469067427398,47.620599209078094,114.3141138751351,71.08327614809454
2024-09-11,116.71762084960938,149.86000061035156,160.43896484375,183.2086944580078,787.9684448242188,27.251220903562942,32.52642678368646,4.254968578392454,13.486038894062855,149.3663651147724,40.1585444834906,37.16661415336053,46.61351442541379,115.38579041333561,70.90012295721414
2024-09-12,118.95413208007812,150.77000427246094,158.9170379638672,180.518798828125,787.9979248046875,28.602940098426252,33.89882895311048,4.426794628793831,13.79230257333761,156.17142151477543,43.742282588200595,38.83186609676549,47.76696765699263,124.28513358885957,74.88685056546323
2024-09-13,118.9141845703125,152.30999755859375,161.5659637451172,185.70152282714844,803.9415893554688,28.982035922419314,33.208654008049066,4.43721738253432,13.871798784549968,160.07959558637194,44.65392108378504,38.730789263516094,46.51931626218747,120.18064458582054,73.67566431352593
2024-09-16,116.59780883789062,152.0800018310547,160.48712158203125,184.82461547851562,790.8242797851562,28.968424774152552,33.34057956214231,4.646329975257857,13.895426077847869,160.88573508534313,44.87879227637972,38.92583235403167,46.735550959449824,120.73927758791245,74.01812925601666
2024-09-17,115.40966796875,150.82000732421875,162.5003204345703,185.8197784423828,793.4339599609375,29.03661040158957,33.41905632966703,4.657266466527657,13.92813301144918,152.4609947118252,42.35150056688046,38.4619460695692,47.10401975763984,121.6912008153876,74.60169723737846
2024-09-18,113.19313049316406,148.2899932861328,162.11502075195312,183.40577697753906,775.8555908203125,28.78353076053819,32.601427356858984,4.600857173722583,13.774211419344557,151.31425992750692,42.746901369331674,37.97462473521544,46.968003061238704,121.3398075542358,74.38627875597592
2024-09-19,117.68611145019531,156.74000549316406,167.5284881591797,193.8205108642578,815.5621337890625,29.513015633548978,33.210865771485,4.608933202763666,14.01038907536173,154.29737412194606,43.17072553715565,38.69825973256971,46.04320882455742,113.94417664624498,71.95563792091436
2024-09-20,115.81902313232422,155.9499969482422,162.71226501464844,189.33734130859375,783.182373046875,29.92302748249971,33.37068385666042,4.686359965467431,14.060693769854081,162.33987948741884,43.67409778450734,39.41115759283308,45.78498665980862,116.67865691668489,74.72002755480273
2024-09-23,116.07862854003906,156.75,159.86102294921875,191.18971252441406,791.2772827148438,29.838465597098974,33.72929506567978,4.729291070795374,13.963553417477524,161.0479648837196,43.326535590243374,39.09752024011581,45.361375797972215,119.96637955313557,75.31879576605333
2024-09-24,120.68142700195312,158.32000732421875,160.81463623046875,193.88946533203125,801.6174926757812,30.19673638098567,35.26391957419412,4.737584658640866,13.746867550399475,159.95995521306725,43.57493546474941,39.2907585521158,45.72335324024727,120.88470944891151,78.31382492381017
2024-09-25,123.31731414794922,162.02000427246094,162.08612060546875,194.41168212890625,805.7339477539062,30.973434906163863,36.41491342021296,4.8180029639114,14.106039676460732,159.57775964986638,45.389087227404026,39.59047959473267,45.29639556791778,123.02086027740916,79.57634602444797
2024-09-26,123.84648132324219,167.49000549316406,166.31478881835938,206.531005859375,839.4727783203125,31.12159986217621,37.5594706594381,4.914323635325104,13.943239992795139,170.3083761823128,47.26768948775805,40.221793313502666,46.75842084425601,133.60623879349677,84.60093647735658
2024-09-27,121.21060180664062,164.35000610351562,163.87777709960938,201.90988159179688,828.7385864257812,31.054449772949116,37.74107638488914,4.870073056426238,14.106552039820299,183.03771900273262,49.38666708176877,42.363590525196365,47.430106313543625,138.22546933351825,85.09834165446398
2024-09-30,121.25054168701172,164.0800018310547,163.80072021484375,199.08206176757812,820.5747680664062,29.610866577175823,35.066866235031014,4.60819284595981,13.872242982739206,171.18701027536736,46.92217037867354,40.560223232305205,45.57419288432568,131.70783754216242,81.80801817228127
2024-10-01,116.81745910644531,159.75,159.6876220703125,194.3032989501953,809.840576171875,30.070226064299632,36.10568885756279,4.622719735411244,13.79383808011287,175.1267254529777,47.64995526205225,41.478489631594385,45.36526572216918,131.10404528628425,81.43298317996084
2024-10-02,118.66458129882812,159.77999877929688,162.13430786132812,198.19528198242188,819.5308837890625,29.89792087463485,35.89879990523908,4.596231121754866,13.714798106102801,168.63995196542803,45.33187995348562,40.10929903368216,44.893155119247616,126.06273771458062,80.54983498246445
2024-10-03,122.65834045410156,162.85000610351562,162.71226501464844,196.65817260742188,819.7473754882812,29.850928222607944,35.842375252193676,4.589006904035998,13.69324159929011,169.84928253024702,46.54683847161027,39.96511824723481,44.92061718972855,126.13985289570213,80.59910898068622
2024-10-04,124.72511291503906,170.89999389648438,162.69297790527344,199.0032501220703,820.3284912109375,29.81143853921097,36.20039586209378,4.544433929477548,13.52997399005186,166.88515817744963,47.20281200660148,39.74313525933811,44.0622242884248,128.85936853787595,79.60156344694917
2024-10-07,127.52074432373047,170.97000122070312,160.80499267578125,197.19027709960938,804.8180541992188,30.360479453420176,36.42272365844801,4.618370208936653,13.276191040132526,166.5806476485143,48.02399409088504,39.98914310860952,43.975073305404614,135.68664133315568,81.42167525331621
2024-10-08,132.6826629638672,172.8000030517578,160.22703552246094,197.92926025390625,811.7214965820312,30.718789549882626,35.936740851563265,4.58974576087012,13.201543797028622,166.09899045164352,49.443347626753855,39.60860637501936,43.58410595183371,130.96470748711317,79.12954355831457
2024-10-09,132.4430389404297,171.02000427246094,163.96446228027344,202.04782104492188,833.0324096679688,30.97645535985748,36.46873750470167,4.612822316442734,13.121915217666615,168.1066309856857,51.243496741625016,40.08253643657899,43.61854719488839,131.0681990518394,79.19207368903493
2024-10-10,134.5996856689453,164.17999267578125,162.32693481445312,200.96400451660156,821.2838134765625,30.921184823453295,36.40366722275843,4.604591769699888,13.098502103276822,165.3262002895037,50.226632499092105,40.22928365736265,42.55159543429298,137.2993192159258,81.52141952114248
2024-10-11,134.58970642089844,167.88999938964844,163.7332763671875,202.04782104492188,827.901611328125,31.71055054605783,38.049649419415516,4.639098506052887,13.305877575887838,166.51562793566032,52.11838080584149,39.916087328824226,42.627278293435786,136.10352833074222,80.23625209933554
2024-10-14,137.8546142578125,165.27000427246094,171.4970703125,210.74813842773438,859.0011596679688,31.775193830662353,37.833923544826014,4.7385272657051125,13.303039279507834,165.8131378200717,51.898505663727285,39.747690781610615,42.67185634283007,136.24586042539062,80.32016023873572
2024-10-15,131.3946990966797,156.63999938964844,167.69223022460938,188.21408081054688,719.3187866210938,32.51310002996991,38.10112744282641,5.0499719165578885,13.323879325911964,172.86700222341776,53.528427255886136,39.65846003368617,43.60604081967443,140.36941830542912,81.61281927582546
2024-10-16,135.5082550048828,156.1300048828125,165.1781463623047,181.8785400390625,673.1223754882812,31.73469790186324,37.346338710145986,4.942155598519465,13.256162405947281,157.58274597005615,53.6667662775837,39.14098601708341,42.349355624625076,136.7178505639432,78.86474810854065
2024-10-17,136.7163848876953,156.25,164.81214904785156,180.54837036132812,689.9425659179688,31.46622583080217,37.38818045637955,4.962685528021912,13.13620695733866,152.04021866414598,53.17003211286623,38.48497783193114,42.459939693218914,141.90071840913797,84.31566764732148
2024-10-18,137.78469848632812,155.97000122070312,164.63873291015625,183.62254333496094,712.2579345703125,33.05524887247078,38.34785403656295,4.912956433132051,12.908483192754503,151.3162777827364,52.75928788525391,38.550739995327824,41.924540493342064,135.02304407290094,75.22079218065747
2024-10-21,143.48580932617188,157.89999389648438,162.79893493652344,181.7504425048828,703.2371826171875,33.082072065658224,39.11419781232908,4.8567970591043546,13.009090651503437,153.24333014489932,54.35069469306274,38.43994310185466,41.81465100540083,137.72279916147494,73.32736058093987
2024-10-22,143.36598205566406,154.08999633789062,166.81568908691406,180.3118896484375,709.9436645507812,32.767964016088115,38.5151980301779,4.930594787393491,13.200670270818403,147.53602297212507,52.529590481263064,37.752378331657724,40.670796630948054,134.7491146022521,70.98838766799855
2024-10-23,139.34226989746094,152.91000366210938,160.47750854492188,180.0162811279297,697.840576171875,32.348076171928525,38.265367281684426,4.8610448795905,12.960328530584903,145.60888118905842,51.7590787664387,37.202535290328704,41.653672453101365,140.61944926260622,72.92147510147106
2024-10-24,140.19094848632812,153.44000244140625,161.92237854003906,181.0508575439453,699.997314453125,32.358181985270676,37.39399405720639,4.787291780820122,12.934296598776326,145.6675807484097,52.39052488601279,36.722899990001864,39.871110678214606,142.12451980467543,70.51426066559847
2024-10-25,141.31918334960938,156.22999572753906,164.0126190185547,183.78016662597656,700.8736572265625,32.5313530434011,38.743432520174615,4.8806984288547195,12.942465803746654,147.85551988182465,51.205180607184836,36.769941765820526,39.407190522805124,144.23917239248226,70.27908028275058
2024-10-28,140.30078125,159.9199981689453,165.89096069335938,182.6175079345703,697.8701782226562,31.993139593636563,39.23454977928893,4.838468624622011,12.910174052592563,150.7696031729088,53.15958260399036,35.43098737791881,40.62338319473463,139.5017139334383,68.06547703403086
2024-10-29,141.02963256835938,166.25,169.53204345703125,187.32728576660156,705.8960571289062,31.737938420628804,38.26560438196016,4.770776668788471,12.614596413394969,151.33484474494256,53.91779027226428,35.56824417887545,41.84376038437261,136.00245771214065,66.27030982330513
2024-10-30,139.12261962890625,148.60000610351562,161.46002197265625,182.57810974121094,674.9908447265625,31.443375290277224,37.98406607199519,4.727222490682879,12.754218004304006,151.39869815375167,55.73239448818388,35.90653028656645,41.45642149672258,139.2394983995691,68.85796863139574
2024-10-31,132.55288696289062,144.07000732421875,156.78826904296875,178.91275024414062,663.8565063476562,31.579052690181346,38.147966393600555,4.747620340798622,12.809252144903072,147.61967444051155,59.345309444057726,36.39727552063035,41.66543663933617,133.47213347447965,66.00329878613277
2024-11-01,135.18875122070312,141.86000061035156,159.19639587402344,180.68630981445312,666.00830078125,31.428413668393784,38.15119766895313,4.657295739479796,12.629058925307705,142.98975287648463,57.18784344951854,35.53645689060649,41.20056658447914,131.0709526050536,66.8507347220065
2024-11-04,135.83775329589844,140.7100067138672,159.10968017578125,179.14923095703125,662.4844970703125,31.828412950884523,38.2270875793561,4.603264159969973,12.665634247432042,142.7014890662898,57.07255416956697,35.46481627120519,41.29046874686105,138.9111063065946,68.5477480392366
2024-11-05,139.69174194335938,141.66000366210938,159.8128662109375,183.74073791503906,667.716064453125,32.14532571390046,38.092378381573596,4.529333224713122,12.609588180176544,145.53620881080928,58.08179759428271,36.326385532027466,40.70795624831225,138.99123147007296,68.7992535257066
2024-11-06,145.38284301757812,145.10000610351562,166.63267517089844,184.7655029296875,652.8802490234375,32.54294346996083,38.6439388517776,4.602661823717862,12.161108603726314,149.72704082969284,63.16911415893928,37.53266661588297,40.34488388969521,140.33628900580553,66.82009139150944
2024-11-07,148.64773559570312,149.82000732421875,166.5556182861328,191.23898315429688,668.4563598632812,32.178420803081906,38.03167718636423,4.6489423890388295,12.087519573645217,144.39141600211045,62.90269615433446,36.962847737621615,39.71656526697713,138.15073546532264,65.7794561548882
2024-11-08,147.39967346191406,147.9499969482422,164.62913513183594,189.20924377441406,660.81640625,33.24282392386991,37.65314263578502,4.677526617676812,12.817004446907605,146.6963721973255,62.533849251365005,37.26956478082449,40.3068199075825,144.32497565186154,67.90130211718262
2024-11-11,145.0333709716797,147.35000610351562,162.10540771484375,185.7902374267578,662.6326293945312,32.88399959669651,37.856852822154046,4.70814602047854,13.110387289691667,147.02436961347178,63.85571651210188,36.67780020132292,38.1932992028036,136.14580081430302,62.36256212070354
2024-11-12,148.05862426757812,143.6300048828125,157.40472412109375,183.86886596679688,660.5301513671875,31.685805115201617,36.82017613110149,4.538995576691497,12.860494458492305,142.34794832014626,61.60864346597617,36.3823275221418,36.71641704666467,131.02482719453312,59.81242093604058
2024-11-13,146.04180908203125,139.3000030517578,154.52462768554688,180.10496520996094,664.7054443359375,31.194613376295774,36.484032130035914,4.667167450538963,13.067364453249809,142.5163202101136,60.279432922202915,35.372886703823305,34.90177455597049,128.4204581734866,57.724968340169205
2024-11-14,146.53103637695312,138.83999633789062,157.9441375732422,183.26783752441406,684.0027465820312,31.20115665083056,35.91014085823388,4.578945974504574,12.594828618185751,136.863120330997,58.303933117322025,35.22167482558502,34.607152430307366,122.13353288062902,57.33367025553967
2024-11-15,141.75848388671875,134.89999389648438,154.6016845703125,166.3992919921875,650.1165771484375,31.077261885668353,36.781204657004125,4.590379289031204,12.648370489383115,137.74561527290976,58.03110913513538,35.21691795831344,37.05539309974146,125.64024936737508,57.682389215586916
2024-11-18,139.93133544921875,138.92999267578125,158.45468139648438,168.22213745117188,656.6311645507812,30.848483124954612,35.99577609744025,4.497147126573475,12.707405437534211,137.1339001544979,58.47664832291837,35.239270485770604,39.454296711363476,121.62002221052019,57.1702214442266
2024-11-19,146.7806396484375,139.38999938964844,158.65696716308594,166.82298278808594,653.6008911132812,31.318744286884414,37.32449226614353,4.588955987580301,12.744717242079949,137.519388768161,60.66064356191367,35.64477971929284,39.31270522220223,121.262639438647,57.51212778877294
2024-11-20,145.66238403320312,137.60000610351562,148.6006317138672,167.98565673828125,649.9191284179688,30.978554475747753,37.16784266484901,4.6204417876179384,12.626972873054505,136.6175179117044,61.289114096129445,35.19565773754958,38.54065092298485,121.03093995172989,58.04161645655362
2024-11-21,146.44119262695312,137.49000549316406,149.7469024658203,173.57562255859375,663.4715576171875,30.38796439326149,36.71052719687686,4.555154132141257,12.540552047065574,135.54980700891278,60.063012083719116,34.91514867285036,39.153723855504566,119.28610152076506,57.107227575337994
2024-11-22,141.72854614257812,138.35000610351562,151.0279998779297,172.7163848876953,664.1823120117188,31.258044266511632,37.97690266326913,4.63935123632962,12.468281620533762,139.44195010285617,60.88203908821667,35.491971716950644,38.821039389132096,124.69215752303667,58.93438406603868
2024-11-25,135.8077850341797,141.1300048828125,152.98341369628906,172.39047241210938,675.6224975585938,30.89740920116421,37.03519556992175,4.615554397545831,12.843124625701467,145.05601996889362,59.524237308000544,36.19998986350577,40.02636386834974,124.55590049848864,59.33394181057989
2024-11-26,136.70640563964844,137.72000122070312,151.16287231445312,171.05715942382812,663.2841186523438,30.519076317540623,37.306097946585744,4.619512862745468,12.817970560335267,141.80164168029924,56.87249455562181,35.52422603739707,40.53246991802616,125.33621729347432,57.19152152106272
2024-11-27,135.12884521484375,136.24000549316406,150.65234375,169.200439453125,661.8132934570312,30.14883500165278,36.34966619484728,4.475293521571375,12.536581070530877,140.48057690386074,55.25080841892545,35.13282602673143,39.15013090054183,119.1330895082542,54.297162602584834
2024-11-28,135.12884521484375,136.24000549316406,150.65234375,169.200439453125,661.8132934570312,30.290421302183212,36.484032130035914,4.369895773326845,12.265503636724176,151.61317513406996,53.917680618869454,35.56603154924261,38.78283709674385,114.5949680095893,54.77677433058569
2024-11-29,138.03431701660156,137.17999267578125,152.7040557861328,172.54849243164062,677.73486328125,29.945718489828703,36.39476855753091,4.492649021751815,12.146616192696426,149.02656545819215,54.1726927886489,35.5977369907298,37.74310968174458,113.34708567105027,52.954242339656666
2024-12-02,138.41372680664062,142.05999755859375,157.03868103027344,181.00257873535156,702.2734985351562,31.17134128494116,38.054520573365274,4.5894227787493165,12.493764529723512,152.42287138826808,55.833925963853794,35.84905303136339,37.15037837297658,112.0398323876734,51.08110752915178
2024-12-03,140.0411834716797,141.97999572753906,156.60523986816406,180.89395141601562,708.7782592773438,31.625015303734955,38.021025634663154,4.58273158150143,12.450072837585177,159.34959843464424,58.1666346198203,36.3832606870109,37.11855734235831,116.24397960389229,52.87272227955186
2024-12-04,144.91357421875,143.99000549316406,157.33731079101562,178.91867065429688,710.6141967773438,32.2006278786634,38.315484058445804,4.689775838363253,12.5731027891918,159.2338806758173,58.54429644306578,36.090469250043796,36.49592711286992,117.53917422960342,51.914851447991126
2024-12-05,144.8436737060547,141.36000061035156,155.30389404296875,169.90164184570312,702.3031005859375,32.50227402614129,38.64034852542169,4.696781206751447,12.706338904682623,157.81158278354354,60.14042905646675,35.52888409382705,36.93107007759788,121.11199786385613,52.15717408793804
2024-12-06,142.22760009765625,138.58999633789062,154.4517822265625,170.87940979003906,699.8156127929688,32.19016695880248,38.04555996840873,4.754980746416832,12.613136811614181,154.1039763851277,58.32603322685186,35.44631828269216,37.493448875454085,117.88487187495586,51.07636407138095
2024-12-09,138.6029815673828,130.8699951171875,155.6427764892578,169.73374938964844,697.387451171875,32.427008640428156,38.550869225188215,4.760284182457198,12.483713216934108,153.06179774023872,55.645687721551454,35.61084361587028,36.378704420336994,117.12756828753403,48.67966754691139
2024-12-10,134.8685760498047,127.73999786376953,151.49851989746094,166.0894012451172,696.1537475585938,32.142434470906785,39.29911519358609,4.703278449166497,12.28217503312294,157.03076519184594,55.65124485080888,35.35073193468495,36.72608614214423,117.9706249159836,49.22239806303007
2024-12-11,139.1022491455078,130.14999389648438,154.7616424560547,169.0127716064453,705.1952514648438,31.39045913994726,39.114242581943365,4.621898003018795,12.01720260302731,155.85404666923446,55.22345636026932,34.8620966658974,36.53783979763884,118.33022823518475,55.798326675984285
2024-12-12,137.13519287109375,130.60000610351562,153.2220916748047,166.98812866210938,703.8825073242188,32.00075528789597,40.030217152315686,4.656966603170189,12.03125896111747,156.32616976870423,57.87167482767275,34.49450164409461,37.950461055330145,121.69930345227975,57.99263230533131
2024-12-13,134.04978942871094,126.91000366210938,153.5028839111328,167.25479125976562,709.2915649414062,32.1713180492428,40.92538310589398,4.704327588806038,11.727254194598443,151.1302461554277,61.096392759078,33.43292991099349,38.1206489271763,121.39422275519706,57.49089277285711
2024-12-16,131.80313110351562,126.69000244140625,152.8831787109375,167.31407165527344,713.04248046875,32.74290247221757,40.159802160616785,4.7589536805773855,11.404566185175803,148.9861942729501,61.9044568912096,32.8654007240549,37.60732409986066,123.45293912508316,57.77836431817714
2024-12-17,130.19554138183594,125.0199966430664,152.91221618652344,168.23255920410156,725.6868896484375,32.52248067233378,41.423280656141586,4.696575468685168,11.47771231602267,149.53455771237986,55.88376202444401,32.64864282474664,36.73977535855463,126.96340210269496,59.90731644956228
2024-12-18,128.71775817871094,121.41000366210938,148.1966552734375,163.40306091308594,710.1898803710938,32.81206435221438,41.26164480936217,4.7838624714851665,11.517710574540743,149.6889046097196,56.69207963241077,32.814694428284774,37.08291920739027,126.17146322479192,59.83357095807287
2024-12-19,130.48509216308594,118.87999725341797,145.63067626953125,159.4426727294922,701.0791625976562,32.112660456470216,40.948245120262534,4.747527007443784,11.224013236921897,146.53009505112635,55.838730152466546,32.092489727868674,35.49445885721667,119.0769032035825,57.84918618670341
2024-12-20,134.49911499023438,119.20999908447266,148.04173278808594,161.56605529785156,696.5582885742188,31.107938392933445,40.14210454140688,4.651151850315165,10.886491424413524,142.84891171605048,54.275712280584244,31.063573158879322,35.77389226357236,115.77470479186181,54.905612712399126
2024-12-23,139.46168518066406,124.5999984741211,153.2220916748047,165.38818359375,711.7197875976562,32.474395997515344,40.737166595575786,4.74177988088779,10.566495857528501,145.74597045760964,57.143506190496566,31.667823523155864,35.912262947326305,115.8879607015728,59.32416413947577
2024-12-24,140.01087951660156,126.29000091552734,154.3065643310547,166.28689575195312,710.406982421875,32.48236264142503,40.60266598284135,4.861147272950185,11.336676028709432,145.37513943008545,56.50267898968589,31.916551172746704,36.585239636714945,115.35339944721024,58.064942051502214
2024-12-25,140.01087951660156,126.29000091552734,154.3065643310547,166.28689575195312,710.406982421875,32.62674541064316,40.73966812810571,4.889798824828962,11.36410792409999,145.7979200797501,56.839846762347605,32.02084504481475,36.315395303221784,114.5025792394135,57.63666836127107
2024-12-26,139.7213134765625,125.05999755859375,153.5028839111328,165.47706604003906,706.606689453125,32.5330758159964,40.910812695791314,4.861030209302814,11.257901280355673,146.57340101854092,57.52619085814656,32.29302842102851,35.67849331963569,115.257586777906,55.97823719650229
2024-12-27,136.8056640625,125.19000244140625,152.2537841796875,164.76597595214844,704.3660888671875,32.66940483775165,41.181792184309515,4.859009914610425,11.194381740189293,149.37169265788066,59.51965400462925,32.732220673807646,35.75867424911267,117.48293991253814,56.092242183161304
2024-12-30,137.28494262695312,122.44000244140625,149.67813110351562,161.61544799804688,687.1515502929688,32.582775684953205,40.78537200697955,4.802069541823541,11.017987103384423,148.05964877519787,57.90496662354363,32.50376726512162,35.28597356789929,116.61712210130675,55.40089271786956
2024-12-31,134.0897216796875,120.79000091552734,148.74856567382812,160.61793518066406,684.1212158203125,32.18196898706857,40.70193321088884,4.765057837031606,11.210612404497198,148.887683179341,58.22880438036456,32.685546958525094,35.4160673542548,117.04707092895774,55.605147019859395
2025-01-02,138.10374450683594,120.62999725341797,148.7679443359375,161.84259033203125,691.3662719726562,31.84274994083329,39.59518083498622,4.7150362530579155,11.181925398190517,148.20422372785856,57.96150875286563,32.53550603157502,35.401323295454354,114.75041330201218,58.46133352155185
2025-01-03,144.25454711914062,125.37000274658203,152.8250732421875,167.95599365234375,705.1260375976562,32.07446445654277,39.95132662792062,4.719824627310404,11.231737359691229,148.54044284058105,58.09300140911226,32.60931674151808,36.1100921327462,122.07723695824328,62.70233349925683
2025-01-06,149.2071533203125,129.5500030517578,154.78103637695312,175.28419494628906,758.576171875,33.522953461164086,41.65357366139678,4.860119229065429,11.261108964294564,149.5022091093848,58.70545017646617,32.080152896976216,37.26073268007272,134.65029233803963,67.14829569013584
2025-01-07,139.93099975585938,127.33000183105469,155.42977905273438,175.62002563476562,747.7874755859375,33.85349171135003,43.78838836221292,5.151243827706458,11.43945331663694,166.04190293044633,61.37389910566467,32.19272101680766,37.08129417202375,131.96293351502456,68.64783409979447
2025-01-08,139.90106201171875,121.83999633789062,154.0354461669922,174.80029296875,734.36328125,33.11595050481254,43.21554447958514,5.049962516892461,11.340443253046471,168.21206551030969,63.28053218881803,31.841366290220954,38.55299882686788,132.4469067541991,78.88318696436909
2025-01-09,139.90106201171875,121.83999633789062,154.0354461669922,174.80029296875,734.36328125,32.770033438553284,42.08180365403421,4.85893825148244,10.790491941988856,165.17349030424688,62.03530012864523,31.77671886844667,37.58794409432931,138.8710658096451,78.3501862489733
2025-01-10,135.70733642578125,116.04000091552734,152.00201416015625,169.52635192871094,729.45751953125,32.859165858164516,42.92883779026195,4.945529922325697,10.567180661015867,165.26282077893893,65.2737612902466,31.848586104005914,37.121693675592915,138.11452026315374,76.73066065923993
2025-01-13,133.03131103515625,117.31999969482422,152.14727783203125,168.74612426757812,718.0074462890625,31.854959822480325,40.40461798276532,4.731196740985127,10.054919342978028,165.43135327712147,65.34032647414074,31.881064805230977,35.89632418492104,130.34602649006624,71.81295105281032
2025-01-14,131.5634765625,116.08999633789062,154.47116088867188,171.5015869140625,726.7725830078125,32.340284215685585,40.746759016318336,4.693451466288842,9.97906276013299,159.80869207206007,59.51963069548969,31.143475418953948,36.09113206535195,132.01358220373524,72.19941115669546
2025-01-15,136.03683471679688,119.95999908447266,159.1964111328125,176.173095703125,716.9118041992188,31.696446767027766,41.456911415405436,4.722614726043652,10.113635200735702,156.88304179440652,57.16097940087652,31.271912581284067,35.91905130791536,134.0375428663706,71.37786030737072
2025-01-16,133.3708038330078,118.44000244140625,156.3109130859375,184.1728515625,740.5818481445312,33.04375025807596,42.82798165697852,4.847971944598725,10.325527565420439,164.83966997932097,58.48548288687628,32.015611999928126,36.907181477098206,144.31204720077093,73.28801585499077
2025-01-17,137.504638671875,121.45999908447266,159.3416748046875,189.67396545410156,746.5535888671875,33.44438292393545,41.88792620326508,4.870374506582482,10.310752131778557,165.82466693467143,58.58722410872128,31.72063911377313,36.09502320631212,145.77149755698937,76.55929358267376
2025-01-20,137.504638671875,121.45999908447266,159.3416748046875,189.67396545410156,746.5535888671875,33.3762936327011,42.24113546533685,5.036138084391397,10.378720503470493,164.78589099414566,59.57914692683384,31.992768216859776,35.793381560730644,143.67115511979077,73.36002768104183
2025-01-21,140.61997985839844,122.27999877929688,161.96572875976562,190.4838104248047,753.1373901367188,33.98978072928754,43.61296713689729,5.128706952744549,10.4184990378266,168.30463443635682,60.43290384354927,32.198109804629226,36.4062367398529,149.98601038005378,78.26591434491323
2025-01-22,146.85069274902344,123.75,164.84153747558594,193.0911407470703,756.799560546875,34.161698022641865,43.2542580516759,5.234388002388283,10.242957725043023,170.56040545391943,62.64732924176728,32.282413465630896,37.2030501181842,156.2059411962529,87.47141147760048
2025-01-23,147.00045776367188,123.04000091552734,168.83091735839844,188.34063720703125,736.5940551757812,34.16484184245386,43.2582386381598,5.234869710665627,10.243900360078559,169.463617093745,63.848184609886495,31.835297156231505,36.572652535341575,151.1433321534865,84.05396475761552
2025-01-24,142.40731811523438,122.83999633789062,166.65225219726562,184.43951416015625,722.784912109375,34.1026690282283,43.17951775758387,5.225343350686643,10.225258619631777,167.9470506188626,63.96471604708097,32.06713769524322,36.583107419878935,152.21969165101342,83.18134769985413
2025-01-27,118.24340057373047,115.01000213623047,165.75173950195312,172.41021728515625,681.2290649414062,34.00588334146385,43.05697135874142,5.210513471994227,10.1962386424263,160.1367585008444,58.613562925799066,32.03355554055472,36.74454656184254,152.89142836621522,83.54842218715544
2025-01-28,128.79763793945312,114.16999816894531,166.11001586914062,170.7115020751953,674.5169677734375,33.82710209572269,42.83060526496695,5.183119915411082,10.142633322780199,151.76607044285151,52.36610613984316,31.9497783516264,36.996174369281455,153.93843366348415,84.1205644029956
2025-01-29,123.51551818847656,117.3499984741211,166.26492309570312,173.11141967773438,703.438232421875,33.86950676284031,42.88429646067055,5.189617323141184,10.155347831653335,154.673334173638,54.42178540547725,30.458416934656828,36.346615878325856,151.23566727276386,82.64362177842757
2025-01-30,124.464111328125,118.86000061035156,166.47793579101562,179.47177124023438,727.463623046875,34.02698356262369,43.08368766571159,5.21374652980106,10.202565279737653,157.95740342352673,56.31319999830862,30.597219590369804,36.34510651804849,151.22938693267753,82.64018984957049
2025-01-31,119.89093780517578,115.94999694824219,167.4462127685547,178.1186981201172,729.753662109375,33.79403356021046,42.788735128198894,5.178053026012695,10.132718136156385,164.3570966781435,55.84751528903987,30.665651242645115,35.50607917186667,136.4686986429134,77.65871168177623
2025-02-03,116.48603057861328,114.2699966430664,164.84153747558594,176.587890625,721.6102905273438,31.965931271071153,43.95846223585562,4.725834604492414,9.66145664779111,160.18730704674093,53.09587492277941,28.78178094986481,34.19877053198348,129.42509289889293,71.96453141803438
2025-02-04,118.47306060791016,119.5,167.552734375,176.35084533691406,721.9557495117188,32.555117039405395,43.45493737730337,4.600815232977895,9.570510436499346,161.98773750561725,54.64223942199437,28.516922519364485,35.28374509246488,129.35911418980638,71.9203503055167
2025-02-05,124.64383697509766,112.01000213623047,170.28334045410156,178.43475341796875,732.9912719726562,33.09679418663341,44.60468068050236,4.731344266797304,9.672444219292776,163.47218149022993,54.57708048302885,29.005183115769714,35.634776637243114,135.39636039967638,74.33907979747993
2025-02-06,128.48809814453125,110.16000366210938,163.9507293701172,180.53839111328125,729.575927734375,33.31658367850072,44.69954037859898,4.726727148345928,9.767346913158683,168.3378806935617,55.68327839485453,29.949379408664193,36.53372428116963,139.19923857492515,74.18241077979873
2025-02-07,129.6463623046875,107.55999755859375,162.63385009765625,177.7730255126953,718.293701171875,33.64182999845882,44.73470303090223,4.833281243184614,9.670882925112899,163.0072801522397,56.57179350752842,30.145966366132637,36.37459092289184,139.02476102058787,72.69458129371421
2025-02-10,133.3708038330078,110.4800033569336,165.926025390625,181.38775634765625,734.4620361328125,33.01164202022465,43.37247876014292,4.887290969860802,9.60202992526875,163.16555122661893,56.583775173269956,30.577859812192862,37.44168454372663,134.87682251973519,67.9066485496377
2025-02-11,132.6019744873047,111.0999984741211,166.53604125976562,180.93345642089844,744.8184814453125,33.12318183100231,44.20116332637569,4.911034073950954,9.412912846163765,163.25907997423604,56.61620977473834,30.59538746378075,37.442176431888726,135.72387098334977,67.85368328599067
2025-02-12,130.94444274902344,111.72000122070312,164.88995361328125,178.65203857421875,747.973876953125,32.886915369218585,43.551643248176454,4.861580884148596,9.400982511372003,162.30650626684394,58.17251655685375,29.75202457006826,37.57300372652077,135.40937876960194,67.2188253920386
2025-02-13,135.08822631835938,111.80999755859375,166.6909637451172,181.99021911621094,768.5682373046875,32.53586651079287,44.50688085883689,5.000453386998254,9.935454642665446,158.8317082879294,59.40486065443392,30.21338543607957,37.5375556700127,141.8110573282076,67.90461447336688
2025-02-14,138.64292907714844,113.0999984741211,166.76844787597656,167.1066436767578,743.4039916992188,31.873697777928527,44.392618631435084,5.170275927042464,10.023678157827485,156.8294193054717,59.0324310485028,30.0264071834369,38.02244090058864,144.15958245256851,69.08604754831897
2025-02-17,138.64292907714844,113.0999984741211,166.76844787597656,167.1066436767578,743.4039916992188,32.575304286490876,45.502451283506545,5.250827361464616,10.33690249928034,157.60344451192762,60.205131818505286,29.71369266160252,38.185402193397174,146.15626994155264,69.65829292938847
2025-02-18,139.19210815429688,114.27999877929688,168.13369750976562,169.8720245361328,736.1533813476562,32.984147241393266,45.151131016106085,5.273690816914104,10.63721117226484,160.37582863695982,62.36472016116015,29.520190661311588,38.56516074127928,143.90452346767796,67.52278266337191
2025-02-19,139.02236938476562,114.69000244140625,169.6636199951172,171.90652465820312,736.7271118164062,32.669606696066964,45.277854229319495,5.403841499554892,10.692082672122059,165.49159009536052,62.79934960002812,29.71892878843421,39.81858171496724,149.8550581984524,73.48586110102156
2025-02-20,139.90106201171875,114.16999816894531,168.1918182373047,174.2327880859375,735.0357666015625,32.345277264562185,44.06826852061108,5.282026788689013,11.071375151149434,161.06077986719748,62.96317245579724,29.653618427757475,39.617827803188725,145.40720814871355,74.10911406578121
2025-02-21,134.22952270507812,110.83999633789062,160.18405151367188,170.2434844970703,729.219482421875,32.84757685565307,44.43384169051633,5.334784382251744,11.193764736850948,164.6636433278596,64.05938149248902,30.389392216984287,39.710490851078305,144.523539014328,73.15610079595952
2025-02-24,130.08572387695312,108.11000061035156,155.9913787841797,166.867919921875,727.9830322265625,32.169202950212686,45.353199448973925,5.174799694339994,11.479206098766825,164.68680334856418,64.06839147533469,30.393666499629322,39.025808309724226,141.16380804146215,69.57621264331425
2025-02-25,126.44114685058594,103.95999908447266,156.10755920410156,163.86851501464844,722.2755126953125,31.64147582311308,45.601968261893624,5.201133453802658,11.549703862445652,156.06895208434324,59.68641449100325,30.180550867704657,39.11149937100018,138.61015844745944,69.3662930434235
2025-02-26,131.084228515625,104.73999786376953,156.9596710205078,166.8085174560547,738.8341064453125,31.715194233200876,45.78611334008718,5.159263951046449,11.35825925341877,148.7554802591122,60.467774332301325,30.105690331276147,38.67822829223505,140.25502798181182,69.463421432319
2025-02-27,119.97081756591797,99.51000213623047,149.54257202148438,155.05838012695312,690.1376953125,31.143396703316544,44.50337746111229,5.031272658656459,11.263676320965091,150.35901551396023,59.41006825027088,30.14121582117,38.341255112750495,138.0442379558308,68.9493652713282
2025-02-28,124.73370361328125,99.86000061035156,152.18600463867188,156.4739532470703,701.3943481445312,31.00008985524957,44.29859444360644,5.008121175427244,11.211846330595666,142.5462457937425,53.7707820806157,29.013982239782667,36.72017292213949,130.40364804892175,63.781121106033524
2025-03-03,113.88990020751953,98.2300033569336,148.74856567382812,150.5939178466797,692.2742309570312,30.40088812137659,42.97848605725489,4.846555144491301,10.884483937115515,143.46327956240546,53.579194180951426,29.221381635409145,36.4701380971582,129.51570415535758,63.34682300273558
2025-03-04,115.8170166015625,100.75,149.56192016601562,151.32644653320312,700.5436401367188,29.819379820145336,44.02331810187125,4.804979291614067,10.963992415353573,145.32505223379977,51.76214172682428,28.98913218104883,36.516916047850174,126.88637061437386,61.189438854031316
2025-03-05,117.12506866455078,101.66999816894531,153.46414184570312,153.75172424316406,731.73193359375,30.503042936107647,44.14963801157619,4.8775325231244535,11.903060616776163,142.16825667777672,51.438841538450724,28.951748594587862,36.3084148906879,132.11946783946928,61.94799334921167
2025-03-06,110.40510559082031,98.8499984741211,151.90650939941406,150.00985717773438,707.0919799804688,30.04869344029013,43.847861957255425,4.876595431913895,12.198293398981138,141.37334107111582,51.31624004847626,29.907822760783542,36.75858243026022,132.53634227431124,60.31083344288133
2025-03-07,112.5219497680664,100.30999755859375,156.9492950439453,154.10804748535156,724.283447265625,29.99675230780144,42.89369630304797,4.765523798046811,12.013855922231855,137.78789801292055,50.38207385926366,29.00098759520259,36.26520372450743,132.21840433805738,60.23507712582095
2025-03-10,106.8204574584961,96.62999725341797,150.87460327148438,148.47552490234375,675.7057495117188,29.815859133118842,40.882614999579914,4.725978487231449,11.831928343606533,140.61179299866296,52.444762559855974,29.447132092393783,36.27122151846062,129.1474099496597,60.24507244490563
2025-03-11,108.5978012084961,96.76000213623047,149.04441833496094,145.5058135986328,682.7288208007812,28.97426327639209,40.54064320568928,4.573691395627234,11.624670169231301,140.43710964386509,53.529006836672885,29.159755534007296,35.93606764080734,128.12455774510536,58.91028528006475
2025-03-12,115.57803344726562,100.79000091552734,148.7523651123047,147.55491638183594,695.7462768554688,29.479564628168347,41.26966018941411,4.661335025618129,12.17316873635372,139.28558213438953,50.70664077119125,29.13827332507325,36.96010450622525,136.2594699512634,62.108566542461205
2025-03-13,115.41825103759766,98.11000061035156,147.91513061523438,148.43594360351562,687.0614013671875,28.760484612613983,40.63791136503038,4.612098343776145,11.7144449304322,138.96518167578807,52.48224476525254,29.0263545173079,36.88316706212252,137.0218830888697,62.61875
2025-03-14,121.49972534179688,100.97000122070312,152.43222045898438,154.08828735351562,706.260986328125,28.527830707617316,40.85317481071379,4.5303411016390225,11.514773789153747,140.3203742249628,55.387136078785595,28.947018694127653,36.76946457161193,139.88277594192624,60.230519636518196
2025-03-17,119.36272430419922,104.58999633789062,153.76593017578125,153.89028930664062,722.4140014648438,28.89221006254755,41.636244051193366,4.60933899934344,11.425864751447426,142.79694725655924,56.650105421573855,28.937962332876282,38.83053637140038,141.31529664251684,59.92267900458089
2025-03-18,115.2684555053711,103.51000213623047,152.14988708496094,151.9599609375,723.185546875,29.029989502649688,43.05740716026013,4.692802896708457,11.29687777618686,144.4766641517791,57.9108128112582,28.968285245046275,39.00712726322469,139.89060460808685,61.09362692921091
2025-03-19,117.35552978515625,106.2300033569336,154.0677032470703,152.90040588378906,726.9442749023438,28.44227273111086,42.73593035937797,4.616512627267142,11.141112412653397,143.56538158306623,55.08282599005195,29.32368273332567,39.440258890777166,140.98298291214383,60.89047454884346
2025-03-20,118.3641128540039,107.13999938964844,153.76593017578125,152.8212127685547,726.1035766601562,29.4067016605104,43.28771927837305,4.744528566162834,11.23646966804009,144.49546783461977,55.43967928285235,29.513655788490112,40.74244499715035,144.62417754832842,62.43688297888805
2025-03-21,117.5352783203125,106.44000244140625,152.66586303710938,150.5840301513672,708.4569091796875,29.03266788267441,43.16289465659307,4.703012677881029,11.123583985656767,145.4656012335513,54.16278322067094,29.133968079107966,41.1186458490954,146.14096655753661,61.41346237844663
2025-03-24,121.24009704589844,113.8499984741211,155.83949279785156,153.3854522705078,719.9510498046875,29.043499466347253,43.17899798223039,4.690156333762832,10.802188473702245,143.28499682747844,53.15407689409324,28.696982597618245,40.34755778543033,143.53019022994167,59.211125017271584
2025-03-25,120.52110290527344,114.80999755859375,155.90765380859375,152.08868408203125,718.8628540039062,29.548812914316326,44.442945999833135,4.684998834026639,10.938121597270259,143.0117060557376,50.96777704967805,28.61029366595403,39.840198260293896,141.01155508253464,57.92713960840128
2025-03-26,113.60079956054688,110.19000244140625,154.19427490234375,149.15855407714844,698.1102294921875,29.220242773929893,44.10609206652901,4.709338171896355,11.148357651783922,146.1179276986764,51.57262486691171,28.922593927032356,41.023109360338324,145.49395384206025,57.95638784611838
2025-03-27,111.27406311035156,106.6500015258789,153.78541564941406,146.1888427734375,683.144287109375,28.52698470086069,43.17625552919822,4.557580212572078,10.676653041197369,143.1693138062865,47.56908832103842,29.111832104146682,41.189223052738804,140.3900996189592,54.345559880771404
2025-03-28,109.51652526855469,103.22000122070312,148.6744842529297,143.59530639648438,667.2682495117188,28.32871276406387,42.56530085697449,4.379817176471537,10.271382282511833,139.9662715891882,46.30153888731932,28.643186580009992,40.46585469049549,135.51828532917582,52.167880183065805
2025-03-31,108.22832489013672,102.73999786376953,149.5408935546875,143.65469360351562,655.4478149414062,27.01820918038802,40.29564876340572,4.152224196036121,9.380847404516466,131.8402480291271,43.11174079324447,27.758114489102834,38.653762558664006,129.00690921225808,46.26982405762304
2025-04-01,109.995849609375,102.77999877929688,148.99571228027344,144.1892547607422,660.1067504882812,27.98273332284378,42.257055343641326,4.334000693871335,9.688763014247774,132.49595417589427,41.770126674631626,27.696768287432345,39.25439017254179,133.0379469868711,47.205571334457204
2025-04-02,110.26547241210938,102.95999908447266,149.99844360351562,146.25814819335938,661.7587280273438,27.953391149777953,41.578009806415324,4.324137435033475,9.69915182480712,135.16493535824887,42.870999805525145,27.66189165865863,39.30753129423582,133.8266602690551,45.438375073098356
2025-04-03,101.65753936767578,93.80000305175781,135.72677612304688,134.14170837402344,616.4649047851562,27.903806669254717,41.504257609181195,4.3164671632128435,9.6819472072288,131.87040306414065,41.46373184270379,27.29005311043646,38.60855501340572,131.94784792419523,45.69618011956902
2025-04-04,94.17801666259766,85.76000213623047,124.08361053466797,125.66816711425781,598.9864501953125,28.099286919073485,41.795015882493225,4.346706194374462,9.749774134258315,127.1791000997037,38.53491001883988,26.107870123270512,38.00127213370009,124.84812694342656,45.01177190688197
2025-04-07,97.50334930419922,83.63999938964844,126.28373718261719,131.50860595703125,609.1649169921875,25.195098322280824,37.56800773004653,3.908157844789408,8.740028642583123,115.06227415375166,34.497549232790305,23.925333253874133,35.843148204130564,112.31820033752376,41.14722456846205
2025-04-08,96.16523742675781,78.20999908447266,121.3577880859375,127.65788269042969,588.916748046875,24.37842701463819,36.75481690838103,3.7252486977381967,8.388895308387509,123.11719415621289,37.960081358732126,25.73312931702029,35.76499319455598,114.6231840177116,41.50547084620859
2025-04-09,114.16999816894531,96.83999633789062,139.78631591796875,148.2181396484375,679.8108520507812,23.380964763575072,34.461908320741905,3.3498101397997004,7.773373953387646,117.15842545242788,35.46613227861861,24.603931033140693,35.04499195318167,110.36527092926397,41.05358524711367
2025-04-10,107.4194564819336,88.69999694824219,130.8397674560547,136.84417724609375,642.509521484375,26.092711092121704,38.37779082323952,3.7404901802985564,8.669482691514174,130.86283156387807,39.913171312329965,27.01844245218475,38.382554905224,126.11845322423048,45.428692150488494
2025-04-11,110.7747573852539,93.4000015258789,135.56129455566406,143.4765167236328,661.560791015625,26.716329956536168,40.63993432255945,3.9530009778082666,8.899845160966043,134.01690571187427,39.04827918127958,26.40215366256279,37.35660429258674,123.77276851197365,47.16660355951251
2025-04-14,110.55506134033203,94.5,135.5028839111328,143.07066345214844,665.5767822265625,26.335900825885155,41.61868209173945,3.9452778003051567,9.061765044255297,135.87337889435156,40.983337299454696,26.91641741691135,38.91755133697117,126.22994483029385,47.70111222003744
2025-04-15,112.04297637939453,95.29000091552734,134.92849731445312,143.98138427734375,675.7552490234375,26.705548045004203,41.179384308749405,4.035252891929054,9.183862423414089,136.90615824560726,40.38163626738216,26.87562404573301,39.18432726696995,126.47717294170937,47.477979192955836
2025-04-16,104.3437728881836,88.29000091552734,132.14427185058594,136.794677734375,628.0479736328125,25.91771666485344,40.40093752541596,3.957687188502298,8.887068700342423,134.88921224573747,37.7478500049555,26.451740979654733,37.6672733313556,121.20610004253155,45.199192345554565
2025-04-17,101.34796905517578,87.5,133.03990173339844,136.07205200195312,633.2213745117188,25.774490486937417,39.81435802555824,3.853950113502644,8.800872959508986,136.9094199116197,39.40829077967139,26.671452759817804,38.28586324202624,123.0051551214756,47.93418459070628
2025-04-18,101.34796905517578,87.5,133.03990173339844,136.07205200195312,633.2213745117188,25.865782711122694,40.557159667611856,3.8390698862428763,8.559753475179043,134.8706302378579,38.51647769317994,26.250068995041925,38.4248357325082,123.0051551214756,51.59973939550668
2025-04-21,96.77438354492188,85.55999755859375,132.53367614746094,134.19122314453125,617.9190063476562,25.40932724530002,39.962917599955134,3.82418989461243,8.213143686288777,134.28318446495058,38.172391597688645,26.01520180901936,38.49431921564538,124.12977330378342,52.93907800284704
2025-04-22,98.7516098022461,86.26000213623047,135.0648193359375,136.90354919433594,631.7672729492188,24.783847902231734,38.55228478374395,3.7872007520129385,8.347909933891957,133.54525483484883,38.13908724119816,25.924129781368976,38.0171839868797,121.52494089210313,52.522894451564156
2025-04-23,102.5662612915039,90.38999938964844,136.7392578125,142.1302490234375,650.8482055664062,26.406809061603887,40.46228504736049,4.0675603415585995,8.688321571186421,135.08028327056599,38.82121237689148,26.014056590164195,38.29684604852851,125.8881399911344,59.70780950396176
2025-04-24,106.28104400634766,94.47000122070312,143.31044006347656,148.65371704101562,667.6837158203125,26.167351486431375,39.33017005308692,3.9245648418121455,8.594227345778362,139.60944925579008,39.900921591478955,26.854710548809468,38.37121459644184,124.2510623870072,58.21634545031021
2025-04-25,110.85466003417969,96.6500015258789,144.62464904785156,150.01979064941406,669.9291381835938,26.974815584234744,40.931042228687545,4.084866181696896,8.84563598947076,145.88391833244017,41.85244878156305,27.76338544155217,38.274348590172714,128.17752750905416,57.511690771837806
2025-04-28,108.57783508300781,96.38999938964844,143.7095489501953,149.26744079589844,667.5289306640625,27.178326035486926,39.93854160300334,4.05957351265933,9.003009034611464,144.5672971127738,39.56319772087219,29.397585003719197,38.14833255243187,125.8667813517502,52.64203502158371
2025-04-29,108.867431640625,96.05999755859375,142.98916625976562,148.0399627685547,660.9306030273438,27.40829022188158,40.646592366934875,4.115804996438342,9.254580715519712,146.25825365857114,40.02595554712245,29.741438971977974,38.187652542194925,125.16576246889646,53.598865365341666
2025-04-30,108.76756286621094,97.3499984741211,144.52731323242188,149.18824768066406,662.8853759765625,27.679553968280196,40.182336709571885,4.039634884703538,9.314609568815547,146.30619469387148,41.0635110024366,29.833278699405845,38.1076082583316,123.28647227501251,53.00940194538361
2025-05-01,111.45380401611328,96.6500015258789,131.62831115722656,147.4559326171875,661.5358276367188,27.92988969747161,40.54574843840006,4.076169611588524,9.39885151798911,145.47695096944827,43.67514183912103,30.26789887324671,38.30594271290606,123.92812774363476,53.28529411764706
2025-05-02,114.33976745605469,98.80000305175781,136.1064453125,153.53392028808594,684.9623413085938,29.149366769214467,38.94727581097483,4.171093304797191,9.512311616380547,142.56539684937601,43.42241357605056,30.52204345746154,37.18130006288522,128.83565606605933,53.002802317966506
2025-05-05,113.66072082519531,100.58999633789062,135.7462615966797,153.0488739013672,678.0465087890625,30.10031720915578,40.57571747264363,4.205355035217025,9.678136322908285,143.37767298391088,43.669815758004944,30.695944895157012,38.14345691705144,132.16959300035978,54.37437914432805
2025-05-06,113.38111877441406,98.62000274658203,136.19406127929688,151.48483276367188,674.7026977539062,31.08620784161,42.229709924714676,4.510681741087494,10.274353918352135,144.34579307322346,43.96468472227282,30.9032112030484,38.82424893010727,134.5285822099419,55.3448638887189
2025-05-07,116.89618682861328,100.36000061035156,140.47752380371094,154.23675537109375,694.9441528320312,30.501314254417665,40.917485997235076,4.355514473086798,9.733701107394234,150.21656246646288,44.245530855642166,29.844277679550395,39.027388458794064,137.9601318260263,56.34396946364254
2025-05-08,117.20575714111328,101.69999694824219,141.25633239746094,154.42483520507812,702.5247192382812,29.762501459976193,40.83613478261716,4.359724828457113,9.826172928084318,152.43605715065826,45.63749558061796,29.8528090403717,38.398386944594904,135.38093896877675,56.00664232173746
2025-05-09,116.48675537109375,102.83999633789062,141.3341827392578,154.0387725830078,700.7188720703125,30.89125881799833,42.11273464802961,4.377253645995101,10.059124973778603,151.51730247305977,45.69736005130606,29.779066862056638,38.35895550557249,134.60670889788554,54.96379471944262
2025-05-12,122.82787322998047,108.12000274658203,148.09036254882812,166.2937774658203,744.3668823242188,31.17494460936478,41.82612836249612,4.523886472451298,10.373157226794973,153.9818058620114,49.89621549330337,30.217236931812533,40.569741119110965,138.93534937996276,59.30719725461892
2025-05-13,129.7481689453125,112.45999908447266,147.33103942871094,171.28289794921875,757.9603271484375,31.4134937141734,42.89038451714738,4.5971642583643355,10.483634434403628,158.72951396162247,48.03437162924897,31.136188938607216,39.48632384601605,139.34563907022326,57.025488878647614
2025-05-14,135.1505889892578,117.72000122070312,148.92758178710938,172.38168334960938,762.9312744140625,32.352090109358,43.00351654287237,4.750701346371887,10.697170202956945,161.06686911322925,50.63993682508834,30.76957281948038,39.8341498940678,144.61365642655366,58.9979917019774
2025-05-15,134.64129638671875,114.98999786376953,148.56739807128906,172.9855194091797,752.4633178710938,32.24819464904848,43.44150696864933,4.779937763492849,10.646831051061936,161.3957752349583,50.37905018638302,31.06075859647852,40.00972655808512,141.61972936235514,58.0155514250471
2025-05-16,135.21051025390625,117.16999816894531,148.4602813720703,163.89820861816406,742.2830810546875,32.59611603194599,43.53075037765086,4.6955047850949745,10.901881084427634,158.06556627371108,49.77960270752248,31.571484289776247,39.95329343954434,145.51104558845785,65.2942504221283
2025-05-19,135.38027954101562,114.73999786376953,149.62850952148438,164.2644805908203,743.30517578125,32.10097417337607,41.727521574076334,4.530447093915128,10.501290791248499,155.7079118905721,48.46765417837171,30.85719782614403,39.21873254078825,141.76951932779212,61.10682752256716
2025-05-20,134.1919403076172,113.51000213623047,149.74534606933594,164.05661010742188,742.9380493164062,31.965353926373425,41.96570862243604,4.602912696239899,10.634380677960461,157.94926262082572,50.012419217095484,30.952998405865774,39.560080956469285,144.60893949732932,61.31303009880789
2025-05-21,131.61553955078125,112.05999755859375,147.3018341064453,160.59193420410156,731.4381103515625,32.35702964497512,42.762831278005166,4.618818332509456,10.731320921032843,157.97772374157915,48.406693534404376,31.023826580453086,39.30023619444023,143.1043276837624,60.2700617148691
2025-05-22,132.6441192626953,110.70999908447266,143.46620178222656,159.35104370117188,734.940673828125,32.22833520761804,42.45906542516826,4.6539740500565845,10.418150132142312,154.75224792615066,47.03280541353435,31.079281376922168,39.124767951695745,142.46511805197864,58.920987846724124
2025-05-23,131.10626220703125,110.30999755859375,141.52891540527344,156.36294555664062,726.7944946289062,32.26731890966607,42.10383940968547,4.569958324099777,10.44203140829096,155.1528333311059,47.21389564014299,30.941172552296496,38.55720865183325,143.92449445414906,56.581173260331866
2025-05-26,131.10626220703125,110.30999755859375,141.52891540527344,156.36294555664062,726.7944946289062,32.08549788853012,41.08630928251262,4.6296809318850345,10.25665428977953,160.34845836752845,49.53653065086877,31.5606846231501,39.386511540207806,147.86133503544048,61.214421494064155
2025-05-27,135.31036376953125,114.55999755859375,144.6928253173828,160.65150451660156,750.9055786132812,31.783792937499154,41.16390764747633,4.55789681202769,10.488071595674493,159.4866261106223,49.88960447053483,31.600715282149885,38.71487270772408,147.13381274551136,59.970609258552884
2025-05-28,134.621337890625,112.86000061035156,143.69009399414062,160.41323852539062,740.7055053710938,31.796736193749467,41.095496711209954,4.566400713931758,10.405504454594265,157.59891219864906,50.15097815761266,31.137920816054216,39.95573930228846,150.3935178073658,61.201121398868196
2025-05-29,138.99522399902344,113.02999877929688,144.41049194335938,158.318603515625,741.2611694335938,31.812447834493856,40.47337093007157,4.43996258922029,10.264017037876823,162.58609050585338,52.281883905354185,31.297571037825293,40.133727780887696,153.69670983354766,60.4562497095098
2025-05-30,134.94088745117188,110.7300033569336,141.35369873046875,155.60848999023438,731.0411987304688,31.918916547801224,40.60882569760644,4.4548220903333915,10.29836826708977,156.90950609596973,51.06615948017453,31.64688850893178,40.298853443566365,148.60442854382782,58.48735360287836
2025-06-02,137.187744140625,114.62999725341797,142.7458038330078,156.12469482421875,740.725341796875,31.20389691416395,40.58041171937411,4.33879941436716,9.572415362562573,154.17615251255694,49.13376721209202,31.264018266196715,40.387811182180926,149.520992977638,57.70873247169794
2025-06-03,141.02236938476562,117.30999755859375,144.99459838867188,160.56214904785156,741.439697265625,31.21430567723586,40.90424934973211,4.289838265938735,9.34002748508426,154.23976047303833,50.91219608442143,31.50809566767862,40.561565152826304,150.16425304705635,57.95700345035136
2025-06-04,141.72137451171875,118.58000183105469,145.10169982910156,160.75076293945312,737.0045776367188,32.55182352071784,40.93346153420184,4.501919894146446,9.525815743373874,153.43653372162865,51.39201285906479,31.197890373332548,41.22624899856304,157.2125764711532,59.913657305390736
2025-06-05,139.79409790039062,115.69000244140625,144.51406860351562,162.9943084716797,741.9457397460938,32.84106088131841,40.0022285313549,4.4894225342970175,9.794163431535694,160.46578499829593,54.156985547703016,31.06162228177553,42.66851490966542,164.25496246698108,60.57245057846831
2025-06-06,141.52166748046875,116.19000244140625,146.15939331054688,165.52574157714844,747.1648559570312,32.73873304526043,41.12225858395444,4.472838117241183,9.825673324920999,161.61028849380722,55.05254641433571,30.9068320129042,42.87452320439808,165.0480035369794,60.864901048747555
2025-06-09,142.43040466308594,121.7300033569336,152.20204162597656,168.55352783203125,764.2113037109375,33.0982684571366,41.3209746510326,4.509172967553263,9.80211840356161,161.7166668301262,57.26727922864815,30.7088358527721,43.2342506397243,167.78159957839088,61.243894912418035
2025-06-10,143.758544921875,123.23999786376953,155.8452606201172,172.5045623779297,778.866455078125,34.42010078652358,42.93439286238496,4.59029221001558,9.868643409107921,161.10520003382396,57.25815108524368,31.161469645047866,42.96927589766561,169.5467124417949,61.043645152951484
2025-06-11,142.6400146484375,121.13999938964844,156.18801879882812,171.5316619873047,777.9932861328125,35.10808817035336,42.32640919257157,4.690834536876933,10.350301383653964,168.49412443164596,57.39493724414916,31.625345826946884,43.15762677656348,175.23628528122273,62.71444427389296
2025-06-12,144.80712890625,118.5,155.42413330078125,173.7255859375,780.0968627929688,34.689431180438085,41.473739187078856,4.687480415403019,10.345826757142678,170.05232999608063,57.38504424321792,30.975930978379107,42.812617964034175,171.7227262862571,64.237259884309
2025-06-13,141.78115844726562,116.16000366210938,151.52627563476562,169.34768676757812,755.082763671875,34.51841029559472,40.72984735887783,4.6833446729098505,9.88284585213106,163.03055998905413,59.18837316804275,30.358883427557462,42.44330824021387,173.7455405752486,64.10766720807996
2025-06-16,144.49752807617188,126.38999938964844,153.6319122314453,175.26429748535156,769.2022094726562,34.37436383731534,40.920766712153,4.735539074402243,9.889612186655516,163.47924653939555,64.48471971423089,30.16989165053857,41.1742535495345,180.91036943093437,63.8980072567605
2025-06-17,143.92828369140625,127.0999984741211,151.27163696289062,172.8222198486328,753.95166015625,35.6492080310789,42.28953862152579,4.916838084739152,10.04327054437461,167.5366339974022,65.76363421669674,30.341735125925677,42.04879899494144,182.62444783004196,63.87726403842727
2025-06-18,145.28648376464844,126.79000091552734,150.4587860107422,171.58131408691406,755.7178344726562,35.21085996768191,41.69812551375584,4.810348478047487,9.825751905010025,166.8922096168908,66.24563147700276,30.476462214829247,42.5668660584933,177.8154427743571,63.187052924664975
2025-06-19,145.28648376464844,126.79000091552734,150.4587860107422,171.58131408691406,755.7178344726562,34.66660141335825,41.19558644011286,4.762274428168923,9.513945796323549,162.40332193270766,64.8429205293475,29.96301279262416,42.439506200984866,178.71698887470362,67.27286613167973
2025-06-20,143.6586456298828,128.24000549316406,148.19647216796875,168.22592163085938,750.6475830078125,35.30111575955384,40.66635096070802,4.708628899169614,9.471420247243948,162.0078816796079,67.47070460282313,29.76021347888049,42.526137433400876,186.1461851662673,67.43284277266852
2025-06-23,143.9782257080078,129.5800018310547,149.9788818359375,170.70773315429688,773.6572265625,34.174248979481646,40.8819675896056,4.796305402589209,9.35152680240339,159.0150358929664,66.18180482474264,29.300681962187788,41.618111477820335,188.70083355483854,65.8070460582859
2025-06-24,147.70326232910156,138.42999267578125,152.495849609375,178.86785888671875,807.03564453125,35.012329738321995,41.17415731275956,4.854713591431108,9.81687772012133,165.15185793707914,67.36098579427257,29.662451454937646,43.652017224683455,203.63677873609888,67.92763510516974
2025-06-25,154.10475158691406,143.39999389648438,152.71128845214844,181.73680114746094,808.901123046875,35.94061016302991,42.292239685149326,5.004765959827325,10.037869723179627,171.67149050590206,70.0604583078857,30.429285691578713,44.49582738436918,210.38118275235917,71.79810148919321
2025-06-26,154.8137969970703,143.67999267578125,154.92466735839844,182.1835479736328,791.8844604492188,36.251553504425424,42.295785266471334,5.008165185717835,10.576513205031382,178.57114079408166,73.59383111272669,31.008759187269234,43.592719121257126,215.01419456515774,76.18083997268995
2025-06-27,157.5401611328125,143.80999755859375,155.26742553710938,181.87579345703125,789.7610473632812,37.08098239936633,42.89630123017003,5.015444103348261,10.717623189081063,186.5244900537465,72.90853605937401,32.104024754219964,44.43707300522207,209.067525250839,75.83174806281646
2025-06-30,157.7798614501953,141.89999389648438,155.97254943847656,181.73680114746094,795.1587524414062,36.049057047327224,41.3320815654275,4.885069311261276,10.112828114614512,187.87284979325452,73.4805699801902,32.37400647403365,43.35907529535978,213.2495204121488,74.57149146651874
2025-07-01,153.0961151123047,136.11000061035156,156.1096649169922,182.42178344726562,784.3236083984375,36.75827455303353,41.99763150384616,4.8004179545435255,10.274667448589959,184.6486916437546,74.60933266992619,32.28315897673586,44.13754287170931,210.83572024471636,71.48781053021877
2025-07-02,157.04083251953125,138.52000427246094,158.9694061279297,188.62628173828125,793.372802734375,36.733999795990144,42.62824998764911,4.841595873962632,10.084228922032406,181.84374812792475,72.45341340433005,32.63940119980936,44.34430530483,204.9579939402033,69.05477563110576
2025-07-03,159.12806701660156,137.91000366210938,158.86167907714844,189.65870666503906,788.3223266601562,37.23170077853506,43.00762772222415,4.970985394887562,10.342416758062337,184.86451969568748,73.11993127878445,32.939085616598554,46.56119671526112,204.71752168296734,70.12779687211663
2025-07-04,159.12806701660156,137.91000366210938,158.86167907714844,189.65870666503906,788.3223266601562,37.12627458719604,43.76195512017798,5.083497148485158,10.343782874473918,184.23491037642324,73.53453450159672,33.02827878015752,46.11630293982485,198.49263031170253,69.27177676936518
2025-07-07,158.02952575683594,134.8000030517578,154.8267059326172,189.3906707763672,778.9855346679688,36.97577506788178,43.44690834424301,4.982526716641873,10.096294545692851,184.1301017199797,73.69714971381191,32.73108372375782,44.78235333863481,198.115027839954,69.01242837486969
2025-07-08,159.78717041015625,137.82000732421875,156.15863037109375,193.57000732421875,787.9254150390625,36.76296280597035,42.85937714175067,4.919448291917651,9.920681546605708,183.31201280846355,74.83743948705902,32.17641340847331,44.161314605537264,204.29093945138868,69.62074996374672
2025-07-09,162.66336059570312,138.41000366210938,156.0607147216797,193.9670867919922,793.6109619140625,37.05390208959692,45.666961305272835,5.033136325847189,10.309790706112373,181.51622918618406,74.51940212155243,31.539429769399003,43.57966622059885,204.21125120685068,68.82273481319046
2025-07-10,163.88174438476562,144.16000366210938,155.80606079101562,196.58787536621094,795.8533325195312,37.26773242627127,47.02444190383242,5.13600118494168,10.3084346243825,179.6433636840315,76.70181574725345,31.201544488475914,43.926028769118716,215.41448925710125,70.79303418608886
2025-07-11,164.7006378173828,146.4199981689453,154.209716796875,196.4886016845703,795.694580078125,37.22007018896859,47.63521877535995,5.129432679392064,10.612282978190231,181.03893198485886,77.15561674870374,31.466024138610827,45.09000399922915,213.65725672445436,69.28643133673945
2025-07-14,163.85177612304688,146.24000549316406,151.1051483154297,195.6646728515625,800.4572143554688,37.08893397601532,46.50882771476281,5.083353415785101,10.406042037669696,176.37167818711558,77.91372348332794,30.997965114923925,44.837338348758976,216.774116563119,64.81293261301249
2025-07-15,170.47293090820312,155.61000061035156,151.1149444580078,197.8386993408203,816.62060546875,37.426482379085975,46.632164914575824,5.128449802571304,10.30896212925574,181.91770236050127,79.0341271258021,30.761046520451753,45.571243057190856,215.09094843706083,65.8591410657986
2025-07-16,171.14205932617188,160.0800018310547,150.8896942138672,193.39132690429688,748.5836791992188,38.0463810992698,47.066224259512765,5.138134200355819,10.92068784776154,183.89770402723258,79.02178814448487,30.40909219124726,46.13841943658445,212.60646192158023,65.50442682639716
2025-07-17,172.7698974609375,160.41000366210938,149.4598388671875,191.11801147460938,739.117919921875,38.029688624239206,46.3782627771311,5.1528861193916855,11.99902404157204,184.04424546562848,78.82044698065111,30.88280219907676,47.6171893737167,193.78627753516554,63.56125625977005
2025-07-18,172.18067932128906,156.99000549316406,151.60462951660156,189.05316162109375,728.8682861328125,38.8681385168216,47.04205265460735,5.2375251406921945,11.72736367914752,184.02859041589508,75.0960714081964,30.916960474574424,47.673486860278445,192.50104356883435,62.89886290339771
2025-07-21,171.1520538330078,157.0,155.6885528564453,191.20733642578125,714.0840454101562,38.73308266893504,47.583279970898296,5.190959175351223,11.822108480468765,184.04223046774047,75.10163746891054,30.919252014942266,48.205818541446824,195.14732122909712,63.58977027619334
2025-07-22,166.80783081054688,154.72000122070312,154.72877502441406,185.77719116210938,699.9944458007812,38.11706965760498,47.822516228680534,5.147680635224569,11.314158150974032,182.88943994759742,76.70409072069674,31.506077678851284,47.223164154991544,193.50035941228649,62.477392980431134
2025-07-23,170.55284118652344,158.64999389648438,156.57977294921875,185.6481170654297,711.3555297851562,38.53712699280107,47.716130159042606,5.221265999647193,11.509014377810475,187.24203140596248,77.47149922107774,32.81557287325533,47.57960633656541,194.14731918283368,62.20850633070864
2025-07-24,173.5089111328125,162.1199951171875,155.5612335205078,186.75003051757812,719.4421997070312,38.754370613173755,47.98511816294494,5.319112632885195,11.863240761159616,187.79986504194292,77.19155119189317,33.51627128738142,47.50160989713969,195.36623600414947,61.394381168406596
2025-07-25,173.26922607421875,166.47000122070312,155.13031005859375,184.33775329589844,705.7196655273438,38.54761573639483,47.729117174255705,5.222687084314853,11.766090313094992,186.56146280096158,77.93182397561998,30.21210780019348,47.489101220845484,193.07074526239066,62.27061885021866
2025-07-28,176.51490783691406,173.66000366210938,157.7256317138672,188.88436889648438,724.3139038085938,38.441673392952644,46.599384823117234,5.242263821935234,11.818169204189333,181.36099686664897,70.56097791355552,29.7153156583005,50.3364023201816,188.68491650669057,61.424685290103035
2025-07-29,175.2765350341797,177.44000244140625,158.734375,187.03794860839844,714.711669921875,37.86823080790304,44.98559240132154,5.1758438861780345,11.54311433113623,178.36745646776396,69.50612493217356,29.000950392160085,50.279057040297296,188.29468862394654,60.60643116356185
2025-07-30,179.03155517578125,179.50999450683594,155.77670288085938,188.0107879638672,717.6561279296875,38.49332676939112,45.597177770386956,5.119654957464896,11.53047803560217,180.1629971130604,68.78490753004509,29.00817954225278,51.68217490932355,188.93442932879785,61.65824689183717
2025-07-31,177.63340759277344,176.30999755859375,143.73057556152344,178.7487335205078,691.0567626953125,38.480457221432644,45.056576023908235,5.112645987821565,11.426894537327264,179.64372190282396,69.12479688742212,28.875488807143388,50.694328409916125,195.58917640672945,65.79160911693019
2025-08-01,173.4889373779297,171.6999969482422,145.1310577392578,178.67926025390625,686.1925048828125,38.380092244854175,44.93905917187803,5.099311151598883,11.39709083733472,145.76093376840427,67.52361634871957,28.38431841978651,48.95482772989451,184.6385276224313,62.18560414062328
2025-08-04,179.7605743408203,176.77999877929688,144.46510314941406,181.4886474609375,695.6822509765625,37.66755275371815,43.76012841129281,4.947174152538117,11.415187152064014,149.6856747288886,67.9789637221242,28.918459310017294,49.570619110486106,184.81516742321432,62.24509580180808
2025-08-05,178.0229034423828,174.30999755859375,143.68162536621094,177.84536743164062,686.0034790039062,38.07712175390728,43.98720617824689,4.9022724523906405,11.721797882610117,149.6451430558908,68.19971838499428,28.95334226035854,49.949639719687966,189.65407037656882,63.33414837649983
2025-08-06,179.18133544921875,163.1199951171875,142.82957458496094,176.8427276611328,687.3264770507812,37.183035993022344,43.25353170461945,4.843439845767854,11.335274741937662,143.25029833021938,68.08162232076714,29.09519308841784,49.0575804990341,185.65411978293955,63.55705989235014
2025-08-07,180.52957153320312,172.39999389648438,142.88832092285156,181.81622314453125,709.3699340820312,39.030467769596854,44.43410122394162,4.947400515610959,12.474937958742197,140.07558436065534,68.45450466700669,29.454155522659136,50.349284621719065,188.46548415856452,63.009502842052626
2025-08-08,182.4569854736328,172.75999450683594,144.51406860351562,183.52371215820312,718.5215454101562,39.00407812143169,44.42845710102022,4.998641351382187,12.102231957721603,142.2187978730369,71.1657299978905,29.639066788179704,51.256233168694955,184.43186433877793,62.62321586183421
2025-08-11,181.81784057617188,172.27999877929688,144.91561889648438,183.0372772216797,717.516845703125,39.11375576570262,44.52892015543764,5.058457031558246,12.201520958950823,141.42229801924253,70.76716458750718,29.47307247015389,50.581405126599314,191.58883062097257,65.08105909609867
2025-08-12,182.9163818359375,174.9499969482422,150.55670166015625,187.07763671875,737.88916015625,38.98706820427279,44.548473933209806,4.941899299660151,12.012467951059325,142.50522151898736,75.02128823839662,29.54020305907173,50.58049320343324,192.74896654943805,64.19929943891873
2025-08-13,181.34848022460938,184.4199981689453,153.357666015625,188.64613342285156,751.5966796875,39.74062238804131,44.981024057294576,4.970195654198678,11.990610498272904,143.98772671113284,79.28840039539553,30.024965435936796,51.39738751219851,200.16277454214915,65.95187388688693
2025-08-14,181.77789306640625,180.9499969482422,154.8267059326172,186.86917114257812,751.2385864257812,38.832636375364125,45.54378629071432,4.943269441183919,11.982560007389935,141.71190177289046,75.9402359926552,30.375090752045086,51.34293206371759,199.70510190114783,67.2425914340955
2025-08-15,180.20997619628906,177.50999450683594,154.59165954589844,160.58201599121094,738.2572021484375,38.81727113386196,44.680590732095546,4.920376264920759,12.042862743887008,142.82438211825362,76.22021975855756,30.722337677445896,51.0066574131986,198.39711732275785,66.80218068960531
2025-08-18,181.76788330078125,176.13999938964844,155.61997985839844,162.33912658691406,743.618896484375,38.93376585818635,46.123140980659194,5.018506732198371,12.045820887823746,140.17456342255085,77.55789426566564,30.89130745177697,49.862891602461566,191.9241253465598,63.780250567881396
2025-08-19,175.4063720703125,166.5500030517578,153.0247039794922,161.03866577148438,739.6995849609375,39.0517292812766,45.41424436849661,4.945861845532277,11.98162141559415,140.71717876425018,76.8791359198533,30.74851769007955,49.90135885305258,188.84107236264154,64.62013417691415
2025-08-20,175.1667022705078,165.1999969482422,152.23141479492188,159.787841796875,745.5486450195312,37.3018541268818,44.14985059135011,4.8161077526263085,11.849748012277052,138.9346890457966,72.62404005743207,30.707383900284444,50.097782416466536,182.87175492726396,62.40815549800283
2025-08-21,174.74725341796875,163.7100067138672,150.94845581054688,159.13075256347656,731.5327758789062,37.57915322692656,44.22186876338265,4.755598582040886,12.028612906698394,135.96178414671837,74.04538671178767,30.640403901464087,49.968797098297046,174.65724145096684,62.01657659068429
2025-08-22,177.7532501220703,167.75999450683594,154.74835205078125,161.7689971923828,750.9203491210938,36.80227021734186,43.880016048329495,4.702451057939057,11.886710394343508,132.83482211396327,72.3034663033279,29.79217810455416,50.437527544338046,178.58939462854337,61.82571682872382
2025-08-25,179.57083129882812,163.36000061035156,153.19117736816406,161.27122497558594,750.4925537109375,38.122913137700394,45.54856335991025,4.8901285210025796,12.075998992790185,134.75762825457443,73.65713967065517,30.974849816778438,51.118840707640416,186.8696152713897,64.15918316725713
2025-08-26,181.52822875976562,166.6199951171875,155.8843994140625,163.780029296875,759.1866455078125,38.189378591784795,45.111584029094146,4.894231993335933,12.307080370773935,134.3369867428295,73.52323135104926,30.661948500892322,50.03800758197179,187.4747400892408,64.01819476376774
2025-08-27,181.35845947265625,167.1300048828125,156.47203063964844,163.6605682373047,765.9508056640625,38.54698981268813,44.96006298010592,4.926898519507948,12.265743278142487,135.26358977118338,77.01444215532379,30.537341720413863,50.074906924612655,185.74414860256,63.72164307285652
2025-08-28,179.93035888671875,168.5800018310547,157.48077392578125,164.53668212890625,759.4451904296875,37.54031121191588,44.43703416558817,4.824202659670497,12.172979018354589,138.16087480854785,78.20705720575305,30.594230815243584,49.408168416801296,192.25910967510322,63.27549474959612
2025-08-29,173.9483184814453,162.6300048828125,157.4122314453125,160.0466766357422,738.7147827148438,37.641510553975415,44.0742575424834,4.951988705329433,12.140523346174385,138.08796626288756,79.26809867205182,30.436694941356205,49.77722223628123,193.7775114501811,62.64854435910773
2025-09-01,173.9483184814453,162.6300048828125,157.4122314453125,160.0466766357422,738.7147827148438,37.72001715337485,43.65562509178497,5.104628658830646,11.869402427323621,135.2658262854651,72.83542194212973,30.186547531578608,48.12348575598752,183.82457889898524,58.5008062930498
2025-09-02,170.55284118652344,162.32000732421875,155.50247192382812,156.87083435058594,722.0328979492188,37.478655373778444,43.563253881906974,5.126480485102679,11.568083833084929,135.6112172910535,72.26590403843765,30.115892476391174,49.04652753264317,186.50529297962908,59.33058206125267
2025-09-03,170.39306640625,162.1300048828125,154.03343200683594,155.5566864013672,732.9453125,37.33395339949661,44.5118459231539,5.106687569910991,12.041326880376904,131.6994959139177,71.75497024110958,29.46928530384761,49.485478387898375,187.7175249951485,59.76163021386749
2025-09-04,171.4316864013672,161.7899932861328,157.30340576171875,157.53787231445312,749.4679565429688,37.36068743521521,44.224410784360956,5.012694466118704,11.968967868731303,133.13299162086435,75.43154935694585,29.290880393383514,49.87483161450929,190.53783584093568,59.256679177666534
2025-09-05,166.7978515625,151.13999938964844,157.4314422607422,162.02784729003906,777.5892944335938,38.03950959503113,45.8627593879781,5.082426492447163,12.012308842581039,133.80324610362257,76.84282197767482,29.093963905855098,49.36162296001423,195.93640972325258,59.368083287646634
2025-09-08,168.0861358642578,151.41000366210938,157.82542419433594,161.33094787597656,792.0628051757812,38.30784190064265,46.025345790247094,5.626825010165976,12.292947822666328,136.21162014887668,80.21809791365284,29.32475556148034,50.023140945567164,199.38197256094176,59.576792376594454
2025-09-09,170.53286743164062,155.82000732421875,156.26922607421875,162.77452087402344,800.8960571289062,39.147088282952986,48.837175561267124,5.505899800732375,12.451319789574192,139.91303678836056,85.95915754634643,29.406669347098727,51.014444382388795,207.26827015725587,60.43106892658075
2025-09-10,177.09413146972656,159.5399932861328,156.5548553466797,162.69488525390625,788.9691772460938,39.935660071212304,48.15777409385294,5.568075369918143,12.262577091154517,140.75160386447223,88.74898757511014,29.327909716069662,51.742155118039285,218.54187691475943,62.73587583348351
2025-09-11,176.94432067871094,155.6699981689453,159.07627868652344,169.39500427246094,799.93115234375,40.578153840544545,48.01618390099257,5.506535221463526,12.078750297029716,142.50661805904377,92.67476135486844,29.366472132607672,52.31420153323556,220.70651187765654,64.678496951146
2025-09-12,177.59349060058594,158.57000732421875,159.39146423339844,167.05545043945312,809.590087890625,41.160222066001694,48.09377933595304,5.513370582778425,12.763902612758997,150.4729304287767,94.4351345995511,29.407994136273597,53.65070056675063,235.77222022310184,65.21714758006478
2025-09-15,177.52357482910156,161.16000366210938,158.7906494140625,170.1715545654297,862.7391357421875,41.00378825810036,48.101878761885146,5.497789206581933,13.439679153747857,150.02252724093637,94.15246657715952,29.31996864046366,54.269370309156635,236.8506128040262,65.16367407391836
2025-09-16,174.65724182128906,160.4600067138672,161.66664123535156,172.76995849609375,873.8005981445312,42.114147434266364,49.8709960908136,5.613679600343744,14.814922474499072,153.14952712815105,95.53619491831235,30.17668250393827,56.6800506469151,250.57754370217808,67.1560579664978
2025-09-17,170.07308959960938,159.16000366210938,162.76976013183594,177.33961486816406,867.6830444335938,41.82410663967734,49.298614024946765,5.624484285473612,14.771432630419898,162.4609525349957,94.24348406442222,30.434710580843458,56.12206322253961,241.42149089279664,65.85095750550678
2025-09-18,176.01551818847656,157.9199981689453,165.59654235839844,188.91799926757812,922.9209594726562,42.43000422595803,49.23438243512812,5.650393706378204,16.22409825625028,169.9788028004345,98.58444906425902,30.636026305726947,57.58529401035644,257.15136475020694,68.11468512943071
2025-09-19,176.4449462890625,157.38999938964844,164.33583068847656,189.25650024414062,927.2481079101562,41.73618012369245,46.91441322227356,5.645870978719005,16.69033952521934,169.79319265809977,101.18165174706098,30.695683464738284,57.250597169641246,255.65675139715162,67.71878943573103
2025-09-22,183.37612915039062,159.7899932861328,167.16256713867188,199.63026428222656,952.76318359375,42.57679319242671,45.61431031633481,5.708896024122381,16.829673941600134,176.18061740731133,104.3108010114621,31.20786963835346,59.12785650812613,250.70672804381496,66.54499508476894
2025-09-23,178.2027130126953,160.89999389648438,166.97543334960938,199.9786834716797,958.4431762695312,44.05381607025082,44.63782681533673,5.77476133129943,16.49939830624391,176.62188303933374,104.57206000925908,31.286033516552415,60.27286978789011,259.11876971499356,68.88164427625904
2025-09-24,176.74456787109375,160.8800048828125,170.93484497070312,200.54617309570312,941.9603271484375,43.97188837531056,43.09665867475371,5.681442790724341,16.304355230292785,181.108331371022,104.00999796774146,31.462534393856668,60.66358505301904,256.15298883050264,68.90315281438795
2025-09-25,177.4636688232422,161.27000427246094,167.1231689453125,198.71434020996094,944.5565795898438,43.187059821415616,43.45338723189933,5.664584256334655,16.02655655790908,182.78905920944518,100.70176701222931,31.373428611815548,60.64666678436112,253.28912126682832,66.83243124592943
2025-09-26,177.96302795410156,159.4600067138672,166.650390625,203.01516723632812,946.5162963867188,42.25798419624555,42.04926060167903,5.4153100150608235,14.913602597461603,173.74447552205464,96.23164696287351,31.415825823287978,58.454945050946236,238.18509179575966,63.539890276040985
2025-09-29,181.61837768554688,161.36000061035156,162.80917358398438,204.04058837890625,957.5479125976562,42.421081226837906,42.211552051997366,5.436210704007362,14.971162472721732,175.76015211707082,101.23097745104226,31.704135647117482,59.35898521960543,247.06979942725192,64.75241712587494
2025-09-30,186.3423309326172,161.7899932861328,163.85321044921875,203.83152770996094,962.9991455078125,42.56438499182378,42.35290952665464,5.384428415061831,15.241901978155122,175.7514643693236,98.45611759397563,32.377329893178725,59.54397224327247,247.65694449012156,68.7485673205586
2025-10-01,187.0015106201172,164.00999450683594,163.98126220703125,216.7738494873047,997.9942016601562,43.23957026716326,41.408573755039654,5.354426836172564,15.119202567750689,172.77975769169424,99.02263780126282,32.40097612868617,60.86817946332214,255.8669734192693,67.42462711854823
2025-10-02,188.64939880371094,169.72999572753906,166.30567932128906,222.59786987304688,1024.752685546875,44.537745888193804,41.24081311297622,5.402831059856743,16.015604087377827,187.5609869708486,102.15015035950482,32.8517094361573,63.58258503415578,281.36499522932877,71.25772483437188
2025-10-03,187.38099670410156,164.6699981689453,166.6306915283203,216.5647735595703,1026.7918701171875,45.65455188064217,42.506131774085645,5.432677396199114,16.006771933416417,191.8182525196446,106.48096161380029,33.89448155475194,63.410239983409355,280.60233569991493,71.06457577954725
2025-10-06,185.30364990234375,203.7100067138672,166.0791473388672,222.9164581298828,1037.8135986328125,45.720287762602936,42.567334391257646,5.4404996576240245,16.029819345493507,202.44364923776942,119.4182138774138,34.35853553732394,63.39084549961783,280.5165114315788,71.0428401613968
2025-10-07,184.80429077148438,211.50999450683594,162.96676635742188,210.62127685546875,997.0292358398438,46.72428911480657,42.601836963560736,5.68656692811689,16.259515191304683,198.30396711683164,119.60624322225168,34.32473021973404,63.217298257628855,279.7485319779586,70.8483437971994
2025-10-08,188.86911010742188,235.55999755859375,165.241943359375,216.5448760986328,982.6154174804688,46.0335531018846,42.88653290672563,5.714435548976344,16.620337319898002,190.62005331961038,117.99054713916387,33.186652154270014,63.00949357175606,278.82895683929723,70.61545472675249
2025-10-09,192.32470703125,232.88999938964844,163.1637420654297,219.32247924804688,975.3836059570312,46.86481906181441,43.22434038072366,5.864045937328616,16.15398755215216,192.72234159461348,117.76608758953095,33.361600537915315,62.65735083775526,277.2706584684626,70.22080436724961
2025-10-10,182.92669677734375,214.89999389648438,151.27561950683594,209.01841735839844,931.2669067382812,46.77548207588196,43.141943129100035,5.85286748406884,16.123193694678903,189.64297076205864,116.43682044195974,32.53468178743054,65.95049519064389,300.2684184899798,83.52534725174131
2025-10-13,188.0801239013672,216.4199981689453,159.3422088623047,218.50611877441406,979.4819946289062,45.840949831600994,42.06728745114538,5.641610788682572,15.788163329993633,190.7766636943056,117.13288420777145,32.72917535946803,64.83899238498852,289.6160054478605,89.29457757811097
2025-10-14,179.80067443847656,218.08999633789062,159.30282592773438,217.2218475341797,978.009765625,46.12580148447668,41.71201962746326,5.522791700637683,15.272200855103216,184.8440408151621,111.37208194464117,32.6285026449174,63.78970833388616,287.76954529326895,89.96926769536819
2025-10-15,179.60093688964844,238.60000610351562,160.5142822265625,226.5701904296875,1004.499755859375,47.43153516885877,42.041375873901245,5.801087709415703,16.248711506743778,189.81408616366932,114.29039658007473,32.629403340338335,66.00193426224035,294.7675273834744,99.0334506102576
2025-10-16,181.5784149169922,234.55999755859375,161.6075439453125,226.70956420898438,1014.2283325195312,48.19545634314703,42.6238733188226,6.256166256582997,16.288046541354934,198.5093472641434,115.69029551763087,32.68137961592168,68.32421437042744,317.7741452030653,102.84382531400813
2025-10-17,182.9866180419922,233.0800018310547,160.98703002929688,223.99168395996094,1023.857421875,47.056304726167596,42.6209493009481,6.4027387352540135,15.929331418916982,198.51668790347566,112.22401350482158,32.33899313944005,68.6754148150588,327.9126369316076,100.20375219722601
2025-10-20,182.40736389160156,240.55999755859375,164.52293395996094,227.1177520751953,1036.669677734375,48.01420244981297,42.927383422730856,6.531273250597411,16.249111428152325,206.22269824342916,115.87938983447096,32.02730039147037,68.62085600717424,341.0328675182774,104.83528306153384
2025-10-21,180.9292449951172,238.02999877929688,166.28598022460938,224.9971923828125,1019.6297607421875,48.052807051479334,42.96189809657858,6.373111441317952,17.59567459929832,201.79532188895496,115.24763830029475,32.36967126718871,68.20115988034918,336.46702268430187,105.04592902632817
2025-10-22,180.05035400390625,230.22999572753906,166.71934509277344,219.58132934570312,1006.25048828125,47.279825214782136,42.530088151138976,6.291296924720245,17.192954375039637,200.439135824545,112.42621618852253,32.24215879113483,68.44033772269083,335.6227613176161,105.56219012949995
2025-10-23,181.92796325683594,234.99000549316406,167.4678955078125,227.4562530517578,1030.9598388671875,46.852438572500134,41.31955265763306,6.374999589001672,17.316879090247603,193.83871055525972,108.20787678251762,31.968252109739492,66.9986039232326,333.6109160760642,104.19338381307062
2025-10-24,186.02272033691406,252.9199981689453,166.39431762695312,227.73500061035156,1027.667236328125,46.80691886309253,41.279408449836545,6.368805927847495,17.3000547940519,196.5214313675985,111.7729953979257,31.864982089156754,68.33557740464722,354.2256054694956,103.9374950743475
2025-10-27,191.24607849121094,259.6700134277344,184.85194396972656,230.30355834960938,1054.4058837890625,47.68500777178402,42.47398671580744,6.567574745002158,17.396445980827476,198.1975901519748,118.71258535783949,30.603574556729406,70.49339421855443,371.2974250526137,103.78637639659595
2025-10-28,200.77394104003906,258.010009765625,178.30213928222656,226.62991333007812,1046.9453125,47.88451805963553,42.15513067672913,6.633748260230282,16.650399936673317,204.0619845079702,118.50895254168081,30.333425104051507,69.05394733856396,363.0973076917171,99.69320621375668
2025-10-29,206.77627563476562,264.3299865722656,175.9777069091797,234.7039337158203,1067.0986328125,48.951217484927135,41.75341309870789,7.23567671311886,16.714600370777415,212.14516118164778,145.58615698176249,30.244596581020033,69.99252188023743,390.2470854457107,96.61712927381359
2025-10-30,202.63156127929688,254.83999633789062,174.5889434814453,231.5181427001953,1071.6925048828125,48.75630954166956,41.90706504958887,7.33730760876948,16.648048228705694,214.01216071195026,145.6222973628478,29.853601669492683,72.59950503579361,397.7874952530927,100.46049467274842
2025-10-31,202.23207092285156,256.1199951171875,178.17410278320312,232.06570434570312,1055.5291748046875,48.49075379023379,41.817743176915066,8.053835536168446,16.45064886548235,220.0347055668308,150.12055653436104,29.98582548664038,74.97014291283787,391.48176806075173,100.59980805056108
2025-11-03,206.61647033691406,259.6499938964844,177.996826171875,236.65524291992188,1063.0926513671875,48.7329897745321,41.42963422686381,7.991735553577129,16.42333972466386,219.6137244090343,149.83333854510752,29.928455139093018,77.30975333358936,433.24322327472635,98.91086601689433
2025-11-04,198.43690490722656,250.0500030517578,170.2355499267578,229.16860961914062,1026.5408935546875,48.380971284999426,41.74317293214149,7.7338521788871635,15.489407191304053,223.52006869641565,141.04948815609237,29.85599104207606,72.90349579476448,408.96892480703684,97.4607495120929
2025-11-05,194.9613494873047,256.3299865722656,177.0118865966797,239.8211212158203,1040.103271484375,46.9102276610147,42.19762041313939,7.600504390343988,13.936515685766123,215.30013140541791,133.22188754780638,29.458846573641488,69.38869364482552,401.04135372131265,92.15720796505344
2025-11-06,187.84043884277344,237.6999969482422,170.5901336669922,232.49378967285156,1025.6041259765625,47.110646766328884,40.963096793886834,7.574555851451187,13.400667058637653,213.8074643113505,136.9563749934636,28.993428756597787,68.42638517595289,410.7584122906307,89.32275267394982
2025-11-07,187.9103240966797,233.5399932861328,168.31495666503906,229.0491485595703,1013.4069213867188,46.81967561133723,39.89952205458837,7.37601202525851,12.929837327889443,212.46518695877728,130.32448541442196,29.355766790374716,67.14908115934674,399.4893830698537,87.58001203419857
2025-11-10,198.7964630126953,243.97999572753906,168.9846954345703,234.03689575195312,1035.16064453125,47.31902996405043,39.5981975818209,7.3788701096275195,12.661689350056006,220.28225719010797,134.52242441906202,29.331710935245503,68.71151242262724,415.6464064649243,88.85810694635488
2025-11-11,192.91395568847656,237.52000427246094,171.35836791992188,227.6553497314453,1018.8478393554688,46.99822032208142,39.281412694953694,7.3627237855364305,12.468871650692845,219.74781669417246,128.7609466218549,29.36557899971808,70.59079940132236,423.95350012059566,88.79902893030174
2025-11-12,193.55313110351562,258.8900146484375,174.00784301757812,229.70620727539062,1033.7056884765625,47.322851230651125,39.44299011513402,7.331023109161264,12.534155679016369,216.4410638359611,128.5286082369832,29.578574966236555,70.13735402323051,421.4981706260109,89.52697401599079
2025-11-13,186.62197875976562,247.9600067138672,171.87054443359375,222.23948669433594,1016.2967529296875,46.6911111540914,39.31627101774564,7.45233237149584,12.429816409690583,217.14945936448487,133.42062166007793,29.751358652905125,69.5435903150003,415.75288782157355,90.6579194114096
2025-11-14,189.92774963378906,246.80999755859375,171.35836791992188,225.00714111328125,1003.4617309570312,45.64236667146289,38.7667054858034,7.148617157110631,12.309616401399841,204.0633414472508,126.1273704789448,29.75392765838026,65.72432892120064,380.24879135667925,85.25307405321554
2025-11-17,186.36231994628906,240.52000427246094,164.23733520507812,227.69517517089844,1016.436279296875,46.98213748640863,39.490413535923224,7.200248599226011,12.425420794016839,213.41974159606818,129.20279189879105,29.692622054760676,69.06634293037267,417.79283026274993,91.17774334357189
2025-11-18,181.1289825439453,230.2899932861328,162.57278442382812,224.12109375,1000.5519409179688,44.77236100949801,36.81638757276222,6.896551892915847,11.427949819506997,200.8614277693991,123.87099452229178,28.603358244633363,66.44764310894689,388.8977127756059,83.00261396119178
2025-11-19,186.28240966796875,223.5500030517578,163.60696411132812,234.08668518066406,1035.69873046875,44.55631425332686,36.5859785055959,6.7356411511964005,11.134376788913496,196.5573124724225,122.94576747837992,28.24049062614712,65.79575124425308,384.7926478399619,82.61108486063343
2025-11-20,180.40989685058594,206.02000427246094,157.18521118164062,219.6825714111328,977.6123657226562,46.353787933883886,37.278823561721964,7.135297949895384,11.249493711279058,205.09900756446825,132.53337179651163,27.999681201419666,68.14302874217864,388.4002428867252,83.97518012724993
2025-11-21,178.65213012695312,203.77999877929688,160.8393096923828,223.4531707763672,963.1929321289062,43.885721516553886,35.82618653775841,6.6662200464425005,10.919017638294804,190.0018288943392,116.22432045502255,28.34837964635106,63.90396975224843,352.6769684371288,81.2686450025454
2025-11-24,182.3174591064453,215.0500030517578,162.57278442382812,230.33602905273438,984.3687133789062,43.587627169356026,35.99813322238487,6.716956052091567,12.003391750878187,190.82761769862898,116.72945634332665,28.471587800019574,65.42990261521382,353.3238875003285,81.23468193170058
2025-11-25,177.59349060058594,206.1300048828125,160.8393096923828,241.85731506347656,999.71484375,44.73074223399426,36.990450116703805,6.74598507300808,12.666635713165926,196.3302678793142,121.41064372978761,28.362884989374006,66.86431850613468,350.9396053799797,81.17993059623228
2025-11-26,180.03036499023438,214.24000549316406,162.6515655517578,249.34864807128906,1037.3330078125,45.576145067901834,40.629369089383076,6.929377766855991,12.063724249842188,197.66515654494438,124.39063790295809,29.29748837961579,69.69075427321494,356.72471658767773,87.44715212749335
2025-11-27,180.03036499023438,214.24000549316406,162.6515655517578,249.34864807128906,1037.3330078125,45.62021208876802,42.06605957741554,7.376259771843771,12.149308725044822,204.05833027891904,130.45563540167234,29.467118534420244,69.89477493827754,369.1764955686746,84.26281803057059
2025-11-28,176.7745361328125,217.52999877929688,165.55711364746094,251.62298583984375,1056.296630859375,45.682973867397706,43.70063274150241,7.328826591381454,11.94899451641898,201.59063828690398,131.47240698020002,29.82655101995386,68.29562933326005,361.93743407940116,84.31518864891454
2025-12-01,179.69082641601562,219.75999450683594,165.50787353515625,254.1167755126953,1084.188720703125,44.642575206686324,45.1772283109142,7.1549452625605054,12.004597541283163,200.97074351566513,126.1686383569577,29.60218661563963,68.3022694890266,366.3427861852207,82.78004280898148
2025-12-02,181.22886657714844,215.24000549316406,168.1278076171875,264.6704406738281,1104.9061279296875,45.248252639979256,44.21237740230488,7.277997218318275,11.997294378934939,199.3482782622616,127.17570663010869,30.11889764212056,69.8471871402923,378.78552028279177,81.71013779646059
2025-12-03,179.36123657226562,217.60000610351562,172.4319610595703,267.9622497558594,1136.933837890625,45.87232948721344,43.73533712851285,7.292529039051508,12.153456709467111,208.4393456134619,133.70158989823491,29.80333147650644,70.72542340394787,375.4301555170273,82.54600393507386
2025-12-04,183.15660095214844,215.97999572753906,172.60025024414062,268.7702331542969,1106.2015380859375,45.841594681811415,44.013898227430865,7.280925763986804,12.298565695376412,216.0229837565661,133.27486185073386,31.113874030849892,71.24463605711473,369.21512814287115,79.00273748521646
2025-12-05,182.1877899169922,217.97000122070312,173.0556182861328,267.3338317871094,1095.628662109375,46.24318090172682,44.56883856302001,7.364897232127888,12.16779389664244,211.63177556158485,130.02631905585173,30.72345084567459,73.11480792525985,368.7276709813852,80.63958814555482
2025-12-08,185.323974609375,221.11000061035156,173.55059814453125,267.4934387207031,1115.77783203125,47.48953169084071,45.16903649986098,7.594167638464673,12.187288534446475,211.48957021371146,130.18202063934464,30.69705536993675,73.88534592323772,391.24677409134625,82.22869175159335
2025-12-09,184.7446746826172,221.6199951171875,174.2336883544922,266.4759826660156,1107.556640625,47.17793381078405,44.69790256338132,7.701020816219664,12.26196457395486,213.5392183125841,129.79304661957556,30.451469991556184,73.30748890651515,384.65046798703975,82.3455933707253
2025-12-10,183.55612182617188,221.4199981689453,180.38137817382812,274.4660339355469,1115.4091796875,47.995954958625944,45.97721186412399,7.848865439491994,12.235410582659481,209.21690338165897,128.301888936507,30.334327606025568,73.06583770211479,399.0795566308086,82.2423009920016
2025-12-11,180.70957946777344,221.42999267578125,179.4508056640625,269.4385681152344,1118.9168701171875,47.14803546832569,44.034886982365386,7.867554868265467,12.312578582924095,207.317413874617,134.8700256507121,29.335687399221126,72.53740983329754,383.83237352730214,82.11229564374588
2025-12-12,174.80679321289062,210.77999877929688,176.5006866455078,258.565673828125,1077.07373046875,47.31181221276694,44.2038994449988,7.809468346922486,12.128241931781979,200.60918866149188,133.42641992012153,30.81794865230722,73.52846159202397,387.43112619149997,81.46902861541963
2025-12-15,176.07522583007812,207.5800018310547,177.46096801757812,260.62054443359375,1084.019287109375,46.145590521945,44.47612457236279,7.47124032618967,11.740403865766691,197.9081379555525,124.5994716665838,31.663896316035316,70.66120220164314,375.370643603444,80.2044753726542
2025-12-16,177.5034942626953,209.1699981689453,174.35247802734375,258.19659423828125,1072.29052734375,45.65568997655502,44.46391786407534,7.309591731906117,11.578357019714938,197.93620100593924,123.5295656695898,30.53118107447508,69.56918266093787,360.43788129296644,79.00671025710729
2025-12-17,170.73175048828125,198.11000061035156,170.61041259765625,247.6528778076172,1011.8822631835938,45.293768966130244,44.42154556638266,7.261114143988125,12.269886711285213,200.47962864213656,125.49304497615279,30.545907534565625,72.80921037243498,373.63473925338496,81.21655267277535
2025-12-18,173.9278564453125,201.05999755859375,172.44186401367188,252.869873046875,1032.6893310546875,45.060228299846905,44.037441126653896,7.018187409440116,11.734715843208619,193.11999937196532,120.77198651295518,30.526194149071884,72.49545242537313,373.73893317503394,78.72487173507463
2025-12-19,180.76953125,213.42999267578125,173.4912109375,255.77264404296875,1052.3304443359375,45.22894987091514,43.89104966426315,7.282454723460133,11.873389344349608,198.6743634374359,123.20458385459145,30.50833914906354,71.60208568386193,370.2632026260733,78.70564997043788
2025-12-22,183.4662322998047,214.9499969482422,172.47154235839844,258.3661804199219,1053.287109375,46.35094998721629,43.59387416096889,7.36416748758273,12.082557991203913,208.41916516974865,126.98664822043045,30.474906067225923,74.46347126255124,392.77131952268564,85.91029589535543
2025-12-23,188.97952270507812,214.89999389648438,172.9962158203125,259.5831604003906,1058.130126953125,47.09961327015548,43.24364512507112,7.43684237205112,12.182173746672657,208.40705563251993,125.24625022772389,30.914490300688904,74.97861422039327,394.6446134915289,85.72880046598387
2025-12-24,188.38023376464844,215.0399932861328,173.0160369873047,260.13177490234375,1061.7972412109375,47.32174792954897,42.990757056196564,7.446926742536616,12.072281726104627,210.73811248491717,128.9096808547017,31.142121805738068,74.61716325037057,396.85586206526483,84.00463194687808
2025-12-25,188.38023376464844,215.0399932861328,173.0160369873047,260.13177490234375,1061.7972412109375,47.32174792954897,42.990757056196564,7.446926742536616,12.072281726104627,214.3540250997787,126.57575042866983,31.37063941417566,74.61716325037057,396.85586206526483,84.00463194687808
2025-12-26,190.2978973388672,214.99000549316406,173.0556182861328,261.2489929199219,1069.001953125,47.67437264063768,43.036228942493956,7.617943511784192,12.325121072371429,217.8996093069524,129.5245111351331,31.083064161210395,80.32622474533945,413.26549541548565,91.38513127377026
2025-12-29,187.99070739746094,215.61000061035156,171.68946838378906,262.3961181640625,1062.275634765625,48.59861232785464,44.39122821402689,7.998725516660216,12.748669976830394,216.74695910135782,126.24782603480276,31.104005779621314,82.7382872145587,443.14241497369227,90.19254626875153
2025-12-30,187.31153869628906,215.33999633789062,171.90725708007812,259.32379150390625,1068.3941650390625,48.37686106687352,44.479391301112024,7.950749920201818,13.123526976718663,217.9436512491408,125.68382433198481,30.96496130654426,83.39828049413842,452.8388264450772,88.52415319679568
2025-12-31,186.27279663085938,214.16000366210938,169.33335876464844,256.3511962890625,1066.1220703125,49.44882500048075,44.89900269494883,8.01764179615638,12.994660955047863,217.38630541850776,125.36241393499476,30.885774819665656,83.21267736215528,451.8310322318897,88.32714241920974
2026-01-02,188.6199493408203,223.47000122070312,171.24398803710938,268.2016906738281,1159.7139892578125,50.46865750888265,46.06660387133867,8.241890089409312,12.87396010089904,216.9452269152296,125.10805262277074,30.823107342504127,88.82725390251,468.011454132861,99.7850258986349
2026-01-05,187.89083862304688,221.0800018310547,174.5405731201172,283.61328125,1223.89892578125,53.081572338405415,47.70605954994194,8.402771852546593,13.17018889981686,233.06004657075505,134.69871781226894,31.22081024793771,95.6727978650237,482.2017292277592,115.78309774268898
2026-01-06,187.0119171142578,214.35000610351562,180.6189422607422,295.27423095703125,1237.8499755859375,53.99450131213317,47.1809016677317,8.626003234201454,13.757124863385743,236.2568857248017,137.43376067085438,33.07809312784606,95.88885147037315,501.2186682889113,126.68624664626701
2026-01-07,188.87962341308594,210.02000427246094,178.3816375732422,291.4736633300781,1224.177978515625,53.01497420193775,47.313453572875666,8.732348813785777,14.924377972652055,241.36058697841293,131.3313323295852,33.18058545915635,97.37900663607813,512.4775218820266,128.6706500707267
2026-01-08,184.8145751953125,204.67999267578125,180.04476928710938,280.93994140625,1190.147216796875,53.404401376823664,45.94726008961702,8.696592134609173,14.308835322026061,231.61053097968042,128.10274620423866,31.84780290128348,95.78138732899465,521.7208775482349,128.01416486287116
2026-01-09,184.63479614257812,203.1699981689453,175.99581909179688,300.4313659667969,1269.4293212890625,53.08439525569336,45.01534353655941,8.622657353481802,13.615556372501596,239.4109127183287,128.93591386604479,32.31677898722417,95.65878767292516,512.0445234069545,121.20396310986017
2026-01-12,184.71470642089844,207.69000244140625,167.5712432861328,306.4762878417969,1276.7535400390625,53.31839457985601,45.73754581324256,8.957595477610827,14.939876556297916,237.48986502230267,127.90132426670274,32.05746719098442,95.18244262425169,513.6578451088411,114.81426680219968
2026-01-13,185.58364868164062,220.97000122070312,163.63116455078125,304.1121826171875,1265.7222900390625,53.98937149734287,47.03847575961894,9.170127092531773,15.077652836079876,257.3005257022321,138.96874587710565,34.16130588181889,93.73538409028735,502.7663680148178,117.86570641213055
2026-01-14,182.91690063476562,223.60000610351562,162.88868713378906,301.1396179199219,1259.3046875,53.90911551697022,47.442982208218076,9.314638840213483,16.32038587962702,263.3388782831214,144.67143387792603,34.57790069071425,95.05040848111918,502.71857970457694,120.33238832382605
2026-01-15,186.82212829589844,227.9199981689453,159.7703094482422,318.2868347167969,1326.9476318359375,53.45815917284771,47.285524895400805,9.472972604883987,15.518538036141607,266.3819124744137,141.78754503525806,35.39214642704633,98.16307555433764,510.96823092842277,122.66321186020417
2026-01-16,186.0031280517578,231.8300018310547,157.82008361816406,326.1971740722656,1353.8233642578125,54.94647293499423,47.68060100801687,9.61532385776287,15.175420520159522,263.30743359444864,143.56609757770707,35.56763427087459,101.16312257136511,513.6580260999638,121.14910049143433
2026-01-19,186.0031280517578,231.8300018310547,157.82008361816406,326.1971740722656,1353.8233642578125,55.50102436715134,46.981777060222264,9.459630532664281,15.787142594647078,265.26946768054205,140.47594751522973,35.87010962771597,101.24601708659254,518.1270031321798,120.24608900586577
2026-01-20,177.85308837890625,231.9199981689453,152.52377319335938,317.4389953613281,1321.4368896484375,56.078724305446144,47.069638025140556,9.382230879085256,15.91175642331351,257.30298058475705,135.6442128561352,34.7530657068374,98.4696614397116,503.905818580848,116.59264160378382
2026-01-21,183.09669494628906,249.8000030517578,154.80068969726562,324.4315490722656,1355.3380126953125,54.74165068796224,46.240328945586114,9.18493906018127,15.608083729414563,258.14171719983153,137.45658154776922,34.40535054202457,100.9562994270432,499.74521603961813,116.16621281360756
2026-01-22,184.6148223876953,253.72999572753906,156.21633911132812,317.9975891113281,1390.1260986328125,55.44489257358966,46.93426133522123,9.418457830232947,16.05562609986019,265.7284255913484,144.0080550262447,35.35505709816447,103.75635837237468,514.3828277716282,115.96817470031176
2026-01-23,187.44137573242188,259.67999267578125,154.2562255859375,321.57867431640625,1384.18701171875,55.85878663058744,51.60840991956574,9.735942362126664,16.71732542179798,260.7774489430684,148.25152254791854,35.219924829040075,103.73127613137737,523.119136306203,116.56950840016532
2026-01-26,186.2428436279297,251.30999755859375,152.96925354003906,318.6659240722656,1408.4119873046875,55.761814285524935,56.42189548774288,9.945554458856371,16.735307983652547,262.35982188540635,151.72753710581387,34.81409808024597,105.05590490748304,508.3862464349938,116.95408437595367
2026-01-27,188.29034423828125,252.02999877929688,151.5041046142578,331.8829650878906,1449.5078125,56.430763223967276,56.455844702068575,9.748572620385362,16.25292205225749,270.4468684957651,161.47287970099353,35.174758299023075,110.45992937613326,554.0625205218209,120.93164408038014
2026-01-28,191.28668212890625,252.74000549316406,151.16751098632812,335.9129333496094,1417.9486083984375,58.31127617191526,57.21577729347571,10.093120264129984,16.361140810325356,284.6399481141329,167.29931659587075,31.63601423658514,113.13328451123047,585.9021014012466,126.65728468779447
2026-01-29,192.27548217773438,252.17999267578125,150.6923370361328,340.4915466308594,1450.075927734375,57.53607759195953,56.92429723642569,9.913782102973013,16.05393101836275,267.46028320296244,175.20700379805285,31.781591279199393,112.20277505897384,601.1953572508365,141.9405844261217
2026-01-30,190.8971710205078,236.72999572753906,150.0686492919922,321.5188293457031,1418.0281982421875,56.41364013627316,56.11940668860445,9.470149878702001,15.847355184225233,267.21565709019814,166.29667675371414,33.19835518860288,112.10314068159997,634.9380275899615,147.22434038065336
2026-02-02,185.38388061523438,246.27000427246094,151.08831787109375,327.5837097167969,1436.35400390625,55.70275533155363,53.984738312228075,9.245480109777477,14.976411273714884,253.170522050338,156.38950232408425,32.749218931115905,103.59562306158197,571.7371080087997,128.74245709466263
2026-02-03,180.12030029296875,242.11000061035156,145.70291137695312,317.8778991699219,1391.0030517578125,56.81795730058207,56.84499074174466,9.563892592761498,15.042546296561957,264.8879046387239,167.2292630138944,32.7367112484873,115.07704512770934,623.169138651917,136.78410596738874
2026-02-04,173.97781372070312,200.19000244140625,147.395751953125,296.8602600097656,1334.4512939453125,56.351432722483835,57.010375480639986,9.580910323829775,15.186930579426042,258.813846960411,163.28971113202434,33.20913382504559,116.64688285231466,620.8643871849972,139.54330475986276
2026-02-05,171.67062377929688,192.5,134.93211364746094,303.2343444824219,1345.4427490234375,55.57237062732212,55.91162684264885,8.971131086617103,14.657059240106816,252.4870711580535,154.33022527952696,32.71981160890041,108.87601257430157,575.5105409389225,132.1149190371117
2026-02-06,185.18414306640625,208.44000244140625,135.961669921875,321.7083435058594,1408.0731201171875,56.0593586991594,54.03048474527282,9.621217897623142,14.724097012454465,259.2731387924628,156.24462179839293,32.27333460762418,107.61851692394576,569.3384399871479,132.8600284317209
2026-02-09,189.80848693847656,216.0,137.53570556640625,329.748291015625,1424.49560546875,57.295249104255944,57.957243255174426,10.356294286580349,15.138558620750478,255.8053880475021,173.72882802305605,33.24440854435499,113.55052933723351,605.3188151133128,134.83932436954615
2026-02-10,188.31031799316406,213.57000732421875,138.68406677246094,328.2520446777344,1410.5390625,59.37309983986374,58.45785481712328,10.899459109534096,15.572919047488396,263.3382166434867,177.01291336514186,34.59869997528407,113.44051367719085,599.3941555159034,133.2140216732673
2026-02-11,189.81849670410156,213.5800018310547,139.62452697753906,339.03515625,1432.5010986328125,60.63694816469193,58.92873474489825,11.261583001113978,14.15242659237314,266.15090992492,178.9035733631288,34.96824577158812,115.06215862137283,589.7442253073147,130.49382879456348
2026-02-12,186.7122802734375,205.94000244140625,137.08033752441406,327.57373046875,1403.8038330078125,60.9111384425184,59.195200763402035,11.31250602190082,14.216421531048844,266.9644850281797,174.68344630074736,37.1336927357355,123.41250180461108,613.6424472926776,144.6159432613371
2026-02-13,182.58729553222656,207.32000732421875,139.28794860839844,354.0278015136719,1403.5443115234375,60.75622675379249,59.04465311728668,11.283735595729448,14.180265748652946,272.2203401862974,177.28665038420806,35.67266766560725,125.49497930887482,609.502600888032,140.10306905719682
2026-02-16,182.58729553222656,207.32000732421875,139.28794860839844,354.0278015136719,1403.5443115234375,60.84900285108161,59.134815603910646,11.300966108671872,14.201919326976924,268.33946322231407,177.13928504548053,36.45465414568253,125.61528585679702,610.0869043738469,140.23737974185053
2026-02-17,184.7446746826172,203.0800018310547,141.19857788085938,358.2373352050781,1416.6856689453125,60.930582542892054,59.21409710083248,11.316117208757474,14.220959708043596,271.8558526198532,174.1992933488389,34.99918098079462,125.55336383925771,609.7861622170667,140.16824976751013
2026-02-18,187.75099182128906,200.1199951171875,141.80245971679688,368.3820495605469,1465.5189208984375,60.83542746956546,59.12162265669548,11.298444868894094,14.198750886015006,280.6940629224154,175.79842604789408,35.94582282572297,125.57603452084793,609.8962689278629,140.1935594020939
2026-02-19,187.6710968017578,203.3699951171875,139.85223388671875,369.37078857421875,1455.7503662109375,60.54001901595546,58.83453620312094,11.243581177361927,14.129803708081067,285.8340668142309,167.81410382364894,36.81750253502677,131.65727584087563,619.5173913489398,139.48282759035143
2026-02-20,189.58877563476562,200.14999389648438,141.44607543945312,374.9139099121094,1466.3870849609375,60.44435575146932,58.741567884160965,11.2258144554906,14.107476276223023,280.6956261089322,163.96218385168567,36.73863158286036,131.0359825591435,654.1831721637024,138.06298566741495
2026-02-23,191.316650390625,196.60000610351562,139.00086975097656,373.086181640625,1482.7513427734375,60.100320086649354,56.96423529095586,11.075497557963006,13.48735375969707,282.18877341738477,164.83437305142454,36.93406102230196,133.43218392748713,657.5193468564846,140.89250904465752
2026-02-24,192.61508178710938,213.83999633789062,143.32701110839844,377.46075439453125,1494.53564453125,62.30705432862598,58.05667752854094,12.136231494322393,14.15628575353464,284.3395435181153,171.913327193702,38.017348652216725,138.39058201522164,695.4522839811615,145.16110861041795
2026-02-25,195.32176208496094,210.86000061035156,144.35658264160156,394.4596252441406,1523.18310546875,64.0099672736077,59.59760463986896,12.397576580165254,14.421345507775778,293.82667237810784,183.32116128112742,37.739143236836604,141.0285193836288,705.5292966547925,148.49926358876667
2026-02-26,184.66476440429688,203.67999267578125,144.12887573242188,375.2535095214844,1460.6097412109375,63.59352187938842,62.20198177212731,12.392425674395545,14.551106275741866,287.3894202275474,179.81286862993167,37.94109189044189,152.45997390287673,770.0561405531895,192.47546895219955
2026-02-27,176.97415161132812,200.2100067138672,140.93128967285156,371.8377380371094,1447.398681640625,63.638908330577316,62.24637508651094,12.401270100783027,14.561491344145232,279.7545944808175,172.0369373554427,39.232630483999266,150.84116719854538,740.6324458082432,225.15971437495764
2026-03-02,182.25770568847656,198.6199951171875,139.61463928222656,371.7178955078125,1420.4375,62.74349866160359,60.55776892430279,11.808764940239044,14.02390438247012,275.3361038859826,164.4923509756359,40.01979522849266,150.19312652068126,737.4505561348627,224.19238790406675
2026-03-03,179.83065795898438,190.9499969482422,136.74375915527344,350.8837890625,1357.973876953125,61.16084619384904,57.555097789193304,11.400031765958675,13.746630794278401,268.38443449662066,163.36336433308963,38.562341239249584,134.0639226910726,646.4658688630307,193.57897203630228
2026-03-04,182.8170166015625,202.07000732421875,138.10989379882812,357.3157958984375,1396.3201904296875,58.578653189688154,54.20054328243204,10.320161584300285,14.133106780331842,255.51284834896884,155.07531733413697,37.286341887680535,115.87067280945773,572.3654940375621,174.0983293782387
2026-03-05,183.11663818359375,199.4499969482422,136.49586486816406,346.0997314453125,1365.377685546875,59.8742085754228,56.11761135301213,11.176098937064669,14.875118953009695,263.2991332263742,162.43982302553704,39.31799785342939,130.89457470477495,644.0819356494951,215.6426493239774
2026-03-06,177.6033935546875,192.42999267578125,135.190673828125,324.3367919921875,1289.982421875,59.04405435715703,55.318923856459996,10.719020939891966,14.636791751255988,262.81841910828865,162.9810281681355,39.31263286810689,126.94153090235052,624.4266641672468,225.4124661534605
2026-03-09,182.427490234375,202.67999267578125,137.60177612304688,338.5191650390625,1354.461669921875,56.729035256049634,52.35470472899495,10.062165473440471,13.47386845427888,243.38922851458662,144.19199990137415,37.357692894468784,116.6809017452824,563.2898946341596,205.54083994713076
2026-03-10,184.54490661621094,203.22999572753906,134.70248413085938,345.4505615234375,1380.385009765625,57.98326400836974,53.61298023853193,10.549650950162736,13.929941493061376,251.24894025719576,152.31282178833717,38.29862924367168,128.04078907467888,640.3976908107719,221.24045318897205
2026-03-11,185.8134307861328,204.8300018310547,133.62644958496094,350.6341247558594,1383.6578369140625,60.857845468372815,55.54873815286859,10.873704833890141,14.854960004619816,253.95924536575825,157.17250893370775,38.560239038987916,128.7412533462456,648.3251358017487,212.18375710131792
2026-03-12,182.9268035888672,197.74000549316406,130.66737365722656,336.8512268066406,1348.63427734375,59.062598135982924,56.111782505599464,10.530782711134913,13.485688904707098,247.5671163713021,153.80605208237512,39.89154293290478,127.09741142323112,630.2577856914435,214.86573084444504
2026-03-13,180.0401611328125,193.38999938964844,129.34228515625,341.10595703125,1342.757080078125,58.281496550922,53.925595833419294,10.706738940181795,13.559779184856886,238.58901232196672,148.34776614754233,40.66822392465049,124.52295979967114,618.7000382087112,207.74116955843994
2026-03-16,183.0067138671875,196.5800018310547,128.9138641357422,345.7501525878906,1372.5621337890625,57.177322198401114,53.166514931629095,10.493391104926795,13.695818612504453,243.07692354769537,151.07783849367456,40.414427688284945,125.39386340935575,648.4682037622773,199.7669385716664
2026-03-17,181.71820068359375,196.30999755859375,131.1057586669922,352.0223693847656,1386.1324462890625,58.53811293987837,54.15558042031528,10.705900869218397,14.102363571879788,241.48030349747125,147.78289007351512,40.08340953697119,129.9604945449966,651.3743545521409,202.1613079972528
2026-03-18,180.1899871826172,199.4600067138672,129.98988342285156,349.0361022949219,1352.216552734375,59.74596162224352,54.25748745747049,11.212168650893469,15.085463275747577,251.2240147124494,157.94573948784927,41.92859698740511,140.12629308236438,711.0545054260277,209.44594545157844
2026-03-19,178.3521270751953,205.27000427246094,130.79690551757812,356.7664794921875,1363.4119873046875,57.75618697961494,52.44886168959627,10.833187503743991,14.73563256993419,243.84761320910113,149.863290911999,39.53808843785883,132.92533424680286,672.865387809334,203.95283175552234
2026-03-20,172.4989471435547,201.3300018310547,129.42198181152344,356.6166687011719,1314.379150390625,57.85781582573838,53.45559070856263,10.816896002203261,14.74745414253875,246.7365941857098,151.63879402576325,40.00651535352643,133.5634226260243,675.7985072884214,207.74043326833961
2026-03-23,175.43553161621094,202.67999267578125,127.87769317626953,361.3407897949219,1366.635009765625,56.52416634770011,50.7468344281838,10.289896580976347,13.787524553872707,238.2981864220211,142.55186981358642,37.80962840610647,123.59656718675645,620.155446529954,197.44584048286353
2026-03-24,174.99603271484375,205.3699951171875,128.19650268554688,373.525634765625,1396.3701171875,56.80748313784536,50.84426667586159,10.435628808471593,13.542778438663134,244.62218661901315,140.80494199929137,37.90843128495062,127.44935486476942,663.7011463363662,199.61491013898754
2026-03-25,178.47198486328125,220.27000427246094,129.87033081054688,368.88140869140625,1390.85205078125,57.79025055928572,50.74265902766551,11.025565418356951,14.09518306324042,251.93163568836493,147.3881844610081,39.31293438032453,125.96563303137039,664.4139063183293,200.3593031905197
2026-03-26,171.04066467285156,203.77000427246094,130.0596160888672,338.129638671875,1326.6024169921875,57.61541134889139,49.787230459096364,11.241267757745657,14.231632857647357,251.9356462516,143.8901195647075,39.130001656233034,119.74123633919667,621.4941126124008,185.21356551175484
2026-03-27,167.32498168945312,201.99000549316406,126.64225006103516,336.7513732910156,1299.63134765625,56.99968627012453,49.63983666931175,11.071092910158804,14.015032750483917,243.73842408072872,138.00531435902124,38.114262636268705,119.15457963976002,618.4491825952122,184.30613560409776
2026-03-30,164.97772216796875,196.0399932861328,126.60240173339844,322.71881103515625,1251.22705078125,55.66501047380588,47.22144146935218,11.054820900275494,13.666072796097287,242.39550637338297,130.59026701501128,38.79950728947791,116.9858380878292,579.1920818487177,172.85769042472776
2026-03-31,174.1969757080078,203.42999267578125,128.3061065673828,341.3656311035156,1317.9512939453125,54.93304783331777,46.50581890434289,10.253128530252779,13.12462875790348,232.91895823906432,127.1888912436255,39.157662090204234,110.28078031667445,532.1872530069516,165.55308528400292
2026-04-01,175.54541015625,210.2100067138672,126.8116226196289,353.3606872558594,1356.7965087890625,58.081463353864855,45.87026620669111,11.30318505161467,12.947000052195751,247.69989279906255,141.88512189355671,41.02056524078162,126.15327675483438,596.5756196022843,181.9294552725927
2026-04-02,177.18348693847656,217.5,126.3333969116211,348.0373229980469,1314.359130859375,56.558967006360135,45.77839042227492,11.280545353202214,12.796075684588107,239.5896296622514,133.12285446120623,40.40633102036707,117.98239789470303,548.8173777740785,169.30209563365455
2026-04-03,177.18348693847656,217.5,126.3333969116211,348.0373229980469,1314.359130859375,56.67212369622669,45.86997857180779,11.303114173667312,12.821676604201564,240.89133961743914,135.1486940513769,40.44115410027284,123.3749907995532,580.3352589430365,172.27442324319995
2026-04-06,177.43319702148438,220.17999267578125,125.267333984375,352.1821594238281,1301.16796875,56.62797725980657,45.8342467876335,11.294309276679654,12.811688777840216,240.14269804195106,137.25122147667415,40.82488452769473,127.94349466000014,586.9445087447624,166.96924212490956
2026-04-07,177.89266967773438,221.52999877929688,123.61344146728516,353.8700866699219,1303.6026611328125,58.28163269379918,46.06129035477677,11.029642316245866,12.909694983787775,240.72694227464254,139.02544533030866,41.16906655862383,130.31800456384383,607.3859401324789,168.12017382663822
2026-04-08,181.8680419921875,231.82000732421875,127.04077911376953,385.2410888671875,1417.9530029296875,61.1400280630352,49.539099661331086,12.008528588791016,13.670283197683768,267.2068290953364,158.9001704735766,40.76463532767806,140.41477344485202,688.9511310800136,187.10852233387644
2026-04-09,183.69590759277344,236.63999938964844,127.27989959716797,397.3160705566406,1445.4827880859375,61.632262166936,49.65258972528092,12.357977887181029,14.107640572738546,265.94470855445184,156.32682560204802,41.01057771640824,138.06172399204627,675.3066739895637,193.55712285159427
2026-04-10,188.41041564941406,245.0399932861328,127.58875274658203,398.9939880371094,1475.0582275390625,63.04017637705598,49.64413889693158,12.3873946580915,15.460603256472979,276.7861640551906,157.0591789223255,41.20368055281176,139.8240632490714,696.9675092861031,194.1246703360894
2026-04-13,189.08961486816406,246.8300018310547,130.75706481933594,395.2386779785156,1496.9302978515625,62.643623495254324,50.99631661422714,13.142569250888783,15.7238642893867,265.90682582389627,155.81163039327697,41.7209437974281,135.6110544712539,701.5518272537705,186.54953513085428
2026-04-14,196.28123474121094,255.07000732421875,132.35116577148438,395.1487731933594,1514.990966796875,64.94696970016639,54.35950748627065,13.400250682662069,15.833786773617208,274.4733425472212,169.58307205434718,42.05032101495757,139.82557675793893,746.7401008391859,192.3024881319838
2026-04-15,198.63848876953125,258.1199951171875,132.56039428710938,393.7704772949219,1478.54052734375,65.99612865782679,56.794745335341325,14.16695742582676,16.372116532422414,273.94325885522767,173.7178113912978,42.879991943568854,143.5940668356997,772.9649052223433,200.75947732953276
2026-04-16,198.1190948486328,278.260009765625,133.9751739501953,389.4158935546875,1407.755126953125,66.00816814038791,59.993035312247045,14.262196521460314,17.095640669452983,288.52268035600923,180.24796432105555,43.511386321694104,147.5516541758105,783.4191478613722,198.09233572108815
2026-04-17,201.44520568847656,278.3900146484375,135.69879150390625,396.4471435546875,1456.6185302734375,64.32600176446971,60.99879477665231,14.005957034431335,16.002281227121774,276.4533934809188,175.0683043924837,43.38703905414011,146.15134349446083,763.1071651138202,193.85351810723623
2026-04-20,201.82476806640625,274.95001220703125,137.01394653320312,391.1337585449219,1473.2821044921875,64.35108597585386,60.37879671808511,14.665691939682253,17.50985104824468,278.0203772011188,170.2678468282558,42.5543958143091,146.40138990939312,795.6898478476459,195.8843771748057
2026-04-21,199.64732360839844,284.489990234375,135.0611572265625,393.8403625488281,1455.790283203125,65.24714214904078,66.52025711780256,15.022756631388903,19.00124090876944,288.2073083573487,171.23719500480308,42.38750124879923,149.05462514761746,832.933154694123,200.78134437692762
2026-04-22,202.26426696777344,303.4599914550781,135.5692901611328,402.9790344238281,1440.513671875,65.11657382463625,72.89879850123913,14.770344794368711,19.05850941208866,285.4937767774163,175.06101916681132,41.67581682100218,146.3857806247522,822.9879255721111,197.5366740844357
2026-04-23,199.4075927734375,305.3299865722656,133.4570770263672,403.40850830078125,1414.7100830078125,66.101413375686,70.3916493399733,14.761589669714493,18.177888678313646,285.1625082781568,174.9347841020355,41.78370613820661,151.8985668986561,828.7066513108294,198.58454068933437
2026-04-24,208.0275421142578,347.80999755859375,148.30226135253906,416.5221862792969,1454.52294921875,69.29907873187754,77.22803510852258,15.731049451263734,18.458610444829624,287.01635534171305,184.29141769378478,42.36699439373422,148.31582637385299,825.5655868852459,199.66891432106402
2026-04-27,216.3578338623047,334.6300048828125,149.70706176757812,404.3572998046875,1432.43994140625,72.04198350907856,77.44910809916392,15.760177849337055,19.72010144619369,295.1571590402844,197.39809999509464,43.546647519552785,152.2353911127372,875.9698996578002,253.27357942364077
2026-04-28,212.92184448242188,323.2099914550781,149.44801330566406,380.63677978515625,1384.56005859375,70.4164906706017,83.1327869542318,15.75231202134679,18.43862961126365,283.32612638146543,186.68775769321365,44.434823940357845,150.71283095723015,882.4050407331976,249.15139171758315
2026-04-29,209.00640869140625,337.1099853515625,155.42593383789062,382.1149597167969,1394.0799560546875,69.1777985663624,81.7123079396253,15.501538807187169,17.008853225490938,282.97984009793043,186.45958456065185,44.38051489996557,153.53365274176596,878.2558873203742,242.86849935920944
