Date,NVDA,AMD,QCOM,AMAT,ASML,2330.TW,2454.TW,3711.TW,6488.TWO,8035.T,6857.T,4063.T,005930.KS,000660.KS,042700.KS
2019-01-07,0.052940901576578714,0.08263156288548523,-0.002826680170823326,0.017804599213685046,0.02284689242568394,0.02670001446429837,0.011839551870932885,-0.0010337561541071683,0.06917788701617011,0.0565281658075103,0.038660426182658414,0.0357219656092751,0.04373791715931907,0.01564319054253427,0.04673194828239935
2019-01-08,-0.024895404386573228,0.008750622646876982,-0.00868190417227277,-0.04052526764315656,-0.007360696425904756,-0.010032858271643907,0.013040393227254032,0.00298474849231245,-0.006140244137245232,0.014943713376780687,-0.005750148115558518,0.0047989215911903305,-0.01853593541342613,0.0067111148736964665,0.016332449523893677
2019-01-09,0.019666744155428573,-0.02698792606951239,0.011796270486972293,0.04223693055846378,0.04148809899999306,0.02089608999628756,0.017588374746034585,0.019497274030782163,0.01982744908730516,0.014860234766560065,-0.025999486230618762,0.005077291148465335,0.03505882629614532,0.0698679905912003,-0.002781864626445585
2019-01-10,0.018586052664117947,-0.0222882987140276,0.003356119720281159,0.013410695056342625,-0.0019025208552533313,0.005747189948701825,0.0034189554466941274,0.015894997012624534,0.057755707871548045,0.03162071093268115,0.028443620309341222,-0.014570372708794799,0.0071891804127453,0.028913940815656902,0.015855323113458608
2019-01-11,0.02478815744914331,0.026849072583119193,0.01232412629744517,0.0005754041464194337,-0.0036285878875920163,0.018578076015211664,0.004413443265330441,0.008293756281489983,-0.017586080199411436,0.009065541313704628,0.036109394189445476,0.003071289271211697,0.019519944613850093,-0.001169925684384343,-0.0035171182861744033
2019-01-14,0.010817763897497779,-0.0019734047668471533,-0.003478243752020105,-0.026451888125560985,-0.02055298757242119,-0.009295812629408484,0.017350979813962386,-0.0054345037194653,-0.07673179748571379,-0.0014752591956262995,-0.0014752591956264105,-0.0014752591956262995,-0.01292359727170811,-0.047831064077067054,-0.019463210364739858
2019-01-15,-0.003788927550457011,0.007414711909266458,-0.027399913911291707,-0.003248962550297718,0.003402687937191784,0.009867176452861726,0.0049127588550583745,0.021095558740124032,0.02100691927685361,0.03414583591898834,0.028731589357956278,0.023682041007771604,0.02310750677044915,0.027472849173101554,0.0052433673682557025
2019-01-16,-0.006872670535706615,-0.031893996334483865,-0.008253716064043237,-0.003259064255287658,-0.01224629683547429,-0.01564559446880498,0.017365111168262004,0.00019464509443012368,0.007562549842403898,-0.007195170942168261,-0.042576719992729384,-0.020502778864857962,0.008156736893943028,0.012139112028842325,0.0010148540915362325
2019-01-17,0.01934986507894565,0.0263558271580544,-0.009046536013472828,0.026753918019739142,0.0016530071605249663,0.015869311257300955,0.002047772682972626,-0.006502089195197902,-0.0034479849626074532,-0.023303088297364716,-0.037166388799830696,0.0008891915465571998,0.015346149868863623,0.004792900997872218,-0.01599569433508885
2019-01-18,0.034339325327155557,0.025679034951292534,0.009129122953038804,0.033873513435793035,0.03275394087432382,-0.01106348991236139,0.027465363571127055,0.010012680257951434,-0.0350329452808098,0.0370340385073864,0.017478340845812568,-0.0168166254660177,0.006741495951949172,-0.00620375388168648,0.012355781171895508
2019-01-21,0.0,0.0,0.0,0.0,0.0,0.010589342439236926,0.001204777882514163,-0.0008427373682434736,0.012454167465183907,0.020682368728948797,-0.02365538615961227,0.004797448013600825,0.0059342063827485525,0.03232438145498984,0.024136450133809273
2019-01-22,-0.051997439766594655,-0.048627838547028346,-0.017730966154620664,-0.03556440615213019,-0.01966816215557121,0.008298198070954,-0.010962240806627999,-0.005843186410382728,0.008628907437915334,-0.017648686518514478,-0.01095547903763816,-0.011551315677105767,-0.019764108743759223,-0.011746287732073202,-0.021781644713111614
2019-01-23,0.003495235561272736,0.002024241281143757,-0.046417734643317776,-0.0037741615718347443,0.016426123936178483,-0.011242738584118839,-0.004164652629409904,-0.0034511098645925165,-0.011184468338883091,-0.009075308367530677,-0.00676694154014823,0.0092275252820615,-0.0016014798941432762,0.004973240842232274,-0.0048517776016963055
2019-01-24,0.057270997981430316,0.053030362872128034,-0.018543556291172325,0.10230216938680359,0.04182091061738635,0.00969151253546463,0.015147679960000104,0.007481017830358816,-0.006907658941402772,0.044114452257264514,0.06018880009294714,0.008868919638691963,0.029390487073475136,0.059909556920216156,-0.0025954124540886747
2019-01-25,0.014634881038138925,0.05179855654419541,0.009643634305784188,0.03622443358559613,0.04594446328588919,0.015204058768851558,0.01378931270118855,0.030130214942779343,0.0979155504851319,0.04584012628356127,0.04779717090841484,0.043620612932998126,0.038178791068038676,0.05682269446374755,0.018025586112242697
2019-01-28,-0.13824521790709599,-0.07979936049462688,-0.012865169503988638,-0.012503265342693748,-0.014208000071394222,0.018751883251113988,0.007432675343499229,0.005405769350693923,-0.0015279822223868145,0.00829748097108629,0.0026330113571586544,0.008324612205979909,0.014573933208972045,-0.030009545100185275,0.039184085817050684
2019-01-29,-0.04644583641149247,-0.046085247329617385,-0.02448698906201552,-0.012919721624870872,0.002641182511954332,-0.030909084182344948,-0.014639479742879602,-0.012489873821716957,-0.02164612232312335,-0.02285829304086695,-0.04480233489427943,-0.0022875570346975183,0.008464263494152302,0.020740916994590908,-0.022474991327606664
2019-01-30,0.0439969736126149,0.19948052740716316,0.015587249701808803,0.03664875485853214,0.014775756514388227,-0.00651570492596365,-0.009958235339185717,0.0018972341532099701,0.026782153981723456,0.008729375987592602,-0.00409715300696567,0.019170790466963794,0.021449875180780564,0.035752725562763654,0.028490504566423658
2019-01-31,0.04629128547642947,0.05716759142923933,-0.012955705357386549,-0.013131172051553897,-0.012190334076343068,0.0018878548768601622,0.0018878548768599401,0.0018878548768601622,0.0018878548768601622,0.02598371694038515,0.08328728473015246,-0.0066087908290084485,0.002566969722761714,-0.018563018684940813,0.05010776278734386
2019-02-01,0.0068175707708777455,0.004096697341041899,0.0018170696155637156,0.005885830641289891,0.01931145496172193,0.0012057207777427248,0.0012057207777427248,0.0012057207777427248,0.0012057207777427248,-0.013470593352731153,0.0036878355044116518,-0.005288313448026383,0.0020294487444476594,0.02470736756735037,0.021460795485603645
2019-02-04,0.03074701681981007,-0.015503919402964916,0.001612662542749943,-0.010430092025906723,0.006445568530109691,-0.0025029959069167163,-0.002502995906916494,-0.002502995906916494,-0.0025029959069166052,0.015554910940757782,0.005003193414359508,0.003955053571230938,-0.006035947156644794,-0.006035947156644905,-0.006035947156644905
2019-02-05,0.005161545911754439,-0.03398258281572886,0.020929756425269508,0.00565539860182529,0.011416834785013652,-0.00045488315204511576,-0.0004548831520452268,-0.0004548831520452268,-0.0004548831520452268,-0.011083229986232013,0.012327920137289006,0.006491824757660858,-0.002497481775743604,-0.002497481775743715,-0.002497481775743604
2019-02-06,0.02034008226108508,-0.0021449694640104378,0.007293479907685141,0.029652218701468946,0.028908012274615258,0.0015620532900630923,0.0015620532900628703,0.0015620532900630923,0.0015620532900630923,-0.0020578286386889744,0.009602735833866838,0.00598575942801971,0.002145369195331037,0.002145369195331037,0.002145369195331037
2019-02-07,-0.03647068129952813,-0.025365440532338912,-0.010763247759502659,-0.00893729314450431,-0.030825053740561992,-0.0018839303387501172,-0.0018839303387498951,-0.0018839303387498951,-0.0018839303387500062,0.016687690908801844,-0.018179460905549227,-0.012689405772245421,-0.005839885146684098,0.0079006396509409,-0.008716289249890097
2019-02-08,0.0050875782559276495,0.016762203770963602,-0.005143307916703477,-0.00350709435529184,-0.0001657667833654397,-0.0006816381479625155,-0.0006816381479626266,-0.0006816381479626266,-0.0006816381479624045,-0.051082471950761654,-0.03609424646934467,-0.026954650424664828,-0.03213234970087009,-0.043528927726437794,-0.012949384704064482
2019-02-11,-0.011608245938127704,-0.003904562063637096,0.010737851079339444,0.0030166457886777742,-0.01408298946290365,0.03127248888000178,0.06748566730143901,-0.02038155152653187,0.006504596899050696,-0.0004917662844255988,-0.0004917662844257098,-0.0004917662844258208,0.005242361630512171,0.008944272555432509,-0.02415114158861531
2019-02-12,0.032229284790086465,-0.006097534635492008,0.016329038544630192,0.019799657646736524,0.02391909139263748,0.006909944961742465,-0.009539029279415745,0.023616939860180652,0.07848475179159542,0.0383623659758241,0.04418414573114027,0.02623372103279009,0.021386790207680306,0.022343002098002662,0.08477818493999778
2019-02-13,0.011311765578852384,0.0013146663911793866,-0.001355006726441732,0.003931868942833816,-0.00262612945802998,-0.0015993974598940142,0.008601900838489218,-0.008880134831546371,0.0965210926570168,0.03081389852936267,0.04164335007847719,0.018049894478517237,0.0074842622989139684,0.008182524290137883,0.041974361109453184
2019-02-14,0.010792997154281503,0.012253775694635927,-0.0003876700745419903,-0.0034271507744559893,0.01107995437257836,-0.010661272061070481,-0.015432128759522601,-0.015341413993329,0.021198284888992003,-0.007680709047253265,0.012052967598515263,0.0006496162721187915,0.025009430984362258,0.012656726301318644,0.007118065085431002
2019-02-15,0.0181840182268862,0.0237786927957222,0.00795023012566376,-0.03954812440833011,0.00021694157812301995,0.0010058122120815138,-0.012706656655044113,0.0027081067301042427,0.0066772253915703406,-0.009593722005800887,-0.0013449860052187068,-0.0044562109584807,-0.034461686621920284,-0.05038203474727698,-0.025273106962949377
2019-02-18,0.0,0.0,0.0,0.0,0.0,0.013511713901972922,0.006246267258627869,-0.004802699849334013,-0.0025254333451703026,-0.0008638862637562195,0.007944475954521302,0.00954462678522705,0.005923099408460697,0.01488440134818525,0.00610241437748571
2019-02-19,-0.004449089039182064,0.01140204621131935,0.0005769666079369351,0.0051153585557508485,-0.010359274423236475,-0.004541746332786589,-0.0139986976750196,-0.00019470824337508574,-0.01714076342532589,-0.004961348520757136,-0.0035633364613614216,0.0029139261114534687,-0.004500039944260625,-0.012482804035974238,-0.02650616870513245
2019-02-20,0.012193765887784203,0.0,0.008460222483632762,-0.0025576662556474616,0.007617938400708235,0.025314896213303628,0.023294963658687662,0.03202275980024338,0.012776181299764433,-0.009627374194624783,0.0009121959178697292,0.007415705184373289,0.023277923763051822,0.02975633244567688,0.020200881825363837
2019-02-21,-0.017534102624145786,-0.0012526382333953867,-0.0019069161431145565,-0.004358729871351441,-0.007179906231294608,0.008103096919796826,0.013270791657267411,-0.008696821623093043,-0.03449866402887214,0.007178976875930498,-0.02352371207656001,-0.006319737944858184,0.0007983906742650149,0.012939400532536283,0.003191783096465839
2019-02-22,0.021955690795138372,0.018394671097584192,0.014708883804874562,0.015451646286088305,0.012929553828859852,-0.00022727911721076577,0.0190733229998179,-0.0018964300269483925,-0.007578836222346785,-0.0194256680820053,-0.013859241009662737,-0.0018940062504784194,0.00208859807391093,-0.002161680966207502,-0.014777984271623135
2019-02-25,-0.003140764077792846,0.014367753093255775,-0.0024470194092115483,0.005833327440453173,0.0113580879422428,0.00804445411158805,0.07188538072545336,0.038542861784943705,-0.01760027855865176,0.0071643678175850045,-0.00019463545441122942,0.002673387334744204,0.005888316995133369,-0.015337930279468726,0.029624815025078854
2019-02-26,-0.010019773305655066,-0.020234723534012233,0.0007545971122384643,-0.002017220869091285,-0.00871713585768874,0.006695549206966911,-0.020856666444764027,0.04072865284547156,0.0034126668040859176,-0.010774798585562073,-0.0028496798319699312,-0.013215018595957195,-0.008155631315973744,0.0019095245602915867,-0.007940557420188843
2019-02-27,-0.010757302632014465,-0.030152811641555255,0.00018857158103191551,-0.02021236115423375,-0.006689590508108578,-0.0026719372526314844,0.012065330913785699,-0.025377045890284444,0.008445482149498362,-0.0014074603398841479,-0.0009620318993620591,-0.001409210949257944,0.0026024429836468688,-0.017396018679853298,-0.004296206935014646
2019-02-28,-0.006376941107838596,0.0021295206722315996,0.006598933097762272,-0.011345792374664043,-0.006789140443586472,-0.0007798085425321233,-0.0007798085425322343,-0.0007798085425320123,-0.0007798085425320123,-0.018311661518921496,0.011085313072261238,-0.016655052494816913,-0.03598590920179945,-0.05088495553095185,-0.044565725273216894
2019-03-01,0.014196838130293488,0.0063748242308978575,0.015171132916525831,0.0057382122218765375,0.012249313400838568,-0.0015571884673257763,-0.0015571884673257763,-0.0015571884673258873,-0.0015571884673258873,0.010997201459566064,0.03645228522849964,0.004467773264193564,-0.00811228705667233,-0.00811228705667233,-0.00811228705667233
2019-03-04,0.0021093841403700964,-0.013091193494394693,-0.007749208713194622,0.01348539279173333,0.0029711531108211897,-0.015027739144647834,-0.011099393700402138,0.01391385599454753,-0.028736305031641707,0.028433507994165774,0.029702307274824813,0.01299558231397735,-0.007829091724215198,-0.000873392856333477,-0.015553106229313718
2019-03-05,-0.0016585559961425078,0.005562651095346149,0.002975324386228495,-0.0038382002543551064,-0.00608630995555326,-0.010647997598789094,-0.014472243617048908,-0.004734433051059472,-0.016928917066498017,-0.021856395116566785,-0.025778380754032826,-0.009599086082696995,-0.014549798344421272,-0.006886917863009656,-0.010967993967843204
2019-03-06,-0.028558590231594794,-0.04638298521650597,0.02775675578712078,-0.022091199373764248,-0.018262787168240036,0.004552486889275897,0.02590717915155194,0.008135496174719092,0.015888434377456795,-0.008835285187184239,-0.0026083442778216392,-0.015115308096307012,-0.003927942772483872,-0.02126372056033554,0.004207957374804394
2019-03-07,-0.018349234392137315,-0.014725565638241789,-0.014050970044498956,-0.013133572801835358,-0.020092749714378133,3.241917247587267e-05,-0.021396849827541753,-0.014030645706263223,-0.05689235487262523,-0.027413574729359014,-0.022595216653223504,-0.020705465398299983,0.009509725906627686,-0.0007098924828083941,-0.0007098924828083941
2019-03-08,0.00924551765967263,-0.0031702760446599143,-0.009254253745214713,0.0045249599673102825,0.00743583495551059,-0.019574319207189883,-0.026186407042867788,0.0037996169255694046,0.012120879086345848,-0.03653784386374592,-0.05674588280852533,-0.018062150568880053,-0.019901778886375565,-0.02580511304832911,-0.03356523921257848
2019-03-11,0.06970271883639301,0.04316214655664652,0.01531876998760029,0.020402495792034125,0.012580895881367127,0.002692902079208803,0.009868576506882665,-0.019965132659103713,-0.004307598764209608,0.019981864888511724,-0.011292492448104263,0.008709619505391286,-0.0042946051668038,-0.002370927628117858,0.011806224224298445
2019-03-12,0.008563894402492167,0.02308365452000105,0.009015398604636626,0.005193065066852354,0.007841530493213567,0.02099787165885103,0.001171221304048009,0.010566899776853766,-0.02005212078719476,0.025614951426371046,0.008464720778543322,0.01728089747538686,0.025885698563606896,0.019474102042242425,0.017990856301886904
2019-03-13,0.03753385320492786,-0.004682869792396183,0.010029192405959675,-0.0028411546472824067,0.00010950747102800307,0.007184043250601846,0.010059022117958838,0.0024007248300956796,-0.00908321188111727,-0.019303412274385368,-0.026303991340935085,0.01644891279122218,-0.014867858315360083,-0.010230324010050196,-0.0006102962301983705
2019-03-14,-0.018147509479101487,-0.023952073825652787,0.00018066121843030025,0.00854944906926125,0.004163707349621015,-0.010836917894847198,-0.0021222660932309623,-0.0002913250331729733,-0.02357941497256766,0.00811990369998239,-0.025567889964916324,-0.03422804545957203,-0.0020537950577294017,0.005415638657086275,0.09192880527049963
2019-03-15,0.025670714802447536,0.02059602221685064,0.021660771534889323,0.03750262792352532,0.05193984495146098,0.018629383287045664,0.012287093302187913,-0.014827904664527436,0.03520588580843631,0.020150924221628452,-0.003314964772828999,-0.0035373145036871056,0.002806159162218158,0.006691586428225538,-0.06372256860924475
2019-03-18,-0.005064462720037355,-0.0017175145536673098,0.004063427312860357,-0.009655597398846472,-0.011254718354371862,0.00915164573312488,0.008028879793208876,0.010446286166894359,0.0007769810577908931,0.03331272334505031,0.022266865742153197,0.017720683491175393,-0.008964113499947302,-0.0020409642473924183,-3.760803441432703e-05
2019-03-19,0.040011887289367776,0.11827956989247301,0.0024636603548122693,0.009250000128137703,0.000891678044872446,0.0019474928098783817,-0.0049985086127598555,0.0024292536441428147,0.018892707373027617,-0.006287578859557441,-0.0011882830428319169,0.011268926268191759,0.00593524379380761,0.004306437777571448,-0.014350203672886863
2019-03-20,-0.007455637212343436,-0.011538432194636461,0.003334988209305667,-0.019816319752330336,0.0017294383473820396,0.005419950016292141,-0.004438682710785291,0.0055727297293233224,0.0153822688973555,0.007772667309373205,-0.0014848706756869223,0.005192126349802706,0.00473113583450524,0.03812273800179922,0.0025372044513098935
2019-03-21,0.05470165605994848,0.08521395181696101,0.010671976660694638,0.04447792191535349,0.016846358696422703,0.015947755940709074,0.012408531718153926,0.012590900707939445,-0.016105791431346828,0.0066961620272099065,0.0066961620272099065,0.0066961620272099065,0.04523008435962228,0.08111253676659302,0.038611022815644436
2019-03-22,-0.035011105232338746,-0.05449976994188088,-0.01644464968236936,-0.035567456504517314,-0.03400921743092167,0.010642110358991541,0.021828225316313787,0.03292434373678166,-0.00804238339084351,0.05052471242344447,0.06038015099829552,0.001494911753565642,0.012773098533420235,0.0001724588521541115,0.005807495588278755
2019-03-25,-0.020957970586791275,-0.01516880975156365,-0.003167995637316401,-0.011540179074298273,-0.007563020064780379,-0.030530313907067064,-0.028773855248021785,-0.016053545300261374,-0.03176985572881841,-0.014136869592873413,-0.023478836799424863,-0.01135208389496667,-0.028902569100121123,-0.04826929743374764,-0.04730567627966187
2019-03-26,0.01778135210185572,-0.01078162443973929,0.024011275921137054,0.005837350739857472,0.005152121372049345,0.012056711943669862,0.017989436273364356,0.0402139669344832,0.010119273668710793,0.009702001499150237,0.019712773330216038,0.020463759199642828,-0.004362794991766283,-0.0016090494465561545,-0.006214555292380353
2019-03-27,-0.0020918636261101353,-0.0311405655032434,-0.018793015696550674,-0.017663191790583288,-0.01724570611046794,-0.010983935868794314,-0.006079770227912951,0.012577424833038364,-0.017427844422336802,0.012109032505289496,-0.00955684262984291,0.007860286413153839,0.0021388764225749313,0.009557185992050021,0.009792995740659949
2019-03-28,0.0042490643829440344,0.00683005546254245,-0.006325892175150005,-0.010788916334919851,0.0007602751801782937,0.000675090617383578,-0.012110720872998693,-0.011612001734845334,0.012170966546084294,-0.014506426611713974,0.006594845136626448,-0.012773236054267834,-0.0072455261744690524,-0.018940035415509482,-0.027119875408326055
2019-03-29,0.013032526997662108,0.018355985699299415,0.008488032298099357,0.02986257309069784,0.020901089975709386,0.015482299098507957,0.022726293638102302,-0.0019522545585884954,0.01609540387465458,-0.0016404642809086933,0.023737480608964745,0.01087166872950518,-0.0007907326787861546,0.030061197461756395,0.004939615969185018
2019-04-01,0.015147909899982048,0.032915365890298975,0.013677327873055756,0.03706502479576046,0.023557695582590465,0.0003890894638580722,0.011012611730916833,0.01817363425203089,0.06972294214881036,0.019824965599008815,0.01963111347115687,0.02416430864229757,0.006846156437461559,0.030183540733170533,0.035281032103478216
2019-04-02,0.0039502215100166715,0.014795120660781924,0.0048435570031242214,-0.003403744038687595,0.007065403659283653,0.0027520003779404334,0.01823954774033676,0.02839020030008288,0.006891043780453021,0.029065098019988023,0.04661209779333153,0.016589216197139045,0.019151270370362905,0.0009375509377933522,-0.004895620546185864
2019-04-03,0.030710256276563985,0.08485983019677268,-0.0070583228095355555,0.03513002500756013,0.0201197105792692,0.001642405474229447,-0.00038927754430950756,0.002442544217405196,0.013409259937302798,0.028245833552181798,0.021584143875243766,0.04215418699638063,0.01524514086240214,0.04238812641478895,-0.009321668070940592
2019-04-04,-0.0019081100541662455,0.0024121190117174507,0.003120683316777173,0.004478265193123443,0.003236750443077696,0.001331699560500832,0.0013316995605006099,0.001331699560500832,0.0013316995605006099,0.007245563995301518,0.025039323662388924,-0.0008079028735823446,0.010052517927543914,-0.016297828095299005,0.027004684940076018
2019-04-05,0.014288267422527534,-0.0037813891294110613,0.0022469322037954598,0.009854535704255873,0.015172992361681459,-0.00016234731547781767,-0.00016234731547781767,-0.00016234731547781767,-0.00016234731547781767,0.007615416672237529,0.02073355163840862,0.01734143723287329,-0.002807262041961467,0.0069692392052471686,0.0005123643908924169
2019-04-08,0.004399407219948248,-0.01552791106621576,-0.003966261723637121,-0.002787874769233145,0.010775143094627682,0.02650249206656441,0.013901010138561043,-0.002695381628581628,0.02887798178332379,-0.016299670991538284,0.004587175314130221,-0.014020756230313736,-0.006362334409216963,-0.015997413827333995,0.00027332134077995285
2019-04-09,-0.013191666535436797,-0.04521559356748195,-0.005540196929755492,-0.021202390730031384,-0.009776062056405022,0.0033334295454867657,0.016350986623003383,0.0022144217268045274,0.030246438844588885,0.008622380962506115,0.03528225806396823,0.014582833078487178,-0.0038734600538533615,-0.005151953037375145,-0.00623943380638281
2019-04-10,0.015005599058614205,0.02165933030636258,-0.019324738120120144,0.003808563743956661,-0.008830536812003964,-0.0002920099625034478,0.001376700809873066,0.013828102697370781,-0.015979213840879525,-0.0025684050202150477,0.008052673842950275,0.0128844430715771,0.0019585226727740768,0.01117721293798013,0.021141755419255004
2019-04-11,-0.00291501308346076,-0.0014372622453598938,-0.0076331916006059375,0.007114011655765973,-0.009410047812633882,-0.00854959287486523,-0.02899489535306199,-0.006248189927001158,-0.029646814003794986,0.005392690100165964,-0.008637930455599019,0.013576872889180525,-0.005974230028785388,0.0011437750496767762,0.0036974655177435256
2019-04-12,-0.00798792300443285,0.0021590307292453925,0.018783280420410664,0.01224405661010386,0.02480928350809153,-0.00045377736581986294,0.006404147649470948,-0.024252475897608372,-0.03178291008708922,-0.005982409134092426,0.008924057263137053,-0.008998173324394232,0.008454183567992102,-0.00827041967928821,-0.014915863344196367
2019-04-15,-0.02794584361411634,-0.01867147040003847,0.004038613643018163,-0.0065132421871758606,-0.014692981781382786,0.014612413426459803,0.010942406835088958,0.01937816719830887,0.0330942090635038,0.0009260723912500879,-0.008446256433924604,0.005847021082200365,0.010967543393232804,0.027293330428710405,0.009044251019208138
2019-04-16,0.019003420294860573,0.02195391083588283,0.23207408941622032,0.023647841032960137,0.018915321283685005,0.00508827879524576,0.01101716322417201,-0.0007778624416758806,0.01115306855163345,0.0033231342284909537,0.003998020858497764,-0.001127040634643861,0.004454678848741178,0.008987765578836848,-0.022154453890186554
2019-04-17,-0.004888142747995983,-0.015753688838165858,0.12249838346124431,0.0038884438655859555,-0.0012768948807097003,0.017212940886035533,-0.038613673914479785,0.05884580894068048,0.017402470415710525,0.00749977086817033,0.054367570003048815,-0.005165663806118381,-0.006424735793015168,-0.004683235134169794,0.06623987338249093
2019-04-18,-0.005285721813121369,0.006911623704603853,0.0102429349547557,0.0013668948001102077,0.012539372539569493,0.014793080311849893,0.011977318223529876,-0.011392234097115095,0.006191272570214901,-0.0006651511425443957,-0.018725189905388406,-0.003703185656443453,-0.026102059989991377,-0.007663261254578502,-0.024555284938650224
2019-04-19,0.0,0.0,0.0,0.0,0.0,-0.0018819132105616365,-0.005311898305980223,0.016975846048347343,0.0385044234511962,0.023534345248068744,0.034701970256708625,0.0037527810753410495,-0.01174681174615011,0.02745551515683431,-0.004048115981274081
2019-04-22,0.01164802326217762,0.018063583615875345,0.026035715217521682,-0.0036403570888114967,-0.0019426123426428132,0.006095615607688565,-0.0030277594241886474,-0.006203148920837065,-0.02736745804480012,-0.010869308271983624,-0.006829543748957501,0.0035541382750199357,0.0025247070151996898,-0.01449585735603165,-0.010184769048189657
2019-04-23,0.01167283203741798,-0.007452128798689839,0.057947827427064835,0.000913625112189953,-0.0010706482400310025,0.006441056792692246,0.0023864617857700665,-0.010393449064744154,0.0017838950332169645,-0.0026768353076680462,0.0028645909694802185,0.001722069169903806,-0.00815104392389443,0.0013214033619135535,0.06747195043960241
2019-04-24,0.0026224946539670224,0.017518762357788376,0.0012683794054724196,0.014373584083811064,0.0005845358703593373,0.0032756816135508515,-0.0021771555139914467,-0.01659723854266515,0.0009702789596504058,-0.012110808235622494,0.009546139619042604,-0.011344029180561654,-0.011655115176913755,-0.032527494488886144,-0.01808158126328452
2019-04-25,-0.022283967835928897,-0.028109601644260573,-0.02026940170400149,-0.00022512564519572287,0.0038947625018359577,-0.007827265344749201,-0.007433223604726424,0.00456097583233217,0.01334811883859488,0.007622335097966504,0.030652827011230732,-0.0013029011302813087,-0.013686861882315937,0.009929792039499175,0.019275998616388845
2019-04-26,-0.0471886868187853,0.007953699008247606,0.018455362310877632,0.004724644208009776,0.016563323425613063,-0.02800601178754747,0.006977042778708364,-0.0067614935288490274,-0.019576124929579164,-0.006247142197425726,-0.08370453313761794,0.0009796893082918423,0.0012379835291755903,-0.023113232354644908,-0.011819680361994989
2019-04-29,0.0069632442930733784,-0.0068148720383161,0.0070407463249426705,-0.009404302945110965,-0.0038126004934303515,-0.001244566419989268,-0.007947010095819995,-0.019854137335464594,-0.050783930156462764,-0.0004839089671380137,-0.0004839089671381247,-0.0004839089671382357,0.03011430576118901,0.018928652935599644,0.022859881148371564
2019-04-30,0.00931198457682103,-0.0021668967906741665,-0.012836437981278537,-0.003842923402348708,0.011675664623285176,-0.001603995420966231,0.02815886642811516,0.0017208105284163278,0.015388622973558919,-0.0007521659099007927,-0.0007521659099006817,-0.0007521659099006817,-0.007409286720872044,-0.013403305057954396,-0.01579469734424932
2019-05-01,-0.0029278723928883865,-0.029677876211758325,0.002786395742577552,-0.015656809072063682,-0.011636918744844293,0.00016191498870266052,0.00016191498870266052,0.00016191498870266052,0.00016191498870288257,0.0025315796809277646,0.0025315796809277646,0.0025315796809275426,-0.00384262388941381,-0.003842623889413699,-0.003842623889413699
2019-05-02,0.01507152715627158,0.05520333752580098,0.00891525958840167,0.007376662953491486,-0.0022289310372355375,-0.0006471174177460348,0.007807594531885842,-0.01458496586209046,0.020111045006922845,-0.0005114922492015506,-0.0005114922492015506,-0.0005114922492015506,-0.00012171776577463156,0.02028219343659443,0.014968325836453245
2019-05-03,-0.0009823870756294761,-0.0024744291236282745,0.024672786911455802,0.005949808425739445,0.013354274599912008,0.02372929668300916,0.03748331658124937,0.018947870446938353,0.019456124306021616,-0.0003856609401218236,-0.0003856609401218236,-0.00038566094012160157,-0.014290670546491469,-0.004947658006520639,-0.013971486075630035
2019-05-06,-0.017267070925880312,-0.028348662527499235,-0.01164750477741927,-0.019335977142209027,-0.0168198660033132,-0.022799887188699852,-0.009868895604149608,-0.008493752062267546,-0.03581955655574054,0.007882643205202378,0.007882643205202378,0.007882643205202378,0.0023897169349125225,0.0023897169349125225,0.0023897169349125225
2019-05-07,-0.03747537196093742,-0.027717003164376197,-0.0345608681657692,-0.024588444849084512,-0.021835822099994795,0.013021741200582637,0.01584665675658603,-0.0060848338501096055,0.029086139144918643,-0.027103502236531907,-0.023899051663458626,-0.040887713779673485,-0.013934424022879588,-0.010234904435273195,-0.0426358064486102
2019-05-08,0.0046789889116685135,0.016129043797332265,-0.007746574487955127,-0.011176895284329191,0.0036875578670609865,-0.010388244867936658,-0.0040854798308155305,-0.014944914599921644,-0.009485675101554847,-0.019284619588030183,-0.016307812118368847,-0.021407787310570914,-0.016115386967981093,0.0022177126597471286,-0.03627603380933919
2019-05-09,-0.021446559635361462,0.004429639394937457,-0.008989877675459113,-0.015391800611885165,-0.012113490000610794,-0.013716398511480987,-0.03250826059529621,-0.008827758297127453,-0.007503055083840082,0.0020813239039523257,0.00041409322743124477,-0.018664806214410135,-0.041406532124673046,-0.05426764150958563,-0.05054747644103197
2019-05-10,-0.008049893810849418,0.027563396737781742,0.024588076984632945,-0.003419940579208469,-0.0012562464611985957,-0.003784386863783129,-0.006829284950540582,-0.010468230134536793,-0.003295735135901978,-0.0024658165525348608,-0.0046673907589873664,-0.00700590214095087,0.004601492451688838,-0.026863882601484312,-0.01199765060472091
2019-05-13,-0.06142655678181608,-0.061516429530560246,-0.022716629579457415,-0.041911660806505324,-0.04176319192612543,-0.01942867381333624,-0.03818448720573697,-0.009551230260972043,-0.033060559515106114,-0.024681246876753438,-0.03926529990507577,0.003933257689809677,-0.0017893882915719361,-0.008084481024761336,-0.023041978377840944
2019-05-14,0.02265758160246567,0.041158534036833005,0.0267020011496113,0.023535206987533197,0.039907449867968126,-0.01334176870020476,0.0032778640099007106,-0.02295279019387131,-0.0023868601451936255,0.004889402280497945,0.01758145711052883,0.016115671075514815,-0.010748167243662121,0.004057108725198599,-0.01573816091530944
2019-05-15,-0.015181772162237706,0.009516845965817922,0.0015095377769973606,0.03724102294699727,0.013078294112029987,0.0009180844702314506,0.00236456476472946,0.016852572550526634,0.006452473243832468,0.020665064358186713,0.05680391433624754,-0.0046104974057332715,-0.0021345664637175688,-0.0011303454010306302,0.029367630502298958
2019-05-16,0.0038224746294985845,0.015591019085035684,-0.039995753011465296,0.0038551697937596607,0.007526432726555843,-0.006085318543737617,-0.00494731127367809,0.00933017393048341,-0.050613853291684996,-0.03032218701867817,-0.06141189857155094,-0.0032171524249950956,-0.022769114359677434,-0.03417510749615793,-0.03375820583608247
2019-05-17,-0.022847874003984914,-0.018207790957315395,-0.015819570035719432,0.024964337995780017,-0.004650601415039368,-0.025653104765637758,0.006917524708153433,-0.04565243628964144,-0.022384639443053467,0.0007133086502981723,-0.029888995810120722,0.0008798743316387192,-0.01213019429851192,-0.007894610546784975,-0.04058956190923724
2019-05-20,-0.030537196549997425,-0.029818170720880666,-0.0598768736468529,-0.055035285554193014,-0.05328020389055643,-0.02014820373200843,-0.009155378629700839,-0.022410648170281378,-0.03300054176156619,-0.033974346237469866,-0.028935714754586006,-0.02371832642703675,0.016565750397427248,-0.0125468632110467,-0.02393048370246853
2019-05-21,0.021812001731913,0.025112446350458617,0.014747921594711721,0.022800379737033527,0.017167096326272002,-0.0172455181671215,0.0012771232126640442,-0.029890412085198603,0.03602169460888871,-0.017969636183031268,0.01144518855093346,-0.014841656243685719,0.027811211609024777,-0.008047002762271438,-0.021240914772484576
2019-05-22,-0.018444260170154325,0.0021937647204945954,-0.10855325003052252,-0.013882258284540594,-0.011457841994716778,0.017094173946784252,-0.010326946926840108,0.004792313731188269,-0.01120004692265586,-0.008754760944976514,-0.007608864353237044,0.012435101451423014,0.008111521703754843,-0.019914924271592582,-0.01106494882449216
2019-05-23,-0.03206339560293581,-0.03830715953687547,-0.015148928170614195,-0.013583690221737998,-0.004751435906084955,-0.03585627585707796,0.013294926588002465,-0.07528311342312555,-0.021693300532548143,-0.025870280504623477,-0.02689154522381232,-0.003396426085367721,0.011887186950454431,-0.009301647610776231,-0.004613034043273401
2019-05-24,-0.014729631714809677,0.0030348984011268065,-0.03003255573060437,-0.011016291809928913,-0.004301757618320301,0.011082260150399481,-0.01902579289020112,0.0032002333906422376,-0.011817684120608463,-0.01891412573758222,0.0037898635387161317,0.0036828563666757574,-0.02622609627387884,-0.0058825232276161765,-0.012693951306250062
2019-05-27,0.0,0.0,0.0,0.0,0.0,-0.00722891186652308,-0.019568332907903385,0.0030750334906577415,0.001366313960814658,0.006600651903047705,-0.020376112233612687,-0.005332671566525393,0.0020323327782618694,-0.007181496572903345,0.011805718727922576
2019-05-28,-0.012538799818350488,0.09871401854326622,-0.012686704921711311,-0.012405002238582874,0.006269696767807975,-0.001593359930650573,-0.0012078590793340727,-0.004541216175653617,-0.006098004901725185,0.026014412901808504,0.028543203237493264,0.001711092866517605,-7.487723594323814e-05,-0.012706341002172938,0.030668182146885492
2019-05-29,-0.02086088530989172,-0.03304644095301512,0.005966037693917903,0.009228376192724097,-0.012722783637460822,-0.00730549826175908,-0.0029797371345114954,-0.0029797371345113843,-0.019708375015687007,-0.020194012649163984,-0.03846435914555335,-0.004981708459412371,-0.021985925029230358,-0.0014163058091446468,-0.04283390972249801
2019-05-30,-0.007632967285275849,-0.00213597243205621,0.012621415041990547,0.009652250601232204,0.007053250179382964,0.004339544695257214,0.05473415728058573,0.0012347833361228133,-0.0055877639000802,0.03117850838870928,0.0032503181468681586,0.0002670080930611274,0.01398967645582827,-0.006897287410224884,0.010387480679748595
2019-05-31,-0.026238269689200067,-0.022119187443644606,0.0034540257184667578,-0.026667250972905787,-0.009689919001632519,0.02073967036425195,0.05019929181829008,0.021738088199777295,0.04581066390983679,-0.023400064086222416,-0.01262935292567291,-0.019549566682018016,0.002043561659752946,-0.005911281820179748,-0.0010281121300093066
2019-06-03,-0.012402079883976791,0.006202118834013559,-0.002394101131428461,0.002326361173819569,-0.005689877833706558,0.01237904650585242,0.011407884539164526,0.005095215200054959,-0.017961733550916792,-0.010258996088964745,-0.0016995478001151643,0.0029853517906097693,0.031031065678794878,0.02034607509221109,-0.01659918417120676
2019-06-04,0.06891907924427265,0.07215372649104634,0.026852251736044552,0.042290042271317274,0.018611726309540666,-0.016453134632681277,-0.004945291977367483,-0.012091007316368807,-0.0020669111252560324,0.03421540857394034,0.02476787737808195,0.005282441910562818,2.3512175087780918e-05,-0.014625459253622353,0.01826174095093669
2019-06-05,-0.012028048291176763,-0.0023672538230181672,-0.011941386736072368,0.004206104149775847,-0.0055656346965330394,0.010193759358134935,0.008037130151600014,0.018572321574855888,-0.0017763471392087116,0.02159115670600631,0.02925707895164331,0.020826914850256673,0.012332508418896104,0.0019556368031312665,0.020563408376042425
2019-06-06,0.017695320060131747,0.07864405745166847,0.00850488266612004,0.01946268488706382,0.01774013429951271,-0.011914327176677064,-0.018323064225575725,-0.020822786633963863,-0.019424997441487735,-0.023201899353598177,-0.01571627630737915,-0.0017673087481465677,-0.002282048143386728,-0.002282048143386617,-0.002282048143386728
2019-06-07,0.01196299849223803,0.018541802584739253,0.016274647399616926,0.003141580522792342,0.020024857386659933,0.0009273849756559205,0.0009273849756559205,0.0009273849756559205,0.0009273849756556984,0.026870995652401142,0.04956177951102836,0.0007908775771239274,0.008322350193866512,0.0060934387185256345,0.02254717277316276
2019-06-10,0.020137402581057673,0.025300823779229153,0.02693263960031822,0.03926765631781204,0.008341055921722074,0.03171145759372518,0.02655835044287791,0.017709189997402675,0.04546759095227948,0.013696500969104575,0.034205012099712384,0.009801474175330283,0.010347025112729558,0.018154269767949316,0.013246724070424376
2019-06-11,0.015630041717955567,-0.02467648829732827,0.009923235610249881,0.014140228543102262,0.009280592197264514,0.017711056053057117,-0.026310314011512403,0.008986804865149356,0.013767831198441716,0.02521760161290465,0.010325215408591548,0.012003469187636284,-1.8672367785077526e-05,0.004847548063646512,0.00021627432860138462
2019-06-12,-0.03018234692599664,-0.007096561040394245,-0.023161314242953757,-0.05142885489822502,-0.01639166458926855,0.006872862122121237,0.005607012262227151,0.0007333102438114025,0.005599237140119451,-0.02669816066937758,-0.04765199365632233,-0.001166267128902665,-0.0020962570802794955,-0.018901950379002552,0.003497508604134447
2019-06-13,0.014090320548976631,-0.024549437788547235,0.004886055218707108,0.003614668884887706,0.005639561117114722,-0.026376829228334175,-0.0020364392379854657,-0.00038683217565727013,-0.01169426637879245,-0.042205376390319405,-0.0501406850302929,-0.011593693454495013,-0.023575867113911242,-0.03793672463712183,0.0021112526949431665
2019-06-14,-0.024416572643783052,-0.032812959519729734,-0.017302860018709065,-0.010084346059699212,-0.029858767466465763,-0.017948247032624653,-0.00936982268486286,-0.011190973738781418,-0.006182674986294323,-0.01726659485215498,0.002696402222359673,0.004015698153646996,0.007715687669750615,-0.004321944438376413,-0.01950063805799851
2019-06-17,0.002696359725061992,-0.038208162848870186,0.005674672166918748,-0.01770518489479722,-0.01239484211989228,-0.013495609752665283,-0.02194969630273491,-0.027439295817823006,0.009018476427548494,-0.027238586747131865,-0.031454804429077665,-0.014853857447488905,-0.0063199324942008195,0.005414216556665741,-0.028613555882824993
2019-06-18,0.054126655685349245,0.042808218059586345,0.04123893941561074,0.04469109481019218,0.026787653197244188,0.011275734723211972,0.027176602791284754,0.0005401003448632924,-0.01729763650993643,-0.009827298861341593,-0.0020322430199698482,-0.001721223697536245,0.010711040347463285,-0.0042561977046566835,0.001860730658512777
2019-06-19,0.0015699082382005791,0.0016420110281705202,-0.0022232735769667222,0.005199749924502894,0.010784793800037829,0.043085574414510885,0.006748774880025898,0.07398020038036313,0.033329354739384476,0.041458367063795354,0.053970124529959085,0.022945385672417773,0.032803333238561105,0.07056713380028357,0.059609744802055165
2019-06-20,0.006400049794897278,-0.016065566266169284,0.01309171629872008,0.015988860065556665,0.024590977180560802,0.009101416407990781,0.009868817852514367,0.008208621192608678,0.008214060353342267,0.013452668475774088,0.029530941694773327,0.007223844733992957,0.006119598117816372,0.004294804474141323,0.020230960813413912
2019-06-21,-0.015184755317164456,-0.030323220275630614,-0.0002744912278048739,-0.005785751221005775,0.003024979667113792,0.022005623828490917,0.01898781060406085,0.01889664317767914,0.005996399438341626,0.022407598109007054,0.00855066757988543,0.022971390023641902,0.01575684653804532,-0.009725715727040285,0.008653983030633361
2019-06-24,0.0059303023293122425,0.005498276471294972,0.006050178797200267,-0.014664880000676117,0.002620296411050216,-0.00018780767651205288,0.004102990589951672,-0.0054194539362777405,0.012151525095921212,-0.01692088474842912,0.006267772566382002,0.0016561556932570554,-0.0053217144035816455,0.014210152893976646,-0.0022660871782189673
2019-06-25,-0.007729382983576061,-0.013670526842150976,-0.008337975115565888,-0.008268367975045932,-0.018540347726069384,-0.00687518531222675,-0.009188323695959899,-0.023544848436950705,-0.04092552886637135,-0.033221025381409586,-0.021978946751442296,0.0003806888898056915,0.007276116775138508,0.002062869376587617,-0.00819195975915843
2019-06-26,0.05135970286705893,0.036729017447150625,0.033080981404399745,0.03811337524368641,0.026878876564999876,-0.021025852358052544,-0.007523138760063719,-0.01732087141081473,0.008860704012961573,0.023882532996222672,0.03691087558604966,-0.0022508980355835373,-0.0006165962572478589,0.030087652894906558,0.0025291459010823303
2019-06-27,0.024927891686351122,0.0274064068426898,0.006404096006383142,0.025470630778450687,0.0029354942569559395,0.027078843452061685,0.009518334459291733,0.039527099682527655,0.02109188487521041,0.02424607799474887,0.026512329884580854,0.02899067754635709,0.028305034235432514,0.0217055665827679,0.010786101267944437
2019-06-28,0.006126429309860626,-0.012036399955747568,0.008484340841646398,0.0049224668566008045,0.014342074922111925,-0.0050786443721601016,0.004364076988881749,-0.019559323866981226,0.009187520726888776,0.002901004296971932,0.03265493648151696,0.01355161730804788,0.008119677534105696,-0.012550564141910137,-0.0052365018227312765
2019-07-01,0.011812618808016095,0.027329598313142744,0.019061725423090037,0.017145604606728204,0.033857801465086323,0.04008551332987431,0.0003238520993467109,0.07514469980118332,0.03849188523064595,0.04148137063367763,0.056170103735154076,0.02187988851052114,-0.008587802707944903,0.007116042757356,-0.014627003272075556
2019-07-02,-0.023710666180379425,0.0012820194615579261,-0.006578939779926074,-0.022329225781509088,-0.002558674325045307,-0.00038361856758073465,0.013495061331646241,-0.02502925334063122,0.005248073069769044,0.029823781635232693,0.008085456794659995,-0.008578660236416291,-0.011062431593868993,0.016350093491869888,0.019158861182318132
2019-07-03,0.0032049824276139116,-0.0016004877537409978,-0.004934516267276923,0.00022379916901993369,-0.002751394642305449,-0.026575981650908576,-0.0051845408077162425,-0.00357879479147194,-0.008079627604838935,-0.003424550542557414,-0.04228604070024122,-0.008067775742613859,-0.023287844988174933,-0.03705363642936865,-0.012836475225758037
2019-07-04,0.0,0.0,0.0,0.0,0.0,0.0033345703047527042,0.0018776655926975305,0.011102011566065606,0.02007214754585407,0.008901344984480364,0.016774036253042413,0.005693442402260773,0.010363698205720695,0.013059409242558218,0.026203940412297566
2019-07-05,-0.015483625390812605,0.009939065746532583,0.0003911273826739947,-0.015446815525264723,-0.019080757646138258,-0.002717689638933929,0.007664611230337126,0.01518800683451138,0.008882011173634075,0.028539910671789404,0.01761248054055864,-0.0032254056370641937,-0.006129314191594681,-0.0241885715898007,-0.03455259039450587
2019-07-08,-0.018847766206439465,0.017142886207217156,-0.0003909744618560973,-0.012050598916983124,-0.00820029583007753,-0.007052253643284545,0.0013732618591582035,-0.030556188461802636,0.002387248044904311,-0.005251198066084428,-0.02042845464886034,-0.016947780108162336,-0.03309019249830114,-0.02040269495645264,-0.0933521944708261
2019-07-09,0.0006360659929467438,0.03464421281628716,-0.0010439787269643785,0.011967743380185025,-0.006825875184130359,-0.0017737003321044442,-0.0013040808540450977,-0.005914460635500163,-0.0351195451171038,-0.023361060406479117,-0.02167662466499165,-0.02351288632674453,0.010746496570022135,0.030491066388012023,-0.015124708573301282
2019-07-10,0.0174813677474992,0.01930616471160085,-0.02860877001234996,0.01705733566471057,0.007308435903737198,0.021677569048816014,0.015364196237440897,0.03222805739955814,0.025485079948558642,-0.003988777722566783,0.0014357493080683348,-0.01215915093209008,0.00858458239403248,0.042971975329106016,0.01484612914126271
2019-07-11,0.03886037467254111,-0.021604010726761325,-0.008741343881065289,0.01252213892962284,0.002979130409959563,0.015211641451154279,0.01722268225334056,0.03793009480665477,0.02997583470645515,0.021074666165298073,0.02035410750136446,0.015717569561626954,0.019403697869437186,0.04090719642032892,0.041582683304274504
2019-07-12,0.007998324851662186,0.004537135660944713,0.016144596757797558,0.027164072522457117,-0.0026827872899384264,0.004394475063053349,-0.011596796717255664,-0.010799129882920533,-0.010722615724452544,-0.004135374831562011,0.000899987443629291,-0.007536227859718192,0.0034022911699973513,-0.00937412619279998,0.0012350719682332478
2019-07-15,-0.0020280241060873783,0.03553147659457445,0.007076063670307109,-0.004945269167632604,-0.006821034226575651,0.012990976315910618,-0.013904532504729117,0.020703509792601382,0.02496990548933753,0.00701087524080668,0.007010875240806458,0.007010875240806458,0.001252670974838166,0.01805995811227068,0.0008187539740907024
2019-07-16,-0.0011360025621802716,-0.0157022659235605,0.003182116797579404,-0.005833707599730786,-0.008512406251538263,0.008166412485233199,0.0006660376561919978,0.002259366536417673,0.012310486352929306,-0.0014298103945002971,-0.011849099896450777,-0.00884122247418595,0.006882362612625537,-0.0030243411328743086,-0.007298910692913108
2019-07-17,0.015740758950027134,-0.007385524705152635,0.0011888587357897773,0.004564278009812739,0.06180497669527307,-0.01629161321689665,-0.013407706231798433,-0.02381634891014872,0.002374228455145566,-0.005283982006864751,-0.001251585535718469,0.004653402513192795,-0.016616520329145623,-0.019252874229688688,-0.0206400179677515
2019-07-18,0.002769340718241864,-0.017857098255025683,-0.018347301759430334,0.042189245410651166,0.041255251773796076,0.008001411169136441,-0.025743562438866552,0.001545877255022532,-0.0288567630492349,-0.002090028621579809,-0.00902000778050771,-0.012594574353115728,0.00039765183385109815,0.000652168636836814,0.013670889582425794
2019-07-19,-0.01022410031022325,-0.014848535711115107,0.008471031504520887,-0.007473341133890199,-0.013368660713198643,0.02301824021846466,0.011573856451928766,0.04482433935017549,0.03471919249174871,0.04001268102151734,0.07641961134208985,0.04724526862717715,0.022051818415735003,0.03506742128442264,0.013894782722239096
2019-07-22,0.017098041005136233,0.01045832575028749,0.012666666865367882,0.06107490779652758,0.018424271600885778,0.014969135921484522,0.00882665895355883,-0.002839414922943484,-0.005767012684562256,0.007583269473397269,0.014654404035577606,0.0013928144491299754,0.004822274027405982,0.01706298713393939,0.006115623016092142
2019-07-23,0.02533228441554014,0.019482594644559592,-0.024094754350340364,0.005913845072055723,0.010845565974508364,-0.00038658154090354113,0.019054906653978465,0.0067029224391239595,0.0011349480947913104,0.029501934354954962,0.00821194005097059,0.0021143737261268836,0.0024173281122921164,0.005401729474024508,0.001691086847567913
2019-07-24,0.017078742883583686,0.018512956130527947,0.023610313236710256,0.021751705963641843,0.01672375411638516,0.004888460453472687,-0.01959385426393112,-0.0003134819193024718,0.03152481896336967,0.002852125292050145,0.03589038650802112,0.01875035899537192,-0.020728134534296228,-0.01693558845395915,-0.014229250146411854
2019-07-25,-0.0295534104465508,-0.012899514322281203,-0.006854013876794185,-0.02531646361944695,-0.017132133360889146,-0.0026372966540667564,0.013553538400329579,-0.001230658848935029,0.006188866784238689,0.03672468195875278,0.20278980190314178,0.07282672050544181,0.01745747705773959,0.020835369840350726,-0.011057529384461917
2019-07-26,0.009747246527536557,0.010395078938292723,-0.001725180563677653,-0.0015740184841209759,0.003477444696612819,-0.012553813455016827,0.004181190632330578,-0.017189528532047582,-0.012077973048138069,-0.018075885966203353,-0.005586192936908763,-0.007547418717702814,-0.0059929876624006395,0.0025991218105336777,-0.03895826610691522
2019-07-29,-0.0014279425192220696,-0.015873042570877183,-0.0033236626953098147,-0.001379678636182824,0.0005198477710217642,-0.0022521588225764555,0.015252266327045128,0.002048612432905994,-0.022976987510442082,-0.007624322363999569,0.003914870382353275,0.008487977264105107,-0.02306280735326527,-0.03587065591682137,-0.056812950340968005
2019-07-30,0.0036033190148032634,0.011648727448650087,-0.002134070635078311,0.0011840890062646547,-0.011386924493761441,-0.0020655458578663355,0.022184924492369973,-0.001093706661397409,-0.0058164238103532995,0.028098199318718153,0.03016470120509096,0.004158122672735409,0.011042921097805136,0.02597607028103699,0.024736391420917325
2019-07-31,-0.03835793290039502,-0.10097426267485865,-0.02205573788870996,-0.026808519603905845,-0.024218088481983924,-0.001794294354181658,-0.03366960518170792,0.002998801701264542,0.027613447539691194,0.0025317522856669328,-0.005352777148873722,0.0023510070294632257,-0.024788413325586012,-0.024357947622704157,0.0025447005156558067
2019-08-01,-0.022522631280560423,-0.019376030798198718,-0.02679074764216305,-0.01822960048442157,-0.00614891161546971,-0.015495801564554545,-0.0055644864722822485,-0.011105798168365433,-0.0173007692506858,-0.008507452414627914,0.012815434804872794,-0.011761230886410012,-0.008063068771339554,0.005582117179867563,-0.01539104026943161
2019-08-02,-0.022616784645077326,-0.01406564191925519,-0.0007019498117500911,-0.01898084072677908,-0.006909368345803912,-0.024504069591559152,0.001226196892166298,-0.013711988098549344,-0.05455556117974514,0.005841984969619407,0.004751393738170906,0.008345851426082351,-0.01255625362489543,-0.027510591262359108,-0.0009442298133188753
2019-08-05,-0.06452029940383874,-0.04925274241289579,-0.03302895398091077,-0.04395366810206969,-0.03537808270625631,-0.024337312200653938,-0.01714768102139952,-0.0045469492186783755,-0.012434741354651835,-0.016026474968561133,0.005668541696027374,-0.0002346107236945727,-0.029710288171271082,-0.016761643022221606,-0.08057910839195259
2019-08-06,0.010345360815874782,0.031082559712312774,-0.009157295525460296,0.0191374888992748,0.013010946320415107,0.00035251533465863183,-0.017240059686187803,-0.014909989713906557,-0.01879485380421997,0.01996688411287817,0.011671728830552341,-0.005483180598348958,-0.020578572847170018,-0.05506831307782134,-0.10040611416094392
2019-08-07,0.010108448953568772,0.011434508549098554,0.01804372706200974,0.007554413163080476,0.0037693028621517133,0.006466828124240154,0.03786957234123434,0.015878617328401345,-0.04526875968779265,-0.00863338255468138,-0.054337503485027194,-0.021776244520725352,-0.0035220618058995345,0.021514637864048725,0.028938918250335455
2019-08-08,0.028396839411239716,0.16204171114587473,0.026800692029752993,0.025278554465444802,0.020074342896034603,0.02237241960973191,-0.004526924959062373,0.0016448082967703836,-0.033945223375676736,0.013064702727312527,0.032622406686224625,0.009131987668556718,-0.012487103304846925,-0.013398248106993416,0.016208839888137705
2019-08-09,-0.025780262693241074,0.007959919585457609,0.003368266384592422,-0.014835000679781274,-0.01836124733279243,0.005954823531020947,0.005954823531020947,0.0059548235310211695,0.005954823531020947,0.002332977375632206,-0.005980144948707022,0.006092448576882958,0.01608190766559181,0.01819871795788086,0.023587896656015905
2019-08-12,-0.01770670414159481,-0.05147699304551312,-0.023776403140748692,-0.014633825574780435,-0.007129929591278339,-0.013997014293191223,0.016274802666883748,-0.004176452678068765,0.006380048913330549,0.004668698140759542,0.004668698140759542,0.004668698140759542,0.007595420669098241,0.011202293708735489,-0.0016783233696885391
2019-08-13,0.030373161383964398,-0.00986739721902341,0.03409749254075112,0.03443829772063878,0.022149546243169782,-0.019865771183106062,-0.017422001465055792,0.001013306788509416,-0.028144717873208824,-0.0057614083696092555,0.027713288973217898,-0.0086488418007441,-0.01959798122308065,-0.0036382593178326816,0.04056879221373033
2019-08-14,-0.03832119304947612,-0.058237334278671726,-0.0180105797243999,-0.028090161368416133,-0.047810122978972136,0.023042853877309533,0.015509343961681354,0.036541330704306985,-0.0019608335675599387,-0.0007318919937764345,-0.029948051168716794,-0.00037888775576844225,0.027160876332228634,0.04326756239819263,0.0007990756260412013
2019-08-15,-0.008662465449562506,-0.018849196400081314,0.0039500277089801195,0.00963394973598275,0.005461903360163278,-0.014380338454518915,-0.0177296190852686,-0.027292397768941434,-0.03365912864763798,0.0050007091454673525,-0.018676344859060334,-0.0016085289000042913,-0.008974724464662076,-0.008974724464662076,-0.008974724464662076
2019-08-16,0.07252800861448838,0.0508931656555105,0.029792375173481433,-0.011238283866753074,0.014247641913510467,0.012261051801689904,0.021613028547731172,0.005661735485323227,0.02477066738911926,0.01819374395389106,-0.005213551726492072,-0.016112128203529252,0.008009443809073646,-0.0031070406361365377,-0.023075722213482086
2019-08-19,0.07031825458572505,0.009621527714056777,0.021697667838090018,0.010079340610655407,0.01334275532572371,0.005648998949426609,0.0937163980475213,0.021457207664296263,0.05603227208107264,-0.009887631445591905,-0.021493556995829777,-0.002785311132889934,-0.003535179497661911,-0.013750938053364137,-8.014596286975983e-05
2019-08-20,-0.017039518771396756,-0.02414232020118534,0.0160274397143767,-0.007855755108453821,-0.00463644818582698,0.008342159812486205,-0.0072200410235441215,0.0071570112770000804,-0.001562991571952721,0.01228504504639738,0.0060920922610456785,0.002930910719997959,0.016935042580696447,0.014755112377635715,0.005970819332494992
2019-08-21,0.020015434437522073,0.031901089566721996,0.00828190106408866,0.006664150673918456,0.01089934284419214,0.0012135956335652676,-0.010196053821007856,0.0012135956335654896,-0.003973942267503361,0.012093511396866319,0.016424718106124114,-0.0005071184585311306,0.005485668372416264,-0.0035315648347781226,0.006049432339982674
2019-08-22,0.0014605266716409826,0.006309112011903872,0.0058670366085038506,0.004270466398619499,-0.008155368300091337,-0.0010076506979040945,-0.0048102993633918345,0.021180428013108932,0.0026967394310422055,0.007145799381050866,0.012737227898339976,-0.002555672415971544,-0.00684909216926477,-0.023175745802113235,-0.013594091962045307
2019-08-23,-0.05271798519618154,-0.07398115144904382,-0.04705095539629578,-0.04061232599978826,-0.02211280237139579,-0.000638951432318069,-0.007880551935056546,-0.000638951432318069,-0.011030922218228323,0.01132744853876555,-0.004783782427737138,0.01550091793403463,-0.008247494324782445,0.0020906908312157135,-0.034925844454087085
2019-08-26,0.018530187719747904,0.025050770080687235,-0.008297085803829818,0.010860036981101384,0.0165795124111916,-0.025296660849837282,-0.0022695426047407707,-0.03613466672571508,-0.05606770741178568,-0.014797595763997196,0.015412247589910333,-0.010306352954455034,-0.011309385801279714,-0.03820111593972586,-0.05961977129646889
2019-08-27,-0.02206142641057851,-0.002642005346497167,0.014538640764816257,-0.002192570441578945,0.0003738200924052748,0.007479355394961029,0.008733311058582771,0.01021892681477432,0.029200693206500317,-0.0004250368390658066,-0.015392805213816585,-0.0034828764515489885,0.011923481104865852,0.018325585321063986,-0.009646896645088332
2019-08-28,-0.0025980917083501254,0.019205295001774036,0.00513737347180232,0.008569582626496652,0.007848046746447901,0.009479976173523808,0.060889824636289225,0.0014683808613924487,0.019480289313237753,-0.011104276749353548,-0.003797446871820709,0.003227459648716735,0.0022448110444182046,0.00408428492357249,0.03400086354845322
2019-08-29,0.035851733171527345,0.021767383409599494,0.0282443579833922,0.03071864503297239,0.01849361210746503,0.005497071460476954,-0.0037827598296193976,0.010591800965790377,-0.014757565679385687,-0.012382211201759974,0.015083358507196332,0.0035315990801825237,-0.017481999178977303,-0.0005035499921750564,-0.0023308824724594945
2019-08-30,0.003053920876689542,0.0,0.017266031553104133,0.015007753721378414,0.013061052263932726,0.02402214112673584,0.009748168540166802,0.025803618629863134,0.034793929762124476,0.013880661100862834,0.040647829025487914,0.012608124454777991,0.01736044148697191,0.05961727869777689,0.05494836143684978
2019-09-02,0.0,0.0,0.0,0.0,0.0,-0.007759095291934526,0.006168682692696992,-0.0005808887693042886,0.00841730212814018,0.015322094325334268,0.020153519041780532,-0.014394902649693897,-0.006183841233125098,0.0009340254205731924,-0.0016457761189222486
2019-09-03,-0.01993913963047389,-0.01748811227557423,-0.034074722529491175,-0.008538089325219045,-0.011634953833894457,-0.014472873950503562,-0.018421111000626378,-0.028839969844125846,-0.01634296922192069,-0.01229911531049177,-0.04337885181094581,0.015522278710509818,-0.015504589962144988,-0.010694109126113571,0.023069539565232056
2019-09-04,0.027958851810368168,0.0016181600332187962,0.026224634199092156,0.03990738300958996,0.03295163619427033,0.014102849540043483,0.003067133731924132,0.026226605219030974,0.017776573904117354,0.015533468398483796,0.019658369046601232,-0.0006139157770634895,0.02158265737042475,0.04092685822619102,0.046117938784098644
2019-09-05,0.06506314580027284,0.017770572649520977,0.02464663513789067,0.01696618100070557,0.043208288023826924,0.027356068769689657,0.012760693801112,0.015746629537781498,0.026575338857298014,0.03701317975280749,0.06132038539080886,0.04233561782937145,0.04299313688183615,0.044220005307658905,0.06866618680764858
2019-09-06,-0.006064734358953383,-0.029841286795479927,-0.001898905981117971,-0.004965238971584629,0.006200242217501373,0.00183692642568678,0.018982406560177578,-0.001452994638486138,-6.419020567605127e-05,-0.009205333382651282,-0.00589828229420164,-0.006086587679434374,0.018796098918212767,-0.007733578501285199,0.0009736302569465227
2019-09-09,0.010355636464132845,-0.0019633333439436074,-0.007991032133682352,0.011177722471866103,0.011611450690680813,-0.00035276866205569135,-0.00035276866205558033,-0.00035276866205558033,-0.00035276866205558033,0.020205270207362735,-0.010757133223358917,0.015528428364855573,0.016682430527871883,0.03308754866472441,-0.04573611756893947
2019-09-10,0.01484743910416575,-0.008852474025038415,0.006393309553208049,-0.009277604641608095,0.001408682049907739,-0.007399106368856323,0.009539963547736008,-0.016500496286051325,0.001873654893746357,-0.004140877854517111,-0.03536911448810576,-0.007609063467992172,0.0027716051098234384,-0.01360577122635942,0.0038765182479307825
2019-09-11,0.006278012807950928,-0.015547446922644648,0.023178174112300054,0.027296424818918696,0.01477233624782226,0.008647929939297416,-0.006390668853418213,0.007150801204181878,0.006260627720098277,-0.00122017694873644,0.0020800139334828938,0.0063952060493166485,0.004338675225385558,-0.004880423847716475,0.02374981842938806
2019-09-12,-0.0003257512847284483,0.015120929171032138,-0.010262745105005688,-0.006012491596587344,0.006483468782884083,-0.00029297485762147524,0.0029484258074761183,0.01571823351656665,0.0016110596844329805,0.02295820164227602,0.03657614500300688,0.01622618511583096,-0.0002521842459332069,-0.00025218424593309585,-0.0002521842459332069
2019-09-13,-0.012644268482356558,0.01588882701528016,-0.00847254944236897,0.001951122565078789,0.00875093729979004,0.009104233272186235,0.009104233272186235,0.009104233272186013,0.009104233272186013,-0.0026245153113204633,0.013729550073799945,0.011462589363588904,0.007664661298433018,0.007664661298433018,0.00766466129843324
2019-09-16,-0.00950842136782415,0.004561726530212251,-0.004718744905270467,-0.008373679138856449,-0.011164953601869199,0.006193804150101956,0.013394534360150256,-0.0037938324505959464,-0.005175537765563565,0.003813883126439599,0.003813883126439821,0.003813883126439599,0.0006596940898677683,-0.035872384079442265,-0.0030177008606531164
2019-09-17,0.004771834575833189,0.005189745306780846,0.008329238225898372,0.005499058194165407,0.007676367464828804,-0.000978257069421784,0.0035265021473556146,0.014788764098352836,0.01597049620564106,-0.004137219092264277,0.0005968542172238855,-0.012553165577953496,-0.008091848131700163,-0.005115473980495833,-0.010176924197511372
2019-09-18,-0.006019660981802399,-0.018393020297968632,0.0026685512960247237,0.017382592897094762,0.006811760729445782,0.008788005894168949,-0.0013821749965559071,-0.00013786110896096826,-0.00041777959319899693,-0.006013582085078628,-0.012090170743731532,0.007979398704285767,0.015032910841929814,0.008065240977232602,-0.003582096238185062
2019-09-19,-0.016890487328561465,-0.004273476674574672,-0.008491991310572766,-0.007871208387743245,-0.0008007399924071512,-0.0036495360983513914,-0.007561926441807643,-0.0009200037933797534,0.01936849960240883,-0.0028777389444166745,0.011921876054469038,0.003248423099994069,0.02702007453768762,0.027790992789284985,-9.423820688381213e-05
2019-09-20,-0.024019880556961137,-0.007923462238780155,-0.022881104822940923,-0.01393203026322165,-0.015225081464916856,-0.0006426269937069851,0.01896081856944276,0.004513279615452781,0.011232409121252118,0.0030713785990463816,0.0035542311182352737,0.003978888796872138,-0.002596396661380229,-0.00963402905896693,0.03446847726132596
2019-09-23,0.012450247586550889,0.019633949003907025,0.010465812869441482,0.015698926170816918,0.010944175623523789,-0.003937126618356435,-7.158096765524924e-05,-0.0066549750435783706,0.01040633141491587,0.0036134947555175323,0.0036134947555177543,0.0036134947555177543,0.002645906112929808,0.00791566476410277,-0.002457464328758263
2019-09-24,-0.013211830546805303,-0.03655349067216862,-0.02602280052964867,-0.011592170157635362,-0.008410942593786497,0.005312573270150667,-0.0010621690930140426,0.004259249081391303,-0.015857725882789997,0.011912370846438813,0.018406078296113737,0.011773550508284991,0.004157584685904103,0.00734769337504515,0.020102537815340993
2019-09-25,0.03303709563554258,0.0006775222714610063,0.02698387149077419,0.015051154062318384,0.004626779652262547,0.004260472823165662,-0.017611449398202694,-0.026813231036029506,0.01654426107594431,0.001340657871635731,0.013632840146410752,-0.011324999043184403,-0.0128905177584141,-0.018750745817406433,0.02032084427486791
2019-09-26,-0.00499319144527155,-0.002369722410403008,0.0011649807208664598,0.004236307585852028,0.00206039240379563,0.006802852687799454,-0.01122975994188935,0.0006905271995247819,-0.021233213372000348,0.004824952837403806,-0.025471669543464803,-0.0011091221335425283,0.002816958847365436,0.01374020994727454,0.01584154282607031
2019-09-27,-0.03146461306716841,-0.025449610365621322,-0.009308427519951978,-0.052157182004035185,-0.017456677994426295,0.015483286883539504,-0.018077637529451684,-0.007858302509393789,0.013459809443993054,-0.00795476146285179,0.02514091876144442,0.005380453321134349,-0.009742543531208514,-0.023412613152225092,-0.028136631429746983
2019-09-30,0.013448851781996618,0.009401130369739441,-0.004567302683216479,0.009508546402874796,0.019326002700198686,-0.0033190680156334196,-0.0033190680156333086,-0.0033190680156335306,-0.0033190680156334196,-0.010880117634638808,-0.011061602187883324,-0.020384829241757996,0.01066412748955714,0.007072461719913825,-0.017591492821742438
2019-10-01,-0.0004022964865555423,-0.007933754537848281,-0.01061859793245179,0.0024046568924274148,-0.012196918882909635,0.029378311365598764,0.020292228303674165,0.03810221408212633,0.007929212335618718,0.022156887557867044,0.021853416882757104,0.00921209912933385,-0.0008270480740851793,0.0008225969647601694,0.03665529992269745
2019-10-02,-0.005517254465903676,-0.015646757974902448,-0.019610735665888224,-0.011195840909190569,-0.020783405398021704,-0.001463782086328802,-0.011633569062836524,-0.002399704946186354,0.009804188389870516,-0.007880822863551296,0.010268318191828607,-0.013235793066408097,-0.028580558288917368,-0.03346442217273038,-0.02496515329130511
2019-10-03,0.047792497260735534,0.013069616609442836,0.023517048346361147,0.0036394035329385677,0.016896351811502175,-0.01172125958441772,0.01914293413562329,-0.014627224976057729,0.02088911151183903,0.007288252977809995,0.0053563028915775135,-0.014331011651621539,-0.0015620237848319452,-0.0015620237848320562,-0.0015620237848320562
2019-10-04,0.0036399841780327957,0.011506273368013131,0.023240038000676977,0.024979941449567944,0.0069163001594019224,0.004528526136259092,0.020410448656390523,0.011475566948749627,0.004528526136259092,0.011572291283747038,-0.013156695741920243,0.012059883757428613,0.011336074410370989,0.012999941916648439,0.0029081314263830205
2019-10-07,0.012969282268344706,-0.0027576671173690226,-0.014840614565425403,-0.004520327425214132,0.005608802178918015,0.007609089559126314,-0.0017275871822303168,0.010431599812232184,0.0037067516837159253,-0.008221408534451968,0.0016145104287728085,-0.012625372242094035,0.0020982491274570414,0.007344732628882467,-0.004719213236973552
2019-10-08,-0.03851769418910944,-0.024196362100079805,-0.04571667323808437,-0.02645597251497478,-0.021582755996633285,0.03265100143558497,0.0033186019693287605,0.01020478797599278,-0.016371550068998042,0.009069544923403727,0.039633282446025264,-0.009866570477266579,0.020289571704700027,0.003739503844184977,-0.005214261664346798
2019-10-09,0.01963519307493966,0.008147344880123475,0.020590690263005973,0.03102807396056284,0.01730838619054631,-0.014234295303755529,-0.031061962147770683,-0.020157572724825212,0.01397591470729509,0.007219508507020356,-0.021068623978981238,0.0013630640458592858,-0.0021779461787235777,-0.0021779461787236887,-0.0021779461787236887
2019-10-10,0.012838653055215143,-0.0028109601644260573,0.008338853672202662,0.0033436253439722563,0.02119637349605341,0.0026746305219818023,0.0026746305219820243,0.0026746305219818023,0.0026746305219820243,0.005028211695298435,0.020197719637758516,0.034704936382953466,-0.005838558297054819,-0.022188352818024115,-0.0062688875811443
2019-10-11,0.016171564513992598,0.048273462993167815,0.023075565934845388,0.014507052177475055,0.033838260452546454,0.005180358886718972,0.00518035888671875,0.00518035888671875,0.005180358886718528,-0.000464962967469007,-0.014376674437283965,0.006395413374840286,0.019145331745984207,0.019447189103995788,-0.002531590671391082
2019-10-14,0.0029037381991126043,0.026218510475479295,-0.0052149952307585234,0.0036715663262159026,0.006307886415715114,0.024138347984356878,-0.00812963868683736,0.05640930691347723,0.0954743603685495,-0.00533844477937373,-0.00533844477937373,-0.005338444779373619,0.022731439500117023,0.011628140167256662,0.05499134705602149
2019-10-15,0.052752879894091054,0.006223341710964725,0.019921427192841623,0.01867584183438309,0.02254985424628897,0.013127105358720748,-0.008410757146458114,0.001045943261957838,0.0192469327241509,0.01461450378874063,0.02062816932946343,0.02631294743840007,0.0021609175433909833,0.00885769422521987,0.008985612828524614
2019-10-16,-0.010999816708823662,0.002929692532537498,0.005268411883200708,-0.02551543372913767,-0.048852637077213434,0.013966652318896156,-0.015437103545753117,0.006320956451175919,-0.011458774011775308,0.00953316383213565,0.02334704498790252,0.0010378965148825081,0.010582530691233938,0.013381321780955746,-0.005744014780932227
2019-10-17,0.0004124699358047934,0.010710805888550556,0.009459319550866985,0.01124897455720375,-0.0027898952921728837,-0.011059011303119592,0.029575917143491504,0.004239399025938839,0.008803233414810707,-0.0048282803541011,0.0070097826187620615,-0.002033125792426871,-0.004701094104009984,-0.01773709151051195,0.010944708420530525
2019-10-18,-0.019558802577620216,-0.005459218998907778,-0.016334798036737208,-0.008822492323704134,0.0026007433838948213,-0.004867172386819996,-0.005855940546177996,0.0045581826576714946,0.010599081058546123,-0.008912702415901363,0.0027796603342546966,0.012958208017697093,-0.0055360132165427345,-0.03830820756786635,0.018073212212879053
2019-10-21,0.028978020850695563,0.03422665448640494,0.01673498730372458,0.018575856988934047,0.02362223613814285,-0.007969888372443168,-0.0004166942335912527,-0.0015626920373632558,0.029602848836683737,0.0027470413755659173,0.0034894422728557473,-0.011577503043257664,0.007323152215834794,0.0006034703986048662,-0.012124422908340593
2019-10-22,-0.0020409618297047016,-0.01623473525547392,-0.00645722895930545,-0.012537973519449408,-0.01973654767984867,0.014390916595479197,0.0073689522712943045,0.004453141663845139,-0.012680792239005867,-0.0017771548802034687,-0.0017771548802034687,-0.0017771548802034687,0.02369741015345661,0.02646546966592722,0.015890469512181316
2019-10-23,-0.00265808782543564,-0.004760381384979695,-0.015674876740365495,-0.027895209611950023,0.009283662775503965,-0.0014710144785429202,0.003285453461602472,0.009644134911179325,-0.02499665796999373,-0.04005924514451076,0.016198404196397842,0.0031724495887297532,0.00011954190126028941,-0.01758188471520672,-0.022805789658918663
2019-10-24,0.009072566163393914,0.01147955025498626,0.022656391141603338,0.08984749860875763,0.02837045957325901,-0.0037286688903471754,0.02171356781318612,0.003876481299150747,0.0017755580832647944,0.02029589864824266,0.004104478958413926,0.0035167560281805788,-0.00844535659219281,0.030974506496620258,0.001333725450006984
2019-10-25,0.039012398648483826,0.031210586145925978,0.01493884326107886,0.011803310750015061,-0.003698366678261511,0.004367122687937819,-0.003914085526893429,0.0051882956940001446,0.008165497411087852,0.025884833008023467,0.022520008680948278,0.008605458112691089,5.4699915335909566e-05,0.03223494359623791,0.006349316636701685
2019-10-28,0.011000609278374984,0.029960243646155682,0.03592367448812617,0.022074681586715883,0.00954599419592328,0.001141782493743193,0.01880279923264694,-0.018593535027075725,0.022276881189906117,0.027810545556413047,0.03675266081795181,-0.02862642502235957,0.010811139682770143,0.002929616737235463,0.016030233658056448
2019-10-29,-0.018714698115803285,-0.019590379172318206,-0.016736779330808638,-0.025109877195404584,-0.007166942202721516,0.014744688144344265,0.0166683350445751,0.003710285000291025,0.01983457350853013,-0.0027756115796826464,-0.019495643198292223,0.026929617024822106,-0.0004323324943792395,0.004689815652327622,0.0034796671890160447
2019-10-30,0.0003942922600561616,0.003027620118503993,-0.0026941440389347537,-0.005583427585219125,0.003968374228480842,0.007574778258625292,0.013154145601098843,-0.004766974099586263,-0.016820083875041858,-0.022303659176612478,-0.03821240682624727,6.181598709131819e-06,-0.012844237850147988,-0.017221410427926576,-0.027811680113527304
2019-10-31,-0.009753846971448765,0.02414727471380851,-0.012279052541569802,-0.017207199625965952,-0.01385283279266758,0.0027305445313519083,0.035269978761454324,0.030723215180418206,-0.01812087648075822,0.005106791768476615,-0.08692558423383157,-0.001681757908030379,0.0017616644445679341,0.007907257560342051,0.0061942440915663255
2019-11-01,0.007810169349093732,0.028293518297617393,0.03903525333648594,0.02211591264767998,0.03294255001251356,-0.007164341987494827,-0.016112350694139077,-0.002590314367380886,0.004753598806671588,0.015100406829512192,0.04502884873646962,-0.00342631244882885,0.0116569688705348,0.009208563912763257,-0.012924464308209926
2019-11-04,0.03904451229039596,0.0401261550693599,0.018066606867785717,0.00504860778840599,0.013918440854364666,0.028409059367265455,0.018921775287582765,0.007869873989937659,-0.007864801087330009,-0.0020698486500724256,-0.0020698486500724256,-0.0020698486500723146,0.02565325174906885,0.023413801268894474,0.01151902781552061
2019-11-05,-0.004227816003506968,-0.003857795153389909,0.004348403119874167,0.002511623691273668,-0.005051743900616468,0.01500242557788134,0.035226894999184744,-0.002671954504123941,0.05558742270606509,-0.006151141459339593,-0.00047910753066249256,0.023778500730774033,0.009374249945983903,0.006443712644194077,0.0002397270507883409
2019-11-06,-0.009446626300398164,-0.006085787314438429,-0.00971245567293988,-0.001073734154354078,-0.011258260739675174,0.0021722145824933925,0.021749187202809273,-0.004442070228274253,-0.003332282436077305,-0.011989510154801541,0.020996895925169845,-0.0025313368057500174,0.017172235420060078,-0.013187194991274298,-0.0002026078454868685
2019-11-07,0.0034199635971867703,0.009741120822386318,0.06321674316434445,0.0021497765972648963,-0.00405591509569625,-0.008426423758435164,-0.02270416118867702,-0.0007547596040072824,-0.013703711253964523,0.008052784036840732,0.019221220067418665,-0.00958851644284453,-0.01167968793235552,-0.003013858607137876,-0.018959280968772974
2019-11-08,-0.002687873830251486,0.0002756928491458588,0.045009945257948214,0.0016088737288584287,-0.0013451587659925046,-0.007273920119893917,-0.021888768832874383,-0.013538155605774871,-0.039556784062300676,-0.02039499742985562,0.002264533655186751,-0.016327129426524034,-0.013864801060052057,-0.014292814560841083,-0.030341784340639055
2019-11-11,0.0019248862898946228,0.0005511286100605695,-0.02329030199549753,0.0099947138357106,-0.0021326833818976487,-0.019075462161072365,-0.029661258282191905,-0.008225208016767516,-0.062006906157258235,0.004344060838201491,0.005997510905824566,-0.004941552065277244,-0.009597003913661584,-0.012150510552453087,0.0015527970826838544
2019-11-12,0.00686934287986074,0.011016185515098087,-0.009473378670964427,-0.003004388313027073,0.003262156386325321,0.012256163443493895,0.015073318025417892,0.0028229070895142705,0.022348595451824327,0.01130779358932732,0.036737269819274276,0.0004376665229457455,0.014737784301606993,0.018709809340058392,-0.023073653306650455
2019-11-13,-0.00496183471760403,0.02206487043018268,-0.005496156854178924,0.012407125612384329,0.008707138592503272,-0.00222902836812211,-0.003829757025850089,-0.0027820924063411967,-0.0018066528270197502,0.002942322689456045,0.03427256594812489,0.002116252292627463,-0.0028005492243583507,0.0015007894915120001,0.002255534845396312
2019-11-14,0.005849334313100307,0.022121482042404272,0.00011041100250541724,-0.0028009670961909316,-0.0007036285100140427,-0.004233810515724579,0.0035179286040361024,-0.002593666041967535,-0.012596407678423516,0.006771876173721214,-0.07407492473479993,-0.019451527015941106,0.0014932863519270256,-0.00419711268114864,0.0005073904019690101
2019-11-15,-0.026693331571614687,0.005475955867681126,0.00364708264272795,0.08953647634753836,0.0194268343549453,0.012462611870809104,0.02896028382969873,0.0034865806874602168,-0.006322337842947445,0.025591290827998936,0.01776013359536588,0.019860855196808025,0.019083690668667774,0.023629822518687282,0.0020042190122373515
2019-11-18,0.03962010710164643,0.034232356011753895,-0.0036338297652644957,0.004672808515890248,-0.005455111651454958,0.011069169052509098,-0.007847700648256795,0.017209276042629673,0.00970432711248681,0.01630678953426301,0.03472295377289236,0.006016934197236035,0.0007243063853115128,0.008002325397014065,0.0123372188921278
2019-11-19,-0.020209546792191335,0.03535606343148845,-0.027851189066791737,-0.022614374912881097,-0.007021064612257488,0.014558911914994255,0.0052572415819458485,-0.007122180366249009,-0.017088024612502473,-0.012185432834621812,-0.01559413293603229,-0.02784964212566632,-0.0028824005700084365,-0.005215103199319282,0.03588566617813305
2019-11-20,0.01533749437353249,-0.007507904248421515,-0.026603276545789756,-0.01778334200021847,-0.009869101602554275,-0.004631157714262368,-0.01531007063110712,0.008993372797327703,-0.020429379720537044,-0.013771627958989785,-0.02503136375421422,-0.0031265446386001816,-0.028145903138197648,-0.030588676273409,-0.05100395515975975
2019-11-21,-0.004735239973486349,-0.03562711324503309,-0.005956562372429697,-0.053814131584902,-0.006843510966503041,-0.008398126355518398,-0.01851333997221727,-0.026764430913974402,0.011561947685972962,-0.03472291745239686,-0.03910951950760355,-0.006731556996790622,-0.021279122170625886,-0.023808510171788422,-0.041438500710559656
2019-11-22,0.0033779220258507436,-0.009362321042485688,-0.002584518529713753,-0.008858976682136754,-0.0030334527777809983,-0.006398203322955265,0.009861152802983275,0.0026102386999262706,-0.005893369785642144,0.006828495010099855,0.02014765529300111,0.008495930520850292,0.005764134117605346,0.003899453852255208,-0.004298342410107736
2019-11-25,0.04893562948706465,0.016347365637403355,0.0047116525488821726,0.04183054655230589,0.018518607335549664,-0.010113969466591155,0.014516379052836648,-0.013910149198534949,0.0022744541782528938,0.012115567221150814,-0.014498661040077132,0.004214406971050355,0.0002502085729620962,-0.0036117388031232656,0.038857150856647316
2019-11-26,-0.019031760125627017,-0.020105534522578017,-0.007738439899312888,-0.012182607586355476,0.001179911568921277,0.0035466750148791526,0.007143574703561972,0.007456610262996266,0.01395392974114884,0.024783042347471973,0.03376862645202183,0.0005642152847173953,0.006038805407905912,0.013426998672814827,0.012366186608065988
2019-11-27,0.0064561176053361535,0.010771945392791915,0.002008817454950629,0.012506566965259536,3.7150649933925806e-05,0.013395507370971727,0.006315714668383432,-0.0022269096394547105,0.00036135608976484157,-0.002933813442850264,0.0027172322895365753,-0.0035025286894421193,0.007558905541382055,0.004697433826773345,0.006087012790398472
2019-11-28,0.0,0.0,0.0,0.0,0.0,-0.00554179268264221,0.02056437265560418,-0.002018274761431349,-0.009513767699203979,-0.007509014909468981,-0.02077211253838196,0.0013451905724435331,-0.01954932150890787,-0.0011415857954714115,-0.024036335773846007
2019-11-29,-0.006873160316873128,-0.006597267763000958,-0.01474050133354532,-0.006690570836690335,-0.0031677491948014502,-0.013308749261846886,-0.0219549359196497,-0.016955505336656573,-0.01948667147365657,-0.0033085653713708085,-0.0013240948123224294,-0.0101995396144835,-0.020867527022865984,-0.024316773814694548,-0.010912264834384455
2019-12-02,-0.03455752807236612,-0.01072801959828662,-0.013165892969558168,-0.020725566429591447,-0.01858707751979516,0.004729497975344055,-0.015260902434851786,-0.0008029251139638482,0.02817358580980911,-0.0015372481644861935,-0.005816321815358627,0.016439286342888604,-0.0017945065038903474,-0.008700572443327226,-0.021336522862782203
2019-12-03,-0.007598202964404721,0.004389413520575536,-0.022680381313076925,-0.023985834329551814,-0.002824069197271739,0.0014899250663209518,0.006734126895694192,-0.0008487319544532301,0.0016528519490239812,0.006708639409573669,-0.008514182912814805,0.003439392718057377,-0.011861044320838565,-0.024276624397029378,-0.013356747991564055
2019-12-04,0.008475351259857655,0.020308407965087483,0.026513408409446493,0.013552674564165867,0.018577449991041384,-0.003617480633295367,0.015183354559952456,-0.0069813089652874805,0.028953657666074717,-0.0072521932411936385,-0.013804974034550832,0.0012867420815694253,-0.01222233298291342,-0.01589864331702151,-0.027905774798486105
2019-12-05,-0.003247080970383509,-0.0017636608023743339,0.006213484943967451,-0.004457127807531935,0.015124309801896052,0.01883831867941521,-0.011347598683046023,0.02322698005727819,0.024866591989325837,0.0010323617412302255,0.013833585118445457,-0.005431595637744424,-0.000528892226458133,0.0125971174668702,0.013666450751501635
2019-12-06,0.016431649630657796,0.00025245170368792813,0.014892820127365036,0.013610415597303582,0.022824021605473366,0.004986487816334595,-0.010150548288901273,0.03960284776889744,0.010123814467938308,0.0028719917817008334,0.0352455436743917,-0.004215948897992372,0.019450392851717346,0.02411680611436018,0.009589521856830263
2019-12-09,0.0,-0.017663405098988116,0.013122907520863203,0.0,-0.00917597316625951,0.009318889474607017,0.027440861292939767,0.003500254415328641,-0.004394181640284711,-0.0023178608160308034,-0.028528907223899225,0.0027243089203830007,0.01747498179347451,0.0028192128050070764,0.019787085426375972
2019-12-10,0.008530983762742528,0.013100393463531423,-0.009419858536264814,0.0003532371503371934,0.005729375778865675,-0.007095255983783688,-0.0026975561607588405,0.0020734685840124722,0.007743721006529647,-0.006506638642731044,0.01562980138615222,-0.0021333359746472658,0.0036845953447697255,-0.002162119530273565,-0.002162119530273454
2019-12-11,0.01570242733042071,0.0007607148843515876,0.0341173727618993,0.042741184537764765,0.01766313915006057,0.01570587670769097,0.007588629105511835,0.0019324352150917878,-0.000435046166642028,0.006178664499005615,0.005804985051900413,-0.0012485391146501712,0.007436231662529158,-0.0015666320078991935,0.0012948630287219487
2019-12-12,0.03096532844170663,0.07904734824908588,0.023680918258811134,0.02235768832676399,0.01126593897922712,0.04284941499646733,1.723336406400655e-05,0.055948993369822064,0.011785655443764975,0.050683484496499176,0.029916902038104487,0.02584738245086937,0.027960416218271833,0.03573252396004545,0.02204950085290136
2019-12-13,-0.00035706853156147744,-0.03381072133246954,-0.013700049288149052,-0.008118024620267228,0.00922620618424208,0.027977077459903965,0.016991203258089893,0.012363353261213517,0.01207244851099687,0.050325841842682406,0.02977799004459003,0.03496954439683009,0.04235883439196808,0.07048359478924393,0.11724891409413307
2019-12-16,0.00517887207910217,0.029161528645084367,0.006831417142206586,0.0015032210382535105,0.010624452084870839,-0.009932039602122078,0.02084942257779976,-0.01398870485502135,0.02455556703085482,0.0007213395880814044,0.008830702710746374,-0.0225841075563592,-0.0025074526051375168,0.005436260828380224,0.06082541362205607
2019-12-17,0.013946285480408438,0.009917402568484945,-0.0012438291342112828,0.013842598023724006,0.006383058304932465,0.030981884493981093,0.04611302517439353,0.014832198321687251,0.002764010147463969,-0.012627945662551987,0.005291247382359199,-0.0048607510690779065,0.041065059225815714,0.05195231279532364,0.06975450396185967
2019-12-18,0.00534398590263252,-0.010989039412502732,-0.0038495591141997076,-0.006744509300730561,-0.009089793809358149,0.001178363130826643,-0.006077390376338809,0.007349933311952883,0.005277119464277336,-0.008590712713286375,0.0005478428652350154,-0.009678651360309654,-0.0030582464471864412,0.006189052065099787,0.011698931290731185
2019-12-19,0.02592481681100489,0.012529612377150778,0.005796703258220459,0.00480303056911513,-0.0011636026163743818,-0.021021860774660173,-0.004944643717364139,-0.013439328783141469,-0.020291908327313313,-0.020796235526545304,0.025401160753760754,-0.012294155153922848,-0.006678468058271547,0.005085752178053848,0.0024305279092919907
2019-12-20,0.016606008220763968,0.030819510585851306,0.004068079601615926,0.018789945946018127,0.006065270444866266,-0.021624329639694073,-0.022412457232421357,-0.00023595564926270907,-0.005118378263710643,0.00321128880052024,0.03000774124706118,0.006979008166751566,0.00284216715008645,0.017842018071845045,0.014209410971989245
2019-12-23,-0.002297967425534453,0.029671517855461182,-0.004502193186908143,-0.011810250256642063,0.008685448180400401,0.01600661744133891,0.007528523284879185,0.010260517434435457,0.0129030746055534,-0.002310570625919328,-0.0026837303135779367,-0.0072897064045920335,-0.007423948908558797,-0.002698697458845545,-0.007212323777638585
2019-12-24,-0.0008370964656088109,0.02375718989892306,0.0036179839669359115,0.006876018635990411,-0.00408571409235714,-0.006449915839947806,-0.009369152703773587,-0.007486915406694439,0.006172820706345172,-0.005626527645931745,0.014113001503051503,0.0031639300400199133,-0.010945555446538968,-0.010394363736003998,-0.02577696243639427
2019-12-25,0.0,0.0,0.0,0.0,0.0,0.007659469485354675,0.020436668490492194,-0.0060290864755221385,0.028489806718970723,-0.0033762678827160553,-9.137166232853211e-06,0.0004081443520715933,-0.000567903247015944,-0.000567903247016055,-0.000567903247015944
2019-12-26,0.002388471285128091,0.0019338236101724693,-0.004167900443207584,-0.003089437796158001,0.0047803579196543655,0.003344494406205545,-0.0033148921480109506,-0.001438926054476819,-0.0005344398169330189,0.011742811442561285,-0.0014800060940278748,0.016407447051494772,0.009426694513225531,0.012822013146237765,0.03954134281757615
2019-12-27,-0.009699291100470409,-0.009650455771641697,0.004524912110752011,-0.0022834304120770144,0.0011140297169853763,0.009075225205822601,-0.011387143990542525,0.014388104796394297,-0.0032795986767527596,-0.004913676980061288,0.009675193541031524,0.002111287692106556,0.025132785345667763,0.022176345160473954,0.02635491102241394
2019-12-30,-0.019209098934342195,-0.014291897857309888,-0.0041666897973199335,-0.003923288096128519,-0.006000109829859546,-0.010585409184579841,-0.0002326885430247172,-0.009620088396816606,0.0010572769765440082,0.003138260520187508,-0.01808640378672688,-0.012065390393022457,-0.01194707478614443,-0.01935262405516558,-0.009336429844359895
2019-12-31,0.012827504584760785,0.007469247565218273,-0.002261588963597183,0.0018050708175612051,0.0035606533283114583,-0.01016701473550663,-0.006421864804851629,-0.013922904672697078,-0.013880076601555214,0.005097685372638772,0.005097685372638772,0.005097685372638772,0.003744608653453607,0.003744608653453829,0.003744608653453607
2020-01-01,0.0,0.0,0.0,0.0,0.0,0.00588663735107553,0.005886637351075752,0.005886637351075752,0.005886637351075752,0.0017666505019713341,0.0017666505019713341,0.0017666505019713341,0.002253499966142991,0.002253499966142991,0.002253499966142991
2020-01-02,0.019591695452647828,0.0706497562287034,0.005213475218133645,0.019004062197113925,0.023281731230189617,0.026022377869543645,-0.002708154812517516,-0.0030069698185913873,0.045024623814315046,-0.0002943316937126239,-0.0002943316937126239,-0.0002943316937125129,-0.010941413648067666,0.0061842438676120715,-0.01747122041327287
2020-01-03,-0.016005834171930244,-0.010183299705468052,-0.018829638574282992,-0.015916343741022687,-0.016114709912485536,-0.00040082533616481175,-0.01769826219572701,-0.013927555388589474,-0.013129952031405656,0.0015661827118507166,0.0015661827118509386,0.0015661827118507166,0.0026717479739246652,-0.004854326544117216,-0.0014953621768855063
2020-01-06,0.004193448232796548,-0.004320968951973869,-0.005860856032765871,-0.021565072134058783,-0.007954062673448559,-0.026486890618356296,-0.028551776546293373,-0.042221797084234236,-0.028467539594555502,-0.018589348379230985,-0.020750577819165117,-0.01214356756469459,-0.007462324787975039,-0.009562691889471009,-0.023651793693732714
2020-01-07,0.012106801635321629,-0.0028931471670650133,0.02843638739904719,0.028886237000892656,0.010860212560825921,-0.00792638727498196,0.004315633724837564,-0.0003994088342986757,-0.02636309372939638,0.002745672014342171,0.012521495219999679,0.00810941147808042,0.004053309164205432,-0.004522080409407492,-7.112337847536843e-05
2020-01-08,0.0018755927184790355,-0.008704625263115329,-0.0029225471574622075,-0.0006492484186022551,0.010374948923120408,0.0020677096346897184,0.012653016109532844,-0.014484860956544998,-0.005948984130728752,-0.0059923333255338385,-0.002970506005648077,-0.02107201443692286,0.018758956876886,0.037022963939714826,0.0008230741216705972
2020-01-09,0.010982558680497023,0.023834399874688383,0.013527498514249503,0.006333315193831179,-0.0016894165409705453,0.02342628122720436,0.014253129946469434,0.030148916294060024,0.01931158332412597,0.04152268403950621,0.02665652665268059,0.0160931315240882,0.03630987173197253,0.02097859040516381,0.068457316551499
2020-01-10,0.005349457981895123,-0.01633659448265634,0.0038928026328504117,-0.008068495777367679,-0.017253959627570703,0.008176396263784858,-0.009229851291672753,-0.00027444350123750905,0.0009172528690830628,0.01008871257037347,0.0067511964413127235,-0.0076657358635318085,0.01838383464138338,0.001966516241889149,0.03781381437986342
2020-01-13,0.031352195631168644,0.012040727695701081,0.007865816496856137,0.005531189836237127,0.017793388457713055,0.00525312934601585,-0.02376761523102755,0.013176273699156082,0.04419224508072128,-0.000538470938898139,-0.000538470938898139,-0.000538470938898139,0.009170308201342792,0.016951059096125265,-0.008505685676162167
2020-01-14,-0.01865229745778796,-0.011076941856971168,-0.004506812521185899,0.008736438304212335,0.0036488382437023237,0.016161786992281213,-0.011314149226895331,0.009159742063218124,0.03840323115781552,0.014573787231427993,-0.0070105455238299585,0.029858810996697738,0.00259122004308443,0.00259122004308443,0.016646085372049146
2020-01-15,-0.006915173867228619,0.007052482037847474,-0.009827792968186144,-0.006736092633963797,-0.0081642259995367,-0.01575956926607036,0.0016093453815317904,0.00037595732751793953,0.018710164333938684,-0.010616382855896611,-0.017724848419741868,0.002470789920953509,-0.01930959170989277,-0.02551207339664452,-0.030263177462138247
2020-01-16,0.013682395606148479,0.02512875880277754,0.02364237607685893,0.02066835782997578,0.0033326435658100895,-0.019693562159308398,0.00840167677706094,-0.025690215876376765,0.0155412000670887,0.0017354910987328331,-0.013143073951131456,-0.0010714865573148158,0.02905345030945372,0.01041911345383495,0.061859068431926234
2020-01-17,0.0014060777512372447,0.02330720990040014,0.044884925484452554,-0.0056951018167443745,-0.003454166348605958,-0.0033520665389175086,-5.2018619345117756e-05,0.0011371750405579917,-0.005929721331875748,-0.0036455488565864114,-0.005904079776698601,0.010653140722010956,0.008150591652061001,-0.0037300158505595427,0.017223331045131296
2020-01-20,0.0,0.0,0.0,0.0,0.0,-0.0017028578896025603,-0.005263716937921603,-0.005479658239850527,-0.006433916071284074,0.006148112313388632,0.009774114581501792,0.005139664409164801,0.01654962176462993,0.007708053338822518,-0.011214348415506614
2020-01-21,-0.005375637885200235,0.0023561541560126464,-0.01428430476769138,0.005568731083633205,-0.005466012704471779,0.00197383874018886,0.00197383874018886,0.0019738387401890822,0.00197383874018886,-0.02297212147552108,-0.01776591017560758,-0.014619709465832686,-0.013654071871643692,-0.0036102859366303752,0.00019255743063606445
2020-01-22,0.00875215134714602,0.00744370369822378,-0.01660672852262024,0.010917737923699766,-0.00720501335124335,-0.005026265566014376,-0.005026265566014376,-0.005026265566014376,-0.005026265566014376,0.023600329945386633,0.042110522460986344,0.030266983982208062,0.004960392858815554,0.00739896476277857,0.0442471900998791
2020-01-23,0.010995073223665885,0.005444269446537309,-0.010433437751980579,0.0,-0.006514790550580352,0.004111072853780096,0.004111072853780318,0.004111072853780318,0.004111072853780096,-0.0029450836266046165,0.027079251855921305,-0.01170439426014458,-0.01987548308912468,-0.01856499452713356,0.047603223975912545
2020-01-24,-0.009412149541147108,-0.026300534411727305,-0.025543431095226832,-0.02958201976323971,0.0051304039447648275,-0.0018682153510160004,-0.0018682153510161115,-0.0018682153510161115,-0.0018682153510160004,0.009817831083894779,-0.02010054230119529,0.0039933973493924135,-0.003314487151513834,-0.003314487151513945,-0.003314487151513834
2020-01-27,-0.04104130796362304,-0.021648464461188177,-0.029001639110373456,-0.0475806488463163,-0.03904251427362615,-0.0014990031848021168,-0.0014990031848020058,-0.0014990031848020058,-0.0014990031848020058,-0.021863555706022164,-0.03452947263360151,-0.011058594961612433,-0.0013257912122114357,-0.0013257912122114357,-0.0013257912122115467
2020-01-28,0.03234819663124133,0.025781577365757036,0.0241243019266697,0.019305643827714825,0.020754257218660754,-0.002492070353945386,-0.002492070353945608,-0.002492070353945386,-0.002492070353945497,-0.010056838909890953,0.015400590097629285,-0.0099483259433647,-0.03912421561184487,-0.030601250835405547,-0.04750593175603823
2020-01-29,-0.009799656352178054,-0.05976648586425504,-0.0103198396901234,-0.006147068094821129,0.020538691020899114,0.0029995052526303745,0.0029995052526303745,0.0029995052526303745,0.0029995052526303745,0.01903028469921586,-0.018145023710991026,0.01674309148595876,0.007198946715675891,0.018736090151329154,-0.006343313956023611
2020-01-30,0.0010995659077852604,0.02673122506064285,-0.005100334006028051,0.007188095651927462,-0.005942737785372909,-0.05226590793372643,-0.08734146461699632,-0.06470595380447208,-0.08357915000730631,-0.0322089808849334,-0.06311173411044746,-0.01587169018618184,-0.03527085727839574,-0.0429337232890058,-0.03599349450072564
2020-01-31,-0.038159421677540606,-0.036490340792143305,-0.02813888390536745,-0.037510429546511515,-0.046606727359972955,0.007242491677301732,0.007915386803959423,0.0029478372101114925,0.03235848855396917,0.023998022641934957,0.03631945945006887,0.03478413686117143,-0.021494601573993855,-0.012893795364632754,-0.053317005125362305
2020-02-03,0.016495526702832164,0.021702137399226995,0.013715077835375622,0.029832745258135507,0.02672270094141771,-0.020198769862093346,-0.020038213407166827,-0.028662822399844412,0.040144190544933345,-0.012973034231758995,-0.022724326081994484,0.007030269614129336,0.007606325923949608,0.006264866597860408,-0.0007761524510875306
2020-02-04,0.02829442103501334,0.029779264713534204,0.02833010011935988,0.055090331026946826,0.038416012269360644,0.03536260636240218,0.025834481549620758,0.015911193948598523,0.0323141837983254,0.014993781343425328,0.01002237689546881,0.006010719146712473,0.03449077926744981,0.030093333149776802,0.033336596527519635
2020-02-05,0.014688437422453404,0.007886741832787258,0.022264828197601894,0.012537878783012824,0.02369443490814427,0.014806870896665547,-0.01743940996768556,0.02209087179873581,0.010573185289910914,-0.00337368999609744,-0.016213808276060226,0.011291254811074847,0.01606438171798108,0.012033494215602625,0.010288539414782027
2020-02-06,0.01391762151107101,-0.010433395990603223,-0.0033000820445268086,-0.009561187776584545,0.010544653931686465,0.017876894580701963,0.005202358814520025,0.044121388981232634,-0.005561231127659272,-0.004963267120830062,0.005354817835062642,0.025199266492808237,0.026040557455950797,0.027807473048302,0.024593419569965302
2020-02-07,-0.01046212266616453,0.008313054540735054,-0.03520563694339918,-0.02342143538753927,-0.014795916289511268,-0.0161284591288553,-0.005241716519720718,-0.04232076504024884,-0.025933945373855627,-0.009535698819384875,-0.02386024476218407,0.011573191435950925,-0.012116171581211588,-0.012599734907836613,0.011191181324590627
2020-02-10,0.045232334329960544,0.05087469942862377,0.013497826673183777,0.01960782513370196,0.01544421433402432,-0.006388321807593411,-0.007483208936681418,-0.0035409153493002332,-0.013203560597218611,0.0019162043821450148,-0.013030171975560889,-0.009182027713060092,-0.017265451551952693,-0.010748824663754597,-0.0004426773181307464
2020-02-11,0.01870937754938895,0.02946806285856307,0.01580144388872906,0.024316524883468915,0.020440672541841343,0.01730386210377377,0.031477182037956686,0.022472759716784863,0.025638964226115668,-0.0011023650178014766,-0.0011023650178014766,-0.0011023650178014766,0.007970468924801022,0.014773280987584236,0.0014090500745584933
2020-02-12,0.01735793616025827,0.0016728653134607807,0.01911092422952665,0.014274695355464884,0.004524792456408466,0.01315644786084924,0.0321341265152888,0.019675314454603576,0.016791801564634667,0.03421793275731222,0.042434141277062576,-0.012932896240798297,0.014216927049199857,0.006170702291540264,-0.003319523081787956
2020-02-13,-0.006457737090737048,0.011876032601540132,-0.018425461440330304,0.0305950503164929,-0.0005983478836957268,0.001303896947311145,0.0187611554998115,0.001303896947311145,-0.006865242064846067,0.021024630657348276,-0.0017513930436916514,0.01123781700988169,0.005656494901745024,0.022390016396655943,0.06250537715921656
2020-02-14,0.07020455258845426,0.01430410070521182,-0.004776114557914379,-0.007718417871218297,-0.002994549491986298,-0.0025012760184357496,-0.009826977158272965,-0.003788375443000813,0.04907330758555495,2.3138571400904695e-05,0.01808671672547235,0.008234449366101293,0.01338179266809103,0.019740037961934798,-0.007675125949984207
2020-02-17,0.0,0.0,0.0,0.0,0.0,-0.011436980784245154,-0.019476446632594402,-0.01003450936583139,0.0034654036356371876,-0.010809274082013265,-0.025759787964457326,0.004489756093003727,-0.0037686017325229137,0.005880690937960287,0.009213596651512113
2020-02-18,0.023396093729469936,0.028566226308582188,-0.017522516078983696,-0.022208866728213317,-0.02251012456888568,-0.028690090996104645,-0.015108279018463233,-0.014374324827934881,-0.027841311477926567,-0.04794782164103106,-0.057825917426723494,-0.019790482608076032,-0.028981185104059115,-0.029908810112221018,-0.02649323486015598
2020-02-19,0.061132267118838124,0.03533137911399242,0.02874036602047303,0.034530430270221624,0.026553804745796272,0.012659336682920186,-0.010214711545819322,0.00927064144845513,0.03755353715766163,0.03778724610024109,0.039822802609572605,0.013394866159308627,0.0015116286053282746,0.009487153258353809,0.006150463694785113
2020-02-20,-0.0190657564770067,-0.027674041186553477,-0.01203628577002569,-0.014983060618244615,-0.012350253243080922,-0.0068957674410824454,0.01025780858747316,-0.014275640307039095,0.0005436793406607965,-0.010625649362685397,-0.015119751877180843,0.0022456896649332148,-0.004527035321948203,0.0036163215960571815,-0.004266348908384843
2020-02-21,-0.04739222847760349,-0.0696700130360467,-0.0272718641326245,-0.03207850937950829,-0.023830422533003603,-0.003319679828645561,-0.016987895490593874,-0.007068332662713228,0.005875256105272841,-0.019277233183207287,-0.015499073105814998,-0.005922844080925471,-0.024007839183030177,-0.020329903123547655,-0.03208039865567747
2020-02-24,-0.07069741805129981,-0.07807807700304548,-0.04262871854906736,-0.0496341236585387,-0.050980487436440125,-0.020633823959935627,-0.03353057507699975,-0.022525983538776106,-0.015072454561775084,0.003558747336803947,0.003558747336803947,0.003558747336803947,-0.04163049925326612,-0.035078095968109846,-0.03979517671221666
2020-02-25,-0.04109352023107182,-0.03155535974685075,-0.03720594605445271,-0.036346013509621744,-0.02000665638155541,0.00774220850652485,0.005467963446789348,-0.003937669657492537,-0.007321014207105736,-0.016367748330923693,-0.04074333909214234,-0.01270725127779282,0.00942089219299036,-0.024684938293726977,0.04196460497575982
2020-02-26,0.02137007679776426,-0.001681690495493604,-0.006980841093907952,0.016140255781444512,0.006079083629340509,-0.013178429773630373,-0.011559895795725694,-0.011836169025673637,-0.05542540702573473,-0.0004102131378569407,0.005177439832721342,-0.0037609127067785852,-0.02168902575309062,-0.032229974576511555,0.0035893377408506844
2020-02-27,-0.05566558251450959,-0.07327865306249337,-0.04669872651289164,-0.04698229914007401,-0.031747719822562304,-0.0011165749148469573,-0.03348528958319763,-0.013957941356547376,-0.03447550619972062,-0.022214849595097008,-0.027094416691391898,-0.03394549624181509,-0.00801405005981104,-0.016444407167806263,-0.056406025060415255
2020-02-28,0.06916088690447109,0.03340152866999513,0.03107746222382657,0.01964928036230651,-0.0018759545051008075,0.0004967836668849923,0.0004967836668849923,0.0004967836668849923,0.0004967836668849923,-0.04916976670944506,-0.04137433877489283,-0.0546900073070975,-0.030371541996622065,-0.05276257641319548,-0.04935712778959589
2020-03-02,0.02354928721660632,0.04353561042579912,0.028863280257938495,0.03509971255245903,0.03895765883267566,-0.01356853175648598,0.010643170084878362,-0.014578430998170688,0.005961865236614239,0.06406475291535685,0.0689831086978292,0.01822711023988921,0.024239052634682512,0.0575689412793845,0.06295482242177952
2020-03-03,-0.03812895965917229,-0.014959947285480335,-0.024826354836577136,-0.03523935416648083,-0.011095774646620371,0.0318270203384734,0.03576142622501477,0.04530619284565196,0.025457885448901374,-0.026430134714471976,-0.03998792891645553,-0.021177441313349865,0.017292085253196587,0.01762294208888937,0.004410173658838223
2020-03-04,0.07002876633256161,0.07187167080965917,0.04952531636704682,0.042729113983532185,0.060886270072421755,0.0106355853777651,-0.002861159107438893,0.0011756750713447506,-0.015630797032664567,0.012217646564997464,0.02979609989307974,-0.008459323845247613,0.03779542884105358,0.01782590092245462,0.021513452345883755
2020-03-05,-0.03943605276827389,-0.03991219268887514,-0.032151488728743405,-0.02296757328876986,-0.04429570653981885,0.008477808184768065,0.03983455716192763,0.015854949257357198,0.025079051527038265,-0.0011583512119314188,-0.009864934132055025,0.01823950595770385,0.009231450371411931,0.008623920249268835,0.035835957270325514
2020-03-06,-0.026528697936417545,0.009977126089103505,-0.02147265285230726,-0.022661828362376624,-0.000485682514577257,-0.029140587038655963,-0.02129125194199144,-0.03288865508411076,-0.03529787441055787,-0.009723561155410176,-0.019663099893194147,-0.005130254722138461,-0.025610983191127756,-0.027350074252195156,-0.03864299125496684
2020-03-09,-0.07743198004771601,-0.10948754225391533,-0.062346803484924496,-0.09897929798069183,-0.08399557635759025,-0.030710358752807032,-0.03225453779352483,-0.03691142666918046,-0.0742363969336115,-0.033135326836431944,-0.034274842809443484,-0.03591536984167587,-0.00019363515888248806,-0.00019363515888237703,-0.00019363515888259908
2020-03-10,0.06372236514939611,0.04876359112616968,0.08604057192422165,0.07874028499040264,0.06005832910663078,0.0020949374929741804,0.016244530450167938,-0.0158273832387964,0.002488792576037957,0.047200592350237436,0.04623407113164357,0.022981058376306818,-0.043501803470951006,-0.04762790919339355,-0.03490776278950236
2020-03-11,-0.05596000522807476,0.007051557675018527,-0.05412578988287908,-0.0655153778515325,-0.055833760172650626,-0.008182656304980274,-0.020105684533977985,-0.002140789658514386,-0.010384003905532957,-0.07211153472783005,-0.07356414448604942,-0.055230941752618,-0.03349646978558829,-0.028043589487474874,-0.03669285016844037
2020-03-12,-0.12236781630830929,-0.14638954769627766,-0.10184947315827775,-0.1405981402571026,-0.08855131627680746,-0.037141767058433084,-0.08450799928709651,-0.07854432606486961,-0.021576489396726517,-0.02967953389419209,-0.047674812193645555,-0.04451762147783045,-0.003943251094090217,-0.03539749305379336,-0.003943251094090328
2020-03-13,0.11340204175503366,0.12535256125982608,0.1311551887003286,0.12813084973083977,0.06728967156633736,-0.009619962236599888,0.018981380379708757,-0.023182447307390608,-0.03415691488600581,-0.064387938901585,-0.05071995580308164,-0.08318105627435124,-0.05757352051174969,-0.0205705432288793,-0.13197842383721214
2020-03-16,-0.18452066442123594,-0.11822328612783217,-0.1494525012853556,-0.20357602957416965,-0.10737494695905059,-0.05158725757603522,-0.06653951547071446,-0.033002858575170824,-0.09519914010627617,-0.05330635183596766,-0.050796396226645,-0.05344929012135202,-0.02169233639782142,-0.02369999878717932,-0.05098219623508182
2020-03-17,0.10626253433184352,0.08189103742226966,0.06792770789951952,0.10683444654470131,0.03915238893394468,-0.03487648285851297,-0.018268837287495066,-0.031132682875785633,-0.016635828884814963,-0.008149989424121262,0.023959226138953404,0.015056879278750657,-0.04939533562301435,-0.01967842788831986,-0.04602344427382399
2020-03-18,-0.06650712793489255,-0.06590262812413727,-0.11138538423694866,-0.12661639583401718,-0.173491674380283,-0.023195887082781308,-0.037818797776055235,-0.031530140209882096,0.010025992018863672,-0.012571042730070814,-0.06660670157541149,-0.02415405464452247,-0.040574081958828834,-0.09516584447785503,-0.06915040041611664
2020-03-19,0.050044764771334904,0.017893680522800715,0.06226506438861046,0.02577877767256176,0.08650190277849235,-0.039930319395205416,-0.09407645493688033,-0.09834781170731755,-0.026590425951833474,-0.08755001778225457,-0.0953528220682015,-0.012986867300633032,-0.07113933431507025,-0.06914043473019305,-0.20167102150914196
2020-03-20,-0.03390178364634244,-0.005273708841839864,-0.06292328822983873,-0.054739967161862135,0.009671562859494998,0.08167187037973656,0.09143909441847842,0.07270202813248261,0.09241120314803064,-0.026336359150467725,-0.026336359150467836,-0.026336359150467836,0.055756267929504055,0.08273786205949296,0.1504004859560557
2020-03-23,0.03373007831196717,0.05124965281536409,0.02659670678899917,0.057383315787500555,0.0788984197430036,-0.0539328184598884,0.02501379157537653,-0.05742409901977652,-0.061163516891274194,0.04411899187499024,0.09194874479199111,-0.005595399432642645,-0.061689205799853486,-0.07002426430682551,-0.07362300153524282
2020-03-24,0.1715642153055028,0.10999043943774067,0.04685738883114432,0.12372400337503797,0.11606277204373083,0.05085935713463807,0.07330782870121433,0.0665735183564824,0.043883653804248635,0.17641673453444495,0.10435086970488494,0.08027533855262559,0.09685086599226933,0.125942244816988,0.07784259421153839
2020-03-25,-0.01428662211531373,-0.034400694733770165,-0.036357792753843765,-0.009082716427747273,0.007147978325440896,0.03795313519460519,0.016023576372077075,0.08726923061275649,0.024829619004542502,0.0455151812047192,0.09697936874525492,0.11571539679950282,0.06516300131303776,0.10369951508966446,0.15284839847350096
2020-03-26,0.047308859211934395,0.06430649480613981,0.09353175172355743,0.09993324542763649,0.052772521631060165,0.0072218965655888034,0.023239975786971456,0.011655665474340049,0.02410872080875226,-0.03803865888069358,-0.05591366431239608,-0.055938006177618016,-0.01945109474578599,-0.04689423966300055,0.008213823564289235
2020-03-27,-0.017532248266997286,-0.01936838250411188,-0.03464776110861689,-0.08434985025210273,-0.08437851372109373,-0.021052650481631963,-0.0061815810764476176,0.00404897741528587,-0.017374572251526832,0.06770449671224288,0.048061646563877236,0.07827875600039547,0.026206530779128823,0.04830364125774267,-0.002078982148294495
2020-03-30,0.050884165829933714,0.027479577693865664,0.03664215855839581,0.0499445782659933,0.06100048188799767,-0.021315732651050356,-0.011475113483524146,-0.011214754561204243,-0.0011933337194354188,-0.018685658117073123,-0.008225382634065692,0.01484430758761035,-0.0015411431737100134,0.005266320418496395,0.03292554596897168
2020-03-31,-0.0074925469361487584,-0.04972839610872193,-0.019991161597152307,-0.031289619962251436,-0.02384048806664063,0.02897208337341084,-0.022305807197757987,-0.0056193309184313645,-0.0041984757999576905,-0.0028181098304024266,0.0046593074326186645,-0.006220641770311008,-0.011124425083773648,-0.013789439899590361,-0.0274570028055382
2020-04-01,-0.07788304953690961,-0.04001758384219034,-0.025868207737283044,-0.054997811051670786,-0.04827246880844316,-0.01567929945408786,0.013100018245032041,-0.03034862657854065,-0.01389890054762466,-0.03434625991191298,-0.07613851737305066,-0.04567073831148449,-0.03607594823353488,-0.05415146706613527,-0.022829515808104217
2020-04-02,0.05101400532299749,0.019010577965081765,0.03216975804199218,-0.0013857055232272542,-0.00694769922450611,0.00039708551477368736,0.0003970855147734653,0.00039708551477368736,0.00039708551477368736,-0.0043216096719636,-0.016500756704551423,-0.009463694507755638,0.006879370848088762,0.00547506105303297,-0.005784088665862996
2020-04-03,-0.045249920363315876,-0.04270625880417778,-0.04101715908840686,-0.022201587356533437,-0.0107971451886415,0.00455440445619959,0.00455440445619959,0.00455440445619959,0.00455440445619959,0.002056071219285638,-0.015767120980131888,-0.028585375363448406,0.010724352647923485,0.0013907947679088206,0.010902693281545028
2020-04-06,0.10040573323970858,0.11575487878640489,0.08768958022619922,0.09153251740044,0.10841746565863586,0.009063518482574473,0.015254284617769676,0.022228873730282706,0.03700982998633018,0.06002750495645648,0.05509513282126699,0.07584776899977963,0.0286656440819284,0.0364087625373144,0.030884226782881496
2020-04-07,-0.034910611777454914,0.000841770099789807,0.025087669348722752,0.030552644908411253,0.005384834798719096,0.033028871509755975,0.023346337026424413,0.055250145879977675,0.02416941865558231,0.05280942739107042,0.12306660745456566,0.04283358927921932,0.029056081609118545,0.043211976967018284,0.07649676326804
2020-04-08,0.030575545425183925,0.025862058593780324,0.008250075079826003,0.08200141614594703,0.021974319832740674,0.0064978949910659,0.006635548227128973,0.004294659653045763,0.039745967704797325,0.02766787410146776,0.005351814681385347,0.02315966598386332,-0.013880857958881165,-0.008838767698313044,-0.005683163282644732
2020-04-09,-0.014983867835750675,-0.008403358059409838,-0.023864682794323522,-0.03633855385102913,-0.006353765915743881,-0.006026352425822279,0.006726087878313303,0.004226830475433374,-0.017737344596788107,0.011623765830697907,-0.012141252867661656,-0.01301123442067198,0.010753752320924681,0.006381092000195654,-0.006298892115314758
2020-04-10,0.0,0.0,0.0,0.0,0.0,-0.012367630263043994,-0.004267500763611931,-0.011253975365275282,0.005449763792356066,-0.00957705048518609,-0.004300455748611376,0.02249127652972427,0.007400333944016291,-0.006302079861156495,-0.021630014319507063
2020-04-13,0.02624070031581338,0.05291437581800529,0.024029029317258033,0.005847702008584088,-0.00978999322468388,-0.002216941795241678,0.0056571380913790215,0.009506622637513562,-0.01491686945871118,-0.035758265724242455,-0.028621045629980246,-0.02806410645369828,-0.020527996878679122,-0.03332749501648824,-0.01660710085253425
2020-04-14,0.05225105376061756,0.07832747911333371,0.05798067048862787,0.051924749979212814,0.054104426127546956,0.029372489778381583,0.04596028363523397,0.05456849413753395,0.03222088329563699,0.04658499619492096,0.07138490156891475,0.04327084085357513,0.012102522407525962,0.008674539469658127,0.025945917757960846
2020-04-15,-0.010952452549330638,0.0010923242846834214,-0.020116087137540206,-0.04002279987054547,-0.02228925893332423,0.0030262485871226374,-0.005695997052030943,0.001952520946909564,0.010319945135606634,-0.008460520343687494,0.011239332905562005,0.0022311688848397626,0.0012537484329404602,0.0012537484329404602,0.0012537484329402382
2020-04-16,0.049351699160778306,0.035642826416573126,0.011317440447649929,0.03692642276901403,0.03508096205171296,0.00038719117409669046,-0.007107432405896841,-0.008382233565363384,-0.004077994545535146,0.004879578372245286,-0.015180887049489278,-0.02762819342085865,-0.008318713786041654,-0.0203683208369021,0.003991751486892348
2020-04-17,-0.008075912156151555,-0.006145781986470533,-0.008848512618474746,0.018571901861655027,0.011114631493696292,0.06866464773363057,0.016892492879792664,0.031354014103495365,0.009572214099611287,0.03531401439656201,0.06164779916506791,0.05589318271791588,0.04548195613321959,0.030991152509856512,0.05912709820702555
2020-04-20,-0.018028105058918498,0.006537151175917577,-0.02441887729392056,-0.04830833208708807,-0.01376626153994509,-0.011392874476044756,0.0021542600724844263,-0.02266048848143365,-0.003262845788306157,-0.005786255302317356,0.008569463484543238,-0.0025010064703331336,-0.016164418588582974,-0.01583969364104032,0.021010844271583062
2020-04-21,-0.061104451549905736,-0.071090099437913,-0.03323954328741063,-0.04542758626020371,-0.0359763752327511,-0.029443827550697965,-0.044435561503711196,-0.036480893489515664,-0.02487052697631653,-0.03225594469407034,-0.020865436888122257,-0.0316632766534366,-0.0192582611972002,-0.01084823655005518,-0.013711796987697533
2020-04-22,0.06174180286764308,0.056689344365103755,0.039532597972621764,0.07821240942414609,0.049379565686781035,-0.005575417028100937,-0.023362925903933962,-0.01009964205290026,0.003200331240711396,-0.015589994008018748,0.03503277261698279,-0.014431431625411162,0.001698092105246296,0.021290556502453706,0.002329076836191879
2020-04-23,-0.007478572355015034,-0.0003575937718379718,-0.011649865291964101,-0.023220077071210432,-0.01888355606169745,0.006506765776922219,0.01586837347090797,0.012595333950397691,-0.0012943320092601018,-0.00784360408967999,-0.02338288656241716,0.028312507527965325,-0.0004304351985359167,-0.015918549743170196,0.003365423911265486
2020-04-24,0.019647134574063196,0.005008922569836649,0.030213097915426923,0.01650299606997163,0.013537588390116984,0.0015555005802274646,-0.000504181550331495,0.0034849655183950556,-0.023181653295928806,-0.03004993574034487,-0.03982329483337366,-0.027045234743563573,-0.010889426790897883,-0.015383519001749946,-0.029846765526414853
2020-04-27,0.025864174209995205,0.005518002342596251,-0.0007892670704271465,-0.01372259238035245,-0.0032210268207678583,0.006057188411392245,0.059482567600306346,0.027158678255983615,0.004959799720579916,0.02862581809789888,0.08541603645871287,0.04545611448015796,0.012555226846377554,0.01717684007939435,0.021926493861780028
2020-04-28,-0.019253895808231114,-0.01734826213161822,-0.00908144194097893,-0.011953671665580257,0.001787748384530996,0.0004878337189389015,0.01365885182464499,-0.002150045945223389,0.023481093368938222,0.011132721660823908,0.0019761343447071145,-0.006515334941628592,0.012119268866851218,0.01682252039780363,0.0019371611753022933
2020-04-29,0.02436827576269307,-0.03332730192865907,0.048877777947906376,0.07774657083735415,0.04217273749327766,0.012085956411879595,0.06517910828089879,0.011367580711389325,-0.004492059756569522,0.005077709882153725,0.005077709882153725,0.005077709882153503,-0.0016116606696243707,0.003983737478622018,0.0029469409513298572
2020-04-30,-0.020706110443422743,-0.0236675449380368,-0.003798921159916757,-0.08575618561247611,-0.05031124522764907,0.024409311113252175,0.04887177842282009,0.03363403868197423,0.05237483564176215,0.03999048784799775,0.018624682105292667,0.02818517230110773,0.007936954419449416,0.007936954419449416,0.007936954419449416
2020-05-01,-0.03250328358894217,-0.04790987499093469,-0.03851552067378683,-0.05615943088242459,-0.032486375594914296,0.001521043693983426,0.001521043693983426,0.001521043693983648,0.001521043693983426,-0.06108868719858096,-0.06191680663485499,-0.048058128878986306,-0.0017889476527509496,-0.0017889476527509496,-0.0017889476527509496
2020-05-04,0.03009425776543395,0.05372895444641279,0.0005288068696862602,0.014715549397260386,0.014764041450048726,-0.041180630192279466,-0.04726789703004197,-0.05012719836300339,-0.021871486886510638,0.005124741938433042,0.005124741938433042,0.005124741938433042,-0.038576233726094644,-0.04081437482333872,-0.02909505262765255
2020-05-05,0.008410667108577075,-0.007039625892590884,0.025766748403772244,0.026691529388062296,0.018257074132118634,0.011268741742708865,0.014611817849427888,0.0189632362355292,0.03874310329981445,0.0003842691617419458,0.0003842691617419458,0.00038426916174172376,0.0010880430104520666,0.0010880430104520666,0.0010880430104520666
2020-05-06,0.013787695554817292,-0.0005747993885081293,0.0159731196459032,0.033776968473843816,0.012311262187121086,0.0011846118632132807,0.015674705009606882,-0.009732279072738992,-0.02475947273621526,0.002301460838506797,0.002301460838506575,0.002301460838506797,0.015429955738792467,0.018283347922052773,0.040134407708302344
2020-05-07,0.023775160713574106,-0.004026056079121654,-0.0005071502650800808,0.014851266436884059,0.026344674244903388,-0.007396050563138745,-0.0051395601523004375,0.015202316461807142,-0.014986356866197204,0.03413875194007443,0.035705015727638845,0.04077916893904132,-0.014007989502164753,-0.00592580492398842,0.04521223673425645
2020-05-08,0.025027090788553474,0.023869063437129467,0.021945932507699162,0.049951424634657515,0.01605512515493679,0.007286737708249724,0.008512133256795895,0.028588791600672403,0.007286737708249502,0.004225227972395329,0.043097071938054565,0.006357811575825156,0.008123896813959197,0.039933733011437544,0.05263535942044917
2020-05-11,0.0323836929643575,0.04794140097001898,-0.0009928055744548026,0.003716746600611165,-3.2330834455640556e-05,0.009729958264568017,-0.0056485351810456885,0.017181611897524096,0.011085983604502081,0.0049357386516126756,-0.01820461817904928,0.0009566147985626827,-0.008253376409395607,-0.005939563304625084,0.02508386831207643
2020-05-12,-0.032607657066118456,-0.03552212589362913,-0.02559638927225283,-0.031105226150390353,-0.025493687200474402,-0.021638363858377252,-0.009043964183385045,-0.01333061391235768,-0.010791076519743648,0.004266045690665798,0.01649027389995572,-0.017496677899170643,-0.0133262797369319,0.011131147716880063,-0.02192156266915357
2020-05-13,-0.002883573117174798,-0.029389844971862034,-0.005356078905664474,-0.016052104152795565,-0.008091130689569237,0.010294750337204395,0.03554395376157604,0.002017855992033857,0.00480293808128418,-0.004752648655967584,-0.016381339856960775,0.004413793460424031,0.010882348143227416,-0.027090517227378097,-0.03778537911050095
2020-05-14,0.03219752551621968,0.0446530855256877,0.023974397272673142,0.057098452253998566,0.02827728933368623,-0.016900387153649832,-0.024833276650894298,-0.025461196491010973,-0.030799034570387906,-0.02802365337008228,-0.026385748076864002,-0.006442451887382572,-0.012054067899110121,-0.03659276453494609,-0.030158637862713444
2020-05-15,0.05731297915662159,-0.005686985289656277,-0.05133347992866766,-0.04390969039321713,-0.03308564886421261,0.017609634416966058,0.0005355719632769151,-0.0009690740696643996,-0.006179137171346105,0.016279254108899188,0.02878958908991125,0.0014230876693686056,-0.002238496385911004,0.017032966589421772,0.03125638343500259
2020-05-18,0.030562532533779052,0.00719556059333315,0.05503525054593794,0.04458128626852531,0.04221676407880537,-0.029379715417033214,0.06898535451123045,-0.059684032587367764,-0.00799552629753153,-0.0352151038304912,-0.04175084720660194,-0.012782184812779707,0.014365852343741548,-0.015096443237711199,0.014534672735382115
2020-05-19,0.006314283313726854,0.01612018805010962,-0.023142395361535506,0.02041933839580179,0.004460284762857869,0.005642549289863963,0.04929842483263025,-0.0059250245147928204,0.014060928614417545,0.0034498562823226386,0.0003465461346754406,0.029747399234298255,0.0373809989782079,0.02630079954977238,-0.0028523979049893677
2020-05-20,0.01868171546651931,0.016585508359461487,0.032526377158841546,0.029502312981337653,0.06331434291612692,0.011786466048911093,0.020554376659646545,-0.004881046504047526,-0.008919669864535185,0.017028259062987994,0.02525828905068095,0.004628290748831754,-0.0060617578001809225,0.016828850656728456,0.11877140128356878
2020-05-21,-0.02171148636345377,-0.030856497297443553,-0.03261813666878277,-0.03270044601215427,-0.02042130906668116,0.010719780360896491,-0.012859632300047052,0.019873736081048587,0.016447217639565803,-0.006288789370447634,-0.009394774276636708,-0.006141028867903908,-0.002816182440313675,-0.010126267171184256,-0.01221591612698103
2020-05-22,0.028603230397677315,0.009515034374155906,0.008974569701214907,-0.011450451649968385,0.0011598768901184275,-0.018356255757840945,-0.04831188350590654,-0.026853871073541202,-0.026536394678701725,0.001438964978117463,0.011162743351056603,-0.01928674333172198,-0.029436479580778552,-0.03058602114078557,-0.029621777985772035
2020-05-25,0.0,0.0,0.0,0.0,0.0,-0.006385570630130455,0.03407838858203105,-0.009627390266521041,-0.006385570630130344,0.013258204589264633,0.010430411349960478,0.007412426126499172,-0.0029284136872911315,-0.003745763083278897,0.07231417970095677
2020-05-26,-0.03417827981356669,-0.03588906304062289,-0.008640398429099139,0.013789303823275922,0.0015657921742213698,0.012997108321022743,0.00099875779142522,0.005913661632340528,-0.0017436874985965467,0.011814344606479787,0.03805660462156957,0.04246026605864195,0.007805677875460493,0.0057613380986585305,-0.01939071448216001
2020-05-27,-0.022081115382970307,-0.008460179730409356,0.0162776676806744,0.022851066075052273,-0.00415812582086128,0.00549287175141866,0.011904988466926891,-0.004426629418359473,-0.004780729618150126,-0.033711660785038955,-0.025400074684380547,0.001823400567532607,0.020730197033034248,0.0012832350387967928,-0.03368594692963944
2020-05-28,-0.004486797139000687,-0.018960939859209214,-0.014881905331511569,-0.030673739410478018,0.0045211062367578325,-0.01008295391400904,-0.01133703243564299,0.0032446058032087333,0.013523646705297487,0.006034984266986454,-0.006561650604014924,0.013068377024881173,0.0039597912386426515,0.024528344278295755,-0.04829805410200727
2020-05-29,0.04577584689009906,0.039814408422237824,0.03546242422013024,0.02762016145873103,0.029815145974341206,-0.002983977343597344,0.010391598536922508,0.012032689122176254,-0.011198991410095283,-0.02508673025086816,-0.004175736189876655,-0.007213467418420327,0.006212399323317186,-0.02835470933092543,0.02582065955699364
2020-06-01,-0.007802259669180689,-0.0031598173114509853,-0.014218006408161177,-0.008722026455413978,-0.008436865232988144,0.010837302828188511,-0.004371585451773408,0.015027528171021931,0.011298505796113467,0.04378836749123649,0.057632108413607996,-0.002187625455959741,0.016025568531996992,0.03202786237513666,0.0028332938635988736
2020-06-02,0.0021572282985162783,-0.0016781680178149516,0.06145675531501227,0.0017958042099330829,0.024484804242641545,0.007117322095898437,0.054831070821901084,0.014908639701242565,0.03388720082903918,0.011299672040699926,0.00860301285712084,0.0038723439725456554,0.010046153832790061,0.0025057430598713903,0.0017417714583765065
2020-06-03,-0.00631688405574371,-0.01512890099813402,0.00154833825556433,0.036207164549182824,0.034565293714438505,0.01388213568261154,0.009020825320535941,0.04590845869968163,0.0013736634353085364,-0.001563454862644309,0.007586406749419572,-0.006893704313120308,0.06365986414358127,0.06818840616505217,-0.023125729273311246
2020-06-04,0.00011411194184751672,-0.0018964247105861531,0.022946314487213515,0.005535320958736323,0.019664843237096497,0.017057165532329277,0.0004387323496948259,0.004952004593840487,0.00043873234969460384,0.010459930508005533,0.005165281470459471,-0.0064629348736032766,0.004570660665827786,-0.008573940579874595,-0.006262397597871505
2020-06-05,0.017510359340564996,0.008930218439432869,0.02917215949563734,0.035437639399602094,0.01163966813912043,0.018410828913653532,0.008595468993814581,0.021395723995976113,0.01498525003306539,0.026828543717646314,0.015774882834803883,-0.008894803966812193,0.016851455273410254,0.031159906112064872,-0.006427794720278435
2020-06-08,-0.012892884708706864,-0.0024481592684286735,0.031846732930634225,-0.004817857377721779,-0.022311029296640972,0.02540859355562719,0.00546596566943558,0.0015037793807735067,0.0502846663493739,0.010201685796535909,0.034265230296072646,0.012661554098861494,0.0009413095657111459,0.018596780060163187,-0.001949142870023679
2020-06-09,0.027370641510427562,0.0645648119715092,-0.017730518316160793,-0.0018362986573525752,0.00022883895769143514,0.005276475608388509,0.008204512073481274,-0.024402066732422623,-0.0053723662001126105,-0.01608330362527266,-0.02816557147016341,-0.009322779517795476,0.015477617675516253,-0.008746831716635706,-0.01985916228639395
2020-06-10,0.03545757062912225,0.01862030942410864,0.014039048738599291,0.0011706667921256297,-0.004036127107759913,0.012850355989129314,0.006892750115465862,0.029099311182693377,0.010668737574206277,0.020419425130883795,0.0329036063265411,0.028222555825146545,-0.003110842341301878,0.009809834831534747,0.018780775574341435
2020-06-11,-0.06090631187695994,-0.08025760629998857,-0.07680475037225365,-0.07434024086006841,-0.04319949756933261,-0.004789265346605731,-0.0055886983745613295,-0.020668928250290985,-0.031003506355430588,-0.007984819350789873,-0.012292503093447094,-0.0018412210699209064,-0.013627590237780485,-0.019137129703805766,-0.013492667513930412
2020-06-12,0.01548936337069673,0.012682153051743361,0.014520259193238294,0.020574183117714195,0.0305804934589069,-0.013105319407766158,-0.007115597048523936,-0.002062112461029386,-0.011933891162737464,-0.013032354043813532,-0.008434334050391179,-0.013774006984616949,-0.048840238979074524,-0.04929038113167239,-0.051033610616190495
2020-06-15,0.027008056660264623,0.02205608047057539,0.013491456701959503,0.008841686108347124,0.02022919262286238,-0.023977801914533803,-0.0034797987363826,-0.014001087333482154,-0.009975733184650948,-0.059942818378642015,-0.0740137230505652,-0.05307875005875429,-0.04418347247699128,-0.035838006669341116,-0.06236611964895333
2020-06-16,-0.011473083084943991,-0.004023431226687468,0.03623110406311736,0.02611726697458927,0.005828282164646037,0.02288364795637876,0.040735097128065334,0.031068573030819335,0.028764106958641067,0.05288628257317862,0.08422057471286348,0.05250767333572659,0.04037686886522418,0.037761530460678205,0.018734351995248533
2020-06-17,0.018470782073001457,0.0016525918858039113,0.00469154418427431,0.024940285438213916,0.02942750207080569,-0.00016961397360382158,-0.0001696139736039326,0.010229769671536992,-0.006578695427117087,6.901292319239083e-05,-0.00790479022873014,0.0017045232402443933,-0.0015965170034222265,0.01282691437064254,-0.0022265903147518085
2020-06-18,-0.0019492750721629148,-0.00934919025968961,-0.00022219845424653606,0.006333351572842982,-0.009740385077025127,0.006229302753989696,0.005711939301278557,-0.0075211653342706075,0.023052399935392875,0.01114548722611075,0.006530258666166855,-0.0052172097208933454,-0.0007242141144999659,-0.009529502866295614,0.007620589489254703
2020-06-19,0.004691928857545102,0.003515888665619693,-0.012344296403440147,0.009440139176547735,0.004987998030216101,-0.0035142289665249793,0.06058713119652537,0.0068195070436778416,0.011565001699486599,0.07019957597141602,0.02430749223060169,0.0009708088963200634,0.013968765094340752,-0.006835254218214071,0.03052716520526544
2020-06-22,0.02866771256353884,0.009773165844932263,0.0036030446571442276,0.005250220489876778,0.010036699754348177,-0.00761377901051985,0.0553015830066832,0.000338028292510284,0.001580535382427417,0.010703478825875967,-0.00993220628185043,-0.0032068406924916637,-0.016631626633935692,-0.005469106694706127,-0.008278645241304172
2020-06-23,-0.008055950762395847,-0.014061297784291993,0.0024682427055089384,-0.007018038636465773,0.006451161219613866,0.014726145550561176,0.001572248261354936,-0.0008325813391276693,0.011297080675185978,0.01745257465326766,0.014341662478352557,-0.007149330593517078,-0.009173811580320934,-0.007053089049715466,-0.015127513797538739
2020-06-24,-0.022698467752294782,-0.02963515908643688,-0.0023501386513908873,-0.014299810349953312,-0.013801123504138535,0.00408172758777714,0.006588703009389851,-0.0008858088214563908,-0.0013677636065481114,0.002655738266587271,-0.0021828627704861825,0.006472686524235938,0.0292255754182551,0.0226349404555235,0.006394934300740562
2020-06-25,0.027556390548443055,-0.00878028421133259,-0.002019191506737461,0.00016685102923630346,0.013745294879145664,0.005204962597279872,0.005204962597279872,0.005204962597279872,0.005204962597279872,-0.0037672967118407286,-0.015594291482813882,-0.006526436353839649,-0.01670592833844231,-0.01757165444527531,-0.02306892857823184
2020-06-26,-0.035299899576975435,-0.03523978086463242,-0.010566553573973625,-0.026675698791543523,-0.013067832346383756,0.0005105955556699016,0.0005105955556699016,0.0005105955556699016,0.0005105955556699016,0.031813311677816314,0.02402184787282291,0.015233948537920039,0.03016324062906728,0.006673987026433181,-0.0007937153253636531
2020-06-29,0.004915310110983784,0.003592820572015709,0.011247405003561806,0.011647720604487155,0.008431086575685587,-0.022049458875376238,-0.030547655243743588,-0.015054542352427203,-0.02806779740154508,-0.01232984433044404,-0.0120000933774288,-0.016603900949590855,-0.011226101948835332,-0.012732303447241189,-0.036001123204214336
2020-06-30,0.032364035808480685,0.04634053078008593,0.024716283054873944,0.023535628303854805,0.0088263487275686,0.006974104202399856,0.02862885860660236,0.00823124338653436,0.018927016948863562,0.010492144646808477,0.006409110821592012,0.022105177659962116,0.011114505524380869,0.021458895101150288,0.010216250099879476
2020-07-01,0.003395475785748614,-0.0005702105863685247,-0.015678137128662395,-0.012737934689765806,-0.0011957438753846805,0.014911908105483151,-0.0029288469141167672,0.006447692910236391,0.017906285639004205,0.045102879968094145,0.015840550294673683,-0.021492885261608863,-0.003704820432376521,0.0024337219525756293,-0.00527178647767268
2020-07-02,0.008630872222776809,-0.004564504946917847,0.02327926361211663,0.022118026506052546,0.015316198055139063,0.01308064517963814,-0.006270867332628494,0.06796597937703197,0.003795635184961954,0.012874164195347149,-0.0006446917732024771,-0.0063938681669540864,0.0037687435594409013,-0.012454332713845107,-0.011327004632319393
2020-07-03,0.0,0.0,0.0,0.0,0.0,0.023138925188941784,0.01901140085096298,-0.011152023468085415,-0.003789760808742715,0.027031997954624964,0.019723313596236025,0.019623239997813346,0.015371893773957535,0.013984749418382236,0.0729128539315047
2020-07-06,0.023615375361031976,0.020252223351180154,0.011429027997283958,0.04032791721264961,0.03279584449355588,0.025138413692133987,0.024582931311114553,-0.004811539345391469,0.04196189608537737,0.026375867376356554,0.026073587229849204,0.003242682394097418,0.02583708483821434,0.006748683896515617,0.02636714729661782
2020-07-07,0.0033033332174576824,-0.008801520735450707,-0.008394352120519644,-0.020170178819282736,-0.008924545574998666,0.003076737733044288,0.05090952664963089,-0.01379260549678929,-0.005425650121910319,0.01699500226544748,0.04983917684794559,-0.0019509446601622127,-0.022919873630854126,-0.007686079043678795,-0.01479086692174092
2020-07-08,0.03487186116708685,0.009446438638148091,0.015085731549016268,0.009488575592385695,0.025941156290055334,0.004825973832642161,0.0668616929963286,-0.016689114461057808,0.0021532938648631816,-0.006368931778244713,-0.0005702525739705866,-0.010035490171615535,-0.01144964675029947,-0.01690899165939741,0.05260229555142204
2020-07-09,0.028680873931043793,0.07168253779677425,-0.002993692388632785,0.01147047960947667,0.007118540421850783,0.0165165290239917,-0.010469363860801773,0.01774164418931945,0.020025054022916322,0.003590663718264775,0.014512400836369954,0.015309602409381728,-0.0006982303139607682,-0.005301960408819029,0.021063605964017462
2020-07-10,-0.0028312444301613615,-0.02410054652235305,-0.007935465721392143,-0.014175563024595217,0.0028627989642917573,0.010496192265263105,-0.05343436430242299,0.017399078886344732,-0.023881900478743945,-0.0071065081195831326,0.009137680314619923,-0.009142942773947116,-0.005024037265450532,-0.005538059251381067,0.015584254639506634
2020-07-13,-0.04074698151883138,-0.04098068847092429,-0.012755344126554657,-0.01725533028619286,-0.018264573809955387,0.01262475653861661,0.016494452112742808,0.006608738864372965,0.026079906732891178,-0.00846830422630962,0.007372615992976783,0.036187685557452554,0.010114751284628909,-0.0007184203014087842,0.025585607241865205
2020-07-14,0.03230602142882,0.021086043383051978,0.011496413532698702,0.01674526288034195,0.021126205146000387,0.025631565815768642,-0.028386002442743807,-0.023248608670478288,-0.013527184244291779,-0.017882111498935482,-0.02764919379484765,0.0024185871308248785,0.003925620008341735,-0.004739427668041918,0.031052834035080634
2020-07-15,-0.014431028710638727,0.011330389584315093,0.0018404903946740436,-0.007035261509453994,-0.05392735830377626,0.0009452298490235655,-0.000956756155648053,0.00232411006036104,-0.006999777709873811,0.012079527059289052,-0.004110999036653684,0.03015426239572072,0.016559616277872724,0.0010400086266486586,-0.010986785437292146
2020-07-16,-0.00904399482247431,-0.007589482878288978,-0.014586753898531368,0.003864615633102142,0.02607662439738978,-0.01813516622095812,-0.019400205360080247,-0.017130954208438354,-0.0266484992113889,-0.022537298767678293,-0.023523254665633986,-0.023746061857642387,-0.013577476196653948,-0.0007012980961063064,-0.0223139003189875
2020-07-17,0.00658608727350285,0.0021850464417876303,0.011293863962775985,-0.000641515544375415,-0.004231325013116183,0.03052783647596269,0.017258804580368103,-0.0019092613451513474,-0.007686874818392475,-0.003189936036643637,0.010204882865509246,-0.009919336207008356,0.007995156532020653,-0.0007113829675484684,0.09757247328477958
2020-07-20,0.03031436577431945,0.04396798925674816,0.010192012988105237,0.022953224446492504,0.02056864609561715,-0.005775931697787451,-0.012913580988599627,0.015642573234504686,0.016261545461621063,0.025527296615514228,0.0017555658461867463,0.008387099469209458,-0.002268153835107478,-0.007042280167328774,-0.019002528490808634
2020-07-21,-0.017339678955468174,-0.008005553285798106,-0.009230644732215798,0.0012555517589420973,-0.019566617765663152,0.04669693449970436,0.060152031395300565,0.020072378198797036,0.038269721993196004,0.022339687881722137,0.003484333540465956,0.015242520852069008,0.022420996107171298,0.025245607063003384,0.16266688114212235
2020-07-22,0.010674585571911921,0.08403510378118151,0.0031416926479379548,0.006425185346123685,0.02287514992824735,0.004145613583309116,0.04398169546924402,-0.0012514573368973547,0.027210646172799002,-0.0013067863495532794,0.004898285539596925,0.024033198366270048,-0.004804358052049373,-0.004654949392817742,0.03318227964124465
2020-07-23,-0.029601519106356666,-0.0359281629359105,-0.03164132081028748,-0.009187351985323167,-0.021319181930747333,-0.007512935908804641,0.018549471986858412,-0.0010090931142600068,-0.01290183393637978,-0.0032003947708802993,-0.0032003947708804104,-0.0032003947708805214,-0.014678000512098333,-0.013329434368094861,0.026702676078857346
2020-07-24,0.006392042095809014,0.1650159792078827,-0.0086988852182448,-0.047304654326812634,-0.04307332404157738,0.011967710063847559,-0.0027848325334931534,-0.02629702314144511,-0.016700335612761186,0.003154361026231234,0.003154361026231234,0.003154361026231456,-0.001246678120716549,0.012638897976182673,0.005359268594006705
2020-07-27,0.022267080535197215,-0.006195969678983837,0.04286186021557481,0.039426016500099914,0.0383486892246403,0.09883333532186578,0.07762858710137488,0.04348739472512375,0.023664213371134446,-0.01887532692698135,-0.005487309525695538,0.016995371674419557,0.02621500971905011,-0.01038191421934731,0.02559433029367897
2020-07-28,-0.01976667656184916,-0.019718726783831353,-0.013484025693064838,-0.011267925948691415,-0.014196739460716978,0.0342516036320033,-0.05725924997709242,-0.02251224511613603,0.02739651894881323,0.010093233282278513,0.013010877492601658,0.005092930486918501,0.05798420188878173,0.007457945135822763,0.007935257800641526
2020-07-29,0.024472399955806967,0.12542516862868824,0.017277099413874675,0.015248870692920358,-0.03119331941502068,-0.03425372142103589,-0.0015752731904847828,0.0208417036382873,0.0013458291535999312,-0.0004367978962587227,0.010447031213070668,-0.037480908795188506,0.003929771937621895,-0.0016765497106012717,0.005263312011752452
2020-07-30,0.014189705629385152,0.027730328714720143,0.15220904911415944,0.018497787762425277,-0.005183618119050548,0.03029924323244204,0.0032803575160007536,0.04326558459392782,0.0018113911975916608,-0.005171277027364751,-0.006698793565077077,0.0007141116925601931,0.007256065430582659,0.03267974441930033,0.0031780640302165875
2020-07-31,7.067891202128251e-05,-0.00984650477129867,-0.01474017585046361,-0.0013969921782162054,-0.024839392833757246,-0.016256763168520316,0.029838815948303843,0.004724165765555899,-0.011843546929223514,0.005603222146029818,-0.1464173513432686,-0.05079556043698341,-0.017678818635761706,-0.028353451847547673,-0.0356378038945393
2020-08-03,0.0372592348153975,0.0030995462072016533,0.03768571527511888,0.010570463457637347,0.036441222973065734,-0.027330108029997024,-0.012213843644607758,-0.05775701287104029,-0.024000316688995493,-0.005680919861063893,-0.026787498144134836,-0.0007022932877730481,-0.02214674390746918,-0.01524795663202061,0.02623180239325218
2020-08-04,0.01975417532896584,0.09488866898839166,0.012410017468651002,-0.002461228709262131,0.010146825120066039,0.02500476044917299,0.05395358096491809,-0.011876179847822077,0.03726074068439189,0.004141988779100769,-0.006886273622124461,-0.001144399207844926,0.010182584926609506,-0.0010805242475177002,-0.00273627866677828
2020-08-05,0.005254947558470002,0.003174936972714759,0.003965649988154629,0.0003085288490585203,-0.004914457282833462,0.007639815718845311,-0.0033113882807362938,-0.004827742860044837,-0.006418754131227722,0.00600702391042196,0.009336604976539986,0.028612512480988395,-0.007388693265305779,-0.011435962929077115,-0.020978605325284727
2020-08-06,0.004319277297127222,0.016410755666911525,-0.002962528196261638,-0.019423517055905948,0.001954004229355766,0.01145937057085944,0.00024105235110583045,0.00602200869987235,0.008057783884563241,-0.020678237089941764,-0.02795909028107868,-0.0013895259850835728,0.02541251633978092,0.010951538077869749,-0.01094168073573365
2020-08-07,-0.011997894403383058,-0.021450820320497943,-0.025301727262604268,-0.0006288969261628585,-0.008558500449331041,-0.00564816345142205,-0.037901896623051656,-0.009509325316779726,-0.023125414795896027,-0.022139249299184205,-0.047958998940123565,-0.03256546654632986,-0.006936344852207954,-0.0044770293449836185,0.005979551971847963
2020-08-10,-0.003080318665454773,-0.030760172743522274,-0.017459527297018385,0.026270235663315544,-0.0018028237913700895,0.003999237790568655,-0.0003479176945171414,-0.0003440400841475677,-0.020755343845308305,-0.002541305585834097,-0.002541305585834097,-0.002541305585834097,0.0010041019627664571,0.005692473410680243,4.6064228952591435e-05
2020-08-11,-0.028213131173751682,-0.06517510639081481,0.023223056705139022,-0.01195570586524386,-0.011220402998726287,-0.011295866298499435,-0.014797081351622166,0.0036843653889975236,0.010984074632493623,0.0011622421572174968,0.023674871640236184,0.036882667269312996,0.00943519582249941,0.001266080953241211,0.03648060831585043
2020-08-12,0.054400733271579904,0.07453178410043249,0.06395300456329389,0.03164749745430817,0.03736404613721289,-0.02347645529213327,-0.018926529925543667,-0.007271664879995865,-0.0158117111518975,-0.011005372162869231,0.000644990106273724,0.005569579993868645,0.013925354378580002,-0.003513234196020232,-0.04081366891045468
2020-08-13,0.00024052279874742233,-0.009320957108968408,-0.020554340361913614,-0.021503729829413953,-0.00013334597574454765,0.024628086172335806,0.006630964101121073,0.002188915741243358,0.0007441577755111783,0.028165271821828153,0.04005151169963761,0.008016959105166643,-0.003208789953673352,-0.0018254048078980567,-0.02380403049583435
2020-08-14,0.010574095024518781,-0.006598158727956882,0.0029094549261441394,0.03918846012851285,-0.009766106227066307,-0.006110790018223344,-0.007294916339990354,-0.019076735439817027,0.005868813667977202,-0.002054726451642841,0.0038353857532618107,-0.008432113051780266,-0.013068414140283369,-0.007345445034706577,-0.03620408727358282
2020-08-17,0.0668455701907733,0.01377607718507079,-0.013715244628048517,-0.010055987964239788,0.019967599028750893,0.01724103929946974,0.005875369098671257,0.022450034364413174,0.0009566739615294306,0.0026543246150032562,-0.006684223480654783,-0.006424879291893171,-0.0016188694159349204,-0.0016188694159349204,-0.0016188694159350314
2020-08-18,-0.006180885470535191,-0.009220996405242543,-0.0013371836559059602,-0.007618933731076805,-0.003408208385801914,-0.003026424632542102,-0.09784851722056032,-0.01892179505662861,-0.010547153044974444,0.016853073810334518,-0.012839265755144047,0.009593545521287883,0.009398678154540097,-0.023764909776700982,-0.047639139567729916
2020-08-19,-0.009970739338652002,-0.006980251024446549,-0.008836811398971522,-0.0051354849762187404,-0.0060443374185095156,-0.013341122271353534,-0.013604749893903922,-0.03346184353924975,-0.02269204433042704,-0.001536574950493419,-0.02224563870389329,0.014379501470109801,-0.010725368706847371,-0.040130700921602314,0.03302122696591403
2020-08-20,0.0002062441705239504,0.02071772574973929,-0.003422273632509021,-0.03157721348134512,-0.007387585589764822,-0.03126288005034428,-0.0741830119020247,-0.0590637901150447,-0.0508541534899023,-0.0410384547745547,-0.04368750285298728,-0.01993739835730035,-0.039550663579009715,-0.04069715292320608,-0.08051976576372555
2020-08-21,0.04468294110303428,0.012564950558258348,0.021145858345123614,-0.02382789202553004,-0.00013463751398656854,0.02620594364915263,0.07249034466368465,0.016375859182942376,0.032319479564457465,0.011329169714465293,-1.892682268145318e-05,-0.0031461455935573035,0.00640093536847286,0.034905658417996976,0.004444557132540883
2020-08-24,0.002897655867409421,-0.00871012705887153,0.025752149955797998,0.023606616593350838,0.01577450244393952,0.005809300152838093,-0.03379665053046543,-0.012085315009180086,-0.008802283606683003,-0.006818440566378148,0.005856045252694342,0.005070003673411039,-0.0022435289906402867,0.007544287395361948,-0.003808437955612032
2020-08-25,0.0023387682145952216,0.039359612072662475,0.00034505263678896725,0.0048635961140997,0.0075137186819549395,0.018722297323290116,0.010343750754823855,0.016578354330323286,0.004775511533213761,0.0006997627509057747,-0.010849194982597843,0.014135468577939792,0.00784342122348125,0.022399335990792135,0.03255707001540831
2020-08-26,0.0018039183035263306,-0.0038216773235217882,0.0007761940645107934,-0.0045278952150160645,0.013365423885464356,0.017261207383529875,-0.018675650868219984,-0.003220538693284869,0.011583031762081974,-0.0015503992057055438,5.73219746713427e-05,-0.001187133243587657,0.001508722688868147,0.024920628686515123,-0.017938144811149637
2020-08-27,-0.011332534835756913,-0.02580787814396568,-0.0001722957024432592,-0.027132957957825887,-0.025134972040538606,0.004809585091069435,-0.03432847452583043,-0.004564508895702368,0.01555491931479569,0.011658526009816095,-0.008637650848827061,0.007502453910413376,-0.01201095857525325,0.006020090460664429,-0.027563685920147796
2020-08-28,0.041138043409483904,0.0208830541320999,0.018789817100535178,0.01676620020818209,0.00863885261880637,-0.021657017486542696,0.02721797192333053,-0.009520675888032848,-0.011426097726616957,-0.0419007018708053,-0.026109198769188602,-0.02672114754822874,-0.005889687569489377,-0.018697641246164354,0.015006341502671328
2020-08-31,0.017246129757185313,0.06160136125159532,0.007614187889855906,-0.023307314108005128,-0.013940583224261394,-0.01981736068668216,-0.03163293723642113,0.001353348096571061,-0.0028139877505810595,0.010255709894461562,0.04019092593231144,0.01754955595958152,-0.019494576176919187,-0.028984257979372874,0.019042021619196214
2020-09-01,0.03369365392617918,0.014974681952449664,0.02443341132291077,0.004707656385037007,0.03399428947508443,0.020747132247210143,0.036801763166653734,0.0024370789086483047,-0.00046815589165716265,0.008960208553525195,-0.00638804171832652,0.003688587233751983,-0.0025960003162129874,-0.004952742860267034,0.008482249678929188
2020-09-02,0.03802185190985918,-0.0212627367973941,0.014996753594290757,0.05154306862287772,0.02995617469174694,-0.004444575570921483,0.03488116756064641,-0.01779363323256533,0.0001536111008233476,0.015208183708530498,0.012889557283126685,0.009496455385404445,0.005485917599887369,0.00578546166050109,0.006675869373949261
2020-09-03,-0.09277531610287004,-0.0851252516211829,-0.05479811062184925,-0.05562380965187663,-0.05603650118230785,0.007292882751703145,0.012111038442260247,0.0020234846677440466,0.002904083167720284,0.006888193075308635,0.01069413511463857,0.034357200263831045,0.03351141671461,0.03911296793950414,0.035575078425536866
2020-09-04,-0.030194554751188374,-0.00642111428904979,-0.003950845830315131,-0.008135432974808343,-0.023234864403440803,-0.015588135513313395,0.00047476884984787304,-0.012798553199019569,0.008082864710612592,-0.026205605396179443,-0.0277850614080275,0.0074118949991257566,-0.015947721158330208,-0.0017887475691628074,-0.020446896325246766
2020-09-07,0.0,0.0,0.0,0.0,0.0,-0.008516916598086066,-0.009813642372586528,0.02363686323047287,-0.014093977415019054,-0.03888643058833252,-0.006076323619686463,-0.01561612175412963,0.01992129417868216,-0.00015097540837449852,0.0036749087086087595
2020-09-08,-0.05620931081717251,-0.040482863167217276,-0.053462237886209185,-0.0874343974612255,-0.05462398854353767,0.012386176306100172,0.010681458429807167,0.007202999226431528,0.010839244805932458,0.00649620056979372,0.017985783156630353,0.021925546530895623,0.038596753662039074,0.012422622899654012,0.07583669096249324
2020-09-09,0.06732151956703625,0.04092008032533467,0.03871756175025243,-0.00772958935908552,0.03460462223968719,-0.007309418496499576,-0.012940403390425015,0.011781428149058026,-0.008118509094934168,-0.0173967741249742,-0.022341000543898204,-0.011010544096064168,-0.0071438123153702016,-0.02843804431014685,0.015619776236250438
2020-09-10,-0.03171462323028207,-0.035770970262221646,-0.01385740482909703,-0.0014493412952416573,-0.006594789141978419,0.017552487671028905,0.00555364838712169,-0.014049364155092392,0.003928609139732586,-0.019149291184443973,-0.01549561996036719,0.01881048711044908,0.017858272128510544,-0.004989259753355513,0.004103400371102461
2020-09-11,-0.011960287913869161,-0.033426271294418775,0.008715979582114342,-0.002177203733021882,0.006246411642094829,0.0038734954876560312,-0.006256916622944475,0.0020583332507937424,-0.007184146415914361,0.0008291179615269595,0.01711931273130851,0.0040739273068122195,-0.005770687739073077,0.021041772476416476,-0.03276219454742002
2020-09-14,0.058181788690939484,0.02043496545485146,0.0003527252950170645,0.02654559343615026,0.024246363009736704,0.00984705919417217,0.02306110432202968,0.004434064264962734,-0.00045758911051263507,-0.001777122254676855,0.012994023322879356,0.019729345263319598,0.023953000317739503,0.020631992682241362,0.013674769290655586
2020-09-15,0.00922524765773014,0.013222063660097705,0.02749869341642186,0.01310688434198215,0.006278076216263084,0.014579223954577447,0.008761553785599174,0.011988587232435233,0.0208688940808035,0.015662742282600117,0.006051942674905053,0.004067543111872185,0.0151765515511888,0.029064323358945376,-0.017047375507858287
2020-09-16,-0.036679361467843896,-0.028759617816922156,-0.0173271748604642,-0.012762334542685272,-0.02125578879494816,0.026675596061919826,0.007329506447399714,0.003969600558235475,0.01886478663747848,0.015592685424086872,0.028891500270727732,-0.006367667533842325,0.001348285622482459,-0.0035425550532524053,-0.021306693022660084
2020-09-17,-0.004074989043917898,-0.0014349152765033013,0.0027932706571816013,-0.00230211430950078,0.012031600513054741,-0.014861856514956084,-0.02867437829312891,-0.0010894399990996062,0.0029782080139226785,0.0034195889762476117,-0.008537238662436386,-0.00266870563147914,-0.018614840389165166,0.014767823874833663,-0.021821975093430312
2020-09-18,-0.022004511180314323,-0.021162673834078105,-0.036472796150408104,-0.0033724906703784807,-0.0010907677880960254,-0.00806513282954735,0.022061423870483043,0.0035965727382358814,-0.007859434413508337,0.006736051239918162,0.0015244885891523285,0.011010937926913433,-0.00044461261884143344,0.021228139146394653,0.002926386688533844
2020-09-21,0.026909317327747706,0.040170854450437776,0.011111882088170377,0.020837180703907388,-0.010154567751359256,-0.005008067747850453,0.012253689506359855,-0.00722596668967912,-0.012156681186308527,0.0015400813056665186,0.0015400813056665186,0.0015400813056667406,0.002310195973397988,0.0135995016196786,-0.01990128763129051
2020-09-22,0.009626451887482457,-0.003079362145831266,0.016976424371328847,0.009944004229344383,0.0055709718415453136,-0.005573752859925785,-0.0198774542059853,-0.01984309835056486,-0.015161129095860315,-0.0014614564367337879,-0.00146145643673401,-0.001461456436733899,-0.0167735444397642,-0.037754145404109374,-0.014515752356382805
2020-09-23,-0.04067169588986552,-0.038223857245283765,-0.02855373040292719,-0.011055261710264719,-0.019416662219844727,-0.010206136828346923,0.020951137749840365,-0.010474566865549817,-0.022681956171964446,0.02197049618477065,0.014211197308259704,-0.009641948188864102,0.00804219458785771,0.029484577840799275,0.020986344949386115
2020-09-24,0.018496598274539977,0.014585792706103051,0.01465136583376525,0.009432235053670635,0.007271659345655879,-0.02954606019504258,-0.0328590503836218,-0.033682648483421396,-0.028888504614744792,0.017444210989117748,-0.00829626224886204,-0.003632578358165661,-0.019748420775267617,0.002140634408753117,-0.03512707556167649
2020-09-25,0.042577905871314714,0.029543627971320596,0.020589927251613016,0.00761360017492807,0.0008882528449629667,-9.520055327738586e-05,-0.027392208485024216,0.009544459356604085,-0.02117433209192965,0.00039392146714312126,-0.012788816683612647,-0.0037422231743903245,0.0027846016676233987,-0.01557227971288,-0.008957802978508012
2020-09-28,0.012525369430768762,0.018191209873840375,0.03467272119790099,0.019405941683678707,0.029349586713816045,0.018116512496397563,0.031202447386886156,0.022501151651983964,0.027754413294624802,-0.01874500527363765,-0.018837443442771162,0.00011525714975957335,0.007107112578849772,-0.009014818464621599,0.041053218614446774
2020-09-29,0.014633888625464886,0.028812194129494095,-0.009200789383344121,0.004885439196975927,0.0079236077434095,0.0040517096964740595,0.01688581304582293,-0.02150026560141105,0.01591034333595953,0.04395949306629521,0.02896320569386046,0.006394696972165992,0.006026960520368441,0.024318640315685647,0.015747127406026573
2020-09-30,0.023042079709660657,0.0026904883176581684,0.0025560081945013025,-0.003353010793798128,-0.012647144412898048,0.011943155631222169,0.002315229172883182,0.017582339084020182,0.017871866803353953,-0.019055892214828285,-0.011892481135573174,-0.019735714673818516,-0.0012415453822048894,-0.0012415453822048894,-0.0012415453822046674
2020-10-01,0.006208091805487204,0.03500430322428705,0.015635441662715355,0.020185276198028124,0.03450046604832302,-0.0007609735051257172,-0.0007609735051257172,-0.0007609735051257172,-0.0007609735051258282,0.002019943605958474,0.002019943605958474,0.002019943605958696,0.003505779401587139,0.003505779401587139,0.003505779401587139
2020-10-02,-0.040563344055428274,-0.03605936291049805,-0.033885430508282854,-0.040230907503602364,-0.031439082305390165,0.0015588760657516687,0.0015588760657516687,0.0015588760657518907,0.0015588760657516687,0.00771952640572926,-0.0028346375326568918,-0.015108357922783977,0.0015491220661123517,0.0015491220661123517,0.0015491220661125737
2020-10-05,0.044421912107657,0.05317846346984467,0.043733936606724644,0.04105816784208849,0.03272974072910584,-0.0029853954694598617,0.004745027410048452,0.020086548715744,0.007265239698161174,-0.015654611889838632,0.0022818627183121,0.009952446490046452,0.0056658046771440596,-0.012396870175032104,0.006641123904651103
2020-10-06,0.006890372981464665,-0.019384772366413228,-0.008131350136283078,-0.003300248890080293,-0.03140442890050499,0.023789006240384936,0.014078607393235076,0.0024872499919081914,0.02178268106809056,-0.0046232850772433,0.0020582284617094437,0.010594628370591108,0.013170152482486985,0.005595581574183495,0.0032411368710729693
2020-10-07,0.016561565940963918,0.02616002600207379,0.029195508061649056,0.011920540779977173,0.01537379994021415,0.004401682819708652,0.04831478480159168,-0.005189254616042138,-0.002266088328775173,0.019500088709579755,0.020216164969728778,0.004262490885913683,0.008450198144258847,-0.0019147803925412266,-0.001971765342958842
2020-10-08,-0.008969584596752123,-0.0020763675176667107,-0.005608455324792039,0.024214547024165478,0.01354440404776236,0.029506590647751407,0.0425698271249062,0.030232652983767094,0.014455668732062943,0.03382976504170121,0.05051095757368129,0.01602174803911005,0.0030297880263219223,0.0003565119523014637,0.0016204129205095175
2020-10-09,-0.005491753752494222,-0.039417449750371314,0.02067996854357923,0.011022394122584211,0.021266003205285156,-0.0006531098628183019,-0.0006531098628183019,-0.0006531098628184129,-0.0006531098628183019,-0.0057458778943211275,-0.0004999283606329508,0.0016256805417680376,0.0053374723796231205,0.0053374723796231205,0.0053374723796228984
2020-10-12,0.033659722502048295,0.014320125911637005,0.01457527804758163,0.02196234236887573,0.02583607886766459,0.01654227776928363,0.06681542548078334,0.0108399206149834,-0.01660007494154958,0.0029480654945299722,-0.0036583805154227766,0.0018791941364384446,0.01855170899783709,0.03832204406293904,0.06427594716380303
2020-10-13,0.0015641599463962486,0.011745140028669221,0.006077785447539785,0.00015468400250373548,0.01531166314212129,0.00403184648021071,-0.021316412021859743,-0.005144009770193025,0.004818640439654409,0.014606141628048741,0.028541136420447755,0.005979747714032424,0.004980156264591473,0.028204551940304246,0.023667404652886415
2020-10-14,-0.010738217226442193,-0.012546900916278858,0.01898623657455656,-0.010975417220019157,-0.017573676794538473,-0.014266110224637862,-0.02201783322625539,-0.022272756643803904,0.008649275937230305,0.024295885165773523,-0.0012421004264706603,0.00863593141084884,-0.0012980252597033504,-0.02054737984368149,-0.01881910769261086
2020-10-15,-0.008885858515572553,-0.012825102040095238,-0.010009009077172948,-0.007346121390134686,-0.028791672827849668,-0.009030418831282083,0.004094974776015503,0.010690027935748914,0.053290667963600935,0.001957265590462276,-0.016591665752314744,0.002446490636769383,-0.013420515629316454,0.008324244404308123,-0.01650345298118383
2020-10-16,-0.011345709066022502,0.0004811850938164497,0.003499613172774252,-0.008030242422067624,0.0008535262723690096,-0.009347641608676405,-0.013577613864969362,-0.002152499372979566,-0.011294946108712622,-0.016670512301470763,-0.003918663249867893,-0.00978186123688507,-0.0064438385731330206,-0.018799862116620436,0.0292300147247615
2020-10-19,-0.022716662422544776,-0.014067550735887502,-0.004727753181180572,-0.015079281120761179,-0.004109459112685676,0.01754993718227915,0.01626770754357887,0.01006695677017544,0.002271489324706666,0.0007421212515157372,0.013980437754379293,0.006767380240300991,0.011010137108094398,0.019040149709621756,0.011457525823683312
2020-10-20,0.010946206284237148,-0.005365883431783569,-0.0009341739310095853,0.0033842389222331626,-0.0009082356464586994,-0.012192360559606485,0.009284615120323636,0.0020443018647686717,0.012923055351308443,0.008537343360324856,0.010398731421325857,0.00029209800557072896,0.0187316570666074,-0.013688325263265355,-0.027138182716461734
2020-10-21,-0.008849110901954393,-0.02893576116963603,0.001948569771153652,-0.0024091603416825924,-0.005091695636154969,0.01113604966365811,-0.0019941501403477613,0.042450032858237785,0.010275480204434695,-0.00740023474794016,-0.012543242314218439,0.013928578232864197,0.0008802816901407606,-0.015566071418981031,0.0008802816901409827
2020-10-22,-0.012107452686540232,0.0027777932977308684,-0.0013225605302955579,-0.006601241924412138,-0.019582073208775697,-0.0009439492464241583,-0.009653630471562535,-0.0006802426375023263,0.0029435349032178593,0.012846365291984574,0.005833264675715322,0.007304482632379816,-0.009675547619963365,-0.002480421733789373,-0.019196869025846608
2020-10-23,0.017158204234603236,0.03198188081198583,0.0038947114540131,-0.012155520503482675,0.00814913401746975,-0.006766691786420531,-0.014706806576574527,0.012245916585181371,-0.007248386080448532,-0.029621692795419263,-0.013159638416055275,-0.005090117158189633,-0.0002081766501472737,0.005320148834659477,-0.05269990687013637
2020-10-26,-0.03303853810131763,0.0032943420629210074,-0.020794567862259528,-0.023625946024517064,-0.029242610442466566,-0.0010113428163216476,-0.002491221695595791,0.020357638494487684,-0.009680209632328074,0.0010405192317373135,0.005938053219236572,0.015109747260701134,0.009006857597935403,-0.0027247070185476563,-0.013956634258870837
2020-10-27,0.019442844811683457,-0.04073946207899737,-0.002297863678712986,-0.01142659888020292,-0.0030474445128538807,-0.007145993947285101,0.015830040744745588,-0.029126400951724918,0.02237017773758776,0.0012143737508951702,0.002216568431242516,-0.0014213415193288226,-0.013328257035151947,-0.010615340124474182,0.0015292518400091826
2020-10-28,-0.05745803115224346,-0.031440109202483524,-0.034389807427238295,-0.025667109282069833,-0.009580410752813906,-0.0059188808010635086,-0.005046269443450879,-0.019404537817290235,-0.008621208795670632,0.012952143688803375,-0.004534217062450829,-0.0034233596033861335,-0.0103958146734775,0.006665538764299539,0.027849799415711418
2020-10-29,0.031440324211134074,0.02120412414702333,0.039973724073704364,0.03803195737563203,0.022046846846208057,-0.01607574090099506,0.0040891037615169434,-0.00982056221703409,-0.013374800686552057,0.009691793480258504,0.011365852210859062,-0.013992880680688602,-0.02042055362036821,-0.019645414823704854,0.04280978630002319
2020-10-30,-0.03762277677324044,-0.034990974685996434,-0.024359418463138827,-0.004537777679050392,-0.02602054846732038,-0.0038650363266690135,-0.0011750427416404863,0.01895005901234037,0.006451546765518401,-0.03996477882751481,0.08989401504879102,-0.031230590701468275,-0.021798247977965035,-0.017997150751485225,0.0041256764812558355
2020-11-02,0.0037299706361575424,-0.007836418649365129,0.004944985758167153,0.018571821352502793,0.01499648206923787,0.00041334368183076897,-0.044218556322408564,0.04890092257313938,0.0019383042936609307,-0.0009651311323449763,-0.026775989354117957,0.021344183399334415,0.008695820892900219,-0.00909721669921526,0.0038043369729450216
2020-11-03,0.03487475764129844,0.02516740240451565,0.011938595232294125,0.024863234088589703,0.018756414777542085,0.01352627252794969,0.01927878315532716,0.0008858745881024088,0.024773350194082333,-0.0013845466238153747,-0.0013845466238153747,-0.0013845466238153747,0.0275299100791615,0.025747031041679858,0.012225373618268698
2020-11-04,0.05950694516580968,0.062287758279108374,0.028058729407677507,0.049005025302708116,0.02940376929053512,0.019112713371822077,0.01675281482960811,0.016671732512173687,0.013862702733989263,0.002789905980371765,0.035842037880109645,0.03630290295005656,-0.0035087207387274333,0.023749799650225167,0.01972987944031024
2020-11-05,0.02651456578780076,0.02028274808639119,0.12747151681720892,0.07847688204366166,0.03966073058677022,0.0037280964876600375,0.029609664446069495,0.00444806914092899,-0.009995678325265156,0.04192206256179176,0.048859492751276434,-0.008512795731817513,0.03130745165764637,0.03539642702119172,0.009415741689233537
2020-11-06,0.028389870692191677,0.03469876208937306,-0.002751025276519381,0.008291398618688106,0.020216381506911185,0.004043277195208361,0.00646616353566043,0.00805167415367225,-0.01904370666345001,0.007365524644005639,0.0096446796623737,0.014992751943612603,0.002995389681598404,0.008670846188332693,0.02849920777913484
2020-11-09,-0.06395071820285636,-0.03213780385543841,-0.01655049686087695,0.0109177613597633,0.00022144851937055954,0.01171015941255793,0.0013234297928110816,0.02027136163551191,0.009118037708557791,0.03467005697614356,0.04119386674398395,0.03491688692567929,0.0029864235044350096,-0.002160522641441398,-0.007312011410921526
2020-11-10,-0.06314760306365674,-0.06171805477982195,-0.017530194698944013,-0.026788583158932622,-0.017301171745766508,-0.01808958909483316,-0.024512426672460896,0.01672521216995504,-0.016974159542147094,-0.0331747410628791,-0.037234133236707434,-0.012716431212304036,0.002199074932880851,0.00802557744397614,0.002199074932880851
2020-11-11,0.050743889339790016,0.042184908393948284,0.054100270324777266,0.025508189772204704,0.046957257520865214,0.014661454594899315,-0.013256815595449,0.0013398165303375453,0.018028870090963434,0.011371825082665099,0.021952517807165117,-0.0024844150088830785,0.020653466349860095,0.008132449089765403,-0.023809425454040856
2020-11-12,0.0028880498949719335,0.006889733846014545,-0.02559411843122994,-0.019111773464376647,-0.012749622014442852,0.004944073769555413,-0.0017002163608337284,0.00976234636344575,-0.011340245292103868,0.011245405486623783,0.025639009538273694,0.018948285130514497,-0.0007486325319590037,0.01686201171539392,-0.004799934753885737
2020-11-13,-0.01187161226190192,-0.0050097269191228255,0.0024321623824792304,0.04312325260756111,0.016645562958241156,0.011454763696469028,0.005677463334302413,-0.01819196998465389,0.008651802805969222,0.02997906415926299,0.013403441830998286,-0.012469582305737248,0.03285019842833692,0.015001340142525743,0.041801674171169534
2020-11-16,0.016413577256708445,0.028245155877908434,0.03334280836461412,0.022936453547685698,0.016492366445145068,0.045853576266610796,0.026415328440980046,0.01813939050445912,0.015994511458534477,0.05378057512239631,0.05502831881508263,0.010547111405153853,0.05582185027965347,0.09958234929042686,0.08887957278184011
2020-11-17,-0.006881048139485646,-0.004418998348832526,-0.0022141635689194583,-0.0014771012205820888,-7.045826793594667e-05,0.0018643221801466492,0.001647281306191406,0.0001581515034974057,0.003403597237940703,0.014510829999116348,0.00406135147640474,0.0019446155650757468,-0.0075536024461654305,0.0025318214012717277,0.013480223300738503
2020-11-18,0.00048396033979991593,-0.009836848474331639,-0.0113619754409785,0.021038199600676766,-0.006260560564312789,0.024193412355254962,0.04649448743951412,0.014390473272166249,0.012047805958062208,-0.015701281375199327,0.0020712379451841567,-0.009627183025816555,-0.012681139151987875,1.1304616065022088e-05,-0.030496896726139755
2020-11-19,0.0008566847263975497,0.036346013650644826,0.0032642252078567413,0.020341409331475324,-0.0010617930120473407,-0.015086607661800588,0.0058447953141922415,-0.0023849228562172753,0.003545194802002438,-0.014895067094884973,-0.02493800614985675,-0.0022050386024426993,-0.003942895972293248,0.0011799877600018327,0.04381805382250281
2020-11-20,-0.02622741841024634,-0.010521411225698718,-0.010167485501814899,-0.006861305884387825,0.0005432660026043479,-0.002578351598552908,0.020637902140787645,0.0015095017258335286,0.006061798109603611,0.011363288232370428,-0.005021168499979245,0.006974619177921859,-0.005859240506682184,-0.021547230570590603,-0.02670722872018061
2020-11-23,0.003992665269644924,0.007915857440651708,-0.015133575403481703,0.049270288794744044,0.008404592450290016,0.01601628788146514,-0.006725208941786853,0.012320839303981979,0.05623497082035511,7.701633995726986e-05,7.701633995704782e-05,7.701633995726986e-05,0.04356712441984767,0.033345494128044884,0.01615588413396485
2020-11-24,-0.013870172768690847,-0.0028132442930230983,0.014670610284369445,0.03043460833817324,-0.006742608073324052,-0.008771406786342584,-0.001051772709195209,-0.006473354395974629,0.02597053049071385,0.048852473292987364,0.028699090313909714,0.04269131933771586,0.0036386644584254224,-0.013335598256241865,0.0006738060423425729
2020-11-25,0.021377188145393022,0.019278234342678724,-0.012677167028768532,-0.021820056362188422,-0.0018618998446340296,-0.00840682222333633,-0.022527683202479998,-0.010509432260576324,-0.0013598242811654337,-0.0013585704731207127,-0.008161998859365749,0.031221126183610837,-0.013260679472116066,-0.011205047148505454,-0.03222629723500314
2020-11-26,0.0,0.0,0.0,0.0,0.0,0.0036556172694424127,0.007834201637731963,0.013337555764888709,0.04241848949121518,0.033870679516103674,0.017790378461050027,0.02761934409940414,0.025846932779417076,0.027466815636435715,0.016929241820883068
2020-11-27,0.0020023472651147234,0.005535732464556631,-0.0017348587550238825,0.01873276783500466,0.03374420915054821,-0.001034769236491817,-0.00787715735162453,0.011197413244025567,0.018002547682270276,0.007525110217466047,0.004255738530578812,0.007461200333518381,0.0019702005494683927,-0.006998247377207112,-0.004963982514790133
2020-11-30,0.010575964625493262,0.06273656460073052,0.02322171353857394,-0.002177544517823704,-9.13328358815857e-05,-0.017668456761442575,-0.02924794626004512,0.02927027133198945,0.09810542320028448,0.008932465609929219,-0.008027281502145156,0.012767233026342861,-0.02090487576132316,-0.012058705177618645,-0.018988749991639575
2020-12-01,-0.00085792616860636,-0.0003238334503075091,0.027790764651643984,0.021702410160978847,0.026294695331792406,0.019817617348121708,-0.009898135824128462,0.0013510938302077058,0.09861649295079555,0.0330874851696088,0.01716300557985817,0.02587378023254483,0.012658764055850202,0.026882543785007096,0.020726467338713972
2020-12-02,0.011538299767465787,0.01198316574829228,-0.004182419363478962,0.01210370002082195,0.003917752304432254,0.019930185048577354,0.023088551387139722,0.009369535391139827,0.06688779654131993,0.003443884869753333,0.020172410822948628,0.0061485391527962285,0.027140069214764972,0.08676316564528808,0.022056098821610748
2020-12-03,-0.010671669549500162,-0.015254964132322413,-0.00046721189982523725,0.00949711813686438,0.004212822067245714,-0.0028873273402885147,-0.01574786973463871,0.008895835650591488,-0.01113965107756365,0.01754248827715732,-0.00010381386835944806,-0.0033985371742688564,0.009172076471018364,0.029356090244496702,-0.017400795295211546
2020-12-04,0.012111774826361499,0.0187412349982512,0.05143084396359354,0.031823628125322134,0.025369950144189968,0.013951286923071349,0.009012563864427392,0.023719675195938983,0.03292158186296379,-0.02523281931853294,-0.005861329830075035,0.010381931231567831,0.03340125248986037,0.03900765644938664,0.003339838871248002
2020-12-07,0.0035771195144649326,0.0003190002020929672,0.002537793818355949,0.003376718273223167,0.011498970246104134,0.028108754800199698,0.004679586943082459,-0.004005041200559112,-0.016587587274390247,0.010369351058981957,0.001736642347131001,-0.029679804754498273,0.02667390364708666,0.03322553387198268,0.02319837873281827
2020-12-08,-0.018869180587019252,-0.012224955135640148,0.0049362904581091716,0.006843063527078863,-0.0024695995898482703,0.027319563775970224,0.04493100299930464,0.016666001283198062,0.010814972983920423,0.014416558437423399,0.03127361131052986,-0.00676419034650122,-0.01637058285865456,-0.025333850949726622,0.06755873249993449
2020-12-09,-0.031404660517004857,-0.03325437364164019,-0.017506288420604088,-0.02150423863615436,-0.033463328410941795,-0.015568675124538411,-0.0025608584670816503,-0.00799627202840092,0.0011327203249149598,-0.006128593445295594,0.011604138900621619,0.01586305496032514,0.02956253827018296,0.04668631616702612,0.017479543308402512
2020-12-10,0.003209551509180786,0.020371833393662886,-0.0017305939725510422,0.0007973039902668955,0.010841199983758099,-0.01598781455858278,-0.03465159759973513,0.013215499618893123,-0.04313990161752823,-0.021464785261620878,-0.03830238718901635,-0.012763448374550568,-0.014893594565122847,-0.03452985322168911,-0.0013807577784766822
2020-12-11,0.003160531342464745,-0.0001091221452198532,-0.07364363812068653,0.004664787993136965,-0.011293037858815635,0.00982565297059379,-0.0008289038193506348,-0.020379724379291586,-0.025040629757254407,-0.0010597327315396976,-0.012410239801762812,-0.010163332033066186,0.006849167578871995,-0.00859276575193435,0.025538026406858094
2020-12-14,0.022707559817343625,0.03415163340214633,0.013931065088933492,0.002265033524612603,0.000795221451656003,-0.01533972543880957,-0.006906772692079399,-0.022679786567818105,0.01485108205272323,0.011988805126121438,-0.00035651954767901284,0.0008686673979794168,0.000650655107592657,0.008152074069545323,-0.026023331178440023
2020-12-15,0.0038884397806253634,0.024688795077261405,0.014149890623933015,-0.000339140627756751,0.03600533969853692,-0.0054035748829902586,0.00106206956885746,0.010301783462695946,-0.012015366018984452,-0.007489877303104797,-0.0006826184410112512,0.006945861031110834,-0.00043963016070802663,0.0038319655696930077,0.032273284103622846
2020-12-16,-0.00883188465665996,-0.0027801098108024558,0.00930199030171508,0.0009042906274705498,0.004751827972727218,0.016379074331359655,0.0004982539389892793,0.0146804100554363,0.029876837859594385,-0.0005020340826017433,-0.0031347889815886987,-0.0013433134772531385,0.003538009937837039,0.003538009937837039,0.12367984881825822
2020-12-17,0.0074569986133727895,-0.00010327451097624785,-0.0014026214978598572,-0.011857629080287868,0.01223672253334751,-0.003557492148292929,0.0036618187227168697,0.009543764038230318,-0.010118304693396696,0.027747661036456872,0.0001776342671484521,0.004176278376063047,-0.009905071010634647,0.013816481107713052,0.05013948985683481
2020-12-18,-0.005190879755253119,-0.009500187977447783,-0.014110893511980693,-0.01611447515183817,-0.0001256529658395511,0.0034837021094396015,-0.00755083760587727,-0.007995258169861352,-0.02124226434968146,-0.02359973375683644,-0.023928816175591505,0.0015772708688013282,-0.00455760191094956,-0.008831346983447674,-0.027320121638963135
2020-12-21,0.004539936681710044,-0.028044149951648167,-0.004205383892803338,0.003717346584540593,-0.01043513881027136,0.010292050693339938,0.011401586951499398,0.0061379318821597195,-0.0030872028673550878,0.002073813142271952,-0.0003667504986717418,0.002973485516379659,-0.0062057056636769525,-0.027171684218758152,0.03952097891597384
2020-12-22,-0.004050362213530612,-0.0007508279770861437,-0.0031336510718471544,-0.008911142199691247,0.008300533910540864,-0.01254935543986857,-0.006038985161823662,-0.01533854099527332,0.04690451535218698,-0.009582443013654296,0.006709719997060715,-0.004981120917902704,-0.012177814278388932,-0.03270746085674525,-0.008463476211452159
2020-12-23,-0.020258742565332,-0.017282101192170662,0.004236419293719651,-0.01879956936829863,-0.003276007022975369,0.00032701318040095906,0.02451695561327427,-0.012464791270427877,0.012850728574563597,0.012246849600716203,0.02301015228293868,0.012143348105304597,0.016484203689818067,0.025415858609280972,-0.008457149729040214
2020-12-24,-0.001191488848045652,0.002839918057555346,0.012452512865607002,0.015470570226950864,0.0178457978130111,0.001815170904238883,-0.008481446117870717,0.04259034090686642,-0.01560280274922643,-0.0018146850071225629,-0.006929402714292876,0.009922316685094357,0.05580431139521602,0.020169241098874302,0.002878287020350978
2020-12-25,0.0,0.0,0.0,0.0,0.0,0.0027090476509910033,0.0021486554260177204,0.005719804758221869,0.029025340918830578,-0.0039851405250815874,0.003103068455952984,0.008442333046412509,0.004445831473920858,0.00444583147392108,0.004445831473920858
2020-12-28,-0.007215087498871564,-0.002287322623428123,-0.007057078832236163,-0.005390752577887903,-0.0058996341974789646,0.014140539821970721,0.04144783526642404,0.0162141509249647,0.00011859075945142017,0.02839573490149383,0.020151432708432226,0.012490686699806242,0.012322579853674576,-0.0204561062558668,-0.022940095497284485
2020-12-29,0.0033527398696506783,-0.010698643491963922,0.005076546739819721,-0.007069440552162187,0.00785033109870148,-0.005977200442204622,-0.014037034085441658,-0.01814384647620293,0.07494945610598536,0.032686821841698466,0.026378875879704555,0.025036484420539074,0.02376615752409439,0.018396450910379558,0.11595370527666948
2020-12-30,0.01564520307626438,0.018428582193000365,0.009832451111728702,0.03215825433768038,0.012189811272022677,0.01877958671080715,0.015712941221886823,0.011757966131859643,0.029184972583257807,-0.0054783012146263355,0.001255370225550223,-0.015391317416098449,0.03673608737247003,0.02377694476706682,0.013375977367123593
2020-12-31,-0.006903385023013797,-0.006284557647643352,0.015938645367973958,-0.007817728834995874,-0.00447004978362231,0.011487471197056509,0.0032882502885163145,-0.0029602442999913103,-0.02154853761771991,0.004247397729966407,0.004247397729966407,0.004247397729966407,0.005706771709917957,0.005706771709917957,0.005706771709917957
2021-01-01,0.0,0.0,0.0,0.0,0.0,-0.00030982265522960795,-0.00030982265522983,-0.00030982265522983,-0.00030982265522971897,-0.001017144223837363,-0.001017144223837252,-0.001017144223837363,0.001631880783118378,0.001631880783118378,0.0016318807831181559
2021-01-04,0.004481177068654363,0.006433365752644971,-0.02520674329823125,0.006604975192705309,0.02517837482127039,0.012211278357363353,0.061174299713967484,0.03288873557866734,0.017844383595813307,-0.012884487568499248,-0.0001259261372261733,-0.011488190214549499,0.02461590039853312,0.0632128919450703,0.008212891311353054
2021-01-05,0.02220998276919328,0.0050920214059477775,0.02646474580832381,0.03142597850611506,0.010719996165754697,0.009502537744097372,0.004630110744484162,0.030454789899560186,-0.016924786221784838,0.026720564089466325,0.04902390314942795,0.013734914258736852,0.009085113772701048,0.03391259486446274,-0.020884192250634426
2021-01-06,-0.05895313152148063,-0.02630155115128041,-0.0081350007404567,0.013727732779899027,-0.029958870360680234,0.018205655039094992,-0.0010836541693337587,0.027277374714817837,0.010893866222370985,-0.011404384439467341,-0.01920554850339984,-0.013164264254823754,-0.020108856436885314,0.0039885219546405,-0.016605842142420224
2021-01-07,0.057830288217031844,0.05347062695834204,0.029829964942056142,0.041065679834241475,0.02286717327647425,0.033765977253389146,0.013369628863338034,0.014706743592253657,0.005900348979120951,0.01955896588869588,0.014281194782723938,0.03960745286121581,0.008051893332253979,0.026245392454387728,-0.0061390756793150425
2021-01-08,-0.005039623385884706,-0.0060950169055702386,0.006037280113744714,0.010575342590710246,0.014578162721374577,0.022990414734123332,0.04517559257857506,-0.019071793295697748,0.01746942247294303,0.03141183531712022,0.039476270371346045,0.019969070355748908,0.06517267586404163,0.020277641288531045,-0.005598905301499424
2021-01-11,0.025966321282759663,0.028230049875814567,-0.0033834880217357144,0.025115253591331932,-0.0015526914756822663,0.0036551198128891293,0.012243648926003381,0.023965371093581433,0.011821153762604064,-0.002891724477213087,-0.002891724477213087,-0.0028917244772129758,0.025009134174551306,-0.03601144177600357,-0.016917964684408093
2021-01-12,-0.010039173972421267,-0.01943444102466263,-0.010633680627145536,0.02092696036059749,0.01177278875943899,0.011852568584357348,-0.006006757064857204,0.019776748526076027,-0.03391130597519698,0.002593275467251299,-0.020514109574557682,0.03249327711538208,-0.007691277610281988,-0.0332863622373496,0.008278688360298103
2021-01-13,0.0034852765651418594,-0.03754196526993381,0.019229602217369912,-0.01959823032877872,0.0002529061610920813,0.025250936174584293,0.04651204997574765,0.0819090364355457,0.016934046696289506,0.05651109055909709,0.05830072700799649,-0.00965889992998148,-0.007299545105573957,0.03375132409350656,0.04011680025203801
2021-01-14,-0.024497949340647196,-0.010786640629078414,0.021789266069822233,0.07904118121750914,0.05950685484725393,-0.022884441339029782,-0.027408508035818624,-0.00744312585539475,-0.03718896898689927,-0.017103256312889226,-0.001965749983331544,-0.0165394783115691,-0.00325395478733026,-0.021989801508031537,-0.022581667451080922
2021-01-15,-0.02581381728519294,-0.028417246448264377,-0.023376131624702978,-0.02514174284650328,-0.03148807892895711,0.016330782913779984,-0.011678830341417035,-0.009001043716034385,-0.05323484966717318,0.039143191346630246,0.027675404572502726,-0.006727392614472083,-0.016971689545898005,-0.021016440247881185,0.06712142142344346
2021-01-18,0.0,0.0,0.0,0.0,0.0,0.010149284075847698,-0.006895640947804482,0.025678855319750893,-0.007389752069700162,-0.016247587595270896,-0.01977102653573648,-0.005251917721921129,-0.041149773309601234,0.012156961210018746,0.05325458144081163
2021-01-19,0.012889456409020728,0.014057339039104555,0.042523438119801416,0.058949129545387224,0.04170629596239128,0.03295261923801096,0.04147284711381283,0.04975495922799156,0.01370213849237234,0.023073485453347642,0.04424950640048797,0.024549684895307067,0.023399775085340524,0.0037187285459570063,0.012371501709273813
2021-01-20,0.026141297180328538,-0.007825567044426163,0.005067893887532371,-0.01263492605775629,-0.000218636072386591,0.034382253716821465,-0.005575264995871465,-0.007094117750221729,-0.015654021034685273,0.007179920837294684,0.006869284566854983,-0.011957219732703583,0.004219656366608149,0.0019164437190870576,0.0019164437190870576
2021-01-21,0.03754009334409658,0.03132392990757049,0.0009116029820399607,0.0012054820735920568,0.03888036183727128,0.04111782825486343,0.07206088277709877,0.010474312423093046,0.00864334623665819,-0.003907257386055463,-0.007579206056767873,0.007768848045947685,0.01468950468500152,0.0120198996495684,0.019202652356863803
2021-01-22,-0.01117727747463415,0.013766001890469504,-0.014142765525257284,-0.015189411986706758,-0.002260597138485476,-0.038034172925736076,-0.020617136995304763,-0.007188445712484004,0.09713985507864265,-0.015367574772009451,0.00047343731411353396,0.00777617304766931,-0.018025466405255708,-0.026056494792509377,0.003956571536269271
2021-01-25,-0.004320845281855279,0.01444117172830417,0.012190523137072251,0.016834295808506594,-0.0032308099979240223,-0.02440195844450277,-0.007377949541841233,-0.028321245381204285,-0.03606466058234403,0.00793326087079027,0.0028566322077199224,0.013650317275437862,0.025534240646240658,0.04607550270802396,-0.0018858449528588173
2021-01-26,-0.015967045495907106,0.006161710910212781,-0.011252847199641924,-0.023954723232930353,-0.032786696486505895,-0.024173608832071647,-0.04177403461931917,-0.03420216637105422,-0.02353376971638632,0.010172188185527231,-0.007470917629565754,-0.016900345769140346,-0.02763955811533303,-0.041920527145851705,0.01713731000853902
2021-01-27,-0.03851800031044972,-0.06197870133381089,-0.0546295109210021,-0.06585820552413635,-0.04438982316945783,-0.0031697974106909,0.029924766763270494,-0.0009446674887269024,0.010473818386084632,-0.009985876720863596,-0.02820000900498021,-0.002116993112377674,-0.012032935345600237,-0.0032153864573762903,-0.04925129897679292
2021-01-28,0.010315176221547206,-0.014858169171954705,0.012233954196706476,0.026070136635596652,0.04305869472873747,-0.023289192619371124,-0.031735409574195184,-0.03917362686785775,-0.03581228664283076,-0.0511867414927063,-0.04799717630361344,-0.028982031207817283,-0.027935003381427514,-0.04841938818500502,-0.015810254343207486
2021-01-29,-0.004692896429205007,-0.021480773829153366,0.004693311391190225,-0.04419181142115158,-0.02386600108567516,-0.01662484653840446,0.006918890547463974,-0.026440910005422924,-0.05486462167113737,-0.05054932762917086,-0.020326966447325123,-0.03307370797442577,-0.024529819768650207,-0.008354124172313182,-0.04956544090561876
2021-02-01,0.01903435338852333,0.023587158884369464,0.033913251128578015,0.04685566551699094,0.037872556599094276,0.0313151049884961,0.03175913425802901,0.029001940245805047,0.04421720496652837,0.008238795277657918,0.0154541696923427,0.001434174508887942,0.007539368406118241,0.015714455603490718,0.06386696137864156
2021-02-02,0.024155652059306254,0.013689218550202664,0.019804565714454547,0.023515373788661753,-0.001605370374201498,0.036246539954308155,0.030595312494998694,0.040873005755070135,0.04040454698945983,0.019446335033245,0.04066523866596716,0.005242883278255395,0.017368050241205024,0.04051216004991787,0.0004924869508990959
2021-02-03,-0.0019364110468944595,-0.010916061377903352,-0.015050590201656555,-0.03591061547100183,-0.019132773401862146,0.00013824456876321278,0.02378904577259977,-0.0017745587199650137,-0.027947383965709394,-0.009165338163198089,-0.02066882257018665,-0.001670973657191932,0.00531320266958657,0.00293641362260022,-0.002028705797837871
2021-02-04,0.00988533151318749,-0.0005689276607697691,-0.08829334230249342,0.03374374328745411,0.023079544966366328,-0.004976329054369066,-0.004425068947534805,-0.00429195189197662,-0.003277234252621608,-0.025655023307766034,-0.0390500754847809,-0.020893863944740465,-0.024419535135069337,-0.0380642000355873,-0.02447262553577989
2021-02-05,-0.005360808531100214,0.0006831191995666508,-0.014394698741508005,-0.024506052324519523,-0.004735021741693379,0.006569290684000029,0.0028284010749184407,0.07833084931019707,-0.02747147766508562,0.013289800882737346,0.01250800266578933,-0.0013226434447313196,0.006712899826681884,0.014549732346107902,-0.010418183088358846
2021-02-08,0.062375857946511015,0.04061433029410311,0.010559620328257857,0.05441371802740158,0.020241894803995297,-0.0025273719075457057,-0.0025273719075457057,-0.0025273719075457057,-0.0025273719075457057,0.017205210309095387,0.047860923107172715,0.0013548178584750215,-0.00395880938983062,-0.017606409087903008,-0.008235837207962282
2021-02-09,-0.01215489149050164,-0.006122199093914538,-0.008617231527864755,-0.007627772981808056,0.002659565403609676,0.003324891239142147,0.003324891239142147,0.003324891239142147,0.003324891239142147,0.020795012119388945,0.0244715082615532,0.004023120732952412,-0.0031502961595619716,0.004467683680911216,0.0004658295949413471
2021-02-10,0.03512515312843889,0.015839783896212767,-0.00417482769466071,0.004744791529298409,0.0024580765047135245,0.0009692904410500969,0.0009692904410500969,0.0009692904410500969,0.0009692904410500969,-0.00496513671608223,-0.019524799111526603,-0.004480127397046729,-0.007674077021284642,0.009709635504370207,0.008307942728102535
2021-02-11,0.03295128623919652,0.0033568510353050307,0.0004122249351252716,0.06724599012165045,0.04342988941025361,-0.00384098690743806,-0.00384098690743806,-0.003840986907437949,-0.00384098690743806,-0.0003823631060952959,-0.00038236310609518487,-0.0003823631060952959,0.005453015125051364,0.005453015125051142,0.005453015125051142
2021-02-12,-0.018982628504682464,0.01197920286086629,0.016625136845566324,0.03274319545497151,0.010954954275731676,0.0006513207435896451,0.0006513207435896451,0.000651320743589423,0.0006513207435896451,0.035406103993388616,0.03734307650738811,0.01885657603304991,0.001596786315259946,0.001596786315259946,0.001596786315260168
2021-02-15,0.0,0.0,0.0,0.0,0.0,-0.0025664613824358806,-0.0025664613824359916,-0.0025664613824358806,-0.0025664613824358806,0.010191950192085963,0.013316862663321105,0.021781469611439563,0.03078696349396881,0.046527078620245854,0.06090862686821419
2021-02-16,0.024663491873929688,-0.024634719433623387,-0.005541028680617788,0.01413882055953719,0.008612440909142594,0.0007501574921928711,0.000750157492192649,0.000750157492192649,0.0007501574921928711,0.009474571920597974,0.01832623046500892,0.009388800339916292,0.009347353773790035,0.004816942367617871,0.003460817164933516
2021-02-17,-0.027673832689071864,-0.0166192505825693,-0.0163763734805612,-0.022307032577897457,-0.025798257077230824,0.04732977407308181,0.029886594450941883,0.0977222218689322,0.0975655714755761,-0.028590294801182803,-0.003611637129902312,-0.018525989499701412,-0.02376110757198957,-0.022610042588942947,0.03487279061703408
2021-02-18,-0.00516584297194056,-0.014454114036796195,-0.005803362939451828,-0.019704075120518083,-0.00868029145278093,-0.00020002731067780832,0.002295085887466408,0.01733197383082996,0.018754321795307005,-0.003754618882438443,-0.03452406078292325,-0.008939560070175823,-0.011514790042758016,-0.02909310616175753,0.011091156686722003
2021-02-19,0.0065751317344444615,0.010604720756756114,0.007157238999464521,0.053160466726881905,0.020464438041981614,-0.010067978005573353,-0.012266404796820063,-0.03203511127324543,0.00774758314683166,0.017400395751157705,0.034722636673555796,0.0063017150099908825,0.004571302811179789,0.05396191227430336,0.12099049711133492
2021-02-22,-0.038237460472884566,-0.04699708638555955,-0.037808888718340095,-0.03540929099853041,-0.026749576058468616,-0.0047465309805868605,-0.015147052121177507,-0.0148776020379624,0.09800698815465925,0.06478081121772306,0.02137622340391898,0.007760956387066198,-0.002787379577381177,0.028435436795876345,-0.004133010924986191
2021-02-23,-0.014889483775156975,-0.0073796985187249975,-0.01677884526025597,0.007897200475388777,-0.004200593078330872,-0.010356749657327358,0.018311888109769914,-0.01438198366689758,-0.00031147976708323366,0.005048376642559305,0.005048376642559305,0.005048376642559083,-0.008478009273732545,0.008503640615993069,-0.06379887151749541
2021-02-24,0.0252439458627971,0.02596182007431147,0.029025877758868335,0.05943757646109016,0.03287814488126539,-0.026389725489997296,-0.027333841408059834,-0.037775502627231505,-0.03351027740260004,-0.030191815643284325,-0.035837941900919934,-0.04620618599601467,0.0012259740556994636,-0.01684647956161467,-0.05170230870906589
2021-02-25,-0.08217801904610955,-0.051989925759517,-0.039475823663047915,-0.07230686366134209,-0.05922580443682024,0.023356733932250462,0.011526775052008054,0.021494069254201387,0.0299501852210855,0.00854679050704088,0.005452260347005966,0.004848838067478711,0.04221713307497654,0.09398317425745151,0.039176717937796424
2021-02-26,0.030584024399755716,0.02535797153260111,0.004869754722560238,0.03739149928715735,0.01307700452429117,-0.04962181982933256,-0.05477885136352911,-0.04119715029520021,-0.04418287154870004,-0.05094258111092065,-0.07883521325065179,-0.04667299358244548,-0.04312665675682548,-0.05728734695002613,-0.01730600988791553
2021-03-01,0.009278570479042791,0.02224585499817411,0.02423102777058972,0.03435139062733317,0.02902506977636543,-0.003231023301631164,-0.003231023301631164,-0.003231023301631164,-0.003231023301631053,0.019706880074617183,0.04107226913867179,0.027332745307853568,-0.003774348836807495,-0.003774348836807495,-0.003774348836807606
2021-03-02,-0.031462544563452544,-0.026160460148136888,-0.01756438112278369,-0.03885468131267367,-0.0349753417642239,0.006250835763003337,0.005764222696622356,0.02547985177875489,0.0012940543434261098,-0.010655006080685037,-0.012000244358740697,-0.006608142749128909,0.033143009972414816,0.04116528425256938,0.031056676054667776
2021-03-03,-0.044867229256017604,-0.03886837929182929,-0.034679598447875604,-0.017531916902924216,-0.034698594376847414,0.02425471098648102,0.03627617236640024,0.01230873780906827,-0.02019048113233901,-0.011376196242088188,-0.012414844122949242,-0.019388346054283745,-0.015322966649300773,-0.0030572621964359836,-0.0068871146533586725
2021-03-04,-0.03393300620640827,-0.03846154571947191,-0.02931806905583334,-0.06237027412495588,-0.060890309581316804,-0.03306464290749489,-0.03478795713444205,-0.036688613110141044,-0.031113322107472197,-0.027051383679574492,-0.029632545903093832,-0.012817168017321134,-0.023537465713020733,-0.038435344405604366,-0.0067698855265462266
2021-03-05,0.007376879903819189,0.009903493801497243,0.015258400405275818,0.04813392090885138,0.032399336733176076,-0.0033437749579585674,-0.01889924631697215,-0.013020067506039679,0.01943682367534927,-0.03279235198735375,-0.020876522589925117,0.005488457661555701,-0.007025380075167065,-0.01743338729202082,-0.02099690341725835
2021-03-08,-0.06967482112387946,-0.05807434734520478,-0.05048188640783868,-0.06848824176799395,-0.04714982826291947,-0.009070999552271863,-0.022145695443261615,0.000781969450680986,-0.019399999378676314,-0.015562090834279618,-0.037973936048618984,-0.0045643520323235265,0.00397266542473651,-0.027112581598788044,-0.024168000498981268
2021-03-09,0.08033322034592638,0.061790153480189236,0.04797074451820271,0.08081001458534365,0.07433423461534061,-0.01752308618481979,0.0010973608390092426,-0.027019565410841273,-0.04058177528940432,-0.007928269060965554,-0.024004882976083164,-0.013595580189835199,-0.01840825411647129,-0.0038757591804114977,-0.047796384737352704
2021-03-10,-0.004153229672186565,-0.012861354284099846,-0.009603991099924492,-0.013482752570514567,-0.030008062814179892,0.0044620358387439385,-0.015986311630484584,0.0010972722795454803,0.02886519133689691,-0.002310860308097906,0.026811172307804387,0.013755165126819957,-0.0014839022859809425,-0.021073612762011695,-0.024293742724013523
2021-03-11,0.042126978670194104,0.04785870581173479,0.030265068701894382,0.040024854146723854,0.040261451992754216,0.021909415610937177,0.02960015204689803,0.0414471171207329,0.052999905186525975,-0.004574756321167439,0.0037472448612838605,0.002766961025305381,0.01261549401890405,0.029077594284915076,0.08558140404793901
2021-03-12,-0.010582118938779583,-0.0022159337404534796,-0.01335982551575332,-0.024746158925337824,-0.012435649922395653,0.015447054605343125,0.019654534270092006,0.007178322830120987,0.0003730321810131443,0.04360717820581561,0.044433319872485555,0.04956497881884703,0.015450208962557221,0.02766062834099592,0.0400001526227407
2021-03-15,0.026077308461226467,0.017890152913581314,0.012771464853087,0.005162152953480881,0.017781595258145932,-0.010002226109237622,0.0037119047873319655,-0.028828300793608208,0.007040690288888207,-0.020702336862808757,-0.01771442698403003,-0.018109081068315658,-0.016309458098982543,-0.029176948720404106,0.03958039766507837
2021-03-16,0.007580766598419109,0.003030303030302939,0.015268780041379104,0.03151122394274575,0.0040022993402335505,0.0021696960798796017,0.012115697045803175,0.013517869236854496,0.03380773272073534,0.015241391545963268,0.033559794559206546,-0.0018051749153270569,0.015007451619866607,0.03213363586270801,-0.012059711127284323
2021-03-17,0.0037618654750684044,-0.0014501842487254502,0.002020325591425731,0.01181431034104663,0.018548242248093594,-0.012742039806378558,-0.014061888839313808,-0.011712837063570625,-0.03710841654180563,-0.0014090191152036358,0.016726306375345557,0.010611439647547627,-0.004674846565362656,-0.0021916734355752476,0.014237563360157246
2021-03-18,-0.046378507522654044,-0.054580596112138724,-0.031138015451447787,-0.046872392541286834,-0.03642071106175582,-0.002643546618519732,-0.0048405390649828295,0.03467319933752511,-0.0033706541570573956,0.028617837637609167,0.03453197250851625,0.027214135540568174,0.01511581253121963,0.022165338449900984,0.05251121317058183
2021-03-19,0.009687257574983565,0.012032703263734179,0.009788034764476539,0.005075202746879004,0.015263240391639288,-0.02473900170056509,-0.026389165979767037,0.007404840321671102,-0.03477848387697757,-0.026253617406244767,-0.012152612006969266,-0.009138347683379844,-0.016431441092018884,-0.03246660908503585,0.02782322292788919
2021-03-22,0.026506830467028175,0.015684360377636652,0.02343140133252719,0.038917012643092885,0.05219051975500699,0.004041256967613149,-0.003867545078282353,0.0006551994114964987,-0.0021281404659808656,-0.014410972094347274,-0.015727109733770783,-0.019041295073128794,4.02802127119628e-06,-0.001215094849504994,0.024244016446528294
2021-03-23,-0.008759094733603812,-0.02391040753886764,-0.011708603010574303,-0.024721496709104618,-0.02972262068911813,0.004428730341802023,-0.009782363367807578,0.0027377298221198387,0.0027377298221198387,0.015826193407076472,0.0008733656307478022,0.0005996464280735303,-0.0003465536617294207,-0.01968725706008001,-0.04005566616834544
2021-03-24,-0.032725676810370086,-0.024240800753556058,-0.040295644713233214,0.04055690180441496,0.035267421520594366,-0.033525904809744156,0.024171071359528673,-0.012552199805106912,0.014747161829993916,0.053048233353825136,-0.006481946448607445,-0.00916255649343789,-0.016840353930530738,-0.01816189197267415,-0.01703902447533112
2021-03-25,-0.008522743403962751,-0.003399609372622958,0.0007861312054593395,-0.01139543565124257,0.009367826479090846,-0.0044594543461232705,0.05862516714971289,-0.01204846711194274,-0.021853926345070662,-0.017360164888272855,-0.021344775314982578,0.013259887641358103,0.001338222088035801,-0.004869564298340734,-0.021266864449823952
2021-03-26,0.024251650389119472,0.015612731859718343,0.04486179818204317,0.07450730293832097,0.07135284291486199,0.02527322277915589,-0.007110386726501994,0.008633603753922081,0.006184937739674101,0.01198142860366036,0.04275676655605798,0.017077103871311117,0.003933405522660971,0.015279207866753408,-0.007994320785188358
2021-03-29,0.008489764040518377,-0.003487976484789934,-0.012933257178269875,-0.022776920279787505,-0.028242054150795615,0.012335028213764865,-0.004990278725741981,0.01576225612653781,0.020634914230422963,0.027445895323406466,0.020283048114394076,0.012216724118290667,0.006775014611174024,-0.016804205016573426,0.00971333430927035
2021-03-30,-0.005908263896096555,-0.014778317327824864,-0.00883679245921487,0.008352722680298186,-0.011035965873331333,-0.0013127373739986181,0.03397886815577067,0.020419109902674704,0.02375742756994703,0.02674226302977245,0.026203282647789816,0.0006470177183246495,0.008529885355778699,0.015616809247750219,0.00703604024405724
2021-03-31,0.037019197984800245,0.03289473684210531,0.0190607450784559,0.05396008904541305,0.026725872786763638,-0.013763278108805177,0.0009718537508354164,-0.02858939889498302,-0.0022833074480926863,0.000881904922633181,-0.00012017841281786179,-0.021601348604366355,-0.010318318858157927,-0.015452691958840581,-0.0026353689777213196
2021-04-01,0.034723671843520876,0.03299358392217355,0.03921847306398063,0.05928161284059441,0.03197510317889063,0.027964518769942215,-0.0059245597755996915,0.002350709921790539,0.014378899630787867,0.04259880265405469,0.037138458471385194,0.01123474674365088,0.023053371713716242,0.0651938707056463,0.07247227209379026
2021-04-02,0.0,0.0,0.0,0.0,0.0,-0.0030673239098336635,-0.0030673239098338856,-0.0030673239098338856,-0.0030673239098337746,0.03128805742339957,0.04295657371142214,0.015281031197699413,0.02213926133197197,0.0027929447313792544,0.016498827442009256
2021-04-05,0.012724747083082022,0.004192921231225721,0.018434252507232518,0.01081104891113882,0.005320604032326592,-0.0024114534109354047,-0.0024114534109352936,-0.0024114534109354047,-0.0024114534109354047,0.0029873684914432097,0.018458572792813488,0.0009864717635679199,0.006424236886303447,0.013529088814927315,0.11625885835407668
2021-04-06,-0.009008179194313515,0.00012283109656130442,-0.016176428245276542,-0.024536886577835593,-0.0195006035946369,0.005051597068766123,0.005051597068766123,0.005051597068766123,0.005051597068766123,-0.018421236755199466,-0.004994567665999594,0.010411331737381069,0.011218182878910854,0.0041633414629564935,0.041480258106110224
2021-04-07,0.020344281249844665,0.009331955845442552,0.009923309642615896,-0.00286676506282757,-0.002293026644165641,0.01169594018809561,0.036868834670766404,0.03557857314338553,0.03526037361256318,-0.0010219706014990004,0.03394191019530379,-0.011693574567984144,0.0012365149260591402,0.009432152424393658,0.012468149352416136
2021-04-08,0.0122672328088127,0.013990286722309841,0.00652654069571712,0.0015092898901067908,0.0212590910755035,0.007803046493350951,0.024978591607222933,0.0028712086936191206,0.060214637832052276,0.011639128683691657,-0.028910194509977782,0.01865309949840266,-0.010832662358952194,0.003160929698281967,0.028794788439777674
2021-04-09,0.005797306477489883,-0.007078540476204154,0.0016387834666877765,-0.0031573871154304545,-0.008689292238496904,-0.005605674671718797,-0.02128909044900762,0.0037656691626577476,-0.015128398911251395,0.0023557400611136092,0.02276767467669316,0.02214738446050246,-0.01120025452177753,-0.026017461514213247,0.03488896052886559
2021-04-12,0.05618032647294746,-0.050507493925569524,-0.022266316706200384,-0.028147824743614547,-0.006132436547782394,-0.012696553005319577,-0.04339871298612885,-9.286045990986036e-05,-0.03124428501222265,-0.008929988375774855,-0.01716129157348556,-0.03466997406952843,-0.010301714470669299,-0.02330162513682954,-0.001002542098422432
2021-04-13,0.03093539125367073,0.020488681252680996,-0.0010186977971763378,0.0007410591654550824,-0.0020780683294804314,0.0037473069422178096,0.004792901702906027,0.0037473069422180316,-0.0037996832599094255,0.0029257382304483937,0.0010424763347698374,-0.001277339062539351,0.00746964099595826,0.012388936633687786,-0.03992365620298621
2021-04-14,-0.02567024229340864,-0.020451419624868628,-0.01857227170063569,-0.007105949632311481,0.0029723484210772977,0.010854854317489115,0.0034520024224771184,-0.022913848249698,-0.01837149101556157,0.013471967945224872,0.01735586198942518,0.0022826183249253784,0.0033550847801013806,-0.014626326568729753,0.0033550847801013806
2021-04-15,0.05631005986696547,0.056779107717333854,0.02293120378946223,0.0020127958429556614,0.017591549199948764,0.014293544560326499,0.023607438858261665,-0.006293193212647985,0.032469752095418025,-0.019164657025301124,-0.025729813821966374,-0.004468751035722751,0.005298779534860243,0.007768464787618834,-0.013290533235906565
2021-04-16,-0.013927445743629696,-0.01036020465268972,0.0026843715165221216,-0.005059245451542349,0.005606870986583079,-0.0114551928528428,-0.007054401925525977,0.03994188993326375,-0.0018794437482979598,0.005570998771076363,0.005706460485833009,0.0077216740924208604,-0.0019848786262073315,0.00039432931684202366,0.010013545375955557
2021-04-19,-0.0346111738712499,-0.012659779625198486,-0.021416676164394688,-0.021236708243161817,-0.024129449876725495,-0.011814693214597272,-0.012646754801424853,-0.013613066023433151,0.04230192747917383,0.018652062240536615,0.010167574559113213,0.019723824221027586,-0.007133383762711554,0.00365424438180173,0.023827927868042886
2021-04-20,-0.012400771922614129,-0.02268529100529104,-0.013678501990898484,-0.017572127038108065,-0.020900960448243078,0.002884765197173733,0.041060933289243984,0.018064889230286818,0.05773994748351652,-0.017364378188759577,-0.026393696961472868,-0.011904507468071035,0.008269181757059929,0.004685684529207812,0.021235267000989433
2021-04-21,0.012474272451879598,0.02951941549615089,0.020914456188919406,0.050237206213681995,0.06248580373230839,-0.0130671646195194,-0.006452442407864245,-0.023040452835111136,-0.006718988179945762,-0.030375201248384998,-0.02847011313679959,-0.017916974025339094,-0.016941262006337388,-0.044726774729965446,0.003083062664977154
2021-04-22,-0.033218411690924765,-0.03124620797312394,-0.023643345284154904,-0.024435212148350094,-0.012814893377842695,-4.810738190363928e-05,-0.0024110587002611483,-0.016567727419435685,-0.06197060253932474,0.04666151789479245,0.042864782104923504,0.035391929718079584,-0.0020188162533013587,0.004178278149436387,0.029159364004284205
2021-04-23,0.027945613055238683,0.04679995815702531,0.01850031752109338,0.023605167742901667,0.036811043679478406,0.014757317909220191,0.047848150823975644,0.023887828696125712,0.03183812911861028,-0.013959329681838994,-0.011906086409085304,-0.013141263613889453,0.0022222292682547717,-0.006368727298157961,0.04871634751484777
2021-04-26,0.013936968928408566,0.032020317272548615,0.026065372433694334,0.018092809525667164,-0.0007007168380049889,0.015251863303148427,0.035819149708582465,0.06512224427654667,0.02698544076583853,0.004650050000418515,0.026230949282064042,0.004898555649356817,0.01249099144557042,-0.0035743374210934764,0.06859629090374941
2021-04-27,-0.006218472116317653,-0.0023416996728855555,-0.006836618633947578,-0.0037872128644705905,0.0035349035286817987,0.008055200621754022,0.0033446323728922867,0.008055200621754022,0.011567472674693047,-0.0024217585595815994,-0.010583903875233558,-0.0306165491376843,-0.002799697764608533,0.031150919944794353,0.007057278429069669
2021-04-28,-0.006826406240432292,-0.013965525809084278,-0.01043377729514694,-0.007969336279508576,-0.011102195011292948,-0.01627024258926768,0.0108420619559626,0.03904005852106551,-0.015888075826104298,0.0004333445606634623,-0.001241534118347487,-0.007442975428787579,-0.012250508997593945,-0.03956535519025994,-0.0849775602079651
2021-04-29,0.003141988218264835,-0.0013091286045190387,0.04473868583534957,-0.0022106976381313093,-0.00429901291235113,0.0007744923207795296,0.10173220445478104,-0.036707190581774185,0.017058926413305642,0.0022579858327616,0.0022579858327613778,0.0022579858327613778,-0.0017394973294636573,0.0031479354597256926,-0.03697798665887264
2021-04-30,-0.020571259249783758,-0.02729115499444823,-0.02719376450786437,-0.019794636715911418,-0.021706159478076414,0.000612266725724897,0.000612266725724897,0.000612266725724897,0.000612266725724897,-0.02465623872652023,-0.01692300632821009,-0.010634883801262318,-0.0006178813064923183,-0.013578377540826914,0.027178531891584923
2021-05-03,-0.01150933028994261,-0.0376133250614572,-0.00987021900592755,0.0010552049318262036,0.012688838717765272,-0.022833187759620843,-0.070206217760171,-0.04936618527569292,-0.030588136228522855,-0.0034680399758698632,-0.003468039975869752,-0.003468039975869752,-0.006639324194808505,0.018024894770763966,-0.027767757071889054
2021-05-04,-0.03272289063662781,0.0007638135743193164,-0.0240852217908033,-0.031087902578245674,-0.0388582122920299,0.002312641414476513,-0.020824720706078992,-0.011639603763913597,0.01384513530685072,0.001796723249577914,0.001796723249577914,0.001796723249577914,0.007731164907411658,0.000541129042785693,-0.012095671246276307
2021-05-05,0.0074733208355568514,-0.009922386124420979,0.0039516538151773695,0.012196993427186165,0.02047692475992724,-0.009059204068893711,-0.07270984651303014,-0.043788353207728004,-0.0985375974228122,-0.0022135425117049135,-0.0022135425117051355,-0.0022135425117050245,-0.004009218185091368,-0.004009218185091479,-0.004009218185091368
2021-05-06,0.00446107163037146,0.0007708795732008777,0.010026164534969517,0.011051938856996069,0.0038327283708794457,0.003713719770865209,0.05005981425765893,0.009686503668649094,-0.05433816088650001,0.009914980563704878,-0.014422437797598331,0.009959207139407456,-0.002816138081911723,-0.02192751896158429,-0.027563002609995335
2021-05-07,0.019916625473718863,0.01181150566381417,0.01360313395302537,0.009261719615402342,0.022084285435941098,0.018142732901632153,0.00247458852309701,0.048793286341176856,0.05126970025093236,0.025381470788110816,0.010369461225127274,-0.010017969928304726,-0.0007707628502046093,0.008001375446123005,0.008736610149471913
2021-05-10,-0.036895161355465445,-0.0357822583705526,-0.06463569873421393,-0.06212869255349196,-0.04754207906240071,-0.009778588071517436,-0.06991905146167754,-0.01970184107031414,-0.06527295205171779,0.0074213911436737945,-0.006313619294336159,0.013955485317044491,0.022651588012800428,0.010559576272811233,-0.008719627660338292
2021-05-11,0.0028390181688573435,0.011054138582699657,-0.004420659184773079,-0.009142575189045488,0.005420154676184508,-0.02980854923070253,-0.06873716353594272,-0.058361543290511575,-0.04848935901151363,-0.043546918239217414,-0.0572638083630298,-0.032571856418175504,-0.027161778733797548,-0.05687401225995692,-0.037252436563393276
2021-05-12,-0.03828742512405947,-0.02850452153082017,-0.02921229969010608,-0.07017416629061768,-0.04563461812184466,-0.025788048275483533,-0.03173091097655201,-0.06903604975334621,-0.044857496324649304,-0.030517579317528076,-0.028932130066997352,-0.02437794680608274,-0.01714838065322999,-0.030792434609347885,0.01684060587194325
2021-05-13,-0.006777534975069277,-0.020766386179429386,0.019980576372297554,0.043871779025908,0.03523974967504562,-0.02694398450724156,-0.020645574281678458,0.026991638483984115,0.05595293997838269,-0.05514958669897285,-0.057425764839434956,-0.008935986745586932,-0.030343520465310414,-0.028353881454730168,-0.06480924697104395
2021-05-14,0.04227875238216727,0.020522644344727947,0.0239163521428869,0.04094408127155047,0.03959299599396382,0.021452832985620285,0.02839308419748998,0.053269848188634006,0.04096745763997278,0.04904545518247372,0.031763617929774,0.028168084166062757,0.025729925679458532,0.01379657126102729,0.10073909253932367
2021-05-17,-0.005441271120073532,0.0008044669652007563,-0.002689196795752302,-0.010093786908659252,-0.01915853813100643,-0.01516997174278667,0.020392569784052794,-0.01985107125536234,0.031322460709994004,-0.03592997680365828,-0.007791318218669185,0.0056720730966701716,-0.0060919661067527775,-0.008289241169147754,-0.004415947393800801
2021-05-18,-0.01057158338870301,-0.002813115608575778,-0.006856620197272734,-0.014242803798270254,-0.004973742569076123,0.03839192367514466,0.0838719090139568,0.03050510125850381,0.018246002357330537,0.014551695635667938,0.021410795808964656,0.01593915277303104,-0.00878898502251857,0.02073666123802842,0.03667934688304175
2021-05-19,0.003567612885284399,0.02404622322435168,0.013575387464225264,0.024546501447031854,-0.002230225846243772,-0.005596996251627462,-0.0482989236676763,-0.006247728754496307,0.0005106464789967902,-0.003877584205781104,-0.0095680761861765,-0.0009357173067872093,0.00742586990827232,0.007425869908272542,0.007425869908272542
2021-05-20,0.03887088516940307,0.024006219612657365,0.015153823220977802,0.04415057441793957,0.02852031025553403,0.0026747154319428645,-0.011147816869550242,0.012178758928513389,-0.010658601405962864,0.016684924530228296,0.03117482371496605,-0.00752031725940594,-0.004110169955718335,0.009503650946776965,-0.001399617490148719
2021-05-21,0.025953813843741624,-0.011401478573969781,-0.008896286628714112,-0.012662109670951938,-0.014720410869220935,0.008427224003854317,0.024691827320329374,-0.011502037207146154,0.022074717303514957,0.016923879972394307,0.002732667055677318,0.009304744704732748,0.010514915105037437,0.0029456955283526653,0.0029456955283524433
2021-05-24,0.04137263097030863,0.003498824398956435,0.01102986328661859,0.04601275287106876,0.030865685676573218,-0.008672983355513808,-0.012512349289218072,0.009532907724137507,-0.022315888393524497,-0.009359666418583767,-0.009002482259257816,0.006006747157535575,-0.004763930170191943,-0.02426463835521009,-0.049415721812352875
2021-05-25,0.0022899779101435147,0.005423529903205937,0.006319931974494208,0.02169685881315453,0.020244419978853623,0.024085349746451712,0.007259157544820427,0.016473581231612133,0.08099320957858369,0.018221406865796874,0.02411866269023122,0.01636528636337853,0.006619069374743214,0.03350804797123619,-0.005155130455789969
2021-05-26,0.0033391545926360067,0.006164856457440804,-0.004934534595295803,-0.002622438131180349,-0.009698171611926432,0.010352198538622348,0.005840109736012344,-0.0023823804740198407,0.006897800445551994,0.002371512062317782,-0.007895566298004586,0.010601869011853227,-0.0005303331694683777,0.0007222676701126307,-0.013241292050902631
2021-05-27,-0.013503361573960704,0.001021213106899177,0.004132814375408467,0.006720221349020061,-0.0010212510815166276,0.0003551877239027501,-0.011405375242692584,0.019542118807885256,-0.011975385538481209,2.473037169758996e-05,0.023876561623571657,-0.026290876936511998,0.002733662404112769,0.02568500008066943,0.06531552963641651
2021-05-28,0.0488443792197768,0.021168116562986006,0.006734453104380478,0.0022492940209981604,0.015606859233173065,0.009403982407669265,0.023405874523491077,0.00941993060687607,0.00578783292551166,0.01886654008022437,-0.013959880963755222,0.03049414025895314,0.004678042162713059,-0.005570859822104368,-0.01344376640053424
2021-05-31,0.0,0.0,0.0,0.0,0.0,0.01798255579944641,0.04164000474119356,0.015150845202350771,0.05641167126681501,0.006763625843424492,0.01972962504952358,-0.01653934135308699,0.009012958168534091,0.020062751737407236,-0.017106337318990472
2021-06-01,0.001231042058364551,0.009115830555038507,-0.004459644748450509,0.0005793238088258601,-0.00543312118297723,0.005435572672972011,-0.0144042728548196,0.017257530500337515,0.0025577288675353582,0.00419355070613725,-0.003323429499703545,0.00830624006730507,0.006551341812696565,0.017176468728566707,-0.007032194846958384
2021-06-02,0.031587205182710854,0.0143547048280539,0.004202380351806978,0.005788156578358183,0.0034087704774208305,-0.007364915066235045,-0.020740497902001165,-0.020017614917834492,-0.028551099070133312,-0.00698440125887434,0.00407316629677501,0.026399195348026705,0.002273210195968378,-0.01965881328646657,0.02463184232273674
2021-06-03,0.011414028017972422,-0.020617328488942488,-0.015244575886525946,-0.018919380283218823,-0.012164600563105421,0.0030550266943840665,0.02434439210252992,0.01039382188410376,0.04309596464210075,0.017670184539094747,0.04061274456495023,0.0008678542891566998,0.022287055159319058,0.02134628533050864,0.055031505605233066
2021-06-04,0.03585783440818324,0.01619336162836449,0.01942644540994909,0.025443662412324874,0.02614552918167279,-0.004561512544660973,-0.0069545020804175905,-0.011791682628021882,-0.0005426785970352732,-0.02203161008891752,-0.0012463741886583612,-0.007105953693670286,-0.012194503613081498,-0.008841036837465066,-0.03206936794104043
2021-06-07,0.0023181820904478734,-0.0028193595461043497,-0.0075924365388460036,-0.006292705787240838,-0.0019319430922982717,-0.0018695189363290288,-0.0009186401930583177,0.0438583832376509,0.0031885888238067928,0.007996837116436284,-0.003826293558364391,0.002042791638029895,0.0015220413343581818,0.005190584147250821,0.012592403704991595
2021-06-08,-0.009194564534875438,-0.005654567831602231,0.0066003846617253,-0.02237907305691811,-0.0018328185440316114,-0.008194382465292582,-0.010314017480229754,-0.00314238695323521,0.00855795758095268,-0.00264653007658211,-0.013547630759975005,-0.016271779579667633,0.0003246199827919849,-0.0074600530821272715,-0.01722482746096987
2021-06-09,-0.005429188015737441,-0.01149709867960258,-0.009761528892219262,-0.008906276284339154,0.002732501488074801,-0.0037985626343248757,0.002337825582386044,-0.011702506084206865,0.014078934604929483,-0.03176714104894618,-0.022639698746624304,-0.023316146541153215,-0.016479903913124927,-0.045727737601900076,-0.027469941526253594
2021-06-10,0.0038456996537017396,0.02000998614858407,0.010008306518992871,0.018641146117499563,0.025417874879958724,0.015097488312399321,0.024902674271602532,0.014844539756215802,-0.01262080545947386,0.014711855573739552,0.005818500118329739,-0.004508835313105974,-0.0008036675393248149,0.004513444780766651,0.01715449121270174
2021-06-11,0.022969874769186882,-0.0030652281447213214,0.0029800408436944092,-0.0024789583269514415,-0.00415777453634647,0.013104526559812424,-0.010125542717665081,0.02536161636299461,-0.004719126108266636,0.00836581532400471,0.007902770491023947,-0.0016762638941011376,0.004634400922200577,0.045473099223790836,0.000129234411075263
2021-06-14,0.010855275307966483,0.0029517341086022775,0.019982306218335744,0.01615257447795515,0.017646287797335125,-0.003020871393532021,-0.003020871393532132,-0.003020871393532132,-0.003020871393532021,0.013928212932791117,0.013269630874175986,0.020752763674140695,-0.00999446515816671,-0.011628173308820267,-0.014315763726307829
2021-06-15,-0.012778440293544469,-0.0132434309091225,-0.012599118146528143,-0.0028049487432620923,-0.010643694468953746,0.011781715810488036,0.009336992419125334,-0.004068170799632842,0.005987272609285554,0.013776787025632675,0.013714061613582462,0.011221750340171921,0.0042755069653117594,0.011113306169582282,0.011441524947393589
2021-06-16,0.0012228123306394778,-0.004473724430104076,-0.004646755498742161,-0.011973419289279308,-0.0038900498517048243,-0.003843393330175915,-0.001312460883108435,-0.018501469227451994,-0.004236621878105029,-0.010891524584265233,-0.0023314213798427685,-0.005082371817152098,0.011387619290717854,0.008043879558431222,0.007758046189408452
2021-06-17,0.04755685714942781,0.05554858212879821,0.0029639834103083462,0.002481983197756943,-0.0003148577487314119,0.001564848855625467,-0.0112966579687378,0.017333666505380263,0.02951541390483836,-0.0011205051169691504,-0.02262765570450609,-0.016867805219071608,-0.024911966598601287,-0.03690437857987672,-0.012596964649458142
2021-06-18,-0.0009915824233655002,0.001064379965512563,-0.017362624900653767,-0.04434887784678798,-0.03972351811171393,-0.005202103083971288,-0.013541877540241498,-0.012961518113608128,-0.002512137991872221,0.010763930480726103,0.016944026517521804,0.018924036884095274,-0.006339870788342972,-0.01719088951341219,8.106309034849879e-05
2021-06-21,-0.011347359404106805,-0.024335559962848974,0.007218229632322437,0.013868651513785357,0.014275801951119549,-0.03650857767309479,-0.05199205779379301,-0.03339461438417213,-0.023770280046217396,-0.039073351228820496,-0.04384739714763852,-0.05635091962246219,-0.008074715027623358,-0.02069363578429484,-0.03028104436065271
2021-06-22,0.024936216514449105,0.011986990399100783,0.008360652534277868,0.0029312576129862933,0.007580921642877492,-0.014482828301264905,-0.022200042916228346,-0.005957602296775999,-0.017449396213094825,0.014174124504302776,0.02089249444800778,0.010871555914400144,0.004714866700677112,0.0034591665321237475,0.008062208987764441
2021-06-23,0.009027290018298606,0.0028714747369191773,0.003257477371219064,0.01543748281033408,-0.006065836008345982,0.02930870198002733,0.04197759358750375,0.026445797021788175,0.037323037310379226,0.006345944913934698,0.016421365855934678,0.00019719022065523006,-0.0006687239671721024,0.014445922619199303,-0.018626872409322703
2021-06-24,0.007778911982748271,0.027201130847029464,0.01770947786691557,0.02036908879573862,0.019585054229009913,-0.011388725862825577,-0.015724585557882143,-0.007307937352417082,0.050941565421319224,-0.005678397476985064,-0.02181034104766777,-0.0013220528092312556,0.01364361902408251,0.016039432759448413,0.012294567376544219
2021-06-25,-0.009085552119522,-0.005574863368706495,-0.0019577582688018458,-0.014971594581531078,-0.012647659601068617,0.006311119734745851,0.0024455255375124274,0.022004112566701206,-0.011508285431568566,0.007817752864061722,0.01583263242989874,0.017981911459883593,0.006534775157724271,0.021473493026243462,0.0016005805140468787
2021-06-28,0.050128457919647484,0.017052079393105934,0.015037996479865923,0.03524475151828477,0.02608505878416212,-0.0002483757479573301,0.010088556447738206,-0.04116848252064398,-0.014881992709475989,-0.015457741696984995,-0.011925976533956328,0.00035780392153794693,0.008546213027501137,-0.014697596943559321,0.006388376024822673
2021-06-29,0.0020892035819952692,0.028020151133501203,0.020756008277366123,0.006596164146663419,-0.0006105813780029612,0.010280221300768888,0.001790367875685206,0.00624277770225623,0.007325303770280955,-0.00010015815281216867,0.0009797717715318566,0.008954910330128962,-0.009866106473081282,-0.011187859550042645,0.005853075324135704
2021-06-30,-0.0012111518481271455,0.04926277734004958,0.002173562227381076,0.003382108255948424,-0.018246736060701374,-0.002148819705781846,0.026666264700880626,-0.010979290264069075,0.007719945013270113,0.0008233065011733487,0.0006151278944210858,-0.01135710767341691,-0.004998986730854638,0.01867374213584494,0.022874123240732125
2021-07-01,0.010473910430851996,-0.0066006892852940036,-0.014902401835451773,-0.031250048897006444,-0.016689807135834456,-0.0012869472807630622,-0.0052104566790752704,-0.006865891771581589,-0.01863627058287598,-0.008196682201781269,-0.02318679981498084,0.007815999282311248,-0.006635386784778374,-0.022742752366150643,0.008197048395687467
2021-07-02,0.01360556843492966,0.014896575136823742,0.012642119492798809,0.001522767327059471,0.012115140389152845,-0.010601457400226666,-9.818989679333257e-05,0.006801414774014969,0.005572777301621201,-0.024998821381785663,-0.01718701516187693,-0.002428056053130012,-0.0037269471034143686,-0.018505907783229025,0.04871082243542002
2021-07-05,0.0,0.0,0.0,0.0,0.0,0.0029795776426746468,-0.0021118195947749108,0.015707555745538393,0.0011888492695608655,0.003932122657677839,0.010141988804760027,0.0036659391546987052,0.007348509091465338,0.00642806771067983,-0.0200306286276426
2021-07-06,0.010323650965399889,-0.0024286772434086723,-0.009748783413870754,-0.009988859541173456,-0.0024290756828058147,0.0005890050321326612,0.001070282140552603,-0.00986350818537518,-0.010980425018587425,0.0019744831160197762,-0.0021321287722679827,0.0006455193317396191,0.010245297170841772,0.01655705777648042,0.001719225179433792
2021-07-07,-0.015786022685882806,-0.04160051079066274,-0.00864102540641698,-0.013964090908138882,0.006284306095254433,0.0059642726484199216,-0.0028596074450173425,0.015885811792532234,0.013704527126103816,-0.0012209496266366582,-0.005414684252190272,-0.029922935926696703,-0.010219010960478503,-0.017255576386841165,-0.0010686396027114187
2021-07-08,-0.023022125081079703,-0.008835907263842424,-0.01200258887225758,-0.0173496831045874,-0.023892356463960818,-0.009557812516439168,0.003822086749067921,-0.021297136327083632,-0.011532381600504849,-0.023184094287115875,-0.023112970903038654,-0.011003676711643928,-0.015508472373367166,-0.02054173619119881,-0.03548676076159529
2021-07-09,0.007410948412913676,0.012926272450667131,0.02270602362678731,0.017882735555911466,0.026228415561526885,-0.009587362287623358,-0.0038878949825452702,-0.011707632786012723,-0.01831601983578235,0.011346192135114341,0.015082985982093122,-0.010581943755692325,-0.011251400847700932,-0.02140317724544183,-0.0021114832087730795
2021-07-12,0.023054602916473987,-0.0009901426377812994,0.007353522227656617,0.01408424948399234,0.023793734527890242,0.015737807825904282,0.017737667838971127,0.013839841075534487,0.01725758530939725,0.015151606567417764,0.01618946768244034,0.0311601655744278,0.0055060912542215235,0.005912829446077961,-0.009977310056996092
2021-07-13,-0.012796870430905494,-0.006056551449727832,-0.009054649256125091,-0.0037279907021278147,-0.001963612953960303,0.02330861203078327,-0.009916055117880851,0.02636553402646591,0.03521230251753904,-0.007627157208654589,-0.028861657834178045,9.413143262038126e-05,0.00407172194580907,0.027883555787409087,0.005775720670769147
2021-07-14,-0.02017289404764755,-0.013405706357577873,0.018203914837095603,-0.00469564268974576,0.01428306045761496,0.007721955227860233,0.002169094965545737,-0.010780854629156567,-0.021392556862305234,-0.0028715459033895607,-0.000321357090101948,-0.01904026225278732,-0.010350826108565303,-0.0025781509432044603,-0.01685728501142869
2021-07-15,-0.04411196007100737,-0.02380688011150134,-0.015930746823818898,-0.018061516368150232,-0.01754326832150821,0.0035153179196518725,0.02450382802484241,0.05000605993372753,0.0018807775153479867,0.0027369293057826205,0.013019918471366854,-0.0033704400560433667,0.018526860599337613,0.004626439189841847,0.02406109166576398
2021-07-16,-0.04245732606367847,-0.011963659402695503,-0.012370691157191693,-0.0376876631629558,-0.023468082097762744,-0.03772681651747134,0.009445847453665612,-0.02614064533367877,-0.009075695449957344,-0.014370155569493503,-0.02027040292047977,0.002998191072537404,-0.0070682895573604965,-0.013355264712736181,-0.005898560850659207
2021-07-19,0.03407047824523546,0.008033559742805174,-0.006585268030707914,0.0034326860648949964,-0.004975084611942182,-0.015144931706036813,-0.042876129485203696,0.005255640536235173,-0.006644339703544833,-0.02173457590062111,-0.014855016908742469,-0.020705346718046802,-0.011222095799376608,-0.02176021522324978,0.0752815874528241
2021-07-20,-0.008932783628798013,0.0061214918929093365,0.005476203831597415,0.026045890862308685,7.323074428411402e-05,-0.005462138085079449,-0.002666273882880099,0.0004890435282338679,-0.0194040702508973,-0.0007237687580397001,-0.00018122395497266464,-0.006623809049473683,-0.007451673975757078,-0.011622035275993925,0.018346447608986738
2021-07-21,0.042875814573840376,0.026403432850906183,0.01877434409683354,0.04569198307122346,0.05401651493881854,0.009696897391860082,-0.005927134978184423,0.015540317215167576,-0.002924271655533106,0.0059188747516081275,0.0008541750163784112,0.011699642827665446,-0.00408637698171721,-0.010429748104137215,-0.003088266044173671
2021-07-22,0.009479702509093357,0.020131924266166834,0.0018992334975769243,-0.005941934149041317,0.012371636100890315,0.011611339275317656,0.009027001836495296,-0.015417740654939394,0.0047860833295325644,-0.0030384027283830717,-0.0030384027283830717,-0.0030384027283830717,0.014217127207427627,0.020291694957663697,0.04983136460489046
2021-07-23,-0.001837364611576131,0.010305914382650938,0.017129973076279725,0.009112127630347855,0.02496161579451961,-0.011358049353076605,0.013997283446820497,-0.02246873325099219,-0.010349642169899198,0.00104410626844742,0.00104410626844742,0.00104410626844742,-0.006074150483200369,-0.009420335544738534,0.026970285960597806
2021-07-26,-0.013498320086187232,-0.003581137553882896,-0.009525383913871255,0.00036112027995627294,0.007953254189354997,-0.009346773850625545,-0.011516127734628623,-0.0008065538353582147,0.026852645418806054,0.009022149146098224,0.007210657876793869,0.002563801238658847,-0.007349942124374009,-0.013696078397793077,-0.050626711213588416
2021-07-27,-0.004457309896967909,-0.008603800023448183,-0.017909315205866583,-0.025851866102966192,-0.01125873077775863,-0.0010304111375801783,0.015204268960747669,-0.0010304111375800673,-0.021211636235963782,0.005507240097434751,0.02381643201324235,0.010387857226434871,-0.004360715903637735,-0.009097923293225452,-0.0057747001586351265
2021-07-28,0.015358499676807469,0.07579920486001579,0.010714755245176955,0.017123724433365073,0.01912529371142857,-0.0008941765726276918,-0.050383825380694414,-0.020925721153838284,-0.03470784638888369,-0.02064000010786149,-0.030487348875891218,-0.008685504563933244,0.00734305916275102,-0.018775006069701616,0.002370397581426209
2021-07-29,0.008152349384383362,0.05126107043217365,0.06002534313079977,0.0021134917584144652,0.007699082066478846,0.011416393677707637,0.05300777529630496,0.02679848415541186,0.02833621252672236,0.02421853315587663,0.07247383017856013,0.00885342875834283,0.0010760629473622885,0.003610569153439158,-0.03181096515963855
2021-07-30,-0.008290163611121892,0.03147164244009604,-0.007881199421127527,0.017672899782730456,0.0013451201492422626,-0.0032165714651537503,-0.0227601428247306,0.06728324479241521,-0.015495940859546864,-0.008179926670378701,-0.016071420768372424,0.0007409257468353747,1.3320987896525693e-05,-0.006858731221633274,-0.0004354205539975897
2021-08-02,0.01287248647973227,0.022977632130275705,-0.006275433240233719,0.014864224861536046,0.003795374422836062,0.014359903403010854,0.02346609617775175,0.021587573111617298,0.012472325992754829,0.03348120621218298,0.014934439505993824,0.02847562893057587,0.002458669998382179,0.02321808459345598,0.014006226876076777
2021-08-03,0.003291114755737956,0.036177855146287685,-0.00611294992140432,0.0010566103540865512,0.01283695342503588,0.0068950145730311,0.004397834793050892,0.012068291812832754,0.005929024430328722,0.002705264806313501,0.02247800127466615,0.00016002327559627716,0.027704980914494692,0.03571559986436457,0.0025285940877861623
2021-08-04,0.02316429982274637,0.055170568755920746,0.0018250355586091338,0.004220413082810293,0.020460839962783695,0.005910512947536084,0.01536061011076395,0.03411088650404226,0.03498714453716523,0.0019036579916758,0.002550668264165168,-0.006520972862470997,0.019296541076501805,0.009193879046742959,-0.007153432731239029
2021-08-05,0.01790474942545761,-0.054054040165034456,-0.009377825816458518,-0.003432107406032059,-0.0009176148887974911,0.004892679081255791,0.016528375516938754,0.012563554385687903,0.0015167372843718496,0.017148887619696795,0.011073399494764491,0.0011455460600346967,-0.005737342928056499,-0.004346478129534703,0.005299950586871827
2021-08-06,-0.01313191071740094,-0.019937675960765566,-0.0037459834694211214,0.002670704904335519,-0.014432205845137047,-0.008807570892421679,-0.026425640945268336,-0.02313954618008307,-0.03074631687957341,-0.0039232530669173205,0.004871083250010511,-0.01712755110957953,-0.006491984828074671,-0.015857967431917253,-0.009924690728682406
2021-08-09,-0.0034860959794257296,-0.022977011763444022,0.004375126515072436,-0.004556912144219938,0.006894155331181873,0.0032980604652854684,-0.019417244009208856,-0.011172168769681634,-0.02192297984596392,-0.004598298296109471,-0.004598298296109582,-0.004598298296109471,-0.0015722048344287698,-0.018494739377706626,0.016039231600026405
2021-08-10,-0.017689028445413868,-0.010224934517556017,-0.007146770145123216,-0.027746049956272167,0.000773391759096409,-0.005410825532008334,0.002408005754238385,-0.010413370990036253,-0.019958602353863375,-0.004643672428325751,0.008402481937392237,-0.0018217375385506385,-0.016784063150782513,-0.030993209889366047,-0.02882272594401003
2021-08-11,-0.01188842971001458,0.011269692997845304,0.005553061192860476,-0.02346816933777196,-8.855522474615629e-05,-0.0031486720377851274,-0.01445524689855282,0.0024877593672854026,-0.03759446525885757,-0.027151561905670807,-0.03465663151653253,-0.004313659859638719,-0.02679399290615081,-0.0675845693634094,-0.034360110469810023
2021-08-12,0.01045777124088132,-0.010958398048212747,0.003203994981242131,-0.041536779077398056,-0.010326907006107722,-0.0055394765743919105,-0.005352997331923626,-0.010577273204331217,-0.008776401435374614,-0.013205499539767462,-0.020125852723250293,0.018589583520332686,-0.019422963328415532,-0.04769929163312725,0.013799073050424937
2021-08-13,0.01421752597432624,0.03802819766908749,0.010125709335065958,0.005262250693398807,0.010101664486336537,-0.008710841842571315,0.0064560809441891465,-0.04399659694693736,-0.029251605647255263,-0.01878450181056135,-0.04752691443671031,-0.012108455748159108,-0.04142417778845109,0.0019458759032051631,-0.05490430559004533
2021-08-16,-0.011789329818428285,-0.0277702361834119,-0.0034309440459477925,0.013779761503656562,-0.0020408612787670144,0.004748025650618715,-0.01029964097217595,0.016246207612145458,0.028220263221337083,0.016837680822817225,0.002760165333568043,-0.01199132821346749,0.0005855565861978551,0.0005855565861976331,0.0005855565861976331
2021-08-17,-0.02466141142156697,0.0007442705541653716,-0.025113230432392775,-0.02194535219301852,-0.013703892382573635,0.000658553724050881,0.000658553724050881,0.000658553724050881,-0.050007695464759694,-0.004374919402954203,-0.014394554797099945,0.006413131965336882,-0.005360370946900783,-0.0026792572925611324,-0.028924469206028314
2021-08-18,-0.021482460957545246,-0.03830415777894669,-0.015442142359410882,-0.011102448462405934,-0.005292552810757023,-0.0209881907615318,0.008228545231864448,-0.028425545850058298,0.039894871400255605,-0.008231571076149025,0.014310819116710283,0.0054409343293668755,-0.014159507407564553,0.014222659706095264,0.0017324506110734106
2021-08-19,0.039811186794414644,0.0025134812519287397,-0.011042038015833255,0.014367542487795815,0.011728826843542484,-0.02413175604450979,-0.024315285988048774,-0.027417678723130057,-0.005624101796722791,-0.03674486734945426,-0.03955061548076211,-0.012869555542453837,-0.005100272586722521,-0.008718861258145139,-0.05390292599781987
2021-08-20,0.05141938245620015,0.009161085878439001,0.010525405949074251,-0.015480068181923157,0.008534837266726436,-0.0187179488975433,-0.02306043228645649,-0.001972699567900693,-0.035689804655691715,0.003478482896712487,-0.0038332902319025974,-0.00017843301208908535,-0.010303359783408017,-0.0048579287439395324,0.007699034084551304
2021-08-23,0.05486153776557878,0.03936927909330867,0.01442734617388397,0.03372656289246656,0.02973955094722558,0.027084706355309685,0.045281469843238886,0.04485614468832244,0.04286353785665731,0.026108475610335136,0.004996758807028767,0.025478524029537652,0.00924052393761654,0.005862515146981551,0.03528088531458273
2021-08-24,-0.007514403405530112,-0.010296912308113915,0.0022201005778912375,-0.00038030112780707004,-0.007405350212616568,0.013128998320935281,0.0003008650935760748,-0.005783421542215894,-0.006437767401978878,0.021465689557017997,0.019501233102083404,0.0009221795495071294,0.03723432051570574,0.02520579419104063,0.042028172390515595
2021-08-25,0.01927216130367171,0.00603810047993969,-0.004083956199016692,0.012347779295901695,0.0028055460608074068,0.023024454168190323,0.0024911883030240833,0.021129765821571,0.09929073292948964,-0.005363784276965378,-0.008204815204177152,-0.00767665149335206,0.004885920614732697,-0.010778181093808126,0.016686149977400255
2021-08-26,-0.0065275617112554585,-0.009510677559253167,-0.0103566742289678,-0.00248471750422119,0.003799936194540443,0.015683202308586885,-0.024960295709926195,0.00845972426220265,-0.03948364087310885,0.018498976182195204,0.024429372782167835,-0.008921790308881405,-0.014412474111258788,0.004951844934753424,0.0001203567807299688
2021-08-27,0.025738356114128003,0.03850102556220647,0.01734784610212481,0.030643883915162373,0.02710440263662628,0.0072724120314320295,0.007863188710788505,0.027172424241784565,0.03293047112082337,0.008096517881646559,0.006932856204161064,-0.003744061928090625,-0.009699456215645608,-0.010481165449970575,-0.01568662301457502
2021-08-30,0.0022972259869535883,-0.0007181492814980484,0.0075250253298513314,-0.003661565821104329,0.00800804555486323,0.011596750238346276,0.01944929010211105,0.017336935381518703,0.02987695775579713,0.012316895231450742,0.00705683674405444,0.010984754696351295,0.011533488226520117,0.007465616382416274,0.0030852535352170474
2021-08-31,-0.013180904876159527,-0.005389853357581242,0.0051387826559330385,-0.006762236937516541,-0.007801516502002115,0.02013905427853402,-0.0069380448574900555,0.0012897504784505909,0.0017317765289048825,0.013658259393501737,0.01853946035649523,0.01630841445208797,0.024462319733224103,0.025295185015902,0.002215059824801413
2021-09-01,0.0025017535356022247,-0.006593238338919893,0.003013855112238284,-0.012358516540682873,0.010959960400784174,0.004183506765363942,0.03484661870108052,-0.009833038880147527,0.0023534096725712494,0.004057554377443262,0.011574616640148028,0.009682707710638283,0.00744119517906161,0.02029971177987,-0.004063267854364838
2021-09-02,-0.002005361957728491,-0.007182479596970381,-0.009081750775778663,0.007417811818719144,0.022691497847938225,-0.013469945540779849,0.0027298712921290935,-0.01159443243395386,-0.01865715368163856,0.011216392740554637,0.020375981668321108,0.008872506574703287,-0.007735582169959732,-0.011217030238237391,-0.0031543570147301025
2021-09-03,0.01995891329659738,0.006593417956269665,-0.003376389292089166,0.010264184990462333,-0.0036806819609790375,0.023080553331295217,-0.013400920650988302,0.025572312898978877,0.037987702310440685,0.021388365537648335,0.031903197152419516,0.040738100316852544,0.00628320950813932,0.003088479181506676,-0.00013061942840641994
2021-09-06,0.0,0.0,0.0,0.0,0.0,0.018464300207931883,-0.024335111237546614,0.002251524658899884,0.01880193871531266,0.025979625957045505,0.027332235645909586,0.010731246798124427,0.011218257445634316,-0.007303978563362845,-0.020010742735887765
2021-09-07,-0.007923510611802631,-0.007005064191166865,-0.006084403240429359,0.004858961465260103,0.00426504701498831,-0.010028064123881908,0.010517652415632961,-0.021477114873865166,-0.028475999999022616,0.009050855279737702,-0.014925543658786622,0.0179658455922016,-0.016196847542672255,-0.014824932295770754,-0.017188967610008876
2021-09-08,-0.0142530125904482,-0.027301908522896823,-0.00855660957748483,-0.02146693225552121,-0.004386091077317245,-0.0085129236167939,0.007839896484734377,-0.01853191941100929,-0.011250304013187828,0.01907276530964519,0.029683390762088147,0.0014572401476853347,-0.002086906996078386,0.009583720029336051,-0.010780942968764085
2021-09-09,-0.007251906991039836,-0.0001883455157886127,-0.006595504977717215,0.010781717005531322,-0.005233239103059284,-0.0028730822911539056,-0.014899752757348117,0.017987297831431492,0.02709845028974489,0.0036026854583615098,0.012980348374358242,0.0009583429343462679,-0.017751031135362694,-0.03287496185489247,-0.018466231383279852
2021-09-10,0.013572667420248319,-0.008949642618753195,0.00776955496740106,0.013629902706928876,0.006291694641190393,0.006341271238003987,0.028164216897635486,0.05074106099923048,0.03408375890769921,0.0532143901209996,0.0386006970452899,0.03743846549057861,-0.0022581018684078025,0.017115319551755714,0.0024042625049960353
2021-09-13,-0.014503087968691708,-0.0038022234609110805,0.00511621134026119,0.019000067218040373,0.014402662633617558,-0.012001193635576501,0.0014046927924369346,-0.03198223616555951,-0.027909207846064765,0.013794641969457455,0.018576496662660702,0.017187036146758317,0.0130637247551868,0.014068996066766815,-0.009514099638439633
2021-09-14,0.004062703329533512,0.008874048455098649,-0.01582889764837614,0.005020039485402306,0.019317209747776953,-0.0028519702697814564,0.021985230180090687,0.004435479792295194,0.0004015594224444641,0.003613133006209246,-0.002483781610977287,0.016650408862268096,0.002448527617195273,0.007898409472483436,0.0016480438683756926
2021-09-15,0.004451321191843771,-0.0012295931020981365,-0.020546812954965743,0.0077780563905121,0.0014189244361406672,-0.009651538279065286,-0.012535874505723799,-0.003879106931227838,-0.007684824594948347,0.018010009237010127,0.01581402068556037,-0.00805132315198831,0.005488092348263418,0.00026472199394578233,0.0049461671131738605
2021-09-16,-0.00443159474026289,0.00587123821534874,0.0011573850258255192,0.020250620409358877,-0.0022713152766067335,-0.006210106532845039,0.0018998021970069168,-0.019348757070373757,-0.013822545750591497,-0.027480424984025587,-0.02934189716839075,-0.0009614289942155851,-0.006955322851503909,-0.02792512085474519,-0.006132821009521172
2021-09-17,-0.01537623549586653,-0.022029786672880136,-0.034681900024700396,-0.022832864100705064,-0.030947564211936673,-0.0028996960419331863,0.0013613877459206503,-0.03162258938588702,0.001658428914693033,0.009503538787401622,0.02141752844619904,0.009906030723287218,0.006507641298808764,0.020786477983778306,0.01241455191958174
2021-09-20,-0.03593608267907289,-0.02242967138299079,-0.006287476659256219,-0.03742884347352504,-0.02222484762157395,-0.003203469724118224,-0.003203469724118335,-0.003203469724118224,-0.003203469724118113,-0.0024734081909548733,-0.0024734081909549843,-0.0024734081909549843,-0.00566411383293719,-0.005664113832937079,-0.005664113832937079
2021-09-21,0.006299599694808755,0.012506121170859252,-0.007607927604063591,-0.0025828426108196467,0.016640193349698018,0.0005762025463234011,0.0005762025463234011,0.0005762025463234011,0.0005762025463234011,-0.01977530472219069,-0.01725437606569824,-0.003366703681441985,-0.004391699687590345,-0.004391699687590567,-0.004391699687590456
2021-09-22,0.0327117484160897,0.015172121797548233,0.009563648273950287,0.02160069561841027,0.011711350156258682,-0.02166330374114045,-0.029193697039216926,-0.015268141328153795,-0.03703636251359588,-0.0012554533612100238,-0.006394172357056194,-0.02248675246408982,0.0028741607356745913,0.0028741607356745913,0.0028741607356745913
2021-09-23,0.02465721668433818,0.01695731288595126,0.006766492502631616,0.02179598482423173,0.017392487769868126,0.003945413506711626,0.0049235976851045304,0.004843204690419212,0.017107521234548173,-0.006128066595023962,-0.006128066595024073,-0.006128066595023851,0.004195269323433726,-0.012440705875167435,5.948579475201221e-05
2021-09-24,-0.017836682772289336,-0.003297206491662319,-0.0002241412226158257,0.0057403606151977815,-0.012457614126956451,0.017701436899048906,0.006151033394721228,0.009272238259115717,-0.006306802633556763,0.005966267952266735,0.007195997236769669,-0.009154343068144888,0.004089487107027168,-0.008906071575843666,0.003839450581401449
2021-09-27,-0.019066064265398586,0.022306243310759033,-0.0029876610017668392,0.005777893894598485,-0.038569657074526975,0.005164003002643858,0.040812313057001726,-0.01851019481271876,-0.012050071423089448,-0.00432041307739095,0.0040999068413563045,-0.012689610087802228,0.0013390278970741853,0.000973266669424433,0.014631778302689025
2021-09-28,-0.04436771358844993,-0.06139059536079783,-0.02682065111991805,-0.0690067577065222,-0.0660114410295779,-0.010691831930880746,0.0005415183185801808,-0.023409931543597495,-0.013998754578593231,-0.012259497419521592,-0.03738874292864458,-0.01652136357847278,-0.0161490758094901,-0.007684446717334925,-0.02238535673597697
2021-09-29,-0.008792395190637015,-0.011524805039729302,-0.004772883763097369,-0.03476551960505492,-0.03813259512143352,-0.026522526885770725,-0.048862715585715755,-0.060627775654787275,-0.0414621851956658,-0.04614753494777846,-0.05679042289479863,-0.030812015432241435,-0.03238080950603506,-0.04189995138293334,-0.04840135717058269
2021-09-30,0.009699365646768765,0.02541109208302994,-0.0023204426541607592,0.0035861333041378174,-0.007076250399515205,-0.002671497742239737,-0.011410352639030896,0.025554813629690143,-0.006420813116648438,-0.029628485070100186,-0.021210469899927697,-0.028322470935407407,-0.00045479652532998127,0.029531737468688313,0.006014800000673448
2021-10-01,0.001254893252323086,-0.004373222263981624,-0.0020933278160149005,0.0031075182047304306,-0.00442877315180823,-0.011204986983912368,-0.02294957596001823,-0.010035565998132268,-0.036058876548429764,-0.011306718996131337,-0.014762431679730792,-0.020977864204898,-0.009049804699157282,-0.026083413580270665,-0.016218892535279306
2021-10-04,-0.04869332230669643,-0.020595418967338186,-0.01577180266271505,-0.03043477512021997,-0.03891833772266706,-0.0005186963105210385,0.010909319568112474,-0.038814537638156676,-0.03756147802880205,-0.03132022092062703,-0.038247654833803546,-0.005999578647972292,0.003152517545021327,0.003152517545021327,0.003152517545021327
2021-10-05,0.03643817867779475,0.014650202056545325,0.006709535088578633,0.022923609749722296,0.027954757353175763,-0.004601475336999394,-0.032499504122971645,-0.033453637052680896,0.01298029579142157,-0.022030294360535163,-0.015048576825203774,-0.012803476282595927,-0.016810548742873355,-0.024126096797424168,-0.05221653741353505
2021-10-06,0.012175194876757889,0.017974677093980818,0.0041559835097961795,-0.012102833804304769,-0.0005051088438072782,-0.0013433327403087336,0.005020857962547476,-0.004571785975396758,-0.012950999006482,-0.025373800965995064,-0.032542045831825295,0.02133433331437362,-0.01528551232196207,-0.017114963766150626,-0.05443191200981601
2021-10-07,0.018116237785605005,0.027113060354517993,-0.0017179529051279951,0.010749186588001614,0.019549671212414133,0.012854321780126021,0.04293070856223946,0.007109241049046755,0.057856582064571116,0.01683982642895021,0.008429752590621398,-0.0044826276115147445,0.0006592062718073777,-0.011794746507336251,0.09430114322503491
2021-10-08,-0.011577807590419709,-0.013057768243283974,-0.010090606148396297,-0.012980907284584342,-0.02216074444497107,-0.009240830298031466,-0.0017227018261840588,-0.048120695696334925,-0.0031750984835589025,0.030166597734342826,-0.002229948806218629,0.009172945200973226,-0.0012035450797495129,-0.017574024148167444,-0.02630203453002855
2021-10-11,-0.006528830992834966,-0.003616954713957954,-0.012722260700724353,0.010141150328450754,-0.011474967231252076,-0.002905493830593908,-0.002905493830593908,-0.0029054938305940192,-0.0029054938305940192,-0.017380726967044846,-0.010886103389112556,0.02455340822242147,-0.00370525753479789,-0.003705257534798001,-0.003705257534798001
2021-10-12,-0.0011595387550862313,0.0034390581706347234,-0.015927713331493898,-0.0058040128328216145,0.004377314044912817,0.00024961557840619264,-0.025031521382987032,-0.027823979235260476,-0.02149488902590746,-0.015782615441789383,-0.04271865221091242,-0.015807661220109237,-0.0351429216950504,-0.026774929140702564,-0.044393619548638075
2021-10-13,0.012964973030719529,0.039223178890633426,0.016998722765009022,0.01143905290782854,0.026715403065296295,-0.009982006185730752,-0.031145766022443788,-0.014775509166066958,-0.04344636324583817,-0.017897952410142692,-0.014868089968804732,-0.016637962536869888,-0.0038068277769208736,0.004548826801697103,-0.0009106649792151034
2021-10-14,0.03854040072914344,0.025925193355801124,0.028950745135883693,0.03010698381931909,0.04549848801543899,0.008133064585311711,-0.02102527264172105,0.017661196854828143,0.016932779801597242,0.053826945485468736,0.040280764065858454,0.024920048000811823,0.01737426307440937,0.02831135723326228,0.048060137777047096
2021-10-15,0.005334450793123446,0.0011608615527489707,0.011969589266255243,-0.0036348716488010524,0.014274851389826093,0.047517126276428234,0.020624480404480394,0.02816713131972448,0.027306754515330045,0.02489594166405662,0.011999148841934204,0.022842838141228672,0.014000056905471459,0.053104919097825665,0.07950855024268844
2021-10-18,0.01646681965381558,0.03844093340182453,-0.0006145249182447632,0.012843100800649099,-0.0014948693284297931,-0.017056520630524208,0.011267450491918574,-0.017021936890380673,-0.02004796746721227,0.004957675593825206,-0.0020975349362395423,-0.00731949318134395,0.0017144930239743061,-0.012927531890888466,-0.007676349603252697
2021-10-19,0.003060206771705376,-0.0008588720592543897,0.018290659959471656,0.009904092691208177,0.016163003941355836,0.018797559889730975,0.03763801449287385,0.042059705601380504,0.031282974588232815,0.01894379613595798,0.017890846595872034,0.004671631319496772,0.0023983659020601067,0.0028780119702247475,-0.019279554432017676
2021-10-20,-0.00838948602228795,0.0005157530959285506,-0.002565725404812369,-0.004606175913265509,-0.041524967435167426,0.0010688285264401909,0.007772267901283714,-0.0027284957889399664,0.0044166853165690245,-0.0018605522244736772,-0.005477839256351258,-0.012877450681689329,0.004245741744148157,0.010596137451496901,-0.0029851997408697484
2021-10-21,0.026648014545606946,0.02525992316198722,0.006734350925057031,-0.0047768910735560555,0.025869363149034097,-0.002617112908790298,0.014058315859205806,-0.017707084349014024,-0.010966845870819864,-0.04483033548444526,-0.031129856641495368,-0.017387181690296405,-0.0005209628336237948,-0.015455527323028129,-0.004052423103051983
2021-10-22,0.0014983692753343103,0.004106241986514547,-0.010748205961883195,0.019423857271409828,0.01702721453328171,0.006259071867368737,0.013783001272450912,0.0005928074179823994,-0.0017627332748684221,0.048966517810441035,0.022695958935694316,0.003684573416544268,0.0011783626711483475,0.021141240136860695,0.011579037325716746
2021-10-25,0.01936099153982318,0.021198472058058693,0.0023554812501171973,-0.0012502813658991085,-0.01564344710847454,-0.0123234448100763,0.012285793135452305,0.0034994015411737855,-0.015128837310450116,-0.01060038814516373,-0.0038609567899731134,-0.0004583937349621481,-0.0028324893818205688,0.015237113010284409,0.0032817145347958654
2021-10-26,0.06695151894229645,0.004658382575849718,7.572817675538523e-05,-0.027696431547000522,0.003538572367402848,0.01123675925619394,0.009645924524712246,0.017723614948762068,-0.006911714984229933,0.022630247362362077,0.01455105431281467,0.01979066941728158,0.021047872658198852,0.02828528813152853,0.04101452224215807
2021-10-27,-0.010761716430401802,-0.005287574426627084,-0.0056085901180096265,0.0012121666534181674,0.012347792411612213,0.0003561315386590991,-0.0038737631104468484,-0.007810069168591394,0.009780651240696603,-0.0017629183896101797,-0.010201974886729803,0.019054821461891525,-0.014292787556796083,-0.005131864428271737,-0.003390092226396413
2021-10-28,0.020040022129643953,-0.009159266669678146,0.018978578768568566,0.02920745428580207,0.015218523244027615,-0.0054681669653839915,-0.005159664718693224,0.02799888373786974,-0.00412238887030747,0.023924115730111994,0.054131600080506326,0.03258376921255435,0.004394515430798052,0.04492855388307038,0.02743565291141059
2021-10-29,0.025099108136108716,-0.0076758028810346435,-0.004861896856080072,0.004631434517203825,-0.00038120819585052423,-0.007001445467932577,-0.023193439338512922,0.0014139668719506115,0.020207434070925512,0.009045240929423715,-0.026756387865989772,-0.01055959882320523,-0.008670353626222926,-0.028887053075210112,-0.008227433583244403
2021-11-01,0.010169513091458304,0.04158695716872107,0.013303945076524881,0.020929231415249605,-0.006679975267035898,-0.003357660970317977,0.006466877207744526,-0.019335857272070323,0.02286948797118571,0.03710303853129804,0.05426822821291788,0.004638553304521231,-0.004545061846131571,0.027808549349414013,-0.0291581104120483
2021-11-02,0.022224739749020728,0.019164687631955557,0.0031156485440508863,0.012185620621497195,0.008261994217332091,0.003952892550077136,0.007072336255605771,0.00667459050071928,-0.010983679417252312,0.003424850171549032,-0.0028046747467352917,-0.005851245493466162,0.02098640206133462,0.007510724511153866,0.006085812859713213
2021-11-03,0.007461921174342967,0.02272194302504582,0.024033149879792992,0.010905924936420286,0.022167031704150908,-0.002060403493744256,0.0022411204862542444,-0.007110662693793901,-0.02794729000176066,0.0011583140565514238,0.0011583140565514238,0.0011583140565516459,-0.01661358264198287,-0.019829153853991643,-0.021759449574676237
2021-11-04,0.12042286732623975,0.05339769620689383,0.1273109801970309,0.05169846710006998,0.024662128365386282,-0.005984014694872641,-0.0018196008931623542,0.0004432412205948033,0.007822361145912726,0.017503867814246732,0.020352614776218303,-0.000700863475379343,0.0017353485311186745,0.0036317736983577653,0.011786651994996067
2021-11-05,-0.0016444276064007113,-0.008436390269886407,0.044327769412623175,0.021048365506812994,-0.004103560447662469,0.019044241333777023,0.009856698593647462,0.013225352050965533,0.02073354212501166,0.008281784513809232,-0.0019374109656973282,-0.0014052067350813768,-0.011107551903696944,0.003909356929066243,0.023032654054046864
2021-11-08,0.03535885398580407,0.10136429291056093,0.017297425872288885,-0.00215229296720032,0.003459066310909087,0.004919782022705155,0.044201582012695306,0.05984753316703317,-0.017854528796692692,0.01577441016591896,0.00819595165729381,0.0021992608105132483,0.010238614414240121,0.009208905902153175,0.0045149987756776255
2021-11-09,-0.004772031844275326,-0.008257894665175458,0.0053662133000926815,0.02177000804696405,0.00014133163945295735,0.01600504791788926,-0.001003548275863242,-0.0037048533347414647,0.02877282066743936,-0.0001466892718873236,0.008916383439091291,-0.01612633658591045,-0.017528781656970138,-0.002406963692710984,-0.01461216617941774
2021-11-10,-0.039077760214884405,-0.06077090493575521,-0.0416215248129258,-0.03768608290554021,-0.03788007309823915,0.0041612162526392105,-0.017980756346925086,-0.007027190898502456,0.023111701643531823,-0.017842145882023708,-0.02170078855415236,0.0032814440875015283,0.014653365669508922,0.014315272620354591,-0.009359687947757878
2021-11-11,0.03160342026648144,0.04389790236643787,0.02891105990632159,0.023270871858366737,0.019000990726596445,-0.010791773300248164,-0.005169146778001732,-0.015406453889299399,0.00402839474272132,0.0004871371015773285,0.002307867170120881,-0.006223322885425486,-0.009857124434736964,-0.01477242022779457,-0.016673701910808747
2021-11-12,0.0,0.012875864348618205,0.0031627125299600323,0.018973554142483806,0.021886584929629915,-0.0048312637834192484,0.028815821473645142,0.0130756759267181,-0.017781135105405577,0.018405237476953662,0.007778852065369435,0.0150853778893556,0.01089364864979947,-0.008439638558777607,0.036271145509159775
2021-11-15,-0.012010459548777552,-0.009466454136603186,0.021644207680256322,-0.0035071845061075413,0.005976682013249857,0.007361989154976323,0.043492115643532836,0.015168074414614985,0.017285841490068288,0.01026633713286662,0.002527173778348768,0.0020264619649437154,0.014762410488953659,0.045789071424503947,0.07350530249955667
2021-11-16,0.005928266421197925,0.04068531115835228,0.07892698355897854,0.01017461926250629,0.004470477746280066,0.00433051058780376,0.010803784910784042,0.0010377103487124728,-0.0027208396841326143,0.012578340112014752,0.009543120453911591,-0.006248593986048823,-0.00511330986790326,0.0052577201376882154,0.002066020969695881
2021-11-17,-0.031188849407559394,-0.007281079911916399,0.009515299401707589,-0.01190922817501927,-0.0012664322584630128,-0.0017337225781791643,-0.006556153198026271,0.0077285277076812875,0.008299085469004597,0.026110316651059007,0.025353877939498615,-0.003764571197861666,-0.008867294233822487,-0.013842740447274626,-0.001898345423953951
2021-11-18,0.08249881776916324,0.02431616243966417,0.015146668564405719,0.01769462472914851,0.022874809000920537,0.007091353383428478,0.0556763799074913,-0.002542172327322567,0.007148700042943101,0.000639723083787791,-0.020453638870733704,-0.0014552102742949602,-0.0047015672000567665,-0.0021484286745787617,0.021218234453586282
2021-11-19,0.04135744594909152,0.0025158004057526107,-0.007084709861430505,-0.05486968930410596,-0.024968018528956692,0.0057746073225533046,0.0022346672639321774,-0.0023627844776460405,0.00010667455784574287,0.035628153051445954,0.014761858309232823,0.006907954217728607,0.01281309676282616,0.012205559415422673,0.014168915569342078
2021-11-22,-0.031195738300242026,-0.018595967579615014,-0.01945933745297357,-0.01652979721805381,-0.03665559887479353,-0.004374570555918167,-0.00869657654808964,0.005201478963124284,0.04247753496187112,0.004768191118853515,0.010861409342587836,-0.006902928095062655,0.04425931622613821,0.06389705722094341,0.07031346786025816
2021-11-23,-0.006571635782317897,-0.017046984203271998,-0.0025358358903415645,0.009284740364051025,-0.022125429059731916,-0.004036119392550663,-0.022321533847360242,-0.013250286509591702,-0.011012044660522191,-0.00567994095344504,-0.0056799409534449286,-0.00567994095344504,0.007140696140829572,-0.0024009104926121516,-0.03194845449405226
2021-11-24,0.02923198695375495,0.05256139927331449,-0.001271047843501294,0.002219504587289034,-0.0063037016372057275,-0.014063116563796108,-0.01357501968021202,-0.01840781932031965,0.022249247478065337,-0.020918992000985237,-0.0437597288396786,-0.021924365376350008,-0.0070155019604480895,0.003821955887897799,-0.04325744816553179
2021-11-25,0.0,0.0,0.0,0.0,0.0,-0.0005870202177841177,-0.005392016821161083,0.009116030097510164,-0.007625391056254038,0.0036490770740247314,-0.0023135163736681674,0.01339401370422677,-0.012988968339938789,-0.01502310957012798,-0.029123321243305633
2021-11-26,-0.03583889892722192,-0.018948069932440692,-0.027502700423276183,-0.03838660474700828,-0.025386436100995557,-0.011501789477704194,-0.02888046683753276,-0.023932981734678616,-0.04481399327115354,-0.020243522189581697,-0.02585131062101531,-0.03416284414040549,-0.020924481588805333,-0.018953699176562977,-0.023599706683440025
2021-11-29,0.05945477070319627,0.04586271051925017,0.04552187622509085,0.05534235027305301,0.042185479863602326,-0.008219820427751157,0.02159349654443954,-0.008112750585369977,0.019003451122683535,0.007879778053702102,0.019091643973306427,-0.0002123508406501884,-0.003674851794534084,0.0006382339316415298,-0.022806685951917816
2021-11-30,-0.020973435841947552,-0.021864050798921175,-0.017307102448024247,-0.02664985719994417,-0.028834004407383373,0.00898205557696774,-0.015589935392337106,0.013843012072597638,-0.009465753346973194,-0.013278870577682178,0.010378537937669297,-0.002322195123802717,-0.010626446579843907,-0.01404744136565772,-0.01488102326850782
2021-12-01,-0.03786094653244776,-0.058470637067229214,-0.023626981108366474,0.030436664122905688,0.01578005772149127,0.012803867877497543,0.06083683784704341,0.025778228920294355,0.003582982433791626,0.005967884860334616,0.010489929751372529,0.002606887642856215,0.05042996640609676,0.028737909866533684,0.07150808893906624
2021-12-02,0.021981859983497554,0.010529086305433921,0.007971133205748382,-0.03415276531759237,-0.01818402882026926,0.024041930882408247,0.013136669620924524,0.008671753222621259,-0.014452258146481545,-0.0021675142960467797,-0.010287595496187296,0.0031648543810778307,0.02379410417114647,0.03507444601194143,0.05701153542002957
2021-12-03,-0.044605632059684264,-0.0442659841595372,-0.002937317548306284,-0.004505694997092413,-0.022625434176129722,-0.014032108123331888,-0.021149653394615275,0.03531240902896737,0.018459471163659202,-0.005932584421285303,0.012870859682606595,0.01825708500863832,-0.002350729543821428,-0.01638254528611105,0.007140200470676206
2021-12-06,-0.021373025058138984,-0.0343725931328136,-0.006005292243168148,0.01062877550145891,-0.019610659530732155,-0.012390960300904919,0.024380598629994532,-0.026767001174369365,-0.0077763714330731926,0.012637123949040818,-0.01012536220178406,-0.003022513661698034,0.003825558067253265,-0.0011695093528931721,0.01897395768414656
2021-12-07,0.07956852284213656,0.04163676575991748,0.04713612961345248,0.0645271302813113,0.06560133100120558,0.01159356609293316,-0.0185041367836718,-0.01893891963164418,-0.01361810004555486,0.01507896598570957,0.018362895791221634,0.006157281086992761,0.01663377704575897,0.027557157330263093,0.002185366204715322
2021-12-08,-0.0185339517591514,0.0026924361285129983,-0.005932832003860633,0.002549586783961111,-0.0025934084005496683,-0.01121858193199976,0.025078133943765346,0.025753307292334826,0.0032173754692537138,0.027502375319131245,0.022011928237372524,0.014560142471691462,0.0031610863681406087,-0.009223657035152488,-0.03280881609045416
2021-12-09,-0.041978265351108046,-0.04916000495458872,-0.0020260232123265887,-0.029499691389116012,-0.03894639083699014,0.014057064960540266,-0.0051195641099729405,-0.01940923604486322,0.007786973735511404,-0.005843200669963355,-0.010040249694976855,-0.004684247669021757,0.014023596737061217,0.03292311196892683,0.00365005373941818
2021-12-10,-0.009576912693522899,0.0032584860851119224,0.008888412510530186,0.000524184708352804,0.011946625615623319,-0.006907697903712928,-0.011181348415048475,-0.01630868530557128,0.002951583751837239,-0.01055955555149335,-0.015414887669799704,-0.00911609833808913,-0.02060837965675133,-0.028244547077320825,-0.01502595018678432
2021-12-13,-0.06745484327411955,-0.03428365135600575,-0.0030455090200196544,-0.03686250034399452,-0.02221692428886457,-0.004828700835466271,0.0017947822322841311,-0.003068165984090876,-0.009295250708661218,0.013271498577062335,0.02321406035557194,0.016730847334756938,-0.002689528639052585,0.0068962718224208075,0.03337937643575595
2021-12-14,0.006249840331306489,0.01345293729972119,-0.007309795536097341,0.004282796777028475,-0.013185586257561388,-0.007275557742978167,-0.008593560628608277,-0.008819707129056997,-0.015110501767142015,-0.019000907133624012,-0.015124177128026384,-0.0009215268606502791,-0.0025816414537417343,-0.009266426392309901,-0.006511630225506937
2021-12-15,0.07488453210646528,0.08038343219662858,0.04011465617457888,0.04014067450066938,0.05014623027293563,0.0002887360349057566,-0.010711535907595882,-0.00627378952321711,0.0023898085451936613,-0.004217862151303042,-0.018069320523994348,-0.005241707745900159,0.008532367485549308,0.021410799254293567,-0.010054801645195122
2021-12-16,-0.0680258267511561,-0.053651881299328075,-0.05880182721496652,-0.04529482360355941,-0.04698178496499872,0.01460125386983413,0.029951544925248985,0.021340372511258643,0.030472458380147005,0.027572288277441848,0.05010294338053822,0.01600791168356408,0.002433604243541332,0.003904556281293381,-0.01104126811120787
2021-12-17,-0.020643302701957578,-0.0064194993765622765,-0.00757812938330138,-0.0037491380453018586,-0.006794624025205143,0.002655122280698974,-0.014401059051348586,-0.015131873154508924,-0.018906986421761585,-0.027734417022079128,-0.018595768252116285,-0.01681060774650467,0.0010915425006001733,-0.01758062536272098,-0.028982851118639852
2021-12-20,-0.0029494497147901644,-0.014156057700487779,-0.0007352369156048422,-0.007800188591014168,0.004014022649985849,-0.01728747752968296,-0.02105569278976016,-0.007387325229734176,-0.0074480592971614135,-0.026014051375465308,-0.013233866783741055,-0.022368866384114616,-0.011738425016752485,-0.012494986951878229,-0.007283131473529436
2021-12-21,0.048919532816169786,0.062223834744846274,0.01647133061309236,0.04420409431580552,0.04005939490195165,-0.0012488863024602281,0.033613694699115015,0.005352504045963213,0.00042425298012527257,0.04263735572070648,0.0447530145948043,0.020551973260150458,0.009795521153917797,0.029956923845640304,0.01961893489960298
2021-12-22,0.011177855270613213,-0.0025649574848353174,0.010023683913382486,0.005943591656409453,0.011595682631574178,0.008113019949697042,-0.0015288554567617352,0.012906400103297688,0.008075415943678221,0.004459115514014567,0.011104883128519427,-0.007480485819207017,0.015663785518617912,0.01909551296351819,-0.003752133631697907
2021-12-23,0.008163144441859282,0.01570749534430904,0.007498099594270391,0.020811640223981076,0.01172816503741525,0.010699912383144383,0.009915832878425901,0.005550719994706688,0.05035483694193976,0.01195474351316772,-0.0001896042436337897,0.012934460481148768,0.00926216445417194,0.006895363537323007,0.012765931508347927
2021-12-24,0.0,0.0,0.0,0.0,0.0,-0.00018678381372128072,0.026026384289631554,0.017661917955100304,0.003124012008590027,0.00898916563622043,0.0007381177152234741,-0.006715364122662271,0.009438918880646519,0.0058438889415552975,0.0019148203553354115
2021-12-27,0.04402827043082436,0.05624744255531566,0.019645168687196568,0.046497833637917374,0.012502989814275223,0.0013322976801699582,0.02030481074541801,-0.001972584615755668,0.011004241930234082,0.021968822944968602,0.009382038027000883,0.0003332227919099484,-0.004079797365432958,-0.015973493318905185,0.013491106946628806
2021-12-28,-0.020132324276837754,-0.007838861810590347,-0.008103827118837281,-0.01892815108132806,-0.008207789515183417,0.014690220801991227,0.026037802055356662,0.0046022514469115094,0.017341165308384365,0.014069210399340726,0.005089143662884155,0.011390487686155248,0.0014751220272892773,0.012135052346867736,0.007059905992706339
2021-12-29,-0.010586281809326858,-0.03192947818825009,0.007466612238673953,0.008393785945691512,-0.0034668492341052293,0.007035191644153338,0.013956966988550423,0.010165316333576202,0.0088593354296298,-0.009568126445937186,-0.016112258631879817,-0.0060714202828218156,-0.016074263157834,0.006389044890561912,0.018799329901951545
2021-12-30,-0.01383291481795712,-0.020976667513691094,-0.018636046926458594,-0.018635681616809396,-0.0021945214675022084,-0.004602105696183689,0.0012231885693996247,0.0017193543949765022,0.01182929394944221,0.0005911798532585166,0.0003130639415134251,-0.0015223877347729786,-0.0028360418985239333,0.03513884470988615,0.02658543452264084
2021-12-31,-0.005914929932193114,-0.008611781278416442,0.0007663536436113283,-0.003924492719910355,-0.005098524705594909,-0.001493263453697491,-0.001493263453697602,-0.001493263453697602,-0.001493263453697491,-0.0009995001836019535,-0.0009995001836019535,-0.0009995001836020645,-0.0052273492730861015,-0.0052273492730861015,-0.0052273492730862126
2022-01-03,0.02414061292898606,0.04405845632794425,0.018264201711158723,0.016331814164344927,0.0016957843278664342,0.02440866525678409,-0.03512736069327038,-0.010941632775784194,-0.020680845631317446,-0.0006860637486671983,-0.0006860637486673093,-0.0006860637486670873,0.0017764108669273693,0.0017764108669275913,0.0017764108669275913
2022-01-04,-0.027588770594372036,-0.03873806650308964,0.005477845529209713,-0.009816662283254174,-0.022947104643246452,0.04253248945445742,0.015881783494310797,0.017059664809080832,0.018920352287986386,0.03062235254665069,0.034109335119712814,0.035225136832065296,-0.0006967212422241964,-0.02474941234388306,-0.02153614541599791
2022-01-05,-0.057562254071146346,-0.05726356721585413,-0.003899018043423963,-0.029173872014592206,-0.043019140372875575,-0.005213944776676249,0.012586566698230772,0.04150021945942339,-0.0028379294617515427,-0.02121108881503131,-0.008161437674657601,-0.01953789071735401,-0.0180142869700457,-0.02483188740986042,-0.03502705147325058
2022-01-06,0.020794115424898063,0.0005876006951239798,-0.00294913108137973,0.016911450052180976,0.02340185370254244,-0.012135286295940406,-0.036874285800834516,-0.025388029666163492,-0.03269463888466173,-0.03593600182647683,-0.043947636628003606,-0.03098879202028504,-0.008738571349132362,-0.006268088071068045,-0.030007192832746443
2022-01-07,-0.03303989226762738,-0.03105039903252349,-0.029792827835863456,-0.03537188643906408,-0.00919903356703633,-0.016369102442678418,-0.03166524509931867,-0.01927187119318441,-0.013861198681281661,0.0008824780942349175,-0.004238363611588136,0.0060739706765706725,0.012691683128876141,0.010497663180394579,0.023001104294766872
2022-01-10,0.005614983964511877,0.0,-0.004046505239967857,-0.00808943028295761,-0.03826241711870304,0.012802299062795175,-0.005913107211831248,-0.006062363439159002,0.003415608473252618,0.002136359875050342,0.002136359875050342,0.002136359875050564,0.0035760872311436653,-0.012395184317823715,-0.013552267415283925
2022-01-11,0.015219218604369145,0.04022725423177076,0.03183452456233815,0.01911904303210754,0.002736914039376037,0.0146096170643355,-0.011586518463081341,0.006868562547913903,-0.019384116406302998,-0.030575091510456676,-0.0195256854370367,-0.019804662574511522,0.010516866823421456,0.02707411750631228,-0.023681874814069803
2022-01-12,0.006542698019120996,0.0011652732135625232,0.005501595320816621,0.04657245875694627,0.017842282528500952,0.012793506137316779,0.0036077334801163374,0.0036728649120876256,0.062332732192152296,0.03697347761389791,0.027225876491038692,0.0371810921600626,0.007280724143766681,0.011215409968536427,0.03213380681625089
2022-01-13,-0.0508588247731494,-0.03440747570770164,-0.013571498902925527,-0.014854104708291405,-0.01628982105564858,0.0025459354552126445,0.01486814775008205,-0.017681792144554564,0.014804815046031594,0.009273567950418116,0.021610120152567136,-0.003279240420415608,-0.009718734434762788,0.010799050979398483,0.021462273897670192
2022-01-14,0.013809915964184238,0.031188784227236255,0.026102383459962963,0.06247616064606509,0.019792355492368907,0.017843747726585146,-0.030673117470788602,0.005950218302610111,-0.02599874428792326,0.0031890483727410324,-0.014425902764213072,-0.0220872008025631,-0.008312567661363568,-0.008332492351612597,0.03274392325357489
2022-01-17,0.0,0.0,0.0,0.0,0.0,0.017402644703632397,0.04801278065376802,0.024737621008441346,-0.021098783248078345,0.002794414730451944,0.004874187436618493,0.0017002938353800623,0.0006056919075962952,-0.013626753003605718,0.0007099415507219042
2022-01-18,-0.0385645504526172,-0.03616315042704099,-0.05209583849842525,-0.0876647366739518,-0.039354040171863613,-0.02670712173087042,-0.004838010716094132,-0.00048105534795905847,-0.0447867111572674,-0.0015511917728637803,-0.003237478175349806,-0.00974514572328311,-0.0073699503776284425,-0.004857513723083073,-0.018358006542418148
2022-01-19,-0.03227400308852313,-0.027741898025528955,-0.03572617325294647,-0.06097393908466897,-0.02294340705260134,-0.015405650221686495,-0.007871331980771612,-0.026539318617749497,-0.009590639305402493,-0.06041602893386788,-0.05273506043179621,-0.025217621364792886,-0.011516341584934864,0.0014950466858940636,-0.029703021564092214
2022-01-20,-0.03658195239563322,-0.04973886856088816,-0.0346148730352438,-0.027399270924018393,0.010932641726344894,-0.005721710596113261,-0.01022035578444147,0.0036166578498366686,-0.013704137936831895,-0.0027440702344802004,-0.013889018526131336,0.01617506929756174,0.006688492873171636,-0.011755188772225145,0.04636236633266999
2022-01-21,-0.03213264031429086,-0.025268700028529656,-0.009429380928099196,-0.029392686108598798,-0.01660385493828276,-0.01778910369793474,-0.02076931613388544,-0.040287225192707776,-0.029151667550996407,-0.059067126777632484,-0.03681912092556161,-0.01763930403153169,-0.015303594971826984,-0.05140887452155618,-0.029095687016604255
2022-01-24,-8.570646232453072e-05,-0.019190293966401595,0.031164904107004787,0.031319484127291686,-0.010522227681990293,0.015943247931204274,0.01591406059996192,-0.0027265155566501553,0.019464134584572523,0.018028578420351105,0.018438483417938967,0.0037025258594582944,-0.005838239360488995,0.0007805738236992266,0.006317442909111959
2022-01-25,-0.044839946859075996,-0.04634001186343695,-0.027165482821719156,-0.04522933096094084,-0.05651548456808664,-0.017408071568325023,-0.0036048863566634504,-0.013806037983848385,-0.014393208384476996,-0.028794129283334358,-0.038606735253954305,-0.03420224616618173,-0.0180754003642577,-0.011853528169506133,-0.00759136507282121
2022-01-26,0.020068061756980615,-0.0037793411259388066,0.009368600538297134,0.01947495522618392,0.007231266204076103,-0.009021784712923031,-0.010436378135299962,-0.013216341839065615,0.001366527282275154,-0.006904056455260599,0.0033134675746189224,-0.0018421227666255424,-0.000367813239051773,-0.00036781323905166197,-0.000367813239051773
2022-01-27,-0.03636033349112877,-0.07325445467815028,-0.03473056938286656,-0.040050155476830884,-0.02847274749917228,0.00121096250628705,0.00121096250628705,0.0012109625062868279,0.00121096250628705,-0.05541307900764503,-0.07655434923602089,-0.03098216089796868,-0.04012204809554942,-0.04176470758527351,-0.016157211527011883
2022-01-28,0.04083132381366261,0.025730988585875414,0.03480123543099656,0.01767175816944988,0.01624507521894558,-0.0033145735411341803,-0.0033145735411340693,-0.0033145735411340693,-0.0033145735411340693,-0.01862446161941067,0.03516880781362919,0.07031682717704357,0.02563310409584063,0.059177394170828235,0.02974057905159122
2022-01-31,0.0720666819245126,0.08561385708021096,0.053653976192679975,0.043261642030621106,0.04997136679393854,-0.002533489812645673,-0.002533489812645673,-0.002533489812645673,-0.002533489812645784,0.03403309597885107,0.04443526569284484,0.0031518711087750173,-0.003519056841015722,-0.003519056841015722,-0.003519056841015833
2022-02-01,0.006207564257745268,0.02214440944679974,0.007794917178105987,0.003112092014986967,0.006320198154077472,0.0020381619467506606,0.0020381619467506606,0.0020381619467504386,0.0020381619467506606,0.01293293997212075,0.02005675507008564,0.004905628522804184,0.0021491352154194843,0.0021491352154194843,0.0021491352154194843
2022-02-02,0.02451491954867424,0.05120742780820908,0.062496211478527686,0.015510926040754658,0.007733088112768627,0.0010128597854033305,0.0010128597854031085,0.0010128597854033305,0.0010128597854031085,0.023832416808514,0.008500845258112344,0.04798420354866839,0.00217879011824329,0.00217879011824329,0.002178790118243068
2022-02-03,-0.051263750149517895,-0.021831217485657084,-0.04835272525872614,-0.030192748850032092,-0.05943956727560751,-0.0003062666935451652,-0.0003062666935451652,-0.00030626669354527625,-0.0003062666935451652,-0.019985287068706614,-0.03477703125142051,-0.03032496635219495,0.0021167698466502127,0.03122393217619579,-0.001956773600787498
2022-02-04,0.015491714278637714,0.029313762403325283,0.0020658615600770425,-0.006886485172637902,0.010651646937174242,0.00024866294682834855,0.0002486629468285706,0.0002486629468285706,0.0002486629468285706,0.01013920866603124,0.0002739581420436732,0.01124201334004038,0.009238710225837776,0.0037228317601814,0.02553409963937381
2022-02-07,0.01681824540444743,0.0005663405800031551,-0.024405163182263045,0.004131107410781487,-0.004258529700767677,-0.0035872790964077694,0.021190935691614232,0.010103286580600335,-0.06803243563974426,-0.01602535773364666,-0.029679822062691597,-0.03487796936400678,-0.010843429962631657,-0.009374232318486997,0.01334533489180978
2022-02-08,0.015367192504104343,0.03687230230540117,0.01998962810488991,0.01924618001984868,0.005291690493063994,-0.011947631013525362,-0.0054755898260422375,-0.0009344130080818358,-0.03701169635896395,0.005384977903959198,0.0024850435775298774,-0.000712333574106272,0.00020051822640310135,0.00020051822640310135,0.0002005182264028793
2022-02-09,0.06360513590230066,0.03602909248935071,0.03001274240271634,0.039278991998935586,0.041165248541152444,0.008715742089548062,0.03273544071881496,0.020763032306286844,0.007957992896949095,0.007436310195081619,0.007818830049083347,0.000684285804990914,0.0004095675552295841,0.0004095675552295841,0.0004095675552295841
2022-02-10,-0.03299006994187437,-0.053293256568859526,-0.053709922399473364,-0.03072087052567274,-0.03452569481675305,0.02618090929848793,0.027454030138281738,0.015600818166825237,0.04813377131690566,0.017546702619592347,0.027205996962266665,0.0043774878610136625,0.03489194927222905,0.05489998907650495,-0.042755055921546714
2022-02-11,-0.07260679098215661,-0.10010333683653394,-0.0541737749359118,-0.05208571515786231,-0.04359988009324789,-0.00010425900177490899,-0.010248872407033316,-0.006465454850178465,0.0024493647818859543,-0.0038346506679065584,-0.0038346506679065584,-0.0038346506679065584,-0.011037696547912645,0.01478367391458768,-0.03999169344023701
2022-02-14,0.013278092700975686,0.00963064441554673,0.002976234352527918,-0.004755191211431753,-0.0005253290990530068,-0.022795188458441085,-0.04187125273498604,-0.03189548726154423,-0.024558951683352537,-0.006007884936685026,-0.03259867759459956,-0.01464057029032717,-0.015930886587623205,0.0038798109477953258,-0.059742771992900345
2022-02-15,0.09181208703515598,0.06300870560210692,0.047659522518769704,0.06051860338538617,0.045388684498137266,-0.004703154623092343,-0.0029456760598486342,0.0015864336985518257,0.0015864336985516037,-0.023631347363330835,-0.003910620636325524,-0.0401130620043475,0.0015701250299096081,-0.040004563573558416,-0.025745472240053968
2022-02-16,0.0006038015013216658,-0.031118784401992894,-0.0023121307311121386,0.00800936211941572,0.011349687533857233,0.022045003892677384,0.028790361467827763,0.026514309946545023,0.005655990364347163,0.04817803847812496,0.046877059457618886,0.028840674270847133,0.015374904593139727,0.028014222673154343,0.04719261255655982
2022-02-17,-0.07559109378449635,-0.0452034971914701,-0.03360403095245856,-0.03185287435369344,-0.02023029418159461,-0.0011926654250057345,0.0003559458630346679,0.014995177247856928,-0.006572054866699761,0.007166075233016267,0.01357279991405913,-0.013530401943243064,0.002740537418839839,0.019225345839678942,-0.001421366250905165
2022-02-18,-0.03529627158713533,0.012992783205365344,0.005036147446739747,-0.022862083224570284,-0.00399743504204797,-0.013321951556457323,-0.009771759597467344,-0.0009304223085382368,-0.003717110255243128,-0.01979249929624638,-0.016049159232866095,-0.007577100206190623,-0.010911809480423695,-0.012853684673212018,0.004358208518964624
2022-02-21,0.0,0.0,0.0,0.0,0.0,-0.009034819870901933,0.007723069517932002,0.008409059681256492,0.005789847073788268,-0.030198415956623093,-0.01963899790990198,-0.029374086551428702,0.003004081812761461,0.003004081812761683,0.003004081812761683
2022-02-22,-0.010658875909959509,0.015988752223033753,-0.01043908947539618,-0.021410991289926073,-0.011669296676744101,-0.0058570257699883665,-0.015664704771375382,-0.017016070178347276,-0.018805300198285524,-0.03749532811342604,-0.04505067983900024,-0.016119508203713218,0.00032635731793972944,0.0003263573179395074,0.0003263573179395074
2022-02-23,-0.04288150381554123,-0.05092952280100438,-0.02573971961225663,-0.01842461941083584,-0.013338324360498977,-0.004084821698521313,0.008102798685895696,-0.010597996694773015,0.006187617513579324,-0.004231246167355596,-0.004231246167355374,-0.004231246167355485,0.0016768956551063141,0.0016768956551065362,0.0016768956551065362
2022-02-24,0.060793875425481536,0.06240887701167419,0.03935143855000289,0.043484936568344734,0.03974802057306759,-0.03482389300598998,-0.054770039559594585,-0.023786906870463254,-0.035026486545121416,0.012893659769040111,-0.03978168189631681,0.004931094865481045,-0.037458724096054,-0.06822245550073924,-0.016065267682209394
2022-02-25,0.017222627354666065,0.038161366306065814,0.017561542814087394,0.017238584583254335,0.015650623315224932,-0.006929796043518288,0.01649166883745501,-0.010913996029707107,-0.004034270231143888,0.05178313494073161,0.07083085962819413,0.012929459984007297,-0.005746067746547401,-0.007241196865840349,-0.006809798075980478
2022-02-28,0.009438320824494362,0.018833626509808354,0.006201432360475989,-0.011199218708533687,-0.0009144400136712472,0.003733554516334836,0.003733554516335058,0.003733554516334836,0.003733554516335058,-0.014783508427893333,-0.016388206254946858,0.0064288965557710576,0.007022465467908967,0.007022465467909189,0.007022465467908967
2022-03-01,-0.03723605969351018,-0.07710389808009444,-0.04825872709217016,-0.034202807112585054,-0.04846110990695307,-0.0004575493287058974,0.013360993390768128,0.03678610503915114,0.016976092356612016,0.03826398824128052,0.01658715319693327,0.02316365571486223,-0.0027812509815237085,-0.0027812509815238196,-0.0027812509815238196
2022-03-02,0.031823856437509956,0.03909335743354214,0.03827984780694749,0.027543962663632682,0.033364053299207885,-0.007492845646479562,-0.02067427553142065,-0.007380573858242756,-0.005388430558013302,-0.017856816854057933,-0.01969936795427152,-0.009001331333897133,-0.006454842162706975,0.012516649983570938,-0.006670948917587571
2022-03-03,-0.020891798007064977,-0.053263404526395663,-0.023042717323314976,-0.01907171376642458,-0.037505557005444,0.004396372885254074,0.0027278620252664254,0.012510583339235826,-0.008764730289182454,-0.0013643456492439254,-0.007045541226319396,-0.011802102263992142,0.018612528544733387,0.033904273378917216,0.022936666742083167
2022-03-04,-0.03280771969883001,-0.03188068929990051,-0.018687700853853184,-0.037507663658727375,-0.05781627436696335,-0.014446737950016164,-0.0536326448647384,-0.017303477848282567,-0.03030977985545069,-0.03785627204948028,-0.04087481794118186,-0.031552816834369724,-0.0023548834097375515,-0.0023548834097376625,-0.0023548834097375515
2022-03-07,-0.06906166378158018,-0.05036441776060496,-0.07494153363480227,-0.051853106766295176,-0.03361827314742394,-0.03453174292806538,-0.05425287064349493,-0.045705771196201894,-0.07105476254953047,-0.044390362415557716,-0.05151000101409231,-0.05906930941745525,-0.04688088167212534,-0.08180516758944079,-0.03800619636025948
2022-03-08,0.007586967224534558,0.025060727610820344,0.004396999675919888,0.041352150592431025,-0.0022633458796154082,-0.027750954244336934,-0.014511545225934452,-0.020588792513068443,-0.021216407027506934,-0.007503700974320182,-0.0024393212312042722,0.004716627550981123,-0.021102183313793765,-0.025044763312483398,-0.03662328238607582
2022-03-09,0.06972214379875386,0.052307441829932744,0.042120332641804925,0.036004916804169174,0.08428740206690932,0.00790069523278869,0.0021405969824053184,0.0208594013687049,0.021770649484381677,-0.0028230602020599127,0.008020785291081634,-0.0033239083949949677,-0.0006568242355174947,-0.0006568242355174947,-0.0006568242355174947
2022-03-10,-0.015468891767799087,-0.04133276759250393,-0.015276191660579475,-0.02837826060946691,-0.03423287082140081,0.03474497588322989,0.03131066896645596,0.02470332884413251,0.01876204209072574,0.046434187597829135,0.03725320939264276,0.09560208050275243,0.008076980650054244,0.008076980650054466,0.008076980650054466
2022-03-11,-0.024627057721748336,-0.020383225508235125,-0.015319073404047145,-0.010642527734149976,-0.023697274345124697,-0.02157469469486284,-0.0332791109582673,-0.0011554338177496293,-0.00427679920428603,-0.028999734271029087,-0.04788518599045488,-0.031551820442120904,0.0027919817305677164,-0.004370824697946585,0.012661700375031115
2022-03-14,-0.03484145892706725,-0.019560848572431233,-0.07253493456469717,-0.02838881685380279,-0.014167368258464208,-0.009079567620918882,-0.023535667879448163,0.010985095844254333,0.0023630103164093974,0.0014364579485046658,0.010345612358100498,-0.0034544626637915687,-0.0038644140952162065,-0.023537791867434543,-0.03404078090949969
2022-03-15,0.07702758430550793,0.0692420716973563,0.020666887004480383,0.035628082553168294,0.03315740449164717,-0.027896880932553603,-0.0457316700395094,-0.03379292156792835,-0.05938551555383875,-0.006014099326142497,-0.004634868903346301,0.006763444450595735,-0.004154449480160638,-0.004154449480160749,-0.02764141454357194
2022-03-16,0.06629516019540693,0.055245594204423654,0.043269972235992604,0.048790344029639776,0.09038030493256688,0.004674215563327699,0.0030406246688428062,0.00882038903279092,0.04591490097156625,0.03171457410406697,0.019745678911083697,0.006192422705222578,0.003147931496290335,0.0002979794320459028,0.009962711783802147
2022-03-17,0.011022207088884128,-0.031897375553150975,0.0158191051608787,0.011572709171987716,0.005333531571656724,0.04815242844440437,0.07251585116722437,0.04218679232964684,0.07625740596637409,0.04346114917862143,0.03723473067870242,0.0209852120384455,0.015273960515893359,0.015273960515893359,0.042801396022601246
2022-03-18,0.06811752756543776,0.01584740446214039,0.007590220358897781,0.023865648507750636,0.03938218235709723,0.005402907347120234,0.00817365216740229,0.016863905606495422,-0.00028311057162222486,0.011735596127738335,0.0077651463861800885,0.011522935507317422,0.014774073177990177,0.08015563890680988,0.035573016617016284
2022-03-21,0.010622614701002675,0.02168164202646561,0.010390471662141909,-0.006955962053191489,0.004486333848926272,0.0022741831626698072,0.0029522648464979095,-0.001522766612358617,-0.006277380383596598,-0.006515016594123346,-0.006515016594123124,-0.006515016594123346,-0.011348159037112615,-3.308001905322211e-05,-3.308001905333313e-05
2022-03-22,-0.007855133848627016,-0.00983436342008015,0.012982851786930372,0.009537816930353493,0.008536940983913999,-0.007010111061725888,-0.004962335956023467,-0.006653516220539002,-0.001900702127193954,0.016370233434271464,0.01849774094099188,0.0018592105428261174,-0.0020363828645848514,-0.011715680338992285,-0.006211088450132518
2022-03-23,-0.033554582138068834,-0.007492599925926102,-0.03007429673067552,-0.029967285299185575,-0.0339460570351271,0.009966327376011108,3.0799524858293736e-05,0.007533761094854263,-0.0034970093072060893,0.023060154893971063,0.02785124435771902,0.01827693304642386,0.006831959371665475,0.003975536704488247,0.003975536704488247
2022-03-24,0.09815093873259673,0.05802318044764032,0.03656720424883053,0.05455779935501992,0.0378442542789863,-0.0015425451618779062,-0.008332974722959019,-0.007955911284233563,0.01454110786458318,0.023662677764958673,0.011258721466089971,0.0025487139786386503,-0.01241640165721869,-0.026742850732697332,0.005032922614858881
2022-03-25,-0.01626994981561003,-0.007135158210084369,-0.003092491053766855,-0.011039836285076765,-0.004605296792663305,0.008602569165399476,-0.004229548072255174,-0.00795065247721849,-0.02357646127455726,-0.0036863507711630827,-0.004796367003295554,-0.001639543734901383,0.0003777757948781879,-0.02037692741205921,0.03192127648006515
2022-03-28,0.019030865416719056,0.004763096043667758,0.0030385421798022616,0.004377902887486851,0.010867938760173335,-0.024007837970922874,-0.007815026583371631,-0.010173869199330388,-0.015504330535638933,-0.012459720359960347,-0.009769039971950999,-0.022321300457109783,-0.007003020688020611,-0.005578297609769578,-0.0026832461088779347
2022-03-29,0.015486002289366585,0.024866978927858163,0.016535292268134327,0.027458843362281327,0.020594964625705536,0.0045428060171450735,-0.05771200905281049,-0.003984905124256977,0.00204226659570228,-0.0068222875401908745,-0.005015261780208502,0.001679197280424205,0.007766265696593777,0.017547619103085665,0.020919394277673087
2022-03-30,-0.033710263994772505,-0.03254079385696007,-0.05177903277442075,-0.0398755597861955,-0.034661811448983615,0.024205223066039894,0.00873554602211235,0.015142438355320698,0.01601182065784723,0.0030532508086111854,0.029664653247168937,0.007560112423012688,0.012900769744853546,0.023007918639804892,-0.0009390997618653474
2022-03-31,-0.014590084675702775,-0.0828720414498435,0.0005896306768851112,-0.029455219562650292,-0.024293133633273123,-0.0014176621138071166,-0.00736789607249666,-0.006003499985277272,0.002106705431956568,0.027733818255094134,-0.0002571370712720622,0.00824257211130175,-0.0053691925243181116,-0.025848879841029015,0.007553993988121066
2022-04-01,-0.021036379115593418,-0.010517595893551834,-0.03814963531991156,-0.03330794356576605,-0.00029929176520226974,-0.016506720507962536,-0.008656118165375037,-0.003148597988064661,0.002793838478682531,-0.022699859626039598,-0.015441830610077978,0.0008431745629329246,-0.010502958952337105,-0.020235269072114703,-0.003342987726430602
2022-04-04,0.024258799487819838,0.021628581986195217,0.04639751530097902,0.015932779391200524,0.01961887997966083,-0.00182431634044522,-0.00182431634044522,-0.001824316340445442,-0.001824316340445442,-0.03336880836692513,-0.01950871514890873,-0.008552721159319043,-0.0006273736919806261,0.005078540007865007,-0.003511732383196464
2022-04-05,-0.05222970784623793,-0.03356553990270705,-0.05428768395342398,-0.05971890009212544,-0.05048247606713907,0.002780845478168814,0.002780845478168814,0.002780845478169036,0.002780845478168814,0.007192865224904477,0.007958938664587523,-0.013344200209157608,0.0025711875973160048,-0.00027050859757071777,0.004020104444077299
2022-04-06,-0.05877125795824745,-0.02948887413291701,-0.04248583945749995,-0.019554575270714913,-0.027766772908154436,-0.02089162481067941,-0.022212963208095182,-0.016718164360072674,-0.01556119890575236,-0.04292254036385135,-0.0362144625867683,-0.024550881658925605,-0.014054759317216448,-0.03390288770030436,-0.040974429268538115
2022-04-07,-0.008153205008271991,0.00048232905026512896,-0.0004304843153425386,0.02572694268700282,-0.0051072619298803135,-0.023222399342200717,-0.0387034150602481,-0.024027995717819883,-0.0070067328087802805,-0.054992271370710055,-0.05491903815867738,-0.024998985608850388,-0.006361619241060268,0.005373385471941994,0.009855001472719227
2022-04-08,-0.04498531035621267,-0.02622446190407679,-0.01817306821665965,-0.019934629342395538,-0.02298081202374902,-0.0007829775407480755,-0.01427991635017678,0.004451074965492019,-0.01608544644066401,0.0011493723971343073,0.0038781725917085286,-0.0066587194151345175,-0.00706780096464199,-0.017299797274213824,-0.004138565465701904
2022-04-11,-0.051992064147479256,-0.03594056686552449,-0.009729864212191797,-0.03101038177638804,-0.02159008043121957,-0.019017261952722242,-0.007941440083735096,-0.02898274793351041,-0.039774616232043924,-0.008624263258502407,-0.020566505484967523,0.004450032728375408,-0.0030747084334264985,-0.008986837073045928,-0.033821265336795636
2022-04-12,-0.018843838516248712,-0.02331317868367444,0.005393226296757092,-0.014452822882622618,-0.006257165537700282,-0.006605850600756802,0.002319865501357876,-0.018037311906669906,-0.033255943511027564,-0.029904943112911586,-0.0444393297903406,-0.038467412770556986,-0.018695802058151023,-0.009973570581802926,-0.041677124832770085
2022-04-13,0.03250581347402215,0.027760246393346177,0.03240451831022262,0.02007691598625594,0.03158259267992758,0.028477166036092294,0.04487869288182034,0.025632497733913517,0.012827466136501542,0.03386301779242529,0.02944500400160721,0.012908568853460034,0.03075632178975707,0.02336246763497818,0.036861520773062706
2022-04-14,-0.04256181132569681,-0.047882140448772925,-0.025551141409202116,-0.02995039100907737,-0.02430003793809765,0.005934204210998217,-0.01578487390962191,0.009994643512315715,0.010801590419047713,0.018632208710303466,0.01792223851163066,0.010042155707722378,-0.0130651375539107,-0.022187208211711607,0.05654188425176487
2022-04-15,0.0,0.0,0.0,0.0,0.0,-0.02256621333580411,-0.0370010961967131,-0.019460185959413012,-0.037026880749371216,-0.05594189887330492,-0.04646872597157836,-0.015084390413400373,-0.018931979527654796,-0.02375310717143253,-0.022966970504888606
2022-04-18,0.024696482008950804,0.008918996914137,0.01760259377865836,0.013320247950043607,0.01289607347173094,-0.006744780989675014,-0.003778134512010256,-0.004974071170816274,-0.00828000701682996,0.0020815457281229133,-0.005862620637811955,-0.02283949089102466,0.0031405819988241657,0.010911182227637095,-0.004272596278617757
2022-04-19,0.01905153093490486,0.03237832501107163,0.012417508427244206,0.019065120976050398,0.019105452450038474,0.0035797152024881207,0.002455568580507883,-0.0014901447970222526,-0.0018648364995550448,0.019023737237529037,0.02623038651637377,0.01626400614751211,0.003065889347980688,0.026044413463782945,0.005922776453629819
2022-04-20,-0.03225500647651092,-0.030021702805606898,-0.005033690027942184,0.007090347801677721,0.027157061353270562,0.007480077228392945,0.020093539082396195,0.009840756343964197,-0.036251494582118626,-0.029516340175091305,-0.02992432642073728,-0.009697626649375901,-0.0019478075280153773,-0.0034285253982769825,-0.01219603158556537
2022-04-21,-0.06046949025754278,-0.044352247583842375,-0.030140962301191565,-0.018661467112535912,-0.021974541085816313,-0.005705751358831335,0.017154876969054822,0.006126539981511581,0.02384652731947612,0.0461237105549257,0.03305559277255732,0.02721666782827481,0.008935658240394995,0.008929195740494444,0.007436591078375798
2022-04-22,-0.03309707819092311,-0.019031709666252006,-0.02424538736069959,-0.024980358738859287,-0.019952484149391436,-0.01662140881434171,-0.020344784910838798,-0.00828790774362631,-0.026150305581199462,-0.024010161757680226,-0.01578331310252934,-0.011696731015958584,-0.01703047081644915,-0.02873502314708476,-0.03019987753739739
2022-04-25,0.019830906707541063,0.0289312805697306,0.028236027016072418,0.014804734713618872,-0.01282044693533102,-0.020449020804982454,-0.020641766102864945,-0.04612512130844215,-0.05252515657645118,-0.004051352176650758,-0.02379804515900752,-0.003498296945112056,-0.010981053520313089,-0.023151217988817474,-0.03979276832276768
2022-04-26,-0.05597421046859119,-0.060976939358555415,-0.022407724088764347,-0.04848427346062978,-0.06566980494031094,0.002182223536488781,-0.0007804476709187824,0.008263274911588736,-0.0289005683728063,0.012015554515024451,0.029702821367766363,0.006172275591046272,-0.007844902707168644,0.022800388920333647,-0.01423129256725053
2022-04-27,-0.01985301866668021,-0.0029356504139188555,0.011985169654686878,-0.0010098539065902523,-0.006334312811146825,-0.04014766428051153,-0.03355424360327164,-0.037212861941953945,-0.06557172453882454,-0.011220099025712305,0.015536999246588135,-0.010967719211276594,-0.025611652217468195,-0.031438982587948305,-0.02485007606422074
2022-04-28,0.0742329185781132,0.055705988971118,0.0968910280024784,0.053487605162438,0.060443597643834446,0.006962303668204939,0.02217104363843525,0.010519739069467127,0.03353437114436275,0.003514412965093916,0.03376096289862307,0.020726713071396174,-0.00746207053411696,0.004777279746650098,-0.026880080560441888
2022-04-29,-0.062430437795226834,-0.04596165522796514,-0.057358842387568276,-0.037337397767627234,-0.045331066934657716,0.010499367783847635,-0.00023933771510697976,0.02523473948553079,0.005083064655224012,-0.01847709566152589,-0.018477095661526,-0.01847709566152611,0.03521017472917043,0.022543984577402254,0.005130464434216053
2022-05-02,0.053162047773290144,0.05051449794665608,0.0399454702157489,0.023742575625375517,0.012983988960647785,0.0006353076709384453,0.0006353076709382233,0.0006353076709384453,0.0006353076709384453,-0.006360059425577935,-0.041972030999655296,0.001118609210375876,0.006235440223123945,-0.010184687088234057,-0.012028873719898248
2022-05-03,0.003532474960591614,0.014358870971850957,-0.006952348181047396,0.007347119017848458,0.006149235797773711,-0.014704867058613291,-0.013743589004197365,0.0014165114612867402,-0.0036359799473095755,-0.0007762383575974363,-0.0007762383575973253,-0.0007762383575974363,-0.00036954914327824717,-0.007841001812168957,-9.146629566525455e-06
2022-05-04,0.03734328875897108,0.09096895825064255,0.03320391835674674,0.04402434437610703,0.03848063940577173,0.007786243676078275,0.013123206130448928,0.00943896728910909,0.048465438065166566,-3.072491328426352e-05,-3.07249132841525e-05,-3.07249132841525e-05,0.010464722376936963,-5.400543157896287e-05,-0.0021624575653779177
2022-05-05,-0.07327631382119482,-0.055823732896596145,-0.04971484339191423,-0.044945437256175946,-0.048039230030136104,0.02130226686965031,0.020793203600707466,0.027060677502077857,0.05440805921540326,0.006910457600694642,0.00691045760069442,0.00691045760069442,0.007638880218737487,0.007638880218737487,0.007638880218737487
2022-05-06,-0.008968505158448825,0.0156598865270845,-0.0074839154656841655,-0.008548645895829599,-0.023344026232847925,-0.037896158437465854,-0.02060612247344129,-0.039429914800353516,-0.03842125035074928,0.0012782804268027803,-0.002702099195168617,0.012560783707311396,-0.033896177007619155,-0.031574434087714986,-0.04324945908986688
2022-05-09,-0.09236925657755768,-0.0941891763422501,-0.04026165006921134,-0.05999987897263526,-0.06958260384937798,-0.01658963211290554,-0.026603345106350096,-0.02020250997076356,-0.048323271044719784,-0.023381955463846027,-0.010150690295606446,-0.017385991483873098,-0.001125911288954562,-0.001125911288954451,-0.001125911288954451
2022-05-10,0.038052952719157984,0.027443292378786177,0.014008350082661769,0.013522306071039658,0.020891169232155615,-0.007227929011689449,0.005185960332025674,0.010373337230991098,-0.005282463702038109,-0.011206379469805516,-0.017086686971668485,-0.006053659117414512,-0.01569562972383487,0.019459477785316315,-0.017452103348169934
2022-05-11,-0.05484539427224955,-0.009128875885757393,-0.03296547369836533,-0.030416168621720807,-0.003955260659930793,0.009500149034485927,0.014703437460001911,0.012104023996650115,0.015114750976827684,0.027707421325672943,0.018102675585547567,-0.0006407247787357795,-0.0013239304468429802,0.0032153567903960845,0.00915164120392209
2022-05-12,-0.02736005006367248,-0.009781626800071108,-0.004005939000589653,0.027328677305425098,0.002033409420008736,-0.032254455887361755,-0.012432314849255777,-0.03480418628433557,-0.037183663030906255,-0.012844078159223393,-0.03251249297797987,-0.006155801397021654,-0.013413164610539097,-0.014809380765169688,-0.03581043018543595
2022-05-13,0.09465255903218539,0.09257989218944873,0.023980909588115606,0.04777085318335672,0.049697352275408724,0.007385159296004584,0.023481013563068087,0.009473214315306011,0.07690568046360324,0.06560501913237604,0.05146121883508492,0.028851273875678318,0.014650956547739069,0.022034808028444042,0.0008859225439477036
2022-05-16,-0.024963515842179262,-0.00925152289111053,-0.007559452478509976,-0.012336798149066297,-0.02438345349151272,0.018962430191723945,-0.02005414655483062,0.005573716427903275,0.01033125750024344,-0.005997872214299593,-0.004199634711387956,-0.00817720293998625,0.007277910233908225,-0.007644674453664568,0.024647210619178184
2022-05-17,0.05288497552175553,0.0873302583137856,0.043163375466338305,0.057566787052757196,0.04987428321556697,0.02163533250764349,0.02179884888259287,0.029879355818408948,0.025586743513163368,0.021907082393874067,0.01096891781023479,0.004506924522458489,0.017791378976652616,0.016285816498956773,0.012179594812698591
2022-05-18,-0.0681634193511993,-0.06040794737646216,-0.0661463826703913,-0.047072832058992264,-0.059345702660593136,0.018731984837782933,0.020290254214223147,-0.0005420329691228076,0.005332210555023087,0.02438199501221905,0.013188066254098851,0.01279674081422999,0.01788671970376532,0.01939461393465347,0.04873922956773691
2022-05-19,0.010981562878680684,0.0040506792126413504,0.0009198897496243141,-0.005388861129130507,-0.00435328531198087,-0.034124457481522374,-0.01616218586947682,-0.016847144234306444,-0.004519116006934221,-0.02254306390543115,-0.008685039979255849,-0.01702646576874589,-0.01574180824151128,-0.028865092495274358,-0.023487979245311208
2022-05-20,-0.025111491123888885,-0.03279195437042692,0.007888560250657761,-0.03864910175463021,0.013004094251407361,0.02011768228075872,0.0059084235873874125,0.023617100432733462,0.002972127669760294,0.013310204288825123,0.012263204937142502,0.009658849641154266,0.01699879853531905,0.02316273902067678,0.006110217551189789
2022-05-23,0.012220411111864893,0.016791440586355177,0.003951036055619417,0.03259441428116161,0.04085605446824614,-0.007545487705587606,-0.007318748430504729,-0.0037861959258498334,-0.015935051330530192,0.00475105549202004,0.0005926093464099225,-0.0005551014876552518,-0.009046599558005575,-0.00317625895577911,0.009233511798821814
2022-05-24,-0.044029089018664536,-0.041127548598569263,-0.027172092949981907,-0.030383081161128644,-0.014749119133662947,-0.007704132486221704,-0.007975950657821751,-0.0017387204732233208,-0.0404172599202709,-0.007564711283630454,-0.02020587818643138,-0.011560648794090689,-0.00942290471783136,-0.028846872647873556,-0.015540106638848306
2022-05-25,0.05082380460519609,0.01634486401835078,0.02100683428802319,0.020690415760773684,0.0030200198801952904,0.0062692531217545255,0.014228575995407278,0.015127664468924884,0.01153256720825424,0.016289435441092515,0.0073149941866681445,0.009920199309125799,-0.0032221314390198375,-0.0063213424505264015,-0.005139697800843335
2022-05-26,0.05160495402149112,0.06583916215497587,0.027508962590681252,0.06025994652230149,0.02187592958352802,-0.015024791367500012,-0.0077734444830939164,0.008228296790054879,-0.012383407571551097,-0.026798399268918693,-0.039244967763198635,-0.016792843563073867,-0.011926084377015034,-0.050520397318471355,-0.018114038126497034
2022-05-27,0.05377840168355963,0.03554432543018193,0.03648763553033607,0.038324467161583886,0.04161999124669902,0.034540480449244404,0.024989320185961228,0.02773042200920739,0.038741948450069064,0.03299211307036054,0.032498932580676376,0.021454704229985744,0.015285083947645495,0.03542899714094383,0.006124411861073709
2022-05-30,0.0,0.0,0.0,0.0,0.0,0.03267442087710437,0.03232606303561525,0.020393689870951803,0.08500977061240333,0.008750657566343856,0.034602224885813104,0.021053026270459796,0.023982875287169136,0.015321604204136419,0.012841824928143675
2022-05-31,-0.007389100189901465,-0.003911612727584557,0.024756708559986684,-0.018329414602792693,-0.012153462236879298,0.04027789978843144,0.047376243346940905,0.030926530856335566,0.04977532352914915,-0.016741634588329113,0.008560503913479955,0.00073442336924745,0.007987447997787056,0.02193631931275064,0.00897068999066386
2022-06-01,-0.018852109660114302,-0.006283127683227141,-0.017196828825044586,-0.02412833236663714,-0.02191584373115496,-0.0250706147382721,-0.0055361563000168035,-0.019810818575211164,-0.008723625317901607,-0.01799768627610665,-0.005164464523977563,0.0058686838535322305,-0.004485597897198379,-0.004485597897198379,-0.004485597897198379
2022-06-02,0.06943260246584892,0.07281164817532204,0.044136763273021185,0.025074343116482378,0.029947143249496655,-0.021012646982210614,-0.012395035020414502,0.004966728699806522,0.0017041919605411682,-0.0070908698044036544,-0.0073242290140709265,-0.014379035429580855,-0.014520591221616419,-0.013398733418594433,-0.011093651640255109
2022-06-03,-0.044507958845246054,-0.0210884369035913,-0.034062900201616286,-0.020199541528301834,-0.02909372258839471,0.0009381080079344795,0.0009381080079344795,0.0009381080079344795,0.0009381080079344795,0.025514814284038012,0.021713578479962914,-0.002487901295739281,0.006430695972534206,0.004924072015622949,0.04357504419038616
2022-06-06,0.0035254454837447824,-0.006114783699135207,-0.00552338357317772,0.0003478515564090401,0.014264076698789152,-0.008855291997593717,-0.0011290882955032888,-0.004090122096287785,-0.021521798755089305,0.0057334639749782035,-0.0005929666280898305,-0.006845314824690751,-0.007748765123226087,-0.007748765123226087,-0.007748765123226198
2022-06-07,0.007452498633391258,-0.0035021556198595594,0.010324841337602031,0.005826135525116571,0.00930560869503605,-0.009943851701332274,-0.017254117338651898,-0.019816376046756456,-0.01686106293211831,-0.03197730180765046,-0.03589007153416324,-0.015677093956415922,-0.02254842719864969,-0.03109792147513546,-0.01321783151593392
2022-06-08,-0.01448037932658397,-0.032104837505779305,-0.02064971580876207,-0.027751183040999106,-0.0165851549344469,0.01600292902111855,0.044101656390296506,0.013816217658654928,-0.004092580680605251,-0.01493504928656475,-0.022837713397997117,0.006887243705274049,-0.0031327973499993833,0.01914970139643213,-0.010282974473438955
2022-06-09,-0.03217514516882558,-0.030421966905798348,-0.016191730273530935,-0.04641660000046344,-0.044110638308314076,-0.00665648453541956,-0.00759248847123406,0.008456207325339582,0.03016885971527672,-0.033456004408558115,-0.03650921133961871,-0.02349252024076376,-0.0032475771105271445,-0.006427632136036809,0.012003296752936876
2022-06-10,-0.05950773154141642,-0.040283433542492975,-0.025674757900845058,-0.049981318546831854,-0.038494663077330404,-0.02519699920106211,0.001496222188440477,-0.004965178252136271,-0.017701526991896532,-0.032081961286230976,-0.04192164045412039,-0.011910875905553286,-0.02710808777344531,-0.024607429336591546,-0.025981371261681985
2022-06-13,-0.0781785444978651,-0.08257753486875508,-0.034084307882850995,-0.05457405434632978,-0.05359256599339779,-0.028264252774101606,-0.04804824045243916,-0.03041647359344113,-0.06660617017013981,-0.05542380221332166,-0.05272970279655287,-0.05082256287927844,-0.03750431207367744,-0.054148913873449334,-0.06932281729178458
2022-06-14,0.012079042174549137,0.0,0.012435867137044587,0.0031146643457466983,-0.004882623978905154,-0.007377804245517705,-0.009452277323095615,-0.0015729730288833732,0.010539746958044605,-0.01504063232630215,0.006963388455776487,0.009920882693209121,-0.013652781996649543,-0.009466502283419387,-0.035932120729525896
2022-06-15,0.04363475267460326,0.02655483670209824,0.005911334469495655,0.008279628061176103,0.028829352379117656,-0.004073691595650852,0.008315311813948734,-0.015928620699146023,-0.009997163073373061,-0.021523143374587828,-0.019319312959683588,-0.010189713240979614,-0.017621917917552965,-0.01033161685248607,0.013140448755365686
2022-06-16,-0.05602951491617958,-0.08118700730388484,-0.0779211263082642,-0.08037346602729822,-0.07357592474409724,0.009350095472833608,-0.006643321692253346,0.015931858483154704,-0.025560477392290393,0.0006811280146468146,-0.010784530344766341,-0.001413770067462683,0.01218070551854833,0.003703956275769027,0.0013275955246547788
2022-06-17,0.017883360115781066,-0.005850132103356609,0.00140696940821039,0.0026789279352255058,0.011107729803771171,-0.023443688440613508,-0.0574378269232424,-0.044113127534043395,-0.059486604898572715,-0.038257608777808594,-0.028627744454457815,-0.03747728150827312,-0.0257002928314074,-0.01796558997963038,-0.0040481674496009035
2022-06-20,0.0,0.0,0.0,0.0,0.0,-0.006188737919373133,0.010626239693322548,-0.01353264940726917,-0.053021712842159285,-0.07204666660980996,-0.03860918217771703,-0.08365819684804432,-0.020159393689302862,-0.021471817718906605,-0.07283083060559581
2022-06-21,0.043199015060625845,0.02721590326111012,0.02810157763400234,0.0594454641217701,0.0443645931224983,0.0140219760942637,0.03329843556409173,0.03322928295280758,0.03781373877414973,0.02690692270802142,0.02524184837493948,0.017831753094760927,-0.004857079727497826,0.005942031572934825,0.022703630841103495
2022-06-22,-0.012435187337156539,-0.0004773948572655007,-0.017927415388382273,-0.012924177247424118,-0.017902421031891214,-0.021483924741628413,-0.07093350685727784,-0.030866355589045047,-0.03906718971958245,-0.046883566006969524,-0.031728004494181894,-0.03012008884163453,-0.014789820611172733,-0.030927786039102068,-0.08212315911931467
2022-06-23,-0.008251843316571583,-0.0157611903859608,-0.016945082067543193,-0.007025849122790251,0.0,-0.01646963880443353,-0.059651809985743376,-0.00862907091711762,-0.006235374300043395,0.002693509144392703,0.0018011168135758648,-0.04977693414114426,-0.008141277776240852,-0.026275590760152623,-0.004685344517404655
2022-06-24,0.055531631950457294,0.05641151896959218,0.04171879601437478,0.04373937724058363,0.06129779520558576,0.004042587195041802,-0.025651919718899352,-0.03373110206422014,-0.008101356223061074,0.04896146527434486,0.044102123048230135,0.052305243004769686,0.015754320087489226,0.013857009426388345,0.028354891034374496
2022-06-27,-0.015006426667033002,-0.010564976453838582,0.016626670036443025,0.0025676522053972306,-0.014012508681124913,0.021874442983469855,0.009183353515819448,0.022207423280427685,0.05200392682539312,0.020575231466666732,0.036183172498954974,0.04564330561493235,0.0158525490498147,0.04639181085154509,0.08881669025716565
2022-06-28,-0.05258172360870994,-0.06244202244827046,0.034753956393998475,-0.02653416411970755,-0.03470180625818864,0.006946413164710341,-0.03120995009268146,-0.026338189050578165,-0.04157517090001761,-0.0073467696967710605,-0.007954908614278389,-0.007517841260418434,0.011845831591071443,0.004787949742739217,0.02096148785924501
2022-06-29,-0.027530969917740844,-0.03453826389809744,-0.010410440219317252,-0.032414057036434074,-0.01180653436260437,-0.02108165273939977,0.007113924603532773,-0.0660265291494111,-0.043331024660527295,-0.032761923826923445,-0.01624097400221447,-0.005454293036136981,-0.02203143625409032,-0.014991075726290437,-0.01205397661821539
2022-06-30,-0.02464279906154665,-0.01948963565458084,-0.019119939774225103,-0.010441730435680308,-0.01803468451170165,-0.030353885400070113,-0.01492953073700054,-0.03393881872322002,-0.047125964049778424,-0.044930464282360916,-0.04095598272468237,-0.0237483109932346,-0.024564438517225118,-0.03912849901282778,-0.049123438756414894
2022-07-01,-0.04195521190742291,-0.036615705597762616,-0.032957652326816245,-0.051769468036879096,-0.05474082835074234,-0.04697015873083765,-0.05961273021253799,-0.024563248035123553,-0.03612167862622828,-0.03132546788334112,-0.021797401323315202,0.013145697150635183,-0.003300353406166856,-0.027992958958323322,-0.009249651397673198
2022-07-04,0.0,0.0,0.0,0.0,0.0,-0.03433688167139359,-0.006335084007850322,-0.011388483134975758,-0.018389679123900438,-0.0003905912386652499,0.0069260175154231,0.025076913138158963,0.008045031148116166,0.01029862579070917,-0.01187665051991138
2022-07-05,0.030365508827721044,0.02076827497386624,0.018618994011067924,-0.003129673147741263,-0.03874804851721081,0.017255308875315123,0.010140112112257071,0.014419788852957582,-0.0022576972516069604,-0.002116727496901172,-0.0016486062316634076,0.0001445618030386786,0.0034599407756690237,0.039930239817442814,0.046680228176651406
2022-07-06,0.011093373750571178,0.0019947012229555305,0.009775063271250994,0.006511399931243389,-0.008140421185982016,-0.02651654501148326,-0.019256217429274858,-0.025703842735270266,-0.05079695436127507,-0.010596341562087108,-0.006116798471103468,-0.0005001059581101197,-0.023765912322086358,-0.014199996807505055,-0.04472613862260577
2022-07-07,0.04811633021158168,0.05242209233744499,0.057767944709954167,0.04840585302839351,0.053674649172230415,0.0502591767048588,0.05098207499308516,0.02026984971450263,0.039009088010112825,0.01570320307908002,0.01230094076633681,0.013486644683764926,0.0349280489487136,0.02252103883373313,0.03540318727424019
2022-07-08,-0.0012611653812183432,0.0006304592741395165,0.011979108850610931,0.004848632617903137,0.002323629438876651,0.022000237088759977,0.02482332586623026,0.021341513438254855,0.024851364507495255,0.01744488015812018,0.01857896973384765,-0.0024191029438880296,0.014187198108793764,0.015186378959856084,0.013435095525556884
2022-07-11,-0.04331362944693762,-0.030245766503217197,-0.027718457180213596,-0.02818287804276942,-0.03066554007886857,-0.010706621330615285,-0.021505090500483104,-0.003942221159705883,0.0046135745497675185,-0.01658478210423775,-0.005586034811271179,0.009321455777385967,0.004691917051181882,-0.008654533389737429,0.07713399900023177
2022-07-12,-0.004619845599946881,-0.00766726915255711,0.005369209294044719,0.0012410027965557013,-0.010408808274806947,-0.030679187334898272,-0.03969602235582592,-0.0300105669172418,-0.059654892289917605,-0.03655431991312552,-0.031142672895288603,-0.033672494782338025,-0.024771489289160953,-0.017235418425949334,-0.045205996081603694
2022-07-13,0.005436933317244597,0.015191147504490576,0.020233056934201965,0.003944713844046488,0.028815487045161126,0.046655704744284376,0.03251092252370458,0.032458047255910394,0.012330587862971809,0.01857391524361174,0.006259099419466452,0.018235372829425334,0.002124249104702658,0.011383621860766358,0.045209147173029374
2022-07-14,0.013716762702483676,0.01393191276861705,0.04615152614679907,0.029074979608846307,0.022124463593752086,0.012921849639788263,0.02231644307694114,0.03229330956715781,0.03648365054494129,0.026576519608118465,0.010236703592065632,-0.0034425215438671497,-0.007876219038916221,0.0007510292271799557,0.004350883624159252
2022-07-15,0.025370775381615918,0.03193387003762971,0.017406701943853964,0.030544308875540827,0.04099397122018633,0.031550265476141925,-0.002023682508591085,0.00504828639319066,0.02672331252196436,-0.024369468394524252,-0.021980690919856882,-0.009326242339488533,0.034495597176003256,0.04096143864178492,-0.040588736840979744
2022-07-18,0.02150753642010983,0.003945255731922392,-0.018563297616845942,-0.014078437954832768,-0.0045203213865272485,0.006350398242206179,0.020324302057004084,0.0242535613570245,0.002554318746726514,0.004721141025706199,0.004721141025705977,0.004721141025706199,0.030148499983267518,0.021796756690582342,0.00962295494588572
2022-07-19,0.05533789860553173,0.054648126385421936,0.04008757848253386,0.054648820896389116,0.05254700433125237,-0.006057931026228536,0.004569183469240956,0.021603616243590418,-0.010735998629026189,-0.00031514584320235794,0.013245466759379765,0.015605345818549887,-0.01674444181095114,-0.010494230937542537,-0.011581383993627625
2022-07-20,0.047963785828873284,0.04133678580918354,0.0294495182597867,0.04072090670441786,0.03222561678158731,0.00929753592351834,0.01475207217671115,0.010837944779799269,0.04532653487300897,0.04912574990304064,0.04737931866447109,0.03718557305481052,0.0036363317301253417,0.03047756341825303,0.0177555123074824
2022-07-21,0.013646507015785403,0.018561959376609538,0.02735476099831713,0.01574872183234266,0.05413866530346967,0.008913459795142575,0.06368233937388013,0.02432119561153545,0.03120415924270481,-0.011215807235354092,-0.012040496612023888,-0.007692534227787706,0.015753425305086388,-0.0007394051049961492,0.03094461011463845
2022-07-22,-0.04049866914960676,-0.03282465675680113,-0.013858717806397025,-0.020897724573921805,-0.014771260794102292,0.004005430372216567,-0.0153500413816412,-0.005821067148070291,0.027970671692168825,0.02302231824249934,0.017557583457916026,0.0031342925261828025,-0.0035215202088780817,-0.019896057251442834,0.02598115640907306
2022-07-25,-0.01703356320620475,-0.006356385565185252,-0.0029275686405556556,-0.006590002591853272,0.008816042876152785,-0.004315754012374495,-0.021516610564187078,-0.004400082296199148,-0.03299837141444928,0.0004330419670310892,-0.0009032067187650927,-0.02473909225698856,-0.0051430143326701705,-0.001886453124101184,-0.026146223148941883
2022-07-26,-0.028841562625059436,-0.02615948014139391,-0.021403013305789087,-0.02069294003781519,-0.027459622640091386,-0.00990597413975558,-0.011070431597861918,-0.011533709361207123,-0.03341370523958043,-0.011968926162185478,-0.006207973651253695,-0.000253275943193465,0.0089877903230271,0.004171766725960424,-0.015047427742409525
2022-07-27,0.0760298350750701,0.05360703454339255,0.023004781816537978,0.04600147571591462,0.04198994277594781,0.011012851759282016,-0.008940220290118428,0.013589957460337976,0.027090586857794197,0.026940211413813753,0.018793634254173686,0.007163035416469787,0.0012387805889524373,-0.005354766280259882,0.003227417775807817
2022-07-28,0.010904974164790637,0.020596732135456763,-0.045431165517468064,0.01643130800087156,0.026603032665536208,4.6766919994389866e-05,0.009443198878720693,0.03383508213998665,0.0009526221723492601,0.010038168071468068,-0.004253827073814165,0.04851012648184749,0.005414590096853855,-0.0022322306759285926,-0.01065267668825387
2022-07-29,0.009953428221072924,0.030544377742841133,-0.009491131508791661,0.007797903898441261,0.024486909078841768,0.014076394835375705,-0.00039822164498148904,-0.017777619732369243,-0.012734813374974285,0.011434360255562215,0.05439151210759485,0.009183037091845536,0.0001938341673706212,-0.006877597122956436,-0.006381505163325474
2022-08-01,0.015305889812209594,0.024452180890705,0.01633801325357087,0.003963040532142914,0.006458480144517331,-0.012694549514835285,0.013158961875840536,-0.004053899692324503,0.015768410444433334,0.02033923943635063,0.04463787738065461,0.0362297995166998,-0.0070948347700970915,-0.013601948552435683,-0.012841856854429179
2022-08-02,0.004609283826341404,0.025935132960214657,-0.00271309304385825,-0.013252097029058274,-0.021707181783977347,-0.029180971720974225,-0.021265445924730675,-0.026245181900458436,-0.021629555999918226,-0.006288726327641214,0.003981683089778754,-0.0002932852902322036,0.0030823644517665727,-0.009578706227515887,-0.01829497252977519
2022-08-03,0.019810100464904723,-0.012085855237907062,0.014486935422160618,0.03828937635126772,0.03228416591973904,0.025146736884771315,0.011152856596447158,0.02460194068040744,0.012262375265202241,-0.004044009668663473,-8.510341765111118e-05,-0.014694936204043607,-0.012438284757029239,0.004306413397468178,0.009066585836555063
2022-08-04,0.0170432106820535,0.05933334225205367,0.01240241956383148,0.01880559300521556,0.010294173919236371,-0.0011860814814227405,-0.002106300582685905,0.017103864954644443,-0.01997022311470198,0.026525804518918727,0.028551764945913716,0.002602583961544891,0.008826320694736545,0.0055454420083851375,0.0017934505357335428
2022-08-05,-0.01176144099973886,-0.01539799872126335,-0.005297548399423868,-0.012965959042546604,-0.018947679238152992,0.03166591621863435,0.0479061500426996,0.008826329817720246,0.06104007272176726,0.03815846887914898,0.04122855280936388,0.0077759767547473935,0.004070448057724496,0.014368526993538966,0.026633716442705513
2022-08-08,-0.06298407839370579,-0.021894222629481264,-0.01597750796585462,-0.016328975174805582,-0.007898732781742468,-0.007530076336843661,-0.010936486315686444,-0.0031782956954140573,-0.002931496559720581,-0.0011550088364669087,-0.0191654532897374,-0.01433890587170017,-0.011883080545982971,-0.022830222317451576,-0.01881232510428066
2022-08-09,-0.03973479465225038,-0.04526830012103189,-0.03585688200083048,-0.07576753767659239,-0.0552422097457137,-0.005755586887070119,-0.022973721036273598,-0.004127711502741382,0.00024909156526198295,-0.08101832496118622,-0.029510711023995495,-0.006195278842246799,-0.010339682786834059,-0.00964055246284845,-0.030822111175589417
2022-08-10,0.059171182321015925,0.03673856083938998,0.03143652780578421,0.0540840076504574,0.046090309006151964,-0.020499198111822436,-0.03833913002931477,-0.008883660611425759,-0.024045941525497105,-0.02859638757796068,-0.03810480803697047,-0.010980351979777203,-0.021425721048808577,-0.040997682490840015,-0.048717497977854074
2022-08-11,-0.008564887964936818,-0.009389200166806777,0.00571460638214738,0.004569275241609327,-0.006430675925923834,0.032041955418229406,0.006937436430317634,0.032780359431360706,0.04179564799116697,0.017744444752052946,0.017744444752052946,0.017744444752052946,0.022024957468551154,0.024851868168828117,0.020573215329620975
2022-08-12,0.04274880070646936,0.027619231640992448,0.023405458852806316,0.04595836354561622,0.024092837700176783,0.004530022183970139,0.019569564404398054,-0.0012988742431805367,0.004923446968614575,0.0439711513881651,0.03812707519727132,0.021033234146838664,-0.002781914457052337,-0.00775158606969395,0.012014407199306909
2022-08-15,0.0172648114150582,0.0017851859754736132,0.005551963069909682,-0.005435633716453503,-0.0017709720416627661,0.011818251204270602,0.03238090037616659,0.011385882914560552,0.021886838845817325,0.004887746417847172,-0.0010234507289905714,0.014686725259332123,0.004187824579620747,0.004187824579620525,0.004187824579620525
2022-08-16,-0.008039393702466535,-0.008019059210550683,-0.013804150486840805,-0.011750926199801337,-0.014366644066069245,0.0024949030292853447,-0.001324082020055295,0.0008829266022456483,0.026921343147076282,-0.005763473066711322,-9.576032975489035e-05,-0.003995490201819996,0.004183712740057466,0.027128315865401875,0.00649871286733128
2022-08-17,-0.028815184928944193,-0.019261480678215093,-0.009997757402103402,-0.022951453520724474,-0.016587722609539335,0.005113480224681721,-0.0029555963070908575,0.00019519826565206344,-0.010504067207974699,-0.011435072062720764,0.00330302439904262,-0.007601723453347309,-0.008189610504584777,0.005806227814813214,-0.0060422705668097265
2022-08-18,0.023889015517611023,0.022082078685945916,0.019188145089015674,0.02141502460723843,0.007213478423181652,-0.013015549990877284,-0.001152335541697691,-0.012977959713326825,0.006236382355098602,-0.012896313564904283,-0.024750446059653153,-0.02552614868426084,0.015246145331768268,-0.017288972802331437,-0.002912890778804411
2022-08-19,-0.04921962953416181,-0.04470335906038436,-0.024970196232768527,-0.033619833669152666,-0.028576400493007692,-0.0031884300854667647,-0.014072158903266851,0.005435088111041431,0.014522448656926867,0.008448704514003369,-0.0027051610706512186,-0.004541629499826838,-0.01877127537882939,-0.0018560058617356212,-0.0283072602069111
2022-08-22,-0.04566073971060558,-0.032412722347757605,-0.0405826560488276,-0.0365092496162015,-0.04619818174891477,-0.017692222713430517,-0.027251554149378077,-0.017538706652736158,-0.023634445192190046,-0.02865505247071387,-0.018529495562505494,-0.019682578691701647,-0.02064611221546453,-0.018329577332071634,-0.03345892165660347
2022-08-23,0.008629689788836714,-0.0037699104688380114,-0.0062848616088826414,0.011109776843320374,0.01092162008634534,-0.01659532696530286,-0.002461548814697845,-0.025736152926488454,-0.027745032223292942,-0.011523574349848298,-0.008461501995472798,-0.01123480115049491,-0.021232458683072997,-0.02302785208352187,-0.01844539805879819
2022-08-24,0.0023864353133202787,0.002594934573547869,0.004192675597213702,-0.001868548369790557,-0.0005897167120048064,-0.0032510118909966357,-0.014566179144495872,-0.005882511882925434,-0.004323658124660401,-0.016028592637945982,-0.00012856978555197962,-0.0002691029690965463,0.0014989317031468552,-0.0010910398997885373,-0.005060417046721555
2022-08-25,0.04012309242337908,0.047988749996194846,0.034958515343698204,0.03468660784016353,0.02721531406810085,0.008770015896075734,0.0033338001050717825,0.0011588451888551177,0.023352658499143475,0.009611884384546743,-0.00011459809768155083,-0.0019480493080453742,0.011169604434430491,0.008963677844585627,0.0117530074444121
2022-08-26,-0.09227937090007643,-0.06174109879767553,-0.053812033194736486,-0.05904765676947932,-0.055211679211235154,0.008441634245776486,0.01251021550050857,0.013301787956471633,-0.0014339282685462695,0.026164187115651272,0.01717684157423016,0.00824783075535751,0.009212513746769124,0.014837858444193941,0.008281974392998048
2022-08-29,-0.02822896250724294,-0.029502110467239717,-0.009394367663007053,-0.022874454937341304,-0.019727902485235038,-0.029357395391089502,-0.03983115192940612,-0.03839099670321522,-0.060893142570696224,-0.057617788570507256,-0.048533608380485704,-0.03854918075141989,-0.02824147455825332,-0.032227895661381956,-0.05375895704472622
2022-08-30,-0.02107443000913234,-0.017516052206821175,-0.019477663686501945,-0.0209239342831683,-0.013723377011733096,-0.007865622282340667,0.0032431382675071063,-0.0005020895604064268,0.020422825170055114,0.00864840355416674,-0.00033099745504971967,-0.00444290153441862,2.0208893742434952e-05,0.004160860310319148,0.018005586057058265
2022-08-31,-0.024178966965905713,-0.023809519630728193,-0.010399638891333773,-0.004760948423058742,-0.006247104516585944,0.015847061278045915,0.012929150856010985,0.007177916359493164,0.006022817141868586,-0.0030266048538276635,-0.009660146457264762,-0.011596702429940708,0.011952592088272818,0.01808531514926326,0.009260302411038035
2022-09-01,-0.07665305594381533,-0.029928135187077487,-0.01776645094408813,-0.02402453722256337,-0.040861992776282996,-0.025382817052261863,-0.02515476788456561,-0.014196052362153821,-0.026509056094189964,-0.03741390016075141,-0.04387340943209206,-0.017464749093336396,-0.01599632615416391,-0.023677620943687527,-0.023309340857182392
2022-09-02,-0.020807910553534592,-0.025385690766459024,-0.011083896437235063,-0.006208694815140525,-0.0058096996368022236,-0.01818809472182148,-0.049959363324809325,-0.02125630448125615,-0.018637042812316706,-0.008865704921381612,-0.012077685244951009,-0.007148363760505538,-0.0247402470005067,-0.01697932794103274,0.007456642812298853
2022-09-05,0.0,0.0,0.0,0.0,0.0,-5.93222014414474e-05,0.015587496868094686,-0.006943255598972908,-0.029954596644712672,-0.002186852971338471,-0.004196895806870771,0.008588820210149173,-0.011631739822268727,-0.011220270078428962,-0.021435519333845132
2022-09-06,-0.013336370877722992,-0.01894312915669616,-0.014087732520153495,-0.010412040915410148,0.005843649485093305,0.0037791848234141057,-0.005540889017133899,-0.0011667093620664204,-0.004581270745069199,0.003460986938943922,0.01353469584117084,-0.0014403903543469543,-0.00022033089433537434,0.007461815330050081,0.025414917106046264
2022-09-07,0.018795119455027764,0.011305886380174046,0.015236443826542434,0.018274472843021305,0.014385219114804615,-0.03727819165814128,-0.019499279061238273,-0.030260651287774,-0.030110786605962003,-0.045428124885402044,-0.03806861658638616,-0.033518781185855606,-0.030864358920920543,-0.026897944401858886,-0.0035929007100683474
2022-09-08,0.02012538498754246,0.03981909489563695,0.0019439846805331396,0.020121779459820965,0.012734010017744435,0.0036910967879943968,0.0048600022234615015,0.022061471294844148,0.03925233855322108,0.014735112054149013,0.005029629197939922,0.017764621980529194,-0.004397646169023939,0.0027649704912302564,0.006908579055128428
2022-09-09,0.02837737816137431,0.03225414602945209,0.024835073524096085,0.029001006008927632,0.03780414490674433,-0.0003532390381860706,-0.0003532390381859596,-0.00035323903818618163,-0.0003532390381860706,0.013219569432176614,0.012354384655403061,0.0061721954628721765,-0.006283399426066483,-0.006283399426066594,-0.006283399426066594
2022-09-12,0.008202043968840611,-0.009479199385862724,0.007194230130235679,-0.00217591489668012,0.007844410115028788,0.0244991889545656,0.006704252380824727,0.011247326904819444,0.023214276130395284,0.021056104552466426,0.02969085752336631,0.02508812694380058,0.002856975939298678,0.002856975939298456,0.002856975939298678
2022-09-13,-0.09472617147580131,-0.08991021579901237,-0.060676679601483485,-0.06137059389915811,-0.06699940684974437,0.012278014001556814,-0.0026615518793855486,0.0338339070890874,-0.010663451984531114,0.010434443143270133,0.01526811554526386,0.004564224625184687,0.04743247497811276,0.05114992893953518,0.039486756863353234
2022-09-14,-0.00022825215638222485,0.005452397450357971,0.020811637169408925,0.0027655607560681528,0.014858817013460479,-0.03374375128759555,-0.025013149045163607,-0.044544737091187,-0.026823887130391855,-0.049033683902776626,-0.053225508467162896,-0.04641173936568632,-0.03476494052121171,-0.0314200307431276,-0.044016912238964534
2022-09-15,-0.015158529458350833,-0.010200042830998957,-0.019995375286635864,-0.01897618506979215,-0.026040603291463515,2.5648289393220836e-05,0.0032282976228033,0.007655304849808475,-0.00940682737952514,0.021832735094375,-0.0001486491600580786,0.008492932011902266,-0.012461684494354142,-0.00912462587618057,0.026276541352904914
2022-09-16,0.02080596897716669,-0.001956711697276514,-0.00024000578192728828,-0.0005622207498165999,0.0034361311670174643,-0.014297926155117158,-0.030747114235101125,-0.00011627582812845372,-0.04470445518783728,-0.04621439228621704,-0.03583333425253821,-0.020945577942310112,-0.0017741212842651288,-0.013975926302759678,-0.005326606140198975
2022-09-19,0.013941361226052162,0.003398176703393707,0.013605475173039228,0.009564636053083664,0.008261094642673106,-0.01182743322136215,0.0054107674854053656,0.007115227776234745,-0.0024034757830219133,0.004202753518584901,0.004202753518584901,0.004202753518585123,0.01326649848568251,-0.003611520430668369,0.050060542636745975
2022-09-20,-0.015393697322179212,-0.019799357946223006,-0.014844028393133368,-0.017833274762308893,-0.01942227057720136,0.018355288243706802,-0.0002951121346882468,0.011075781048132782,0.0038349825223376044,-3.0310785964271503e-05,0.003573887358853556,-0.004452126153355551,-0.014111409485095039,-0.025654554577178912,0.0003220898660107885
2022-09-21,0.006451006216060096,-0.01023251352912169,-0.0012023147203339413,-0.011688749905587437,-0.015239319205304858,-0.01207864392291591,-0.0005424614053894938,-0.006394213710868457,-0.027025849651211242,-0.01843559446029175,-0.010714963400183741,-0.013005576519881878,-0.010668665900284036,-0.001723523994248688,-0.028497218742824737
2022-09-22,-0.05278611424239199,-0.06686362959823888,-0.007542882481408664,-0.023538581506121203,-0.030510817560002068,-0.017281272578893003,-0.026588176473145486,-0.007050546871449681,-0.017680452619879272,-0.004454764331979555,-0.004947402132800649,-0.013814863209142603,-0.019829553212542428,-0.026258809013518847,0.00030933956168976984
2022-09-23,-0.00358257266773343,-0.02215828655435026,-0.020132413967169693,-0.008819565187591194,-0.011110077184232181,-0.023194408469756178,-0.02136020228530011,-0.009872043036693312,-0.023150799573564695,0.014309780017335072,0.014309780017335072,0.014309780017335294,-0.0025155149272111377,-0.0332891626477243,0.007367756644438783
2022-09-26,-0.023010674150995114,-0.024426074971712564,-0.011964881457896759,-0.016016214039677124,-0.01222105386819805,-0.026481552748825465,-0.026763511728532974,-0.0398360835844469,-0.07116785619915444,-0.05053099130447403,-0.047695142885900155,-0.05633396354423492,-0.023634011406612254,-0.02458851097948067,-0.08164231211808948
2022-09-27,0.015129057297224247,0.013122097694449941,0.005010869016563335,0.014588770998679168,0.005756601365046743,0.0023505191902877254,-0.002761274657942736,-0.003463088687513438,-0.011466178990177656,-0.015033617849484981,-0.0009338051007183878,-0.0025405665543487554,-3.234040711619368e-05,-0.011594313683246482,-0.009710723147385525
2022-09-28,0.026021286691801038,0.017716279199727847,-0.011716727200526411,0.021984885759597006,0.01832491231132849,-0.017753285960674936,-0.03600969744861593,-0.03125303252611089,-0.037853157071691346,-0.01539418451104324,-0.015665441729114993,-0.014016271994658824,-0.021583386702637375,-0.007318903714717551,-0.03528857164846988
2022-09-29,-0.040515107440160514,-0.06173202432745595,-0.034389953009004826,-0.01837230653012467,-0.03048298406337613,-0.00672385818223209,-0.003543879228556923,0.009078955016362356,-0.006780827570746606,0.002489872759947387,-0.0001381554714717792,0.010685340997567128,0.004195617024222553,0.0017908210929911128,-0.018773855096608227
2022-09-30,-0.006628346915017458,-0.012160879119415102,-0.01619655699360767,-0.029495476097018414,-0.029056914088626318,-0.028643033068509238,0.01603218847235044,0.016508897936575062,0.020776679832502642,-0.03535570298067736,-0.032013173327380295,-0.018381181560443438,0.003703681686124227,0.022554371864055733,-0.045517795558367324
2022-10-03,0.030727254212091104,0.04340277735967568,0.03752878367550405,0.052728015436679154,0.0393162209966369,-0.01720799666593731,-0.010839095304413848,-0.042674062969808246,-0.025776775434565358,0.043157690199840504,0.04497576928201519,0.04049222288450993,-0.0062949887414704975,-0.0062949887414703865,-0.0062949887414703865
2022-10-04,0.052349876563982045,0.027076098910927326,0.04393441090323291,0.036637841876768995,0.07744176000270286,0.029401576395144957,0.046255317905193216,0.03564803002826933,0.049383361013724425,0.028891191838766428,0.02061162719477272,0.016465916714364814,0.043819651223607536,0.041566935295523244,0.12962289663380266
2022-10-05,0.003189624401378266,0.0005891150902566089,0.020593333663513347,-0.0021251175628813623,0.00898701927031964,0.042402491979812496,0.050521555307391885,0.031368146463551794,0.026275904984440546,-0.0014630721231971844,0.013525177684573508,0.030276141050548544,0.0265315180741732,0.0541259657805111,-0.00895333617965599
2022-10-06,-0.005980647487184965,-0.0013247566095214713,0.0031226558808490346,-0.012329030641067384,-0.015235728848371322,0.016842760596926132,-0.016784960778737923,0.014340424287103248,0.013752541944425767,0.022857071036530563,0.024409720133375057,0.0002195336164627637,0.0051941901704681825,0.00095110241657137,0.05024966281101806
2022-10-07,-0.0802742670874107,-0.13868828384721643,-0.034881720521316883,-0.06264197086147649,-0.060328016494752945,-0.029301962510755897,-0.03624888089678435,-0.01014857673815206,-0.037796143257643466,-0.011955996433653304,-0.01480562173078992,-0.014588205818102162,0.004113434560527596,0.020445952564049907,-0.014217786738914717
2022-10-10,-0.03362029777145625,-0.0107802407293357,-0.052187598168718874,-0.04128330311433959,-0.028485344807845148,-0.005424013200770017,-0.005424013200769906,-0.005424013200769795,-0.005424013200769906,-0.003045003370983901,-0.003045003370984012,-0.003045003370984012,-0.005317892484879794,-0.005317892484879683,-0.005317892484879905
2022-10-11,-0.007198055482962928,-0.0031136533627370566,-0.03987796750934203,-0.03649426742165418,-0.05292845956511549,-0.08569197034823361,-0.02548206886536175,-0.0925845511424448,-0.09191461171588944,-0.05610021721938874,-0.050299763447951173,-0.028457912144789432,-0.022772036313353783,-0.019530106005107295,-0.03293808769284634
2022-10-12,-0.0074227029385665055,0.0038174111040851777,-0.012632837046181011,-0.0038010951853241215,-0.0030783294644507464,-0.01097359908158091,-0.008247026535265212,-0.019768801954584525,0.009247317928111842,-0.045153923455856115,-0.029958388310718398,-0.01695286317827882,0.005495525098004883,0.04034407135718454,-0.0017123798983611493
2022-10-13,0.04000004322953932,0.018841835459606715,0.038843906640981585,0.04486242871076063,0.017749126040740526,-0.004691177396995427,-0.007513884156916784,-0.009338332090196078,-0.028964201877717977,0.013072481620532317,0.004354948687256499,-0.0018783909320301273,-0.005958895491605887,0.014466432423371645,-0.03719783135226751
2022-10-14,-0.06128770144440854,-0.050899220731242645,-0.025784256736487432,-0.05791946724067276,-0.0648003002757459,0.04060151195992434,0.07285536949890825,0.044515539471940535,0.05599831232317376,0.0212980528649247,0.022403391369829162,0.016337421195245616,0.015363812924014786,0.0018196140703534702,0.05638711286885578
2022-10-17,0.058875909905070634,0.036110127053153196,0.014915908580879655,-0.005480023417085977,0.03452646865225106,-0.03982668171808179,-0.015471211106001581,0.0017103506126903145,-0.007782132139587006,-0.007386953987966072,-0.016057247813149877,-0.03777107960746251,-0.001970247940927039,-0.010378489934857127,0.004996041356810865
2022-10-18,0.0066453804541228845,-0.0006901469316630271,-0.003405182746320179,0.011020015683298912,0.017260653682856786,0.02435565327516409,0.016474177665313006,-0.0021240409403343596,-0.005077049113922816,0.011309979041797424,0.012018690491887751,0.019414106117426,0.0056388684547996615,0.013768131983350473,-0.004866825323960322
2022-10-19,0.007019492883681089,-0.011912960091889913,0.014746760652480928,0.026984017963170404,0.06273347341342528,-0.029135732200634035,-0.01959628751836462,-0.016660060152652867,-0.022314796230018752,0.007525218430371794,0.0068658877699443455,0.006370835223824534,-0.008833951418360297,-0.026780364449941474,-0.03357031706707647
2022-10-20,0.011866022073039773,0.00943562676649723,-0.0077091102028000735,0.01812041707340084,0.03124840857278577,0.0008368433705421285,-0.016279616575188394,0.010425584202414129,-0.008560111980789653,-0.026888159154909497,-0.023612740428808787,-0.018865862011667178,-0.012300627505367312,-0.03582277403847833,-0.04515538131728292
2022-10-21,0.02230593151212057,0.018175510277660623,0.033577350942814777,0.04780082040221045,0.05708152913772291,-0.018354831174382857,-0.003465590764453852,0.005761691491602106,-0.004068477367002887,0.043576369986980446,0.016163715058605588,-0.007707808894147239,0.010516909140063424,0.006622645830342888,0.003285966664106299
2022-10-24,0.010669264979603854,-0.0020401042588805707,0.005529432887561914,0.030575125160897887,0.023235300686321292,-0.009073889605133445,0.03426573956332746,0.015627083382227624,0.0017405999224031632,0.0363222778396175,0.04729269016018289,0.0391979841644865,0.03020724031766875,0.01592738605622479,0.0638585241550802
2022-10-25,0.05254368358282213,0.04718910428894785,0.023973358132038936,0.03049193763239111,0.027570351432939955,-0.04523934290957099,-0.04640770339463973,-0.0091904844713121,-0.018688210766487523,0.00017924835173177556,0.003633127917290091,-0.005539625733494313,-0.00753660008988577,0.0073385810011916686,0.01799046316099484
2022-10-26,-0.02752424736071235,-0.028306517714542734,-0.008894946514185986,0.00696906095086991,-0.003950517010548937,0.01612836257366701,0.031109230154838574,-0.0025724243594718033,0.020546440562022594,-0.0007568479045525489,0.0034208277916629726,0.02166396107279467,0.041748949184664985,0.016263705213927837,-0.008633056359894087
2022-10-27,0.021712201900733197,-0.018918484459658935,-0.028871355653238395,-0.018153135445307056,-0.01999631019146897,0.03373724966937064,0.025676506419774148,0.03186305547645785,0.04516829521042309,0.023228751136327164,0.027664493878633012,0.009028451981990093,0.011780784318722981,-0.03187208891106763,0.010080139942464816
2022-10-28,0.04993933701792952,0.05819112519120684,0.03932002285535274,0.03674634661318277,0.031133382571941537,-0.01802504610265465,-0.04314488441692421,0.02284969351248889,-0.01377106814606599,-0.016350150409677244,0.022956223734351244,-0.0038762007455359626,-0.04237096512543437,-0.07852556408448519,-0.04273826128294522
2022-10-31,-0.024360305039225927,-0.031446492517724245,-0.0130022604239306,-0.015938400430736244,-0.03426135307601763,0.025396181349730762,0.04193911113138116,-0.0059201382427002125,0.022021324047810875,0.002542439022719112,0.010157867777496943,0.0015177844797082951,0.035920090917852976,-0.009090790857628539,0.01652572827568366
2022-11-01,0.0034081470545859194,-0.00666003191363207,-0.00280466273415525,0.016989469077083985,0.0062654415780099,-0.00031596730560956576,0.011044996262619788,-0.009100548135846487,-0.0013683208902371957,-0.0009343248798547865,-0.004954695562491285,-0.000783423643553105,0.007959691192733986,0.012359760519260465,0.0021085392612507636
2022-11-02,-0.023923818543548414,-0.01726447840984291,-0.04116614302233612,-0.02260839114156199,-0.0611088543159829,0.012825035148996244,0.0038506781881826324,0.0038506781881826324,0.012227769620951623,-0.01546569857054958,-0.0084974906672447,-0.001521800775324711,-0.0010077663084643307,0.012888870810145114,-0.011276971692887994
2022-11-03,0.01528105662182977,0.02524304136574873,-0.07662211928616247,-0.01663640549314349,-0.01139359101929005,-0.03157134458304833,-0.0021668270579520144,-0.010055760626176302,0.022276902841920965,0.00015548505249030065,0.0001554850524905227,0.0001554850524905227,-0.011248226545613527,-0.025771989756089853,-0.0045674935784632
2022-11-04,0.054764777716033386,0.03460319406483636,0.027050387793914332,0.0625723712318016,0.06555727847120907,-0.002191195364171339,-0.001982513470564329,0.01564935950049584,0.023254846738556934,-0.02696496825728678,-0.026493715353368974,-0.007230451669861471,0.002990696637625634,0.02137066013097577,-0.008966726010852244
2022-11-07,0.010243032609769553,0.014311034314181015,0.03186795135143172,0.03642305236037635,0.031210258826082526,0.025760145437895066,0.04342683440812056,0.05464284296329747,0.012661492585462453,0.04891491752948296,0.03590016202612345,0.03182038921013253,0.029037603815550872,0.03939500906926274,0.03294459650668613
2022-11-08,0.021047542448961343,0.012206668051923497,0.022254537545774777,0.02546306003590537,0.04178813920971569,0.027862869586231076,0.004678184177773881,0.0034892736239040545,0.027004322579130102,0.0345321931245286,0.03112477524338053,0.012903801669776893,0.033514316030928804,0.0207231035521922,0.03246115607586808
2022-11-09,-0.05656743108450979,-0.06155051525598143,-0.01874875188199776,-0.03160266465439088,-0.028058511294886457,0.04709200861557128,0.05037244659285034,0.030383522334907154,0.030079976065640945,0.025515539495171158,0.03185274033712626,0.027483410188671176,0.016778984448869716,0.030833786208363634,0.0177045421554467
2022-11-10,0.14329247155673208,0.14269030896247625,0.09281901221102173,0.11029901884896587,0.14573177315115582,-0.026523864972623712,0.011496395935598924,-0.007272301977700901,0.05068757728637796,-0.01658533812535601,-0.007466129591346515,-0.021845549699831324,-0.023247487633837216,0.0015026177716663813,-0.018088771123211167
2022-11-11,0.0366348873593092,0.0569592734971307,0.006214763035887971,0.05477616989841483,0.02790733124912803,0.10103175915828588,0.07783126979464705,0.062060020740287936,0.102525482583526,0.11854597198485184,0.12500817964501132,0.09929144194744399,0.0577365565772725,0.06585424881652502,0.05426697995653229
2022-11-14,-0.001959740186279535,0.01602868576331007,-0.005188152309323679,-0.026418292252139763,0.0023939616516217566,0.017826300439448772,0.005493228466181277,0.024342782190445833,0.017504600851003582,0.039205090924113506,0.013348713817594726,0.03201445634642397,0.011338211444160473,-0.0009008105539838329,0.048564158016427994
2022-11-15,0.022767603444810325,0.038623745606327864,0.04321174659591809,0.02648444761235136,0.034007042934797393,0.0859010412956176,0.04282978348673905,0.018797079308031428,0.08382664020654529,0.0014734594265408685,0.021756990295757284,-0.0031486525759225614,-0.00033515325548250097,-0.000708680300249398,0.031162808520021068
2022-11-16,-0.04536177652095841,-0.04805559337896048,-0.04197733840233042,-0.05649091059095113,-0.03476316110266653,0.00838077650803526,0.003522524266860616,0.0024545726826674663,-0.014080461202485739,0.02484095649475715,0.020436672131398215,0.028633115326365255,0.010777307159624883,0.004842643272086056,0.013649382831279366
2022-11-17,-0.014644925088637795,0.01650625348018986,0.017642681207826083,0.002206757762026168,0.021380396920274602,-0.002694805138734102,-0.004076737917210971,0.0003478413750970244,-0.01678982656350725,-0.032012655957915026,-0.03390112632361153,-0.02258460085057523,-0.03551330592569946,-0.055995653256842304,-0.033816965958230805
2022-11-18,-0.017095069449805878,-0.004465518595951901,0.008057869836655795,0.002393591109092208,0.007011171814159445,0.004447349271027301,-0.003817147641997809,0.015300442207593079,-0.020260449338409314,-0.017458359613223284,-0.002213514102833547,-0.015206092165822915,0.0017773915844103705,0.00323737911623323,0.0030087990079816773
2022-11-21,-0.005970567634821733,-0.015087679964060907,-0.029471038959367424,0.00420234794342611,-0.021697127843126274,-0.013012388056648616,-0.005536241082938487,-0.010129645508062057,-0.004869000646888444,0.00472595185860647,0.015610586048804498,0.015685085037621116,-0.0037124788499782735,-0.021043731629902473,0.010491695918371402
2022-11-22,0.04707180401729394,0.03850401532954484,0.02870212686012552,0.018071265165361394,0.027434688533737983,0.018027588585610932,-0.010348885898260218,0.005732524787377402,0.0025231029630079504,-0.012101670192890768,-0.027053350318920755,-0.01043877808616489,-0.028068805881736214,-0.027790006026937375,-0.041548428441055885
2022-11-23,0.02999132364876478,0.015282412304038706,0.01213104387674524,0.00833487126822674,0.012814122373675518,0.0028032351306248593,-0.010463733485842952,0.011321731528253665,-0.02128742675407236,0.006680659069864037,0.006680659069864037,0.006680659069864259,0.011854362033224097,0.005219273373475719,0.013103333324808286
2022-11-24,0.0,0.0,0.0,0.0,0.0,0.009022262540809178,0.03353787395947938,0.007153387755026941,0.04061950475529641,0.04945392134162696,0.059697611888946955,0.02911760240876382,0.018514187066684284,0.03206909886609921,0.03550253203625586
2022-11-25,-0.015073555710866438,-0.016492174228604828,-0.013583797888350513,-0.01718217722937887,-0.019889112845427714,0.009446482041374216,0.00401156468123931,0.0022637183733105193,-0.003945379215173017,-0.0029297261410149433,-0.00475128844435313,0.006849797941539615,0.007748152036164857,-0.00665453667955751,0.0027857675399556303
2022-11-28,-0.027228041302246986,-0.025951516689935228,-0.031672718869934946,-0.02220735677677932,-0.014361754064042276,-0.03562411029055901,-0.03349688854029875,-0.016102021261212962,-0.017159367822079497,-0.019162516260693208,-0.008924324372378,-0.011410064090587313,-0.027060898764470598,-0.03569912778373063,-0.02008732763411314
2022-11-29,-0.01187856101768292,0.002732571957519747,-0.009703818951870002,-0.0021264547233805775,-0.007748829452695727,0.010990975001814673,0.011686270064432236,0.005932707457540598,-0.017296270139828485,-0.008099741515205539,-0.01349648772555212,-0.005486511559257834,0.004136194024605411,0.0030414964052722926,0.04988967167841096
2022-11-30,0.08237967944513969,0.057773510001794204,0.07532086943696736,0.0615013475622308,0.050620488586638146,0.008114209840986764,0.03004703393546926,0.020846685781803487,0.012715725682712398,0.00606000536020157,0.0020075830873080847,0.0029521606298164027,0.037825423479524334,0.026833453309134114,-0.0037406265524564386
2022-12-01,0.012527142367712463,-0.0019321641348862828,0.002529866479269227,-0.023631278584070436,0.005163310928621767,0.022900098624200504,0.01643209081194974,0.04993860326074562,0.03968678555260241,0.0506372844474372,0.05434405469927839,0.026187414033664647,0.04226691339142441,0.03195201260442637,0.031742922320854294
2022-12-02,-0.015115200566548137,-0.032266389928805816,-0.00906866324716038,-0.002803598668764229,-0.00907938623826865,-0.005892767966765189,0.0035023168258092596,0.0012614310171081833,0.012429440439971406,0.012877531015082821,0.018477743576782002,-0.00272944022486199,-0.052504805481732975,-0.050456657220768086,-0.03270519941303163
2022-12-05,-0.015762093339022676,-0.018138177506840547,-0.018780787955001932,-0.0026240095994747303,-0.008122896007808578,-0.005487433277423515,0.0016307212417290273,0.0016307212417290273,-0.00553847825395215,-0.008741980029471463,-0.006556742114272374,-0.0030138765904293985,0.0014795051332463505,-0.007882950718664405,0.006954687313066588
2022-12-06,-0.037507436026008145,-0.04550402035500001,-0.028548437449610775,-0.016160891161657087,-0.012883349832313873,-0.023294484185735653,-0.019746842057170144,-0.013678714112975277,-0.01934040285689942,-0.005684557743654284,-0.006548840746571694,-0.019329163608235334,-0.022155867391820072,-0.00398656147514953,-0.041714358798970896
2022-12-07,0.008319113814007295,-0.0018499681176631366,-0.013107311962785362,0.013370347119052495,0.01399576374857836,-0.008563128451158697,-0.014686720803299136,-0.00930630041997027,-0.03266144789937264,-0.03942958747608227,-0.016374997926401402,-0.017564472396683017,-0.016632352029918085,-0.037248117179516926,-0.02329749632122169
2022-12-08,0.0650747054502161,0.004704902109015308,0.029946803514125264,0.02356035248410482,0.00921268052072044,-0.0074817854611419765,-0.015475662872210805,-0.0203139500759143,0.004214139926245863,-0.005702471668552422,-0.0016414351851689046,-0.0027765281459903868,0.00938413994388032,0.002995895376728619,-0.007734086402990004
2022-12-09,-0.009785175068969143,-0.026678087842294196,-0.022176539311493104,-0.011693139109643313,-0.015142836872135135,0.027041928568010576,0.039948764636320355,0.031632267809880155,0.003544495744290277,0.02752372077612586,0.05601163115830876,0.012741287006742485,0.018309727628117667,0.03227660615840855,0.03832343679501138
2022-12-12,0.031409790794791004,0.030325148594674056,0.018143551987888307,0.01891190205989779,0.020562116420572263,-0.020914333350446346,-0.03066054283502362,-0.02148086701868679,-0.012875360876413722,-0.010556541710035394,-0.007796949333402803,-0.005080624755341656,-0.00472578037969551,0.0053700463034471735,-0.013167427094133766
2022-12-13,0.03062452360229062,0.013867318272610785,0.018810238704736637,0.02285815891991505,0.029967886022261858,-0.006925116414134069,-0.0037688080883439,-0.017910173664428708,-0.012588479645778916,-0.004880942857001802,-0.005759775716748239,0.003543011824715725,0.001248318680322269,0.012659539086228744,0.005814068010449036
2022-12-14,-0.02202301752488678,-0.037962333046436925,-0.01441415827235859,-0.019933704392445684,-0.019752785588233568,0.021718905033921043,0.01530834922697455,0.02028033571840382,0.03787602457627659,0.03341854779004705,0.0255328171774869,0.04471513024185958,0.026718694975391033,0.006987002667468767,0.041063462150846775
2022-12-15,-0.040851104883847356,-0.03481795321707981,-0.041656287705283956,-0.04633364816160146,-0.04793291673067801,0.009606324611447725,-0.0479011481819801,0.005876793928616397,0.005961645589553477,-0.005202461530065983,-0.006335002761843622,-0.0010735145487505982,-0.02490337058035441,-0.02462990288400746,-0.012794361052453795
2022-12-16,-0.022475241104981114,-0.016834437663269974,-0.018089826521018648,0.0016258970012736906,-0.02050002818194263,-0.0301332684385206,-0.04108203781984998,-0.030722501877236685,-0.044146726579373685,-0.061394645711560614,-0.04839889812874465,-0.033792727615541085,-0.012944843685907315,-0.03834165224611863,-0.020061111548397625
2022-12-19,-0.01912971174271061,-0.01253642070492289,-0.01676424120269726,-0.007065702775473692,-0.009942206567459477,-0.008292332281129022,-0.004794592446581758,-0.002889352626070485,0.0012739294904327014,-0.0076605383484273926,-0.0070425029036739195,-0.0037981163292698517,0.006295547519669764,0.013996967184658704,0.0023952226031771495
2022-12-20,-0.010397413395266786,0.007121949836639496,-0.004528684046524067,-0.004711976017363617,-0.009584825115523166,-0.019767371238637477,-0.015720384400236043,-0.024480755942319576,-0.026815955475304354,-0.03740643265152388,-0.03197874880305096,-0.02046221458249098,-0.009427289710161824,-0.0031259283562991014,-0.017695025463939862
2022-12-21,0.025862573022966684,0.04043039400513759,0.022212009341719297,0.023188432863298525,0.03160723798886722,0.005293446041510608,0.014416869293952583,0.021298169680845858,-0.0025104906741024724,0.023206587586975136,0.023868759512404525,0.031937797832511494,0.003401027941928758,0.009897080762973909,0.009742073800827367
2022-12-22,-0.0704200347169448,-0.05644207561464931,-0.03412142819038244,-0.07837593730126835,-0.043049263799533,0.021103447924756713,0.012185838950321992,0.022483941988620026,0.013942620522627402,-0.010177441273620746,-0.012487715780677533,0.0014272420695480292,0.021248824490208262,0.01765986644566686,0.014267828506245639
2022-12-23,-0.008670558590497923,0.01033504582534972,0.0014456214886660046,-0.003893382457422212,-0.00823827242437647,-0.029706970518006748,-0.0034940571572370516,-0.03788416488743951,-0.027660359410727753,-0.036760519822963245,-0.04485002065182919,-0.012628624251396214,-0.024105710535043956,-0.02485656409084902,-0.04262199593593052
2022-12-26,0.0,0.0,0.0,0.0,0.0,0.0031302746577019924,-0.01380022860560881,0.0019659444232245082,0.005573672175529731,0.018860832205141564,0.008465597685630932,0.011678208008011781,0.005095807553865406,-0.001803349793932263,0.004433964746273444
2022-12-27,-0.07135349403851765,-0.019373779453490836,-0.01245027266766252,-0.019337633674431642,-0.02573573904080717,0.0019459596586861583,0.008536705979058645,0.006173239229476213,0.00541975061245914,-0.00953918204476345,-0.011434485290316432,-0.017527679527165385,0.006688469952754517,0.0032231892715444133,0.011480240828559696
2022-12-28,-0.00601937957159393,-0.011063707252645605,-0.022748253738876567,-0.011642525104444523,-0.010313199812973073,-0.013228830513491219,-0.027537055136528488,-0.010681781589328754,-0.02737097340535599,-0.015184122487838847,-0.00891902556101798,-0.011090336603863493,-0.017530878286508123,-0.006906803732983469,-0.010235965278279635
2022-12-29,0.04039615985718403,0.035959725283267296,0.026829970657045177,0.030882036442789307,0.0372994114514178,-0.011276227609711587,-0.01429587847354219,0.0030159215706064835,0.005648171090262943,-0.008651176007656747,-0.007616104152486591,-0.02065185552684856,-0.02453205156483107,-0.014737603783071429,-0.03516040299606382
2022-12-30,0.0007532852899334586,-0.000771413946208388,0.0009105076093065545,0.002470477542613425,-0.009193388303339933,0.007175284281755845,-0.0048080643137237145,0.002629114913932362,-0.00541831755428146,0.0024810193944855286,0.013190632195482666,0.006240601251173761,0.011156377584378374,0.011156377584378374,0.011156377584378374
2023-01-02,0.0,0.0,0.0,0.0,0.0,0.001053877970963013,0.001053877970963013,0.001053877970963235,0.001053877970963013,0.015827881280803036,0.015827881280803036,0.015827881280803036,0.003099091586980629,0.008812946946856526,-0.01789788957134386
2023-01-03,-0.020459823294004753,-0.01157943552372076,-0.024922722653829443,-0.006674797919591247,0.005801730784207759,0.007656488432833841,0.027974937250504484,0.0050836065007606734,0.02215007297121474,0.00038988692579189355,0.0003898869257916715,0.0003898869257916715,-0.009024327614421623,-0.008547027759563397,0.03229926633906932
2023-01-04,0.030317642521697108,0.009996986138740782,0.04039166612862011,0.026672193605987493,0.038684795750000944,-0.005466557070402556,-0.010173238974563237,-0.007258065484043397,0.013718914902067558,-0.015505880512820203,-0.02813755871638912,-0.02864133567496141,0.03599661376719454,0.06390658310204289,0.0690373469213903
2023-01-05,-0.032815618892632736,-0.03603466902399921,-0.019097803690812487,-0.013996639913942288,-0.00965275255960818,0.01876917265918654,-0.009080479339437897,0.008364811389226734,-0.002372552929664984,0.03224480291109888,0.012854424273517129,0.004063036169667189,0.013257740708940036,0.011263026428977474,-0.017570897992731038
2023-01-06,0.0416404267401016,0.02615108624312379,0.05429607252486712,0.06484883436998645,0.054004902815026457,0.002122605093367813,0.04817909563021017,0.025427768946077123,0.022808620764304344,0.022335969478686435,0.00026886162594008667,-0.0008289288091268832,0.01127921180324254,0.01840072873816978,0.02179946792570764
2023-01-09,0.05175312707264634,0.05128203293069067,-0.006329119808966999,0.021290923149740903,0.04276244304477217,0.05118405497522183,0.0247852018703969,0.045488015786153246,0.05380162042513237,0.010958481818640564,0.010958481818640564,0.010958481818640564,0.046304245237972275,0.05249214471482855,0.025040376027128497
2023-01-10,0.017980570510976346,0.012046478490814083,0.02006800664518793,0.014555354989365998,0.01941011227701961,0.013695325635186384,0.03150657681266589,0.00823307268805662,0.007553881169965804,0.031888582321594416,0.019829940893203446,0.03486326458336131,0.005977633694373985,0.01685165276335443,0.038726354605970625
2023-01-11,0.0057827023950343115,0.014841946532577754,0.012659297917801515,0.018696715034877354,0.017824361852822435,-0.0021234088708930177,0.019716020070391416,-0.00889562466652316,0.01587418032324006,0.01010687682489908,0.0006343766125251893,-0.0034144502751594086,0.0009448257028661367,0.008532427559141409,-0.0007095897775761806
2023-01-12,0.031873061839255756,0.025195562622019496,0.027029337824182154,0.0012719987714793213,0.012223410228243692,0.0040488336887107845,0.011235732744104832,0.004895827157219923,0.008306235843505094,0.019446912576164266,0.0038114048893662655,0.005418351418486234,-0.0011597466451064298,-0.006880565525732685,-0.004972139712615564
2023-01-13,0.023499515532988458,0.0028248155313777,-0.011102826887752992,-0.0020870015100279415,0.01092584112587236,0.031460202816131044,-0.025865811940770755,0.003610788804736975,0.014043270158293986,0.0521699301825016,0.04923903712483568,0.015636503098459764,0.006961893943608022,-0.010704634505974253,0.005832391178071106
2023-01-16,0.0,0.0,0.0,0.0,0.0,0.011541087465991584,0.015956862180239728,0.001525788163255104,0.016981374701753538,-0.01499155673203656,0.006699146783162968,-0.004400353417705061,0.006998365811791585,0.003223304910969116,0.009703310707079194
2023-01-17,0.047517957535377686,0.008309807575924255,0.00033261942738960215,-0.005092230178035506,-0.0022737302946316262,-0.005592559741312897,-0.017238133978194736,0.0033037153666419794,-0.0026501731695018904,0.0176461975097697,0.025600862740256414,0.01047281715658932,-0.004951931688208955,-0.0009972674655274183,-0.0033206754575214603
2023-01-18,-0.018360059578593657,-0.014806503880664734,0.014632446057849968,0.0026506052303849614,-0.008963771249194341,0.0017406368009174056,0.0017406368009174056,0.0017406368009174056,0.0017406368009176276,0.01746627137441359,0.027523803014818826,0.021082581885594642,-0.006866311962402727,-0.0074974395561842044,0.010597614520505116
2023-01-19,-0.03521854819263326,-0.03998298232853492,-0.03654533648302494,-0.032269832089117934,-0.03378895658938508,0.00302471313469721,0.003024713134697432,0.003024713134697432,0.003024713134697432,-0.026918722833366493,-0.005178734907296256,-0.011422273494360757,0.01748806372443057,0.003986032282256469,-0.000710896758442936
2023-01-20,0.06406180107803672,0.034854536143285264,0.04524571213355211,0.032874792193207325,0.029512335026998127,-0.005076015438842285,-0.005076015438842285,-0.005076015438842285,-0.005076015438842285,-0.00048231208636129175,0.004508860349469401,0.0013165564702404264,0.009526679387110493,0.029300878641060013,-0.010481201512485883
2023-01-23,0.07590121257543103,0.09219350810058335,0.06615142667103324,0.041130899446861324,0.0418894212415335,0.0007026017781714966,0.0007026017781712746,0.0007026017781712746,0.0007026017781712746,0.017398035748714902,0.014469498062161135,0.012477100206300662,0.0017479446540760168,0.0017479446540760168,0.0017479446540760168
2023-01-24,0.003751263277548711,-0.023912215604918408,-0.0025185803776756055,-0.010248754068446275,-0.008904888321087046,0.000815375347179792,0.000815375347179792,0.000815375347179792,0.000815375347179792,0.010696128770307567,0.021274474824141132,0.006084817978328383,0.0006101132224762829,0.0006101132224760608,0.0006101132224762829
2023-01-25,0.0030108111567606066,0.0028113349725127357,0.0035961280682106356,0.008496253646996133,0.017193839174162173,0.0008424661414503376,0.0008424661414503376,0.0008424661414503376,0.0008424661414503376,0.00016101985957939213,-0.008337089426260214,0.0064926879657492,0.02146301360387537,0.040517988837336816,0.04445639755960329
2023-01-26,0.024788991446484276,0.0033373379759484845,0.021270210139857415,0.014304557782802263,0.0034775322322901925,0.0006578825401266641,0.0006578825401264421,0.0006578825401264421,0.0006578825401264421,-0.010498475033501209,-0.014777942060705596,0.014096592824891507,0.007956268421961621,5.6846446359282155e-05,5.6846446359282155e-05
2023-01-27,0.028431303838792665,0.0031931592878635673,-0.004180542277638977,-0.026648296813892025,-0.024140825362497176,0.0012844334782096123,0.0012844334782096123,0.0012844334782096123,0.0012844334782096123,-0.005649197982794063,-0.021932285226676895,0.03642887454586563,0.013147333783519954,0.0016956206362885862,0.007164379499431384
2023-01-30,-0.059071651141808346,-0.03912472835460368,-0.013268099895123453,-0.038222269033223566,-0.02559238711113543,0.07783874474093144,0.0647144819276757,0.03286887724712062,0.07337357921817378,0.006397422711003298,-0.0035889391848565877,0.05036891888969364,-0.01781155001910395,-0.006404242094572576,0.0059888911198822115
2023-01-31,0.01956976836405344,0.037267145498509624,0.012003217871672245,0.030406735621482994,0.01619224042075018,-0.033531357814255536,-0.02321906365727988,-0.04252398418210401,-0.007928472912513862,-0.018265264307165907,-0.028032799635237637,-0.01306839553856276,-0.03202441811627543,-0.026276271287800523,0.02312950673990244
2023-02-01,0.07196614973819271,0.12628074079947327,0.03941139786504455,0.06744995906007167,0.02676909031711472,0.01748954983801032,0.010505571553468318,0.02217372226344616,0.009795643047783686,0.024149443916981594,0.04316732152459268,0.012299307551535188,-0.007038690320225638,0.03222359177322209,-0.0012308604846444915
2023-02-02,0.0365752598550122,0.04336009210078218,-0.018850138961362894,0.04411396042620774,0.026557133801163424,0.03604856666898715,0.04916595856640904,0.02683165913960628,0.0554530966489819,0.04117251925658438,0.04856466813533,0.0055272261919394605,0.049673153851535146,0.008347373992204421,0.03036054325227444
2023-02-03,-0.02805301582798203,-0.025138730405129373,-0.006109698389396012,-0.03444371929162049,-0.024305288829547966,0.003364164274137993,0.005014680478026223,0.02877796245122366,-0.009476052090890197,-0.0005424015675313809,-0.0019701961340210516,0.002168561331681529,-0.0024084196125302437,0.006323347203134766,-0.00034573631715495434
2023-02-06,-0.0005211113514939081,-0.027993914917314733,-0.01547937185575643,-0.019086631545003008,-0.02385622410340138,-0.04321329385603012,-0.04036498238798725,-0.0373615734358943,-0.04685122983160639,-0.043813016306539776,-0.044400754927557795,-0.025988040390865996,-0.046922505344690446,-0.05055904756817564,-0.017525546890665766
2023-02-07,0.05140128039784653,0.026649179598481343,0.027834421222597383,0.02404610504786886,0.025303112524899696,-0.006780627766637015,-0.020214380063926507,-0.0010834353981615807,0.00272912398473113,-0.0016373224380575868,0.010746759196610167,-0.00047668410662859984,-0.0050618342548086614,0.007380004174746935,0.02999068753823586
2023-02-08,0.0014432811044493565,-0.014200921530646005,-0.03264290641665624,-0.03791884750789676,-0.023470566492365008,0.031514398785191355,0.036661716340114836,0.023172338110321933,0.02563141053415685,0.024198310841343273,0.04080493761326753,0.011013567371382038,0.022508982831618507,0.050049473471121875,0.020599770507811588
2023-02-09,0.005944470070005092,-0.017475538012382885,-0.012408447131526557,0.0011211857828898886,0.0020217409413771925,-0.0004793529661917262,0.006237692644184056,-0.0004793529661917262,0.00507358033324512,-0.02393620873461777,-0.014428904102804618,0.006189082196635942,-0.0009052837437886208,-0.004061973102248095,-0.006650510531399978
2023-02-10,-0.04799197813070144,-0.020790719223332976,-0.011797913154799833,-0.01128533525103459,-0.011714506489563625,0.010554378419676658,-0.010748152003018485,0.0012831994074078423,-0.020844583337117806,0.04240271983566002,0.013951388784893659,0.006461078710084722,-0.009525216529888247,-0.017931192981481936,0.007812714968696621
2023-02-13,0.024594337353253337,0.020250292446066354,0.014342021624506929,0.015334930519393941,0.018877010654618775,-0.013187461207656681,-0.01798176194396106,-0.02464790489557278,-0.020868404153267184,-0.04415218311428826,-0.015971995722405263,-0.01558476306057277,-0.0018312425884298156,-0.032790464725478974,0.014890589869432258
2023-02-14,0.05429588461414947,0.0339227690123407,0.011464288324155802,0.01639073553225945,0.013069338512614825,0.006087090570895182,6.91358853834867e-05,0.003504327757192227,0.0006124949245887024,0.00784603860424582,-0.003953421748237318,0.0010319724494345373,-2.175946337168444e-05,0.025989168025755127,-0.01612088695805125
2023-02-15,-0.009011361587135336,-0.008958658178080947,0.005516413033680667,0.008611880576597786,-0.0009888124654344743,-0.03761113951968087,-0.03097491959320664,-0.0009487969945197738,-0.02192120865448155,-0.009596352691011112,0.0050036241072572984,-0.0018376902980754561,-0.015288893576896223,-0.01766879851508807,0.02555582270022594
2023-02-16,-0.033473928389564644,-0.059873191545541715,-0.02186828133640495,-0.03407006074362151,-0.03033354988399073,0.003945072474629718,-0.0003529430281953294,-0.0065352810004013495,0.009916235678131935,0.0021463310196425667,0.002993441847302547,0.003404465053120642,0.014965171209662564,0.0040342274844824555,-0.018231933171827253
2023-02-17,-0.02790654233214973,-0.019730292144448547,-0.0187462110276565,0.000433354810408737,-0.00662825095643671,-0.017350297733370823,0.018524654601586477,-0.017642246406097684,-0.0022400388158696494,-0.018278612376461667,-0.01884827066399708,-0.02008571585129182,-0.021263519425440247,-0.013713743434988768,-0.04304755341894151
2023-02-20,0.0,0.0,0.0,0.0,0.0,-0.0058836259112061695,0.00017222142002237817,0.005804321200727047,0.003745438329230799,-0.017079424296058687,0.00025165951810057763,-0.00510128900255491,-0.0022420271068360753,0.001580652652062975,0.0007481310759820392
2023-02-21,-0.03427154630722262,-0.022038259323994835,-0.031475095180359736,-0.03603611268606477,-0.03397594138802529,-0.00164495072513815,-0.0010879474678245904,-0.004565882338174787,0.004129741495476846,-0.002853815657910097,0.0017699584349135655,-0.0022976041728273167,-0.011242811067025182,-0.01571986387771085,0.005492459545904271
2023-02-22,0.004792895246345186,-0.0020840958670185206,0.0020210571412642153,-0.005494354575916183,-0.008844365850909641,-0.02130962685834703,-0.02042313965179099,-0.0039364541242138396,-0.026790663123529068,-0.021636410631038272,-0.0037552940266829538,-0.015125028218494152,-0.02342674094690078,-0.030298651807637356,-0.002931906949590557
2023-02-23,0.14021399015634972,0.040986808048976364,0.0181525601478556,0.0226429088003004,0.0222361670239295,0.02200472022461719,0.04519633026003911,0.01006091654192276,0.027707521831503712,0.00032602412058291286,0.0003260241205831349,0.0003260241205831349,0.017066545304027514,0.042799783150462734,0.01979601932605135
2023-02-24,-0.015973511791188555,-0.020815092941810387,-0.01473864588825724,-0.014170556415727176,-0.030889196193794266,-0.007249458015205157,-0.023367650506566418,0.030658050788159086,-0.01856913801557114,0.0737355437975229,0.08462179398143777,0.010975622319071787,-0.007672390783466043,-0.014746438920002602,0.010673384571158184
2023-02-27,0.009232767973478495,0.00870790545607747,-0.007398982776709473,0.006827705940383844,0.022154791098387472,-0.012193000531575016,-0.012193000531575127,-0.012193000531575016,-0.012193000531575016,-0.03155118729607931,-0.02830698717010305,-0.009602114167532982,-0.024785443927598516,-0.022748414586614807,0.0005781464239371648
2023-02-28,-0.012126917799477832,-0.0024120200597779196,0.0008912023297324989,0.036405780768046236,-0.02270292809608221,0.001928243749758085,0.0019282437497583071,0.001928243749758085,0.001928243749758085,-0.002843428320024155,0.005221636484187275,-0.0020334269969141117,-0.00188019951834828,-0.010170458270786886,-0.009114817064644676
2023-03-01,-0.02231219151107644,-0.0036905180551005667,0.0073301620186054794,0.009556604412203518,-0.00450041334373219,0.019926411178390557,0.0923388556992164,-0.0015662941173724132,-0.0015662941173724132,0.01817991619048054,0.02289432376712197,-0.00414294179554886,-0.002459140481263389,-0.0024591404812632778,-0.002459140481263389
2023-03-02,0.02713892126146189,0.02746201942440507,0.0008085504810033672,0.010148300279034572,0.014993200833774978,-0.0029781419285024313,-0.0174992453115953,0.02170508935466753,-0.005049554101105191,-0.014442872182858113,-0.008826322315697577,0.001918046029691478,0.015494690795714972,-0.0025637537132108257,-0.004968806004071458
2023-03-03,0.02470599125904549,0.013426083650940335,-0.0014542283080812846,0.004305709618469544,0.021164024358764966,-0.007106107721423838,-0.0013332710878378728,-0.0013332710878379839,-0.009196845948692856,0.002644231637102701,0.005360320597101342,0.02626982649506049,-0.008979644106662632,-0.013109259578533039,-0.011682513094252056
2023-03-06,-0.01406420772077932,-0.00441600828976052,-0.00962768672417047,-0.0035305562769432086,-0.025746055857623906,0.013096503050887609,0.01502600533289522,0.012664367423396161,0.015318793099083239,0.03760394471503359,0.02261041778798578,0.03768804603835485,0.029310367003151816,0.040410550100809184,0.03143325952728815
2023-03-07,-0.011125411083631187,0.01170523540384849,-0.026305156616382552,-0.01830606867556539,-0.0190992099846945,0.0032449819975353122,0.00259056202783281,0.011228341307464529,0.007280632383696917,-0.011093982420839588,-0.0063593075401695565,0.0011946465383785299,-0.016214603068492095,-0.012138388715887127,0.02000477039256343
2023-03-08,0.03834588823383722,0.03970286337836759,0.016863840052734558,0.019592674461701653,0.0168937494921213,-0.010621083131695741,-0.03017985919669197,-0.013929322452758797,-0.0010596069082959847,-0.011572000824777051,0.0005023904546479496,-0.013784398784197571,-0.02083621290096671,-0.037624165864996506,-0.0179848929079075
2023-03-09,-0.030809254110545803,-0.015696426428178922,-0.03283832364983197,-0.013569390058619124,-0.02366804319797411,0.0019681321850297806,-0.0012534196542665077,-0.004517658622778642,-0.005754304211623706,0.013707032140152675,0.01893869011744953,0.017023852401309547,-0.0022189608715201814,-0.012738648614394,-0.021805577474940052
2023-03-10,-0.02009728549556211,-0.016184703440536463,-0.01731779240991127,-0.022641805905868506,-0.0058372639488422084,-0.020083047914307817,-0.0171918136178818,-0.021187114128993212,-0.02229049493286972,-0.006524925588931585,-0.0017880897520237138,0.0026688853821845715,-0.01677987807428638,-0.03354975844312669,-0.04646482325029311
2023-03-13,4.344345110784964e-05,-0.007983501237850188,-0.006597710095535003,0.012675904125291737,0.0059381943843697105,0.005365240455257103,0.010097130908910845,0.01353197839535869,-0.014362367141941945,0.002909204161601009,0.0060511427234080095,0.0060468524780898925,0.012996202891263797,0.01661408849046997,-8.07544006262706e-05
2023-03-14,0.047766412880273945,0.06633330899047052,0.018526517390205166,0.038846608730205956,0.025661944285912286,0.0004999260196569821,0.008295648803652078,-0.0017240460769967214,-0.005041896591609252,-0.006828154725994295,-0.013677593533857113,-0.0008866764250671233,0.0009007120068176278,-0.020772673756856874,-0.034713301389348805
2023-03-15,0.006856969478423958,0.025500325154424353,-0.009094764384572018,-0.015456052229692041,-0.021941208129943823,0.004467280563166698,-0.0014504109183273162,0.01655555798045749,0.000449515853545579,-0.00827351863858461,0.016470952335327915,-0.004867546114568633,0.0071886201035908925,-0.03079138558088801,-0.012530882544555921
2023-03-16,0.05419360640684601,0.07716322642057283,0.04346697222218876,0.03671510344251727,0.03934496972046242,-0.010985186553357784,-0.007246412650404155,-0.009206969999199788,0.031111672789996936,0.02034285637834765,0.020859489930656006,0.009542335788037537,-0.003795420196957333,-0.006715724871517947,0.0322823984752858
2023-03-17,0.0072039182778183,0.01283641701197058,0.0018255886827789336,-0.0018726254729908298,0.004963796065780679,0.024769035394526684,0.021516310976939845,0.012926409325548338,-0.006884205338883009,0.025861890280121758,0.029815839636613717,-0.0042796675707804654,0.03132900989878218,0.07155795909679563,0.09238163584290127
2023-03-20,0.006802756467440441,-0.010527379577363938,0.009028316203033793,0.011745592972900454,0.019946636364231107,-0.013810595836877937,-0.00612582500234804,-0.0022535842991655564,0.005696578684414755,-0.01796539951057219,-0.013982438728760815,-0.004561074111148922,-0.02247305512450737,-0.008166151073746963,-0.0008809962060795096
2023-03-21,0.011544540453599428,-0.009089941902801435,0.01625361506113543,-0.029345462478537976,-0.006498408610510431,0.013472833875156631,0.0049748307150683235,-0.01924349609333509,0.009622123833788354,0.006788832673356282,0.006788832673356282,0.006788832673356282,0.00374132782570169,0.0008794878075446544,-0.017253836146214896
2023-03-22,0.01026744317444428,0.017200057548523606,-0.014781944070969,-0.012790675492025061,-0.0027406163212471135,0.03182402282686736,0.013830998574133169,0.01955720032244601,0.028377886698723875,0.015234602891887272,0.02025824636338114,0.02819724678849944,0.01443303257654871,0.04066990144959104,0.02719590342395395
2023-03-23,0.027316073146145037,0.027669572633507666,0.017873195423588673,0.0329799784626148,0.03715016950688699,0.013707520257506545,0.01971745875729658,0.01810718169946801,0.010047369005165674,0.02413809033109593,0.028444304182649205,0.00010006019364938723,0.02371604159254015,0.02248317522078369,0.015794839319328347
2023-03-24,-0.015152116878621058,-0.023234960704204943,0.00491338016038978,-0.026470116896823215,-0.02503904296802406,0.008906133159440222,0.0032246837264022776,0.0115909605246578,0.005119904811664355,0.02077321669366161,-0.0025668533905320867,0.024723881674394876,0.020638595835118734,-0.004387224484549868,0.2301590786229344
2023-03-27,-0.009260903451248859,-0.013680412247472518,-0.009297888245261454,-0.00552159796525975,-0.005374215213446609,-0.020788232259680406,-0.018617375320624685,-0.023944647238677064,-0.0003556638342909757,-0.02485819896899577,-0.0056648492136301964,0.0037370284352173933,-0.020786951925516495,-0.0270779750916752,0.028776484708830097
2023-03-28,-0.0045607778579169755,-0.021219366926886862,-0.018284697133997274,-0.02077896572799809,-0.006738413560623324,-0.006120189032170487,-0.012804612322354303,0.009849377878095034,-0.015704188872535774,-0.006221450976177212,-0.010439489312155548,-0.014841267873278219,0.01056437257294296,0.03155182588876104,0.019453388629468105
2023-03-29,0.021734256547972564,0.016180190554138107,0.0309048909470091,0.02963917083163259,0.030341523669626724,0.003468862921300442,0.0030859793619291143,0.012157624013497736,-0.017533561721089552,-0.004137662191303959,0.0022692822241265898,0.016900334108119974,-0.002549361895473834,-0.016346743656468488,-0.0017387978624717748
2023-03-30,0.014786427943070057,0.01862837947493512,0.018466748100469665,0.018856790441450277,0.026641777297643943,0.0037774578925930946,0.0008284327674432657,0.003314726160041248,0.0021802522136027402,0.0014535419332266653,-0.007362724859606984,-0.009159169602786621,0.005939120555213506,0.017441812365528442,0.004019031697218622
2023-03-31,0.014388524860543095,0.0013282068498214894,0.0014128427223250029,0.005896491378989399,0.005955667960743538,0.0016450071200504457,0.01703385959850534,0.005403316707920824,0.011260078300002307,-0.0040713411570709734,0.01876620668432749,0.022576513871981785,0.020961126775967287,0.005928344822870413,-0.02020097608402338
2023-04-03,0.006768098813981327,-0.014794455117154937,-0.022260596972085267,-0.004152171401839655,-0.00987220648050291,-0.0056674967356377115,-0.0056674967356377115,-0.0056674967356377115,-0.0056674967356374895,-0.021645839314496484,-0.043811152813465704,-0.0228254389119108,-0.020844338553205888,-0.022571360645825655,-0.00687868110051415
2023-04-04,-0.01830847849370243,-0.007145762525449739,-0.019560760265243116,-0.017985625342463507,-0.007878487675563317,0.0015223819623613188,0.0015223819623615409,0.0015223819623613188,0.0015223819623613188,0.014016624762984042,-0.011128652126810912,0.0014140279842640435,0.005943350111379697,-0.03286725102576382,-0.08007188751373995
2023-04-05,-0.020835492985947224,-0.03452597364305687,0.006050693641773464,-0.023310005968072645,-0.007148420826394664,0.0030705593394568798,0.0030705593394568798,0.0030705593394568798,0.0030705593394568798,0.004599109738807172,-0.004382117241668038,-0.010034167042555553,0.0013791741055630968,-0.0021426532729027503,0.017572631134890715
2023-04-06,0.005803180056496826,-0.0009723027254149308,-0.0003250092014855932,-0.024463082071046194,-0.010212433566908596,-0.010691652604794544,-0.04807354593328372,-0.005091563138674093,-0.01661561961686575,-0.041293045465052636,-0.015342666603132993,-0.03165632681340835,-0.027853948403527506,-0.012316010374779696,0.004791004705980928
2023-04-07,0.0,0.0,0.0,0.0,0.0,0.002884927492801337,-0.004321089871883177,-0.016799128368714555,0.0029515099486232543,0.016530683575569194,0.0051877403593001414,-0.002807472442902137,0.04196928539593925,0.06185005470932037,0.0404053207706363
2023-04-10,0.020046727911603446,0.03255112032545915,0.010487804292716119,0.01791182765149313,0.00687853563279317,8.194940808370355e-05,-0.005519101983118224,-0.009764385388120522,0.015603743247476487,-0.008094399246877049,-0.01302959507477408,-0.00046622700135456885,0.01268256784357158,0.019884182113055537,-0.020643599550537628
2023-04-11,-0.014866456641990489,-0.015186473886224738,-0.005792912578279519,-0.00103011711467349,-0.0028263189907921094,-0.013644734143766546,0.01455492242731582,-0.0042329839674905,0.0015229372780687367,0.026209454334026328,0.009354168657450312,-0.01127813690616164,-0.0010794255473965952,0.007967210826284266,0.058661447047234416
2023-04-12,-0.024807575883134758,-0.018079304161561782,-0.026705386358183203,-0.02766785746136291,-0.007745257441222231,-0.00625653547555205,0.004037085680798969,0.0013877758827993691,-0.006285686064257501,0.0025224199156481664,0.013197998016726054,0.025302287913641086,0.0006009108929894147,-0.017240004769991435,-0.043229372928785814
2023-04-13,-0.0012078569275291162,-0.002599431261825602,0.007150508443330761,0.0027394559521529693,0.016420938666122264,-0.018154738327745945,-0.00946851951817218,-0.04941704963531446,-0.0008355769372138111,-0.011914327325192153,0.011700961111855701,0.008023615099794323,0.0009549414914096221,-0.01826815925634051,-0.0030150438898693954
2023-04-14,0.011147548087600434,-0.0036920007754494,-0.008007965454869037,-0.005023456822789596,0.00118723644828167,0.011615123915530878,-0.0028140680731673084,0.019173053502742343,-0.00594971718319004,-0.013406952161783225,0.001906821579370499,0.016328639385995602,0.0010660250767966506,0.02331897259638782,-0.004586550312644211
2023-04-17,0.009118887967947797,-0.020490433279759857,-0.006491457123962929,-0.009831567848170741,-0.04076857381695753,0.005934973305969482,-0.053848112216616784,0.002927877922580757,-0.015397093245482552,-0.006586347834205641,-0.012792319947230069,-0.004849825168148136,0.0015716023853036276,-0.010441437972751544,0.009553864727527284
2023-04-18,0.024627688964157235,-0.0010014906479857144,-0.00854412439226393,-0.0046514928597238825,0.006713296088902254,-0.008331270006492253,-0.028360962572179238,-0.0034265718195476413,-0.017465330649137467,-0.026225250272518097,-0.03368307641067092,-0.011292715277220866,-0.005092370409882974,-0.019713638404455947,-0.014569583658540886
2023-04-19,0.009542149525130661,0.0017821749196356151,0.0015208904212791197,-0.008358173203938168,-0.030668649354275823,-0.009233886148975468,-0.018424981408248775,-0.0184870247387513,-0.03270226407907173,0.0028423255502629807,0.02171302429505384,-0.002510166000656233,-0.0013955574393634818,0.006979324286934929,0.01763150932146229
2023-04-20,-0.02960865214387609,0.001890128578282635,0.000843609900560427,0.03670469177468094,0.015987800821967824,0.0030626832897704404,-0.005757804742904327,-0.002803107596322185,-0.0007299872388137896,0.012529434382716698,0.016980410106850252,-0.018005700631176458,-0.011213732439044777,-0.013807900686974794,0.030804886313773983
2023-04-21,0.0005532674724562092,-0.018643882963005898,-0.007417385237452279,-0.00813020443107726,0.0014203983559586408,-0.004609289459226007,-0.01259197890274888,-0.010368236953552934,-0.011079319233041396,0.01801715702593243,0.0424845374127234,0.01447683619725626,0.008527610881281067,0.018389006024406518,0.0237148967393086
2023-04-24,-0.002839231260834074,-0.009725213246451037,-0.003481738212055996,0.001322199049788253,-0.011174610189513157,-0.009956264690710204,0.014360597189057245,-0.007012927730259189,-0.0021453234614158267,-0.018986842513941782,-0.02298154394717622,-0.01198781958140771,-0.011925107213710762,-0.025579419107422452,-0.06427145470591444
2023-04-25,-0.029620604369313908,-0.043051235082843475,-0.0281209447764319,-0.026406164957490486,-0.03446074613088024,-0.016048564423273626,-0.036794469177945044,-0.003176883609580905,0.00488361944201765,0.001042781971623219,0.009268685942660948,0.00824855174392769,-0.027043114860271333,-0.022011552956986313,0.004804191935359414
2023-04-26,0.027247338993046544,0.025536984626679526,0.0009643888593602323,-0.002712250427957308,0.005513765021986972,-0.016965469413379175,-0.005497431884993853,-0.013778100396479864,-0.00812817862933013,-0.0011376207606443867,-0.01998176948950825,0.000325758960977085,0.001698755735669799,0.015971675057257606,0.04734598635503473
2023-04-27,0.01001647219381363,0.01745403720488259,-0.0021023159160972194,0.012419605076371187,0.033065148347361406,0.006213151411667894,0.022208882398142338,0.007120996340112207,0.013702509905381133,-0.002095954591774807,-0.09040914453050841,-0.0025983932021982348,0.010188397933136528,0.018425730490873926,4.384273887247936e-05
2023-04-28,0.019209566166127567,0.022072281007415206,0.025281083467191268,0.012088119579828138,0.012109899385805312,0.01727376142466519,0.004580783973771929,4.8949808634901615e-05,-0.0020257865587904877,0.016840310244602863,-0.0034643300437420255,-0.04669228241723611,0.01275092625716101,0.00670909261822028,-0.0452993545092627
2023-05-01,0.041839274771485746,0.0035806163700320415,-0.00821940041894842,-0.000707966369378088,0.00031176690763423665,-0.003876919003565682,-0.003876919003565682,-0.003876919003565682,-0.003876919003565793,-0.018629696798052597,0.001531259769749882,0.007973746325963038,0.0016602007449815215,0.0016602007449815215,0.0016602007449815215
2023-05-02,-0.02421306705680837,0.0024529068426200062,0.002330964216928022,-0.006993969416504986,-0.0018102677677880319,-0.0014334780415826698,0.009587366416439647,-0.0043934492605711695,0.021361352120960353,0.0064630416498332455,0.026771393632644802,-0.001756564988223186,-0.0011446454786668836,0.0036032355200772415,0.03458117022140561
2023-05-03,-0.014462922462784245,-0.0922033208527272,-0.028249022054987805,0.010074866245874725,0.0010881304681864545,-0.010816992740558584,0.012555949879159645,0.009096362601715313,-0.038491820378814934,0.007730809500956948,0.007730809500956726,0.007730809500956948,-0.004202886958414531,-0.004071492263075793,0.08704775281126587
2023-05-04,-0.008632577291068921,0.0611369480011259,-0.05539317900265395,-0.007414717976807483,0.0004882187140902161,0.007570582452044894,-0.014184967342021237,0.018354459039775728,0.008833662066222603,0.01428526712179301,0.014285267121793233,0.014285267121793233,0.000683589343909663,-0.007019038774174868,-0.05970251287174877
2023-05-05,0.0405631823286805,0.03729356546330531,0.02064177782031318,0.032103257109295846,0.024045366010010172,0.004635466576494052,0.011102561576633363,0.000617081749475723,0.009043393578600956,0.0027202877562033656,0.0027202877562033656,0.0027202877562033656,0.011422910863013724,0.011422910863013946,0.011422910863013724
2023-05-08,0.016422526476611576,0.05788073007126315,-0.004320773201467398,-0.0026710724795713237,0.007181060375801573,0.009645022340760923,0.0016318940537602966,0.01135651709895269,0.0026774814195666963,-0.0100681631936419,-0.018235245226415175,-0.011767698101351143,0.014740763603944051,0.002422293441853407,-0.00681659256892897
2023-05-09,-0.019896245950754454,0.00021040238713987414,-0.023451080054673668,-0.016501099876924608,-0.01822907328834822,0.011574044519100601,0.002635212411287613,0.004479207769867433,-0.005538926809170008,0.01879521475563317,0.04453064243408189,0.005965271103889558,-0.013188344827182008,-0.019839826471689914,-0.006437331261059165
2023-05-10,0.010990140855811292,0.02061854759952575,0.006523502088799704,0.01379133254354814,0.021911106388544654,-0.01571413843363434,-0.015283586199331567,-0.021116488893442198,-0.014569671558962383,-0.02284517601102376,-0.005930057476575268,-0.007832374634096584,-0.013435404007413387,-0.007314478255986745,-0.023666395721206324
2023-05-11,-0.010628429692985275,0.0008245911546360674,-0.022543638108906583,0.0004331503397108083,-0.010576167131079561,-0.006805347422622399,0.0011562690197344239,0.010923602382607811,-0.008408882362978098,0.025417644297847986,0.034511227222363994,0.011242392357297959,-0.00015998309774711839,-0.0008768182633445143,-0.02027985557888512
2023-05-12,-0.008328148554919812,-0.01894949914320565,-0.0042283627941895885,0.005456404033798323,-0.004121952062945855,-0.008715649734294728,0.004744549103526952,-0.007537850726726414,-0.008064607428472703,0.02895191226728966,0.030062394434424933,-0.0060601154324061435,-0.01043932043026008,0.00144054659895132,-0.01374201554788046
2023-05-15,0.021630309409351955,0.022464826177392316,0.025670827523153195,0.043242357375329776,0.012633023291039436,-0.004642760305692439,0.006724819537769378,-0.003638386750755007,-0.0014910397885149473,-0.023036072094658078,-0.00893174663424856,-0.012242418255164256,-0.002490480223824476,-0.017771558928496356,-0.045211946983776174
2023-05-16,0.008980020568198022,0.04188913518621096,-0.02342869522174229,-0.0015689185957210583,-0.0055513708358509994,0.021393556117996315,0.0021793395360991674,0.011909277608683322,0.02480918306791069,0.040640830237996806,0.05345982840255736,0.008697521269658726,0.0186002161401424,0.05109120576659043,0.015346210466063992
2023-05-17,0.033033176260858665,0.022368905872836686,0.00982766994816564,0.0395302353490925,0.028295236652650546,0.026561071160370098,0.006214111304442493,0.013276074254916503,0.0009700157737257964,0.030299103454923815,0.03220778780645439,-0.0030713125244390405,-0.011320994356047831,0.011269400805982821,0.016857886099962194
2023-05-18,0.04970529587103889,0.04028915956795931,0.02051322772226105,0.03357214396988595,0.037927290450928686,0.020746561048629042,0.005398382082350439,0.0327223418037319,0.016343267566653275,0.04546190396688732,0.0706481638297769,0.025599423702433066,0.02478246712551302,0.024819585365644548,0.06086431140980553
2023-05-19,-0.013069078258687084,-0.019549713743958752,-0.01028422086490055,-0.022860194227479647,-0.0027733543080046275,0.00707709626212627,0.01639634587496941,0.0032909366214566305,0.0032909366214566305,0.00138942875903858,-0.0356807614190372,0.02513056859029894,0.03277592255857997,0.039070371652595304,0.21491950047712027
2023-05-22,-0.0028147465994464715,0.02060102354434612,-0.005478955485035852,-0.003150826701443954,0.00668585988373982,0.00041158337312108273,0.0123475081992932,0.011491271362604305,-0.0028758828481826315,0.013802584246956684,0.03713725288137959,0.005561523005244817,0.009425460771947725,0.017275139372776804,0.0157203241887387
2023-05-23,-0.015653086566205232,0.0011111365424261166,-0.01633738465705803,-0.016278238845293003,-0.02460501418008143,-0.0032177707919099907,0.014244870608192128,-0.001337153380543965,0.017310076761560156,-0.03260872361715772,-0.023696745764467786,-0.0031118872933880715,0.006429268028450119,0.004821445702154925,0.025244902953006187
2023-05-24,-0.004887893343005878,0.0013872909052354832,-0.005214415914633674,-0.0196503711084679,-0.02151303423805262,-0.014077124236575367,-0.011637982657401458,-0.018259960605707226,-0.0026604798403703223,0.004386426125303933,-0.001596401928571245,-0.006938146082158814,-0.0030983441623544383,-0.00658713245237319,-0.006424668104291542
2023-05-25,0.24369649023239814,0.11157293992424155,0.009706841573088099,0.07179801454285628,0.06252351703436365,0.03418493289468505,-0.004316324763447343,-9.732255257000055e-05,-0.0011135252128798845,0.025070689590590778,0.1564466136382492,0.011225876467561458,0.005384952961881906,0.06042592487405529,0.029277914211079503
2023-05-26,0.025434175496314104,0.055504780971078915,0.0608537574158019,0.042845368512958615,0.0387449051674047,0.04400424461954078,0.03270238531859482,0.02004225969680684,0.016863558471167828,0.03893984524235572,0.03372025007987012,-0.0029405082500513213,0.012305204342037745,0.04526602052884021,-0.014737929915215053
2023-05-29,0.0,0.0,0.0,0.0,0.0,0.00597990360943057,0.013423352705801861,-0.011170119698451941,0.01850875165121879,-0.001759476631285728,0.03432729980829685,0.010228078660095896,0.0063972842372721495,0.0063972842372721495,0.0063972842372721495
2023-05-30,0.02991337141659156,-0.013855011832978992,0.05120068372298525,0.003748217952920463,-0.010422291433538011,0.001341152414910285,0.03892022485544189,0.027927204383971116,0.008843675469380807,0.002553155000126983,0.026903617186766704,0.0005558151433733283,0.02677246990558846,0.008426297592120768,0.00020793008690822568
2023-05-31,-0.05676750026302424,-0.056358248166238134,-0.015538117408141372,-0.023943695839363954,-0.007318700862227634,-0.014950577292161316,-0.006066070250686395,-0.0008278764118132553,-0.010642998134614778,-0.015491171754109412,-0.005353868633005354,-0.017088209432298385,-0.008856650430162927,-0.011831835483461894,-0.02034702616799211
2023-06-01,0.05117104588888188,0.010659014854826898,0.021338412078414137,0.011477828992912276,0.005311655163798168,-0.015270693084618037,-0.01721327181882104,0.001711365106484175,-0.0027605796078216116,0.026628604470881445,0.009268093703430624,0.006884506932821832,-0.008467526439800532,0.014155551769367891,-0.008997185004419594
2023-06-02,-0.011139239922334676,-0.013476191461464282,-0.0018129268687741007,-0.0014835284386057745,-0.0029168673837040027,0.02206805953834845,0.0060822516231149315,0.04232476223390491,0.0040514469666579345,-0.02064102603460438,-0.011760434258489494,0.016237876536486562,0.025231301851139643,0.006771538876305883,-0.018063373564691565
2023-06-05,-0.003966572666019186,0.0005939224033744139,-0.02499562636755248,-0.0066849253840736145,-0.0033810465376165055,-0.01516676568618569,0.007877538771352999,-0.0027456192616899244,0.01305258680415844,-0.0029614507004241952,0.02308271026067832,0.026556411624087284,-0.001058500606183066,-0.008684239304958319,-0.015619885465585015
2023-06-06,-0.013198544257685185,0.0534215469808772,0.032200726707039884,0.001570336737775957,-0.007712425578397242,0.009707161067279202,-0.0019451234689994434,0.04363988094185034,-0.0032096450139987853,0.017048191828415327,-0.016039286298397237,0.025687690997093338,0.00411603060890986,0.00411603060890986,0.004116030608910082
2023-06-07,-0.030401099981833712,-0.05151735774723143,-0.010141012354510481,0.00798881694056508,-0.008958579058387373,0.014749179462188344,0.014994770873326235,0.02927684019531762,0.006330542099610925,-0.04275121787381786,-0.03891821177967092,-0.018777885130926708,-0.009313203911378354,-0.0059885180716653386,-0.005512691901923938
2023-06-08,0.027618359516911495,0.027327515663794877,0.010158159727524652,0.008814130685700361,0.01385480423368235,-0.018444026982545436,-0.002640599339042815,-0.02258780139765848,-0.01622335067252456,-0.0034540768981421444,0.0031223978641610195,-0.02047660630914583,-0.00838466617277589,0.008644900015143397,0.01883241846399475
2023-06-09,0.006751600435788152,0.03197021907990205,0.023721526847145347,-0.0005875112806299487,-0.005818856717600851,0.012946718058074458,-0.0030301586487179177,0.030823514992217804,0.010096430157836789,0.013355329789991766,0.036494121416931646,0.023750002307981743,0.024923139445474307,0.06170586020716318,0.046644734668457755
2023-06-12,0.018364454383533735,0.034181911103505325,0.02543857334299382,0.02857773729298496,0.01998996853289925,0.015425659497708688,0.003428927147646421,-0.004462036417587023,-0.004407585193386465,-0.0012739584448280272,0.025101494894083753,0.00890583877210327,-0.0065007179448759445,0.0022538474509452566,0.0037045889653950503
2023-06-13,0.039005235703462704,-0.036070930985723226,0.018749068296810556,0.012713584261728972,0.009723619269308648,0.03140865500985046,0.013981810516707771,0.018249854119421816,0.016014847827661827,0.04918490581419843,0.04724840796196794,0.035567431970765284,0.015750063517309787,0.04265062334511893,0.005422282558365854
2023-06-14,0.048145016166388555,0.02248456660406961,-0.008277796272498361,-0.004372849226311537,0.0039878075570245475,-0.0007214814564706629,0.005648728152546578,-0.023103561459182798,-0.007274157935266312,-0.005114927764667043,-0.00795816734505228,0.016257787995150652,0.01197192596181429,0.0074432194568168075,0.0038551418668759663
2023-06-15,-0.008000539757754388,-0.024267681794154616,0.0017017783976887024,-0.007508775746648766,-0.002053418842108301,0.001364960612976196,-0.022847670783446072,0.010995679198325004,0.0027850156880337984,0.02155808356318456,0.020215457405117432,-0.005384957172847593,-0.010535520813118593,-0.0033251314765926354,0.10073055327738278
2023-06-16,0.0009142891757858429,-0.03348354881071658,-0.007523747135692815,-0.00842175566640313,-0.022756683443049153,-0.0008481478330054637,-0.01708727701405599,-0.0053806667797785535,-0.003283975932013239,0.0028412028759916552,0.013749140628518841,0.014498837989527447,0.007310825612083516,0.002259341293291417,0.0013815952705469314
2023-06-19,0.0,0.0,0.0,0.0,0.0,-0.011949796854613393,0.04341090550560334,0.0061726452198713755,-0.005673106486330126,-0.03550465717115858,-0.04412914902250176,-0.030654133834768893,-0.013220189762305101,-0.0392183311918195,0.0019343488404273135
2023-06-20,0.026140828234117786,-0.009576961262016681,-0.023312517431951174,-0.002951083024282708,-0.00203632573993473,-0.0027214831032972286,-0.028031164152041654,-0.0027214831032972286,-0.010528026138262092,0.004798515650445312,0.02320679059061459,0.00019115011230974588,-0.002606683938023102,0.005862447244510127,0.0489123009437229
2023-06-21,-0.017417084777384684,-0.05734465380748355,-0.03388418204457555,-0.013355531025251999,-0.018197931421379043,-0.008630044483012078,-0.00233833070843692,-0.005217567377377663,-0.03170582486173812,0.03210220253787588,0.016508439462167956,-0.011060018278298389,-0.01590258706588399,-0.01192434686546684,-0.05817223107727032
2023-06-22,-0.0004645691440846589,-0.012576965965863884,0.0055285213046756265,0.016463198002214074,0.014293713932333363,0.0009798577127679842,0.0009798577127682062,0.0009798577127679842,0.0009798577127682062,-0.048097401554754504,-0.07093076906526574,-0.021256658938464734,0.010688323875289951,-0.010202579520438126,-0.005785559230424786
2023-06-23,-0.018965664891386735,-0.006233015637157835,-0.025515390174269736,-0.020515653750445506,-0.027208990482575857,-0.002284291558533602,-0.002284291558533824,-0.002284291558533713,-0.002284291558533713,-0.001556641159815353,-0.0125901364684462,-0.02538776557484068,-0.003396403989507246,-0.01105403948636774,0.036839681436284355
2023-06-26,-0.037361852043990784,-0.022725206358092165,0.028211285461794855,0.027412436707777044,0.0033672834695026577,-0.01215025607526754,-0.011646197313943008,-0.004055430758360012,-0.004155549371304912,-0.011874057474332567,-0.01354065149827266,0.011494605373446376,0.0038580909656791285,-0.008108263754717182,0.0025788668606738785
2023-06-27,0.030616541262852737,0.026788179668795875,0.027094224945658052,0.04828335661863825,0.03547367504994581,-0.0037092624620291836,-0.006063838662950571,-0.016095206241403703,0.004859684809115805,0.005921938002818372,-0.024333275629868423,-0.002025205588213508,0.006619221938147346,-0.000576123901854908,-0.014167621656084206
2023-06-28,-0.01812507986345635,-0.0019929452116996815,-0.018782908173513913,-0.0171956922469515,-0.0012274075175212618,0.003836419160204274,0.020903721439978984,0.0003387792377866905,-0.0057361969190701245,0.02361850733228743,0.034254387196881675,0.03048935694044097,0.00605763177541041,0.01623196866701848,-0.005339554541114899
2023-06-29,-0.00717454365827086,0.00971226025785521,0.0044239121677085436,0.0013887673465629025,-0.0011599893695748431,-0.003767376875943862,-0.0005925330209018975,-0.01410076787344694,0.012199115607185673,0.02282872392469404,0.025044566652011158,-0.0018432673936700228,-0.008645352734131695,0.009634761497378408,0.0038151153611867272
2023-06-30,0.03625488357826567,0.024002210082830766,0.00830107337613084,0.0021492733964016963,0.0019353876801531111,0.003271498234881376,-0.013425638293726672,-0.030101409677497748,-0.003958104993985856,-0.013021700908402822,0.0038518392059891937,-0.006658803745157371,-0.013359741540058478,-0.01914100454626333,-0.012264798506144259
2023-07-03,0.0026238620556928716,0.016767588195155003,0.008820472492868436,0.006434099972519647,0.012597674537375925,0.004282222842866501,0.003434957374721437,0.0035991945741424836,0.001088837783891572,0.04214658393766957,0.06207128127303285,0.043861471892705284,0.01705298519053966,0.026863634718325313,0.04093895641260681
2023-07-04,0.0,0.0,0.0,0.0,0.0,0.012254096501451928,0.01492104909669556,0.0018721439895550418,0.011931108265234913,-0.00035182913425180207,0.004621640289157458,-0.018588922367015703,0.007043927275215189,0.009612940605281617,0.0167270431917923
2023-07-05,-0.002263106267226367,-0.016145767151695134,-0.02464824593891557,-0.022066324748102883,-0.024813537266560437,-0.004814527815640179,-0.0039716081436594886,0.004821346724772857,-0.005650738772922659,-0.0022779816432100253,0.0144809736421172,-0.009235547639129482,-0.005628472076192548,-0.002079203689383524,-0.01582222147446255
2023-07-06,-0.005057271851484302,-0.004124559928878946,-0.016306550581549506,-0.01321503241678157,-0.022859809724303792,-0.03375528012149065,-0.014678323577924979,-0.03146220119739551,-0.017621463769836643,-0.03972623404176934,-0.018943482692284852,-0.027904764026068563,-0.011256792842085805,-0.030440655489733404,-0.054233869110219324
2023-07-07,0.009500535150636535,-0.0027318045366390153,0.006248939016093802,-0.005770129869695828,-0.0036749787005456724,-0.0032783705235127636,-0.014834687957387627,0.0013148308892565463,-0.008327555219015181,-0.009740551185561053,-0.012336392866672319,-0.017213807525469527,-0.028403565859387747,-0.02226474328347705,-0.0013712617283022643
2023-07-10,-0.007599383610647381,0.0036229006692860555,0.010177677770128568,0.007093123534543944,0.018787576704005327,0.0021721648897634616,-0.011052900594733406,-0.007022028294148441,0.0001310660761135729,-0.003030548464969973,-0.013094547698059622,0.010928253772158003,0.0033592969554758767,-0.004405428654479571,-0.00633843050262739
2023-07-11,0.0053340343286543135,-0.01989788783057178,-0.0021346134432117525,-0.02134321566725228,-0.0068044545177977644,0.017949932583326778,0.01603360570051282,0.01062346616708476,0.007967662179730217,0.01732824676039857,0.049359175772432096,0.004920204935981332,0.027058992027839457,0.026388326910409488,0.05360097830417998
2023-07-12,0.035302393001569676,0.029284963574986778,0.015487279677095511,0.009668521476736247,0.0281702377762727,0.004760977280419798,0.0015603263752614893,0.007602574401476714,0.042495673516179666,-0.025174542535008282,-0.01716841462825569,-0.007424794740261587,0.011846794950427286,0.023964009939392295,0.04580644421512514
2023-07-13,0.04726461196970155,0.011694853521353687,0.03741162565567402,0.027071808150703758,0.035703343449918545,0.019667224402785788,0.00011229849178295837,0.007466020562547859,0.005509761418745374,0.03361398653104275,0.051692858004642295,0.04738704033037755,0.013187463118905729,0.0017736581359195647,0.31682398095997977
2023-07-14,-0.011048982464447632,0.0001725696409327071,-0.004548550132697171,0.0006307771911668869,0.004369082890525622,0.012736521271895063,0.020145435916021803,0.04802108618767775,0.037560452937330346,0.0194101408188061,0.0592871112322757,0.0010939398373817077,0.02720418085518639,0.040605275018461784,0.14297914383156551
2023-07-17,0.021816787337726185,0.020527835115587312,0.006853834864018804,0.019335912550557,0.0006233737151586372,0.0002519918697032608,-0.012757083571728556,0.0002519918697032608,-0.0035083815485105196,-0.004376990941682979,-0.004376990941682979,-0.004376990941682868,-0.002551385524128813,-0.007962214786262023,0.0564331345431639
2023-07-18,0.02223368452400054,-0.0032961408946444726,-0.004375963886320999,-0.006804037131533103,0.003366611238539763,-0.016920244822335784,0.0,0.008695607695464735,0.02264161321470559,0.009563602224132106,0.005644303859043687,0.004164332696227735,-0.015491946699743298,0.007414909381333379,0.00329623907742449
2023-07-19,-0.008780016961131176,-0.01271940978646946,0.012697184545984896,-0.018891525201433335,-0.05448935249788023,0.0015209165840022187,0.020583522233589946,-0.028697339503798158,-0.02763136096955321,0.014251190301692862,0.0003684448058811629,0.00659269249285499,-0.0037650263260173844,-0.002144347547499703,-0.12174498569954662
2023-07-20,-0.03307334758090008,-0.05307910580586894,-0.029737870699947377,-0.05459140820906094,-0.05539413523170289,-0.007946363350007313,-0.010240634834990603,0.004329224554982192,0.0012569047318025106,-0.017305317272443888,-0.045690815153063724,-0.026226380396859872,-0.009880367427039571,-0.005224547963644688,0.0561965417572492
2023-07-21,-0.02660376163956557,0.00634917866886342,0.03313450516690386,0.017606730214507538,0.025483089561193495,-0.032643777937168106,-0.014276306338226852,-0.026259181607065307,-0.017133541429208865,-0.058029529034087424,-0.059676358573525934,-0.022861907087854738,-0.020168040422935185,-0.025648966475570134,-0.03087081484399834
2023-07-24,0.006838323318169248,-0.003064410520436822,-0.004971125763233553,0.014295932626885,-0.01280705164660545,-0.012612943316610226,-0.01924425372932803,-0.009073515859973291,-0.014891028232893455,0.01046766353655637,0.013888121176538926,-0.0013041515819235405,-0.004224761875949001,-0.015142227533628816,0.042974000421717395
2023-07-25,0.02391734975984039,0.02160744396040415,0.007816282165942434,0.012359860953401025,0.0041197760964597485,0.02043034558602219,-0.014122422954470304,0.03692741765515928,0.030251182290550016,-0.0034565846510226095,0.010730024202102006,-0.0014527109234977464,-0.0017063686768474806,-0.0012857702229944756,-0.015145739961926252
2023-07-26,-0.004969545718155555,-0.025752244797428103,-0.008395407296107438,-0.00742525921248971,-0.004364946764708,-0.0009955965114233356,-0.010802636449853908,-0.0044716091784721135,-0.02834501296486225,0.014280957549414275,-0.01257597164133517,0.011805349726373704,0.002159641669749357,0.0014859995909177748,-0.04923631653434546
2023-07-27,0.009856707154786815,0.009174331636187416,0.014755732723040538,0.0512156928648988,0.034809624938999306,0.0037544614094908724,0.0030352991679338803,0.002860671167171258,0.010301697861595072,0.031185741811917245,-0.012294001952177225,0.0058551667361796955,0.026374843922592373,0.09644151211691221,0.0470822258252781
2023-07-28,0.018518421369279725,0.01674167989106512,0.028843965112172576,0.039619567404038936,0.014474835160461552,-0.006135357232130545,-0.002629709704402239,0.027991330865190678,0.011006177821782037,0.03609409543101849,0.009040026387296285,0.0018256952689381656,-0.022021689654811216,0.025254954796088303,0.020264324396317868
2023-07-31,-0.0004491716935497436,0.012747897070443548,0.020775492959411723,-0.00223796771986573,-0.0027285704085288076,-0.005345532660389285,0.046719272593619854,-0.02730968559939373,-0.01144066195302218,0.002349738783359756,-0.027157766128404703,0.01118086353771841,-0.002403637657443891,-0.027231658932374447,0.037920802963946176
2023-08-01,-0.004750812393581549,0.02797200092273,-0.0006810361977455104,0.006860696480460504,-0.008543369713568172,0.0020891273035501534,0.03183915994781161,-0.00580638131733302,-0.005331275358192,0.016935269679849263,0.028766585939344003,-0.011841502440094409,0.014208502589853733,0.009381338405303419,0.09625771759886148
2023-08-02,-0.04812157899036362,-0.07015306213473704,-0.021274906219723166,-0.03472453744638726,-0.03619221298559949,-0.016722873637551205,-0.011781929894953413,-0.03671783566847808,-0.03143969188038198,-0.03642431712217398,-0.049128223375603075,-0.030077752639468547,-0.025358481825176415,-0.05300439915184696,-0.08567148990891782
2023-08-03,0.005556759021164259,0.034750828575979664,-0.08176685702450404,0.0032579184751913015,-0.0030012916916842824,-0.001109732078366732,-0.001109732078366621,-0.0011097320783665099,-0.0011097320783665099,-0.013693848848773005,-0.02908611874269973,0.006149670038415378,-0.020538840726601615,-0.0007153258269612106,-0.0038686314067161165
2023-08-04,0.003706816663433976,0.02359697863843735,0.02358886253680814,-0.014545632284731602,-0.0043614223430537,-0.012802330141181484,-0.0045584560771418925,-0.013898897150996792,0.003678022381535362,0.014125213636937417,0.00869135128444265,0.0030435726352449066,-0.008056269527782156,3.819284868211703e-05,-0.04842388364500472
2023-08-07,0.01649486052953919,0.008547728081316652,-0.01777797973274653,0.03240421099824253,0.022683170432940436,0.006853779897818324,-0.000363367626077693,0.022564148527848493,-0.012335005484160333,-0.0053931336453769685,-0.011353099890687557,0.006842644700808087,-0.0021899671782485974,0.009807598766111925,0.00019420260073488294
2023-08-08,-0.016579810303177456,-0.030648011955178522,-0.014077186836173206,-0.015760172838212072,-0.020261868478183453,-0.011174299180920721,-0.0230796163935143,-0.022838371073414243,-0.02869710138050885,-0.013129993115742478,-0.04646898379157549,-0.02275205272639036,-0.016685396184190515,-0.03056792273287534,0.0069612146062763
2023-08-09,-0.047241685580918014,-0.02437518373579961,-0.009264150581687725,-0.019255378540103618,-0.010127050576659746,-0.0004799301406802625,0.011788245414272813,0.014184982608272723,-0.00822965365311712,-0.0021383470972153873,0.023986329654258176,0.004885671054844609,0.012325852288665562,-0.007612143036714314,-0.0265559255706157
2023-08-10,-0.003900630740289901,-0.0021725161683491256,-0.008235334469127498,-0.0037888144759644637,0.007910901466239073,-0.002702385774670635,-0.00871548889321383,0.0027279374576831827,-0.0119256693430847,-0.018010014740940106,-0.004208615903752211,0.007162017762924799,-0.010786015619957068,0.00230659028583724,0.003378540648273809
2023-08-11,-0.03616621804057585,-0.02413139418581045,-0.00864962445839923,-0.03996975587885787,-0.023649596758877345,-0.010088932112615301,-0.021205144566703193,-0.005523767161552673,3.424553193442925e-05,-0.007780239903458774,-0.007780239903458774,-0.007780239903458774,-0.010884402011563488,-0.030465639444048342,0.01879862014203426
2023-08-14,0.07093406749157816,0.04099659453956073,-0.005148034500506271,0.022041384126697983,0.007207868032143905,-0.013894892665877512,-0.015041528711285834,-0.01378793910492293,-0.023737964485681662,-0.00854856565991613,-0.03134306495109529,-0.011698796135779843,-0.011421204320335887,-0.011923637749066796,-0.05510668085202908
2023-08-15,0.004274026175287382,-0.005626048079355517,-0.020522723693753187,-0.012756077354672879,-0.022278971419292692,0.0015342583856345904,0.008612371323062806,0.004251345240649851,-0.012175887896947013,0.012438952501147904,0.014778136092481464,-0.0016351379991217385,-0.003843448851720943,-0.003843448851721165,-0.003843448851721054
2023-08-16,-0.010332359911247258,-0.037359641578097236,-0.013699800749128466,-0.013064237094703723,-0.008071215171771118,0.0012270158984126756,0.01747101107928728,-0.016977092734797083,-0.014075612323147246,-0.012563213067757095,0.009850054957013077,-0.007966233688346813,-0.007432382258928394,0.004821613665130453,0.05276606601870104
2023-08-17,-0.0032654125989272087,-0.02565537771587645,-0.0006354707406974747,-0.004773937299839326,-0.003248549777004728,0.0021835068400177793,-0.023238814213038306,0.00312167776329475,0.012889718143914486,-0.0005589082690228286,-0.011471976215856605,0.009549371263001705,-0.00787921259571589,-0.012022848424689703,0.00900154411064813
2023-08-18,-0.001038246243896812,0.009670571459461375,0.00018167852015449348,0.036848755913788,0.0170562324101875,-0.008681750091751761,0.0005141452738459673,-0.013317814883647694,-0.0027661953724514854,0.011117816314822448,0.01969783129171887,-0.01017963381262288,-0.0028422107155424703,0.024146010370839077,0.1894041196712628
2023-08-21,0.08471339946681389,0.026268414913473537,0.005267941932601827,0.04282889313713456,0.010971520790076905,-0.0038852917441976054,-0.007592686683468575,0.009168645583673918,-0.019908855290582395,0.01181851653683319,0.002814850565616478,-0.0018359108403096513,0.00445729302650455,-0.006892632709795121,0.03280243610556588
2023-08-22,-0.027657800232239405,-0.023655493713892195,-0.01093240638086912,-0.006183780497393321,0.007546924217135764,0.007000570808107565,0.004037360283634106,0.004182586486189743,0.0006730151589684485,0.012737235140467762,0.03932201085537779,0.005965692345657914,-0.0004254155979643848,0.00043331049302941516,-0.06572423543134509
2023-08-23,0.031707148664895435,0.035680451565405,0.015529171665684904,0.0031856427242296093,0.01438183507182722,0.01839245544601842,-0.0033866819354231303,0.007297770258906766,0.025978632348483632,-0.002659572258937315,0.004296863402093898,0.00040045112705211494,0.007545281935222414,-0.004254709671491885,0.021543541327066595
2023-08-24,0.0009973909647653656,-0.06972491302329908,-0.0239270642712891,-0.037026899880924335,-0.0432718232805962,0.025626497178668384,0.03372438581411985,0.03588970422656579,0.005986811459832486,0.040297686980302005,0.023675649737792126,0.012405840686709801,0.02551025504028681,0.05159016292360308,-0.017582082394684506
2023-08-25,-0.024277324358762287,0.00442040210954997,0.016680398400640062,0.012910333960472808,0.00492432595219805,-0.030645998070740976,0.005658047201241079,0.032324822573305045,-0.012807462451279172,-0.06828777549028986,-0.10853880382241132,-0.02817428028668778,-0.015268682164495617,-0.03555113503771168,-0.018962714069033715
2023-08-28,0.017753902694111368,0.0035207883652963456,0.012327706145702555,0.007342630395463345,0.012257928705698085,0.005561041051708404,0.010153070485232396,0.02152665116492969,0.023169824250690807,0.020950215010877127,0.0173953114557146,0.0074995543760407735,-0.002207243209710219,-0.002887883011638226,0.013328586692510358
2023-08-29,0.04161423668047126,0.03225804053118608,0.01880367668058991,0.03135744072327529,0.01292880235422933,0.005274670532225523,0.0126477120090287,-0.012791291723426856,-0.007714137487475847,0.007618908594543061,-0.007020890278668146,-0.0013079020519325413,0.0005972385468757668,0.02390717441094914,0.006055078671597824
2023-08-30,0.009839175860607563,0.006325511523108673,0.0025669228866076477,0.006467903676957487,0.0030711153480218467,0.007049241319817323,0.00019475505867960763,0.02291627795954576,0.005946160610442952,0.013005490733862146,0.010256625606234637,0.01567389770064076,0.005821880960616532,0.008078864105582229,0.03391753497129324
2023-08-31,0.0018472898760135692,-0.008162070992381087,0.011123787425863618,0.01199034669170751,-0.01348637446950851,-0.011800098243409107,-0.006636088782552285,-0.017650065860929653,-0.010699015736882256,0.011666463302489882,0.013633821048339767,0.01603238335445778,-0.004457872228325277,0.01858933258792761,0.045733870912215036
2023-09-01,-0.017141226002213905,0.035281835834945374,0.007508865323958336,0.00805197341634245,0.0030126514521020553,-0.0021038107944700846,0.006807174005290628,0.003953128069982714,0.017141345498886018,-0.002213811500781371,0.001012131577796449,0.0012853467036813004,0.059995769077302974,-0.015975912297863992,-0.022928136302949764
2023-09-04,0.0,0.0,0.0,0.0,0.0,0.014662360991556822,-0.00032643292242839905,-0.0059445471725746435,0.01323078137159639,-0.001675264907065932,-0.007545902781532665,0.0015765238160703188,0.008281968668394812,-0.0012530955556495638,0.0002938015346516387
2023-09-05,0.0008039952037635079,0.012151684496470416,0.01005289396205522,-0.0024676243370260753,0.0015698077756560735,-0.008815080801653497,0.010010198489966982,0.004401260245196159,0.0033283084152615494,0.0064255325496216376,-0.016196177121580058,0.01930154864120026,-0.007391422724205565,0.0013054843984083853,0.009933664824357757
2023-09-06,-0.030549711687032022,-0.013540350392929668,-0.016044437602463546,-0.002799299367579944,0.003737317746312252,-0.005081449157448681,-0.009808085901673813,-0.0056769744747355855,-0.006713579453070273,0.012944793587539305,0.023601473448164434,-0.008996986610298352,-0.020146272518463237,-0.020293747854923216,-0.03222755208557848
2023-09-07,-0.01742413076076932,-0.02461568879442444,-0.0722008938864176,-0.0323150609186883,-0.04241469740425807,-0.01545280450093589,0.006095446715130626,0.0033126923180009094,-0.011481851541735755,-0.008608839454715134,-0.06775663220042916,-0.015442799662693796,0.004409684319160334,0.001237574671938635,-0.004771133933351601
2023-09-08,-0.014467699922672717,-0.004690871725100743,-0.0024438056919895423,-0.004722160669048181,-0.015569463882527779,-0.008562074378832496,-0.014167582732810158,-0.019870070874385637,-0.022216000419228,-0.03578379398080633,0.017083063964077105,-0.01450656988110155,-0.0018396411578691652,-0.040909185431597495,-0.054498287863954165
2023-09-11,-0.008645458220187918,-0.007257957108547819,0.03900516392919351,-0.0055583484326741095,-0.00023887035818903612,-0.00722694317241368,0.005369885174213662,-0.02737863376110583,0.005941906396655705,-0.028391987188445156,-0.033111353822206424,-0.007192796327499362,0.006131967249029868,0.01835677753839704,-0.017562534198473423
2023-09-12,-0.006817645411717477,-9.496901119876444e-05,0.00861444228394781,-0.01867623620580816,-0.01419447956179909,0.020603113313028,0.02531195888256499,0.023314154104716156,0.012117225853772728,0.01495826203601669,-0.017496597090272625,0.01720619391380329,0.006983718864734811,0.018249349243492086,0.0017824104102566185
2023-09-13,0.013706318079522717,0.022789873530702165,0.012676563249313988,0.004236944613643878,-0.0028280272813139273,-0.00729729866691331,0.003691951191868492,-0.027720142025178363,-0.011442336450799173,-0.009270763012679262,-0.017402279697723788,-0.016142356313813666,0.0028940807863924167,0.012617366563798527,0.0029019834543617673
2023-09-14,0.002110504992808737,-0.010026941233261755,0.01242886760865236,-6.896513019405415e-05,0.007859793676618265,0.024513089049067904,0.0035294093466653464,0.02888453546745806,0.04020322369949647,0.029010762317859484,0.018906639778325518,0.010927608312581771,0.00697156680443789,0.0268264251290391,0.008862475454967766
2023-09-15,-0.03687936185991991,-0.04820406566674351,-0.00789209646694522,-0.04371589889726968,-0.04058535467796898,0.015372902996571014,0.04177692087407192,0.005148291563432439,0.010227845337599906,0.03012994534808744,-0.003021120735013594,0.013507436163123332,0.006234590577755883,0.0036821190686870953,0.0076297117333337106
2023-09-18,0.001503304867928934,0.008670853299196368,-0.0034469061674828883,0.014611018264450104,0.0017932526903765567,-0.03253412694923219,0.024609156099310914,-0.02183095996868245,-0.00028546208209734303,-0.0026104471338793678,-0.0026104471338792568,-0.0026104471338793678,-0.025998067321513663,-0.02877320648018522,-0.07119218182824183
2023-09-19,-0.010143898275028818,-0.007424070683204498,-0.01800446733963379,-0.018250281082895836,-0.006624788881704258,-0.004344140018418763,-0.012144325865586558,0.0037597273972882483,-0.005815318029271488,-0.05060657455507045,-0.038590786507858854,-0.010777885970060797,-0.006625308686881604,0.0007465811552194168,-0.01582909769083085
2023-09-20,-0.029434987242327293,-0.012498811778685837,-0.013547689932351337,-0.005373765351207482,-0.006551307083060731,-0.00811018773105654,-0.020613603296194882,0.0018263613487607966,-0.01915532083132232,-0.002130932972843169,0.016292597826347954,-0.016621703554340006,-0.0020172266568028174,-0.009225001965665558,0.0038802879552255476
2023-09-21,-0.028930660207792558,-0.04215662628982697,-0.011536344519385011,-0.012995653381496997,-0.013155225388073233,-0.01584270725272896,-0.018015199155837713,-0.02271722174672608,-0.00936080231471137,-0.014717849564073404,-0.030294319899737077,-0.006952648038359044,-0.012888273224065383,-0.01553507862221537,-0.027938458768593244
2023-09-22,0.014457615335783824,0.000936388901457752,-0.0025934107579325127,0.007249257368374007,0.008554599188006051,-0.01346682516514075,-0.004017076283498788,-0.004017076283498788,0.008738245334775074,0.00017510697602185488,0.009989821121039189,-0.0004816880585031269,-0.008025817827365334,0.00023789740706448015,0.021096364126103495
2023-09-25,0.01470796650213857,0.012266115827536339,0.025538457980333495,0.003084480879702145,-0.0016519374235034467,0.005966526426622876,0.012284937238850269,0.004683129161092925,-0.0008361253107210809,0.020507054337668418,0.03318740839941836,-0.008391537024065476,0.013641208035716001,0.002307473951558947,0.004877653933517134
2023-09-26,-0.007365921065089598,-0.014582031310290233,-0.006429485690202519,-0.0183766346448343,-0.022895974618714066,-0.010560087987122935,-0.02298354360147692,-0.030259972104536792,-0.014958168094687085,-0.03945022220528116,-0.024900817159366317,-0.004959223177001926,-0.009172306259098373,-0.017357382351599893,0.009182507672166995
2023-09-27,0.013289948129981966,0.021988335040459495,-0.004830362853503023,0.007309389062532201,0.003177935124514031,0.0030616269085141923,-0.002702775407978919,0.0018719965614713008,-0.012322976586084389,0.005114542311644765,0.01576163906229655,-0.01064256208377301,-0.014184358862291635,-0.013881307029815826,0.033817174902320835
2023-09-28,0.014623021474353903,0.04782300862649813,0.01749240134522756,0.023396924066605873,0.010652193562218137,0.0007966714443488065,-0.0038276594628615657,-0.001117095575179361,-0.019494880820655314,-0.01426055230469403,-0.009434561229630156,-0.02603189566456876,0.0006874926064543985,0.0006874926064541764,0.0006874926064539544
2023-09-29,0.009515108887408585,0.0005838610095998398,-0.0003599642597555963,0.001664151980731443,0.013794719998760252,0.005146500477241744,0.005146500477241744,0.005146500477241744,0.005146500477241744,0.026952854588668584,0.030912972066485356,0.006640753964860746,0.0036873322648274254,0.0036873322648274254,0.0036873322648276474
2023-10-02,0.029495066144381132,0.0043765507642268275,0.00036009388068292125,0.007655838027316619,-0.01100786263770448,0.013298740709153156,0.007815205005759829,0.007907821229312217,0.015116088321769583,-0.014060172260451309,0.027305133469056164,0.0030117079521780887,-0.0030252570362394593,-0.0030252570362394593,-0.0030252570362394593
2023-10-03,-0.028247982457652587,-0.030889851028438997,-0.008190897212736914,-0.019998358058276433,-0.019890836490881525,-0.009403422271383688,0.03425926701658888,-0.00640879702240249,-0.004068689307173523,-0.012213025768075259,-0.014836708468536908,-0.014200663374945743,-0.0016615099043369996,-0.0016615099043371107,-0.0016615099043369996
2023-10-04,0.012041123511491225,0.039868083440936175,-0.003085551877102133,0.01887058831048649,0.035506551260427344,-0.01716213825356394,0.010209470512511087,-0.009200017515201386,-0.018547137146434967,-0.026507407909253766,-0.04573281858076639,-0.01702797627212238,-0.01681002539292964,0.002379694159490464,0.02465703448709844
2023-10-05,0.014691087886278487,-0.011146305718424343,-0.00045518586915804793,-0.00014349441038308264,-0.015519818140301789,0.01602917473069332,0.008331909966972972,0.023480393409297307,0.017183437014220537,0.021951164086577712,0.05266066491554211,0.01837937693494096,-0.00595729430829528,0.0478077702754538,-0.014451060517138514
2023-10-06,0.024033088856901808,0.042075542197793414,0.009836168187650873,0.007251708960086534,0.026938618619754218,0.010313470180544737,0.0027170079342506703,-0.010712205707633315,-0.0005457376005384429,-0.012611394641729667,-0.013177365253647433,0.0012821985884883258,-0.006745730567006669,0.005458826519435966,0.0037888172621847183
2023-10-09,-0.010685745949835068,-0.0025176860168292237,0.008297354817985436,-0.0009979285086330059,-0.010027497027737087,0.0026683164794851777,0.0026683164794849557,0.0026683164794849557,0.0026683164794849557,-0.004672876163001827,-0.004672876163001827,-0.004672876163001938,0.002009940203393068,0.002009940203392846,0.002009940203393068
2023-10-10,0.011596457690796313,0.019070775846009136,0.004561567162155056,0.00891896056538366,0.018228937713454796,-0.0006005032879899952,-0.0006005032879899952,-0.0006005032879899952,-0.0006005032879898842,0.03975731128606075,0.037689486601352185,0.026531866421719785,0.0034239109233105136,-0.010076251880405063,-0.06554405265330587
2023-10-11,0.022009600681480723,-0.006421471093651765,-0.010595613402228476,0.00551614758238439,0.0067093080466968935,0.02641437133700708,0.03953091796725339,0.04919263977440114,0.02998695103827287,0.02081389877124007,0.023254746673625926,-0.0022536631854276346,0.030935533293462214,0.0012062899123594928,0.03903299337054844
2023-10-12,0.00296969134806524,0.004431754849536507,0.003059654754111074,0.019833961551821266,0.01743680259516056,0.009682845219987968,-0.00010510720948619934,0.0073145381548636035,0.018789824812410316,0.026608038654869492,0.037496484907617145,0.029461744168237214,0.013004403463106717,0.044772581354185936,0.08448710477636046
2023-10-13,-0.03161151840763743,-0.03401052069582822,-0.02512104840303886,-0.026620594939965936,-0.02757966508076315,0.001997786410868674,0.029576993906114568,-0.003437992107310328,-0.003437992107310217,-0.002918177469496408,-0.009368904072767137,-0.009447826769567902,-0.02044073121145007,-0.003480226641269235,0.021034722743313417
2023-10-16,0.013946036430352748,0.013036471541754802,0.0170256517716616,-0.0009920292719944879,0.006752827648895954,-0.015235031434693846,-0.00315307902245332,-0.0050682309325220665,-0.007011931536788807,-0.036985152763578166,-0.046495325790047115,-0.018586031696010363,-0.013024348592126533,-0.007556897536934781,0.016385521221848665
2023-10-17,-0.046794526435810724,-0.012399020347321654,0.015292648445346169,0.012198705130507914,0.007999361640757208,0.011272997878604585,-0.017600796435055188,0.0002609778396391871,0.0002609778396391871,0.02369788627809455,0.01186983772401251,0.009014178431872244,0.03450117247382378,0.05089208777186549,0.011786932663081728
2023-10-18,-0.03964698891049523,-0.028248061993003337,-0.010873435596461478,-0.008898520415571154,-0.041700022886037136,-0.024162655895780927,-0.018767823365297365,-0.004284615942896974,-0.006367521866508463,0.012902928078547315,-0.002342669720225121,-0.004584434339714782,0.011923112936603752,-0.0038654982716052055,-0.010630464051844535
2023-10-19,-0.002251189652516139,0.0022511829407421136,0.0027031611145806878,-0.04962866368014962,0.007680890494301984,0.008916869795509763,0.01869477099490635,-0.00217010035286358,-7.839556817701432e-05,-0.0468811849906029,-0.033996734761963965,-0.012775147688955713,-0.015326768198657525,-0.03419762932755077,0.002255833210990321
2023-10-20,-0.016959371908466747,-0.005761757407162227,-0.023813745075936033,-0.0023064205664462545,-0.012982195214687464,0.01979462315427072,-0.0009600798362864316,0.023036067899571577,0.0056431913291004054,-0.005106351699324163,0.0021878778435915347,-0.016198130203659566,-0.011290926645023402,0.0027415249199325142,-0.004634347052130838
2023-10-23,0.03836958579389882,-0.017679947603646218,0.0002761489825993113,0.0008203405361426608,0.013256364070587834,-0.02108952252103735,-0.007954247060280473,-0.02904662545189285,-0.01617083763158733,-0.001515651662549189,-0.03032425609944367,-0.010289739396841746,-0.0007373704425825967,-0.012415440662642774,-0.0481557797097647
2023-10-24,0.016009376895344207,0.016598300142556255,0.006718018181659957,0.0049912453259386425,0.022048736178077233,0.002978057798887823,-0.003130258055112911,-0.005743517172423496,0.008290363166602033,-0.0015032578145306452,0.007038346665587447,0.003328480709737347,0.012643972802191428,0.033998419002630786,0.06957239591714703
2023-10-25,-0.04314869212967021,-0.05517852573410509,-0.04214256923783222,-0.035507688777052904,-0.028980500681128007,0.0009937118614655738,0.008353914383007366,0.0009937118614655738,0.005212842969630316,0.01665580803671851,0.02827639081495259,0.0104436070167655,-0.01409638894620846,-0.0013644154296148514,0.008406110587097837
2023-10-26,-0.03477815019045494,-0.024880277434846,0.008016665341938234,0.0056107251577584005,0.00833145774746935,-0.029211576639308512,-0.011494239876681522,-0.022892991870655854,-0.03466559896835819,-0.05187520325585371,-0.07023764289948897,-0.024310502541472268,-0.025672972846486064,-0.06511339687970275,-0.030055246136178493
2023-10-27,0.0043148224405265,0.029465166971098578,0.007953062637631403,0.003515857255038668,0.0030601423576015474,0.004430406226423544,-0.01893541091553863,0.014063102259204596,0.016888333099875474,0.01215341105297374,0.007488396378860562,0.018821395771062788,0.010744177817472167,-0.005779919347644991,-0.013784384133245231
2023-10-30,0.016320937225720034,-0.0025925541761776527,0.012868815641509324,-0.002056333532236221,-0.001898121875078762,-0.003572922990413674,0.0680937655464342,-0.014893416720251018,0.02272643816664721,0.01395747928935731,-0.0005177925541124395,0.04834626803077513,-0.003600895049001296,-0.003600895049001296,-0.007084831441602657
2023-10-31,-0.00925643849958635,0.024121435719099082,0.01075762917935874,0.010073967618683843,0.01686206964979209,-0.000505184874276865,-0.012430145133220272,0.018625241864229647,-0.009449734669799481,0.0018893736972616093,-0.04275006248214852,-0.0009711926912111535,-0.0006713472268559117,-0.01833053978712762,-0.0740621760103155
2023-11-01,0.03788619371949786,0.09685280117286643,0.01743273018628555,0.02221373081903444,0.018400472448652616,-0.006677094637173475,-6.798399512442099e-05,0.003972427384639321,0.04763856893458307,0.017250896688604245,-0.07255569772741899,0.01821744968321859,0.02382373054099829,0.03279256089263538,0.0022555469426768227
2023-11-02,0.027903262813597562,-0.001943716056026723,0.05834618672316827,0.02380085426010692,0.03800942293972853,0.03682016288122436,0.026831829007854413,0.013917103927961305,0.013829593514532723,0.03779132934959328,0.105252593820641,0.04613296806980616,0.01778376317775865,0.04335563777141793,0.09105890064342637
2023-11-03,0.03445500544643165,0.040990430250297694,0.01840489106826393,0.008952350975057755,0.01745339577964211,0.01045358458283796,0.00909234112561097,0.01979125452029984,0.014731240978061777,0.0005183022438166596,0.0005183022438168816,0.0005183022438168816,0.00916754714037582,0.014650022084576442,-0.005228708307251306
2023-11-06,0.016575912917161872,-0.0044543429844098315,0.0034304148794777056,0.004364886757137754,-0.007736507756931799,0.0039943147109229304,0.015991926485087404,0.010698037233800584,0.02181931895387712,0.028529463396166355,0.0891237698612053,0.013717387285712146,0.03880494701130899,0.0781221579660718,0.05585541568743113
2023-11-07,0.004458936112111456,0.015212500655411132,0.006587110118652539,0.009831898646253112,-0.0017727086183912943,0.008694974093818697,0.006407588959456811,-0.008828029126184411,0.0015298471060518626,-0.017265168534017272,-0.02179728040279849,-0.000922907619182789,0.008272221006641711,-0.011438255642429174,0.07893752255042807
2023-11-08,0.013469617390313715,0.0012340184523080833,-0.005467179075583584,0.01756736464650155,0.004683211027884937,0.0024824462554291493,0.029978802845387342,0.0006795778935393404,-0.01660664377267751,-0.0005907972447330989,0.01655952275159911,-0.01771375727926905,-0.019727386285663062,-0.027053177908620607,-0.034293235348896056
2023-11-09,0.008073289158804453,-0.0008803457817150306,0.0003332350509934745,-0.0073492484465746966,-0.007868060566652901,-0.002424227390477429,-0.01402068527418665,2.2116335906208207e-05,-0.0003255132740728195,0.024328836054640313,-0.006134223336094147,0.00461755434172284,0.00297801372694928,0.00039713363191151707,0.008752684193884308
2023-11-10,0.029499518223539578,0.04493786739024341,0.0342214935563927,0.05245492410404062,0.04260088121658412,-0.0011627354122298872,-0.0243401819941933,-0.005395109596219139,0.0007805501730349107,0.012537939210355509,-0.007883268054275305,0.0030060674254774877,-0.002553716927233274,0.014042908367286833,0.07224546402712995
2023-11-13,0.005896196111420338,-0.015178307428517557,-0.0028984556260276406,-0.00623819703999684,-0.010101705133441219,0.022209467040998243,0.021962431484836342,0.03957832594192934,0.010700043695181405,0.01654430683449215,0.014522236569727731,-0.006566720225873235,-0.004762968440762294,0.006578995713985902,-0.1311251591998701
2023-11-14,0.021308146776214842,0.02645771310615519,0.02834073595113029,0.02898334003213976,0.031790431333833746,0.004898596039862868,0.0020343854844191434,0.011330535116671037,0.0031415989821952373,0.027813289888335646,0.03525103632693383,0.0006989610135907931,0.00610106896296192,-0.013245844441326038,0.029841018727385205
2023-11-15,-0.01546635543747632,-0.015682326463886898,0.012248779489971717,0.008372383933837657,0.003834848114026901,0.02103817809524644,0.008554002232838087,0.025570410574984548,0.024478887138296157,0.046106215795367333,0.08312998145527883,0.04321245490003012,0.03136948943669182,0.04326789085455185,0.058964465686696776
2023-11-16,0.012109289740515727,0.015508490093683713,-0.0017064582054781008,-0.003604284004081526,0.004232887021456966,0.005586581809116309,-0.014418131945746482,-0.005816524662020317,0.009671795324017518,-0.005859236904200871,-0.022876485674031555,0.02425501549853304,0.010153657459686105,-0.011619525893879712,0.0034362390690361178
2023-11-17,-0.0036781482771096607,0.006592680492829794,0.005982875965945045,-0.04017839863757755,0.007666872736357355,0.00021616746394537145,0.017774328232663228,0.009411477905176158,-0.0021129675794766545,0.004425352429818785,0.004875253064879015,0.02406827651911514,0.003129918213776506,-0.010991837429689455,0.013737680094924487
2023-11-20,0.022536280016794974,0.00754432110755876,0.0003088903205790139,0.026785301730547495,0.011980934726767867,-0.0019654537621355272,0.012101726862619788,-0.0087670709177613,-0.008090999619280947,-0.0036639068600347047,-0.010465981944300373,-0.011765061459992565,0.0011706479882633847,0.00994538258364619,-0.014302363119772288
2023-11-21,-0.00922439367966632,-0.019501317707502852,-0.019226262029173546,-0.02176045246277203,-0.014244488902394825,0.02245767840145807,0.023956198364158743,0.03287384141473648,0.0199788297253638,0.021853251798182427,0.03959372088013513,0.013587685445124453,0.006311742484676586,0.009518464260199089,-0.0031747299939857143
2023-11-22,-0.024587734048191368,0.02811344722362019,0.0037790070540404397,0.0036929021776119786,0.000555259878380232,-0.010720188715427237,0.02032646007132577,-0.0009527730318402705,-0.010201115084714774,-0.007904897590952253,-0.04197641452723522,0.004513530764246099,-0.0054354321070034795,-0.010709822833855354,-0.0022010538816060743
2023-11-23,0.0,0.0,0.0,0.0,0.0,-0.002843536372651778,-0.017249363912876237,-0.0006342021058489689,0.010599611015001065,-0.008751598135009586,-0.008751598135009808,-0.008751598135009586,-0.008251274211235948,-0.011885808149780908,-0.03509697209675766
2023-11-24,-0.01929554855459703,-0.0016325571312481024,0.001960742284087935,0.005753343408863021,0.009316399037695211,-0.008211077780028608,0.013043449301159526,-0.006961779105862376,0.0007042818217650737,0.0013336387556062146,-0.00947479895927128,0.005180432597834628,-0.010727126319791669,-0.01719340458665275,0.01733666011732682
2023-11-27,0.009754041899007193,0.0027798542561681128,0.0035225308042641235,0.003126129550437673,-0.004050899205836234,-0.012860767858473121,-0.015499953883964301,-0.004645158340044642,0.0030403099351974383,-0.0020729460684488776,-0.0013381424694545174,0.0006193073391582704,0.002431844503071101,0.02931937140883467,-0.01018225393297445
2023-11-28,-0.008726984014564731,-0.00521809524407868,-0.012558553751508161,-0.01823485113014467,-0.017998862004046323,0.01588828188788871,0.015377797602254217,-0.00046122134775306023,0.08387745678949998,0.00522360361693841,0.008873865774638778,0.003681194730144721,0.00966239282857062,-0.004477680503325532,0.02173356808760407
2023-11-29,0.006670852299482055,0.015080700808743241,0.01685363151814334,0.008780140917633572,0.017189637034716876,0.00633715424186998,0.014511303645080353,0.020139237953226585,0.015042626090318922,0.012191417273254901,-0.00013700187020260213,0.002657041410184302,0.01165021371050412,0.003951333102507171,0.003438776795454901
2023-11-30,-0.028458538879530648,-0.021719780744073214,0.008912593492657939,0.0028120034831564666,-0.005598904676030414,0.011794207683161861,0.0033486736847776477,0.014459237814843373,0.00653381548794818,0.003085930727536379,0.04340640408331753,0.008288362472755884,0.0007303493517685222,0.02617896944068776,0.04024599281798791
2023-12-01,-0.00010696500724360902,0.0018982809556564728,0.0048041554702733524,0.01208450860306276,0.01234327849487915,-0.006288680723557816,-0.007625691615852803,-0.009721434940894946,-0.013112839091555029,-0.013723354120698139,-0.019008857546205182,-0.008964468809380288,-0.0173197691526068,-0.01604772494743667,-0.03139734188840504
2023-12-04,-0.026836542109248684,-0.02323090624436308,0.00215931920443313,-0.021901217060686817,-0.002715829911606793,-0.0027551919291549654,-0.008939575010720957,0.0216492881813235,0.018030483633056038,0.005035908265341504,0.003533578700869233,0.005331116500019384,0.0063697540350740045,-0.013237530816781473,-0.037362054012180956
2023-12-05,0.023293752236424714,-0.00160244953947275,0.006156278588021591,-0.01429821707573875,0.006098635127571361,-0.014382508281697182,-0.011721012695262933,-0.011283117597823522,0.0009599568331131181,-0.04573382058464326,-0.06806450864944402,-0.03094084748848358,-0.025740505753030662,-0.045986803837763324,-0.0398082454148414
2023-12-06,-0.022827844414328058,-0.013177881354856202,-0.0060421050380555785,-0.009921276687322345,-0.0035276187590664865,-0.002931891811285725,-0.00507841922033847,-0.006781587284291124,-0.014681877500043794,0.022944543713627086,0.030972969026100916,0.032530260093764696,0.0027518775573798226,-0.006613679798196048,-0.0025182477157273953
2023-12-07,0.024020395101339354,0.09887001757007385,0.02293023353294421,0.025500991696265407,0.010938063034563461,-0.006169180293628673,0.0051730311093416415,-0.018542156781611085,-0.01960610301023069,-0.0358766717704283,-0.04692511510670927,-0.03364078791912051,-0.0030551150970143937,-0.0002664004458653446,0.017000204301704347
2023-12-08,0.019529593080989116,0.004284514081781543,0.00022549429697660273,-0.004515142621529744,-0.004602314912729777,0.009057036897291537,0.014890819151244239,0.02573834072388581,0.008946224399742464,0.011274936182577466,0.017726573414033497,-0.006447767520846304,0.016127092877212146,0.015869583152340105,0.024517693365644355
2023-12-11,-0.0185027876372863,0.04258459177116647,0.023539294354112617,0.05023019096516412,0.0198295445697112,0.007578775655990411,-0.0015649054416052577,0.01214659091821968,0.017837906708074502,0.029367641622201957,0.025600823465562472,0.001236375182831928,0.0026455087468215677,0.008100686912448252,-0.025999514403814872
2023-12-12,0.022090101531787365,0.02380772904587225,0.004261483886164541,0.013407318172041771,0.014530547753671907,0.009588141897741265,0.0004705518687155852,-0.008878603987833134,0.058774552634414334,0.007124260906540947,0.0018256228333890512,0.0027335996347006564,0.009064339023601597,0.01852772133405023,0.002200038564561968
2023-12-13,0.009043744482123417,0.004214823257627787,0.01551081524600395,-0.001462972736435475,0.020442196128026557,-0.00633253137380696,0.01235047865013561,-0.0007671831282322072,-0.02381400522601862,0.05292153373072672,0.06173585212677368,0.010390827360269306,-0.006892779245947334,0.004186911743765176,-0.002450752242174392
2023-12-14,0.005448435199016277,-0.0013749362330810477,0.019452260394312804,0.030256652209571078,0.025051430195144775,0.02422419885992677,0.021780610910073106,0.037341607126234244,0.015113195678783775,0.0004924960974908021,0.02547308501726886,0.05297052089151055,0.018210965301856064,0.056541389952802,0.02441498877233994
2023-12-15,0.011168436349357824,0.00833328910495923,0.011519449661120174,0.0012982863409707335,-0.0009950303888665024,0.0042747358141095315,0.030153297376103394,-0.019585570646942885,0.023573033324366888,0.01745827488441365,0.0421910849839533,0.05874641608394948,0.0028058627800866542,0.024211729047560526,-0.015134092948845823
2023-12-18,0.024279087807155486,-0.0017966224287869759,-0.010340330961994826,-0.009817878526395263,-0.014476168621996188,-0.005215671779145614,-0.012207152843015323,-0.0014187734273461983,-0.00838370761663032,0.0003764990364376608,-0.017778515311629994,0.0008598075378296599,0.006580672390082087,0.012103749870180813,0.012103749870180813
2023-12-19,-0.009445598409596134,0.008999280453039882,0.011154442735607617,0.012284990575215371,0.00358440370702251,-0.0008669545451008842,0.002163901473998253,-0.0008669545451007732,-0.018423598485283077,0.03373208003023764,0.03798323379039048,-0.011258646693793395,-0.013588575601725328,-0.03290420479626699,-0.010225544426620603
2023-12-20,-0.03009826339372146,-0.03339274262999914,-0.019479229272157617,-0.03332715932799324,-0.020289322080328853,0.0033578362871515832,-0.005745220585659516,0.0033578362871518053,9.473949192884135e-05,-0.00909138000732157,-0.0019048776372622145,0.03234109315787759,0.0231333213843401,0.020692868674093257,0.0005747527972324029
2023-12-21,0.018270271918988668,0.03277480181145598,0.014240934864208077,0.02848586438097067,0.03516952406858098,-0.01493534397793772,-0.008389500972180275,-0.012669821821866156,0.0003519544261618712,-0.01948171052301495,-0.020774359477047644,-0.001893651287552145,0.003276769942378799,0.0006014196892947243,0.009124351855117396
2023-12-22,-0.0032659243061899934,-0.002215692591520546,0.007371510738904297,0.004089218577681297,-0.0036276766050552522,0.012448853951695371,0.018148844285271082,0.015332574533314158,0.00048110781893551113,0.0186117508733592,-0.0005594840470444229,0.04009324572224959,0.016128866364643946,0.004794559104872587,-0.0060966084739843
2023-12-25,0.0,0.0,0.0,0.0,0.0,0.0019115130021172266,0.008704643024006975,-0.00018031071691326783,-0.00292387291337759,0.0028982975157112456,-0.016826189824461824,-0.007263007534996646,-0.004355016709206905,-0.004355016709206905,-0.004355016709206794
2023-12-26,0.009195181009533648,0.02729224492847493,0.013729373351245577,0.013761589538874297,0.01348751549407301,0.007319098664382517,0.0037429792581542554,0.010160104374522305,0.010222790526402736,0.011785030267601693,0.017024461281429648,0.0037462961031116127,0.01138998633290389,0.004285376967705368,-0.014954034881976885
2023-12-27,0.0028002506964954765,0.018548243457106706,0.001787216705493977,-0.0004262288960065197,0.0017701043200222255,0.016007924817873054,0.04593890292776992,0.01330062381000463,-0.022089560417874465,0.011006252700771713,0.015559841651678896,0.006168787464389869,0.023620377792203273,-0.000912940947626617,0.06825285009396254
2023-12-28,0.0021248305672463275,0.018415739356036687,0.0009608257035929046,-0.006637763920406381,-0.008088574157826711,0.004848705130932496,-0.01131409194744537,0.018183036775561545,-0.01362078078004647,0.0014153227026338921,-0.014873944558440155,0.025365776481605762,0.005757128518268706,0.007181027689879382,0.002601202320721141
2023-12-29,0.0,-0.009074958957897339,-0.00843278390164981,-0.006437085923298835,-0.0012272058904566618,0.004811367395248789,-0.004991676509875087,0.0011035649702300088,0.003102484906636338,-0.008463970172468027,-0.0002191232566699508,0.00011899651907953945,0.013241129091193127,0.013241129091193127,0.013241129091193127
2024-01-01,0.0,0.0,0.0,0.0,0.0,0.0005182063173552187,0.0005182063173552187,0.0005182063173552187,0.0005182063173552187,0.0033912029644609376,0.0033912029644609376,0.0033912029644607156,-0.012129647647292185,-0.012129647647292074,-0.012129647647292074
2024-01-02,-0.02734129180025935,-0.05990096744922868,-0.03042238848870349,-0.04751039343597341,-0.05284589165661269,0.00044019660456551257,-0.03307208036587539,-0.010675839888123817,-0.011490120847362228,-0.0012330202920712852,-0.0012330202920715072,-0.0012330202920712852,0.014005023671206818,0.0063524170629389864,-0.014594369464126844
2024-01-03,-0.01243574839528172,-0.02352427813365343,-0.018754618782097943,-0.01891557673279065,-0.01890008341263938,-0.03193634510734045,-0.035161537433260226,-0.05889084566517955,-0.018800437535424375,-0.0072385192786385,-0.007238519278638389,-0.007238519278638389,-0.04307930858137299,-0.04967014349790211,-0.031918920752150415
2024-01-04,0.00901845964452197,0.005098929539399277,-0.01039281750773946,-0.014130108360748461,-0.004379027881509345,-0.0018058408252003,-0.005676363274681684,-0.0013158720618239306,0.00516848474314946,-0.05510498012412013,-0.04361849844269128,-0.03815955317969444,-0.006645716081754682,-0.004377996246470839,-0.00984972563405706
2024-01-05,0.022896861496384258,0.018895724049820428,0.004112608774666793,-0.0020761816528069854,0.004355475670653197,-0.007283395779543733,-0.00792981572016771,-0.004325200929513717,0.008242549327239113,-0.007466934767803579,-0.001925333127534179,-0.027382773740452504,-0.001311703110104867,0.006742332363865344,-0.0046970430063026924
2024-01-08,0.06428094854404476,0.05484190174850667,0.016821310668144296,0.01718124645939123,0.024881187828380114,0.01548843574087333,0.002206109118004118,-0.0006700785521628339,0.00673155934477454,0.0003385663680759432,0.0003385663680759432,0.0003385663680759432,-0.0027353719095850604,-0.012325216851140519,-0.013319428172829606
2024-01-09,0.0169750891267324,0.021069927386615506,0.006186026475744955,-0.003496907972288521,-0.006783806579063634,0.01270367971782127,0.016280291153456306,0.011517292668328238,0.012677035406183368,0.03623275488265598,0.06404954912395677,-0.011760045114587614,-0.02253977219209946,0.011318338344348255,0.011351402737963978
2024-01-10,0.022770008894248184,-0.004823805756405508,-0.004146257972026723,-0.008077875366093612,0.002570193882395211,-0.01432495903522002,-0.015212444465443786,-0.010949365432968095,-0.012628477924963688,0.01767156293762273,0.004889479867098645,-0.0013709118412615906,-0.020690004454828936,-0.03426641400493191,-0.011133879258344082
2024-01-11,0.00868449268248539,-0.0035006667374100076,-0.0020100711184063424,0.014284584358267294,0.0010309300731212723,0.001596311220233959,-0.006143288283907866,-0.009712794697377736,0.020246378272191334,0.01817156872823733,0.007170679282162196,0.0006776203532083969,-0.0037062005394929987,0.020497354706194404,0.012030002445156951
2024-01-12,-0.002043112390002322,-0.009863577028276227,0.008415358488677471,-0.004606617133193214,-0.007390381088591358,0.0038064592280011578,0.013813203139711794,0.011257083785692235,0.002216467186969995,0.0112925791740488,0.004743241842950496,0.028938614633430504,0.0028278131940091544,-0.009829525010891738,-0.028138850444171082
2024-01-15,0.0,0.0,0.0,0.0,0.0,-0.002439193069694312,-0.010138313749306072,-0.009788907761512755,0.0024682788379104537,0.0023359152163862085,0.004230552974939128,0.02226666630064833,0.010281754300986545,-0.0006550522661042946,-0.01640658553779739
2024-01-16,0.030561277411648824,0.08310595071960769,0.006562267614532047,0.01659499396376285,-0.009421810439385947,-0.014027452883877745,-0.03299961800508544,-0.003827537284248561,-0.023651770631970548,-0.01992679482337989,0.0010612550053414882,-0.0006946999165559076,-0.022698043501243492,-0.02003486318274872,-0.06715195419589293
2024-01-17,-0.005835171650983129,0.009008395025177363,-0.012754979456801485,-0.002536598861330508,0.00816687964128504,-0.0066503775534121345,-0.02608800613369333,-0.01231113655016014,-0.03185103726191796,0.00809282446042392,0.00021469001332707904,-0.04261374005497365,-0.03525550623500695,-0.021729351712622025,-0.019130513274071115
2024-01-18,0.01880352637022642,0.01560841623637299,0.042850907869556254,0.04544585600891771,0.045291899986812156,0.00933693590997886,0.01774412924934854,0.013278281557505434,0.002506533407067968,0.0029652749358630714,0.030511028309453403,-0.010072875410481519,0.005155661351208929,0.03485220412832679,0.06752370807109265
2024-01-19,0.0417462347832982,0.07106410333015312,0.04590817171163497,0.04739927435702174,0.017863483025898574,0.06334140251369247,0.024403541960350772,0.030251555682401676,0.016254814799380624,0.06021003266906866,0.08196757048906456,0.015963761844779212,0.04681755318223635,0.042400537732974586,0.03159494106091887
2024-01-22,0.0027399322873018495,-0.03472423348513887,0.005988117034499529,0.0021436665459515503,0.011678135341022466,0.0062707584408796535,0.008458303725340954,0.03315587444215917,0.018373724148335047,0.01669711439600574,0.03528220540006344,0.018255161360535954,0.00871085080476508,0.012569042089366711,0.003337863781829542
2024-01-23,0.003671191231984894,0.0014270751790717018,0.004121436040007254,-0.007427156661575451,0.015273683888750833,0.003700002902019328,-0.011432882921245224,0.0005037132127916344,0.014093034782133085,-0.01756091252977421,-0.015154718404556733,-0.00439854738341916,-0.002804869247569841,-0.016701473864097816,-0.004130771723571902
2024-01-24,0.024869251635551315,0.05860346291707419,0.005667478016250893,0.042442290527496374,0.08854188145542397,-0.0024508569329849683,0.02655874878713238,-0.004574248749423804,-0.00922812641777937,0.00546578249309615,0.01162021942145719,0.0009737284173334526,-0.014514645929203485,0.006445317264233585,0.02750079885659762
2024-01-25,0.0041557216388299345,0.011442081001416193,0.0006478922941517418,-0.008671204792097376,0.025692965007473978,0.027293697316451704,0.010794917234756563,0.0257532323796954,0.006681156690847789,0.014383764180973424,0.016571870182143122,0.006186841879270544,0.006539417405410308,-0.023944565919416183,-0.020288190126143024
2024-01-26,-0.009510373069290812,-0.01707980812832377,-0.02427638100570295,-0.03319240168721116,-0.0015304427504392315,0.002378476553742459,-0.00815223080524774,-0.0007344951866780081,-0.017557124450057637,-0.02477717416834102,-0.055894719817261906,-0.022520715382503664,-0.013999102621149562,-0.014738062807358676,0.012655705823040098
2024-01-29,0.023496223417591056,0.0032722247168106566,-0.007165493385714816,0.009466800473517223,0.017136287741031264,0.007559518997315662,0.0034793742623322466,0.0013398299145450654,0.008198334804729424,-0.0013888959029013659,0.003639848505126775,-0.018276540840303168,0.013070422525082392,-0.007895000914942218,0.01818296017375043
2024-01-30,0.00494672291689402,-0.03244674246780166,-0.024458698643111565,-0.013295340923867305,-0.016530215460163755,-0.006460506962382984,0.02955298303685483,-0.004494704159931695,-0.0005859410835113987,0.0036604363424159736,0.021494495088487442,0.034954978723021224,0.0013152754425744817,0.01677421376058308,-0.0023672653645852026
2024-01-31,-0.01986487915445101,-0.02539808891778772,0.017331093308722734,-0.011669785340689742,0.002062087525946721,-0.020993829754288096,0.003948999679812104,0.0008312142338842143,-0.011124158112801097,-0.003619115875033496,-0.00394672337740698,0.009781342595345022,-0.016673705234604652,-0.01118242997082819,-0.008544639181525482
2024-02-01,0.02437958360568815,0.016637803360445957,-0.049828351782166935,0.016250735764270274,0.023820958608362197,-0.0027492801430208935,-0.03991383744533228,-0.024747523860923715,-0.006193966088802405,-0.005557699495416624,0.023197717828752795,-0.00855445138801425,0.006846719552502378,-0.02023193430659076,-0.027490718963471994
2024-02-02,0.04970879779007076,0.042116424885682235,0.004110297266027185,0.007246748475068232,0.00013480489511152882,0.01150278845595043,0.006806045282801376,-0.0259727855379982,0.003819607213292997,0.02042580102227398,0.036486363680889644,0.026179840887938566,0.025552387372845153,0.0203730425108406,0.03870561320089472
2024-02-05,0.04794441343954148,-0.019306584846715547,0.01651497132845825,0.017302895805442864,0.010612810015591556,0.01434157730150143,-0.0018652685685387471,0.0009191240694410574,-0.0029305138214248405,-0.010119514400092067,-0.03742706085507064,-0.023766330264439528,-0.018452711976625014,-0.025710622109644476,-0.016598094006007647
2024-02-06,-0.01599550673768868,-0.036446025371295265,0.0004858824104319037,-0.01396919975926536,0.007067085200427314,-0.0004626523833139995,-0.0004626523833141105,-0.0004626523833139995,-0.00046265238331388847,0.014119098563170507,0.028586515847474292,-0.01520729275791044,0.004604953702372239,0.046479036669709206,0.040791564065791874
2024-02-07,0.027498193812211857,0.018227290145302,0.01242206657002809,0.013040797220961187,0.01916255613976392,0.004432406368326758,0.004432406368326758,0.004432406368326758,0.004432406368326758,0.0002925757639680171,-0.002918035746024117,0.011112598818918018,0.013079292589537772,0.004974393379227671,-0.004910602154058696
2024-02-08,-0.006533783485422329,-0.009301487745301928,0.01569674835603685,0.01749553655541969,0.0007699560608231959,-0.00525398326579285,-0.00525398326579285,-0.005253983265793072,-0.005253983265793072,0.03166172087227426,0.07360552128247466,0.012063557458476648,-0.012617763799855575,0.03413583279450205,0.2988563171996492
2024-02-09,0.03578364248777044,0.018482370895872346,0.01903076681663407,0.0687216060092466,0.028885925383992594,0.0020285225182024025,0.0020285225182024025,0.0020285225182024025,0.0020285225182024025,0.002927103024837674,-0.012384409011112929,-0.008866308530795286,-0.0028915226558990925,-0.0028915226558990925,-0.0028915226558993146
2024-02-12,0.001594220373682953,-0.0033046850623192903,0.01390747082523669,-0.0016141993237053232,-0.021472066021282488,-0.002056213756237768,-0.002056213756237879,-0.002056213756237768,-0.002056213756237768,0.0006167264520000604,0.0006167264520000604,0.0006167264520000604,0.0010600364248707361,0.0010600364248707361,0.0010600364248707361
2024-02-13,-0.0016608680860282776,-0.002152349299601064,-0.01998718237490482,-0.02818808527615202,-0.027862553734623763,0.002537653163382725,0.002537653163382725,0.002537653163382725,0.002537653163382503,0.13144977313367656,0.025704360475460764,0.013121898933991627,0.016036344149560122,0.051653837411839154,0.03305889840124432
2024-02-14,0.02456738172430173,0.041739558950351086,0.025993142608426334,0.03261048281493584,0.02338040433779076,-0.00572949491298147,-0.005729494912981359,-0.00572949491298147,-0.005729494912981359,-0.014336476339461668,0.01777648950744548,-0.01570143000884272,-0.02497742667153402,-0.017753557669271558,-0.03363126837653774
2024-02-15,-0.01680664099364626,-0.010856197395281098,0.013251977237885848,0.007895260393481873,0.005841432636140009,0.08320198778445387,0.04144382021245052,0.046417724816617545,-0.037670996101798804,0.051360097469212995,0.02134710237637716,0.03317734373457415,0.00022253124360260834,0.012513844554806086,-0.040043930381135406
2024-02-16,-0.0006193636774549649,-0.01634984996300548,-0.021092481308584987,0.0634659166857019,-0.0009678846193739155,-0.01750349325169731,0.0005727331539115976,0.013735032358134225,0.015281796901373434,0.007980014298901494,0.00042544373431474547,0.013965943928730962,-0.006708025274964613,-0.01533622054696493,0.004076461285759336
2024-02-19,0.0,0.0,0.0,0.0,0.0,-0.009554166901636685,-0.009450309266878731,-0.00953280183055627,-0.005800827174376244,-0.016509652499238192,-0.032844222629055175,-0.004350606484141872,0.010752092523839796,0.027619821053243898,-0.014845041483727006
2024-02-20,-0.043531895683271093,-0.047046603240932794,-0.004780893265516006,-0.052262356557111644,-0.020851717000460734,0.01105132909613693,0.017492558410183046,0.005142616406356604,-0.0021940938828981515,-0.005496670574760554,-0.01133214820964823,-0.00959814528858094,-0.008086218898100572,-0.012541147918944007,-0.0013200007580528306
2024-02-21,-0.028508994436265533,-0.008449569283871083,0.0003289779097308543,0.00799685921172899,-0.0014951265073630537,-0.007966135824066689,-0.00024463033500898845,0.004426953215469931,0.004348679535775446,-0.0015525129391046333,-0.01760700898509371,-0.0012279175685108168,-0.004398797107584951,-0.004316719092193333,-0.03922174047042737
2024-02-22,0.164008740825639,0.10694508516789725,0.01802514738088723,0.04938792880897713,0.04805031136304705,0.014584513051989934,0.033061660727335296,0.005718230015229198,0.021552461097673614,0.05674377084615245,0.0719424714286685,0.03055590939767283,0.002030840215075047,0.05102904716173695,0.06774372891122171
2024-02-23,0.0035524979495649145,-0.029363226217797966,0.0010340403637105755,-0.012867325310225164,-0.019540763810835915,0.00633853094214154,0.08278943300343689,0.020760856704099107,-0.01304379652724541,-0.0008506341579552767,-0.0008506341579553878,-0.0008506341579553878,0.001547183822447451,0.035739071523672505,-0.029882778364386353
2024-02-26,0.003489206606471562,-0.00288924627963294,0.013685170437824468,0.03241023727824177,0.015365696864815481,-0.003255256924199812,0.008889292153770434,-0.004683210340265753,0.007582956483409342,-0.01595365328033449,-0.002638876968121928,0.01685858809373686,-0.003496673511288906,0.0003453120190946013,0.0506052796289973
2024-02-27,-0.004943877553485576,0.011306207347712816,0.00808764161533837,-0.003389949328310271,-0.006564100543692386,0.001689418252838859,0.001689418252838859,-0.023087369793927448,-0.033151909734856266,0.0067674728828353015,-0.021658461435490106,0.0007948360998863979,8.037535339022739e-05,-0.0506714982401123,0.06297544127691546
2024-02-28,-0.013189127057332328,-0.008202284909366253,-0.010476085774354438,-0.026224829019895424,-0.0019865513349849317,-0.0008645769190762653,-0.0008645769190762653,-0.0008645769190762653,-0.0008645769190763763,0.006817793937792249,0.0006163851465068593,-0.010118580729602922,0.004062364915242922,0.0272542058951315,0.08942266210676886
2024-02-29,0.018657598084827587,0.09057440863979038,0.012447704131617332,0.020653987866777523,0.012964413495594629,-0.013707295051253676,0.020098792585151015,0.004958082145339215,0.003121194273439487,0.009333933385318849,-0.0026563106886233756,0.003803306640308257,0.0015365653333425655,-0.012571163482347436,-0.05994573615910115
2024-03-01,0.040031803782640596,0.05251130044383867,0.03358900648996199,0.04280331614488131,0.041253340730991184,-0.000406958722631523,-0.029690019105468646,-0.006157994638176456,0.004631932943968353,0.04484543846094513,0.03409663813902375,0.0346968626573354,-0.0013630514946209038,-0.0013630514946209038,-0.0013630514946209038
2024-03-04,0.03595075231265388,0.013422824856374582,0.02127659574468077,-0.0036147649615397848,0.007164996284667824,0.054103496651569216,0.042557407601322206,0.02716881933478632,0.023227930936970953,0.023641989748921732,0.036593359185836505,0.013450073821783537,0.02373278284454461,0.0693848978238698,0.1286346964563838
2024-03-05,0.008576660007388659,-0.0011199636095416965,-0.030679580747368762,-0.010024322140627318,-0.029257343840311312,0.008494424097739817,0.005941592285622077,0.02282181421039109,0.006839925517460488,0.0016633187442105513,-0.028758659125006747,-0.015106570657265506,-0.014570052532007605,-0.00273541255718579,-0.004823704658786343
2024-03-06,0.03182722988333042,0.026812264754451975,0.03988844307623074,0.023048401643451344,0.036218558693403846,0.005853353747081735,0.02928378119263564,0.030121998361683833,0.0007482804465075432,0.006592016920864419,0.018968819420786653,0.0023225636476649214,-0.01418555620554074,-0.02079948464493242,0.07076228136923168
2024-03-07,0.04474632653463906,0.0035607462498863374,0.04663772265457933,0.0020737857755703804,0.04329001377654618,0.03652754913279832,0.03612652323485199,0.09998329615397661,0.037237946063312544,-0.033866560896305686,-0.03979694541485512,-0.01431423846946478,-0.0048706305766226254,0.017113552314549363,-0.021976953256395926
2024-03-08,-0.05547717509355832,-0.01887598354147113,-0.02930813167200208,-0.033159354773475314,-0.05065936012643635,0.032537184938544295,0.0009289547990376512,-0.023558578338393366,0.01772315183796702,0.01743148335542033,0.0031057410647670203,0.02745353009822793,0.019776731691915517,0.04711312789591937,0.01872105352561526
2024-03-11,-0.020039204900175966,-0.043396499476769046,0.003224700703101435,-0.020383321660284226,-0.031840603059426265,-0.02352433883863103,-0.004641166160952781,-0.035041497161903745,0.002719841149776858,-0.024324839536208898,-0.04066567146986333,-0.021365791299717163,-0.008375469020544535,-0.027002266045556667,-0.023128086216495314
2024-03-12,0.07157171944983709,0.022027295380976364,0.011453902133889748,0.017728627138335895,0.02245830849474295,0.008131976228286986,-0.005291715251298901,0.02568827305254806,0.009493083702675875,-0.016946068454451013,0.00938106328594479,0.009530626944976861,0.016633584757279607,-0.001273482588948771,0.011367564895658377
2024-03-13,-0.011151708806153904,-0.03930756281626557,-0.022128512086325935,-0.0213720719075986,-0.01575735845111037,0.01050913884174176,-0.0011656532426712607,0.005176171542298436,-0.006061935721449863,0.017949353417107128,-0.002426163925390412,0.004944797688934965,0.010443919082666175,-0.013133105014076496,0.019912644963285153
2024-03-14,-0.032391482450020326,-0.03968374143421338,-0.004726608008840283,0.0009473333646967674,-0.009290126319256409,0.006168450602522135,-0.053733203647684524,-0.02863253897958251,-0.028156097020150317,-0.004560159631953886,-0.023505694850678216,-0.011373543415602705,0.000790839377560415,-0.012274247761151158,-0.013868212830681625
2024-03-15,-0.0012167287559559092,0.02138351359032309,-0.007420754250834105,-0.010460824811556635,-0.020390063967773098,-0.043178250469708135,-0.016781198774601935,-0.010256118411820836,-0.030711902478760433,-0.05296009475470287,-0.018280037855416098,-6.913475822378778e-05,-0.033005824423205876,-0.010552796422308552,-0.03338561363267212
2024-03-18,0.007035797096392571,-0.0021459419415288394,-0.0016747298620762852,0.010470625307079873,0.0012018721701969604,0.01683983139857581,0.028302389030154806,0.030140653365606784,-0.002458622472538474,0.03296976391399875,0.034248038947422677,0.021738877157484682,0.0012954662337807399,0.01354174462941482,0.01612597566453955
2024-03-19,0.01066075476764805,-0.04841330198285032,-0.016894163496576575,0.003038997734768012,0.011228552677144066,-0.0037937649033634724,-0.01825272135173739,0.011464491204868477,0.02830027087774889,0.01395565473532634,-0.012769166046483038,0.00700671059249558,-0.005052055005783762,-0.02988020928212709,-0.054647667052967086
2024-03-20,0.010895047614699838,-0.009315414278818657,0.02175486305806218,0.01847613071301213,0.01997048493305975,-0.008051919605383095,-0.020159658568893568,-0.024630748450590878,-0.001135901031076969,-0.012520319289408222,-0.012520319289408333,-0.012520319289408333,0.05558381779747945,-0.023775787112023328,-0.0039053317539406995
2024-03-21,0.011762336977884313,-0.0058421135966061355,0.018966069310002887,0.027991905414391116,0.020465135296076298,0.033265365771763866,0.00783952903259566,0.021340568336902566,0.020862456655472927,0.056615838829150444,0.022742891386800412,0.027864978123269823,0.03656655096268291,0.0919051801385169,0.012752984912884235
2024-03-22,0.03121374759975093,0.005428706405105066,-0.004389907153243833,-0.002609189769297915,-0.010930707459904099,-0.002518280908650583,-0.016896952889472572,-0.010015192377218152,-0.028406994555182696,-0.0060101033587570685,-0.03537686655994088,-0.004888783745795822,-0.008450678628594721,-0.004596515421612879,-0.003424092797872036
2024-03-25,0.007561703127912933,-0.005677645690651101,-0.015167411209422665,-0.008513583629172872,-0.0010510853913860974,-0.007987401569326869,-0.006065575488621966,-0.011046887557345841,-0.0016283089602624479,-0.013375734015650842,0.03049063413419506,-0.015910225974343772,-0.015452013145499599,-0.008979042786314007,0.03148591021540592
2024-03-26,-0.025694273104150844,-0.004254659042995601,-0.002686340473588844,-0.008586836241943008,-0.007794122881506715,0.008914282249306238,0.015319151633802264,0.003139239035216068,-0.03956308600880043,0.0049719204581872845,0.0029661453662603865,0.014062784397810724,0.025149626941380454,0.04598293024806854,0.15888628267320226
2024-03-27,-0.024967146101838367,0.009669990824309194,0.012330143058981058,0.006435360138584256,0.0027900247119585497,-0.008563346657335047,0.026081272562857194,-0.02376281293610516,-0.034690898754711874,0.013847141004100338,0.006507230832486055,-0.005266567945874323,-0.004174051811593582,0.023045075520135683,0.013913238379849702
2024-03-28,0.0011745464023735774,0.005011465970410134,0.0010051498687624338,-0.008509647066630821,-0.0036345147688974233,-0.01574158031559736,-0.0072218223930036185,0.0035318699919362206,0.00979364129952165,0.0014783766975179358,-0.011970856375807082,-0.02251287691913495,0.012053702495891994,-0.01984412132939961,0.16547976619764415
2024-03-29,0.0,0.0,0.0,0.0,0.0,0.007882939158531332,0.02031715360512365,0.01167897459976408,0.007789530115676957,0.007132404381698709,0.013612645601986939,-0.0022200871153752466,0.019801797813476574,0.026936123768890097,-0.002238776495499528
2024-04-01,7.739359353586828e-05,0.01579029729064141,0.014294152838446594,0.011928428224678989,0.023163939791939647,-0.005118755137690556,-0.0185191946639931,-0.04206985921200068,0.008004753801348796,-0.032071149115870945,-0.04566488407716729,-0.03701698462625569,-0.0015328398366949436,0.017044178506714802,0.06787536137249672
2024-04-02,-0.01008153270421297,-0.025308167788424374,-0.003959957983404538,-0.012362766380980106,-0.026426161695795147,0.023378336998435056,0.0017694523417637331,0.020744271081685195,-0.011388672821065593,0.03295524940079586,-0.007834087875365547,0.0011514042181317574,0.028770014336535255,-0.00325925339095412,0.014778690321249677
2024-04-03,-0.005455470203980517,0.011583700948905484,0.016779700403421804,0.006161809976154675,0.014026980487931384,-0.013397970329827702,-0.005037839064621186,0.0057605391074855294,-0.006121392253928271,0.0005230086636334175,-0.021170431441038806,-0.011197977713175211,-0.007072148507906495,-0.034692307597081085,-0.000584749634429782
2024-04-04,-0.03438472731433728,-0.08264646837585021,-0.02386303096439024,-0.019240206393973724,-0.02740069657925137,0.002199058923538777,0.002199058923538555,0.002199058923538777,0.002199058923538555,-0.0038031238551381463,0.007663859603325385,0.011166036034473859,0.018710972356267064,0.05370197356023776,-0.04829985624174393
2024-04-05,0.02448059831913585,0.027678925931429843,0.010426519305796633,0.021928387220633283,0.027417233281134212,-0.0024744110686212295,-0.0024744110686210075,-0.0024744110686212295,-0.0024744110686211185,-0.05417444312684183,-0.046686461054370354,-0.02925216244072315,-0.01415825287750705,-0.03235089805520441,-0.016421985661505434
2024-04-08,-0.009942288009734401,-0.003051310163408316,0.012184590525186278,0.0057251548739873925,0.0032262281486405975,0.0018705700949852577,-0.010571825492199483,-0.011657603235191938,-0.009161137970389088,0.007812882242961061,-0.014839166125930281,0.0012571528909171015,0.0008072206333151755,-0.007952697455974822,-0.022793185462719023
2024-04-09,-0.0204172136962405,0.005179546288557546,0.011231327969050131,0.006553877247813311,0.007245198571171008,0.04722920684961496,0.009903300939174908,0.020828507158815457,0.0011972370063033644,0.03427287883794672,0.009537946250140816,0.043359821125566134,-0.01353664558543699,0.0064378333740371385,9.33495416706176e-05
2024-04-10,0.019741601863578317,-0.021313967769448827,-0.026826824675571848,-0.005513139685289992,-0.015376419249110151,-0.001565508114990788,0.033607858812785274,0.019413845440831246,0.006976818535389562,0.008132534319789553,-0.009849669374542014,0.00847916453111397,0.004211911753523978,0.004211911753523978,0.004211911753523978
2024-04-11,0.04109628253343023,0.02010291146716159,0.02499127890220465,0.01782584213740135,0.018027827967157517,-0.0006427609453876215,-0.0025805785373221868,-0.003603156354804904,-0.021105673050549445,-0.01710420957812253,-0.008424970037526514,-0.00456366595468094,-0.005246114825688819,0.018575114026248007,0.054315790735806946
2024-04-12,-0.02681647898378492,-0.04234604821526755,-0.02192681391111384,-0.024039991405348182,-0.030579156467813617,-0.0037237557654820064,-0.017932937147093875,0.008134050277716742,-0.0012878428886130555,0.013391926303454094,0.007216244279141915,-0.0027097962261768416,-0.007724712587993787,-0.008274679058881462,0.023754511681841617
2024-04-15,-0.024777127013877687,-0.018128316249433007,-0.00846511184220533,-0.010487760428215087,-0.0072985768929784145,-0.015571236598265203,-0.06018241987055195,-0.004027179590100016,-0.0009147041350801022,-0.005906981865546501,-0.013715390690852702,0.0010893859623346547,-0.026299878149525613,-0.004298998655217656,-0.003080037559384019
2024-04-16,0.016441612569260133,0.019585823641451894,-0.007418575423030704,0.01847517914073671,0.023145769584571152,-0.026401450680629046,-0.053505374587438204,-0.04772977660000044,-0.02243416530756437,-0.04722358399220472,-0.04331535451505697,-0.039863763840469746,-0.03241666901452789,-0.05388029538846384,-0.0465817466509747
2024-04-17,-0.03866604475573021,-0.0577511443391211,-0.025270003514754502,-0.04577995999963491,-0.07094751995420301,0.016879378959541613,-0.008080397468010148,0.01618493762296791,0.013408804509006389,-0.012973875961174053,-0.047832425032815706,0.003444041664485864,-0.013515392800289128,-0.001996073415263422,-0.028279194226181636
2024-04-18,0.00756811265006907,0.006882207045771915,-0.017526731734579637,-0.027865234140645012,-0.02047137590099446,0.004944549582510227,0.004944549582510227,-0.02726520419993017,0.010486564246637187,-0.012476673821105955,0.05298191023904675,0.008135892665134037,0.014576223444165981,0.025913455094545235,0.05213687923579213
2024-04-19,-0.10004599766184574,-0.054423538443086006,-0.023600208288396596,-0.023415063220846632,-0.03317107420739185,-0.06940594580330717,-0.05655846054930447,-0.035436140270833305,-0.05164461655459485,-0.08895274917318197,-0.04542383098906577,-0.04385442934268313,-0.025026873200164612,-0.049272454332790705,-0.043381112258833454
2024-04-22,0.043543348974247165,0.013638843482845608,0.016177220258693614,-0.0016334676235609802,0.014554403504071667,-0.013348166074726997,-0.029827084965553086,-0.012956661128593061,-0.03531411554451325,-0.032397654120989605,-0.0393913852269977,-0.0023146259855549856,-0.015425411167966918,-0.005867631984642352,-0.06447208841149399
2024-04-23,0.03653266860030269,0.02442145383287242,0.007304319739559695,0.01995144252235037,0.03385120837390554,0.013708873933548027,0.0037716565044585426,0.0010272393573529381,-0.0004413100625466626,0.00042162640599596735,-0.005667333097338356,0.013908239792153054,-0.011417367290138647,-0.007044931523753739,0.030150286852869135
2024-04-24,-0.033315854844161,-0.0034806512407298262,0.014130626821942105,0.014593191763679458,-0.010259781731528972,0.04100136633417506,0.041636107097670516,0.023186161873768985,0.04421452678344351,0.07155440586147899,0.03668698678276727,0.04460205829087904,0.047410049158141954,0.05787599725673931,0.09185590032335456
2024-04-25,0.03708717108165982,0.01331217174473398,-0.0020167054341808655,0.007344702734535913,0.011419624407822404,-0.025423366758744015,-0.03239824404921321,-0.023987739373375172,-0.03795006525643685,-0.03796181555159117,-0.0203715434010433,-0.03007141971032634,-0.03383739293715671,-0.05564006545401423,-0.04728864574607128
2024-04-26,0.06175573657199673,0.023673253900165836,0.014451911194518274,0.029772129383129897,0.020355615888510536,0.023909886208383302,0.027497571371633,-0.014331988334888135,0.010873233220903167,0.01653708511355423,0.0066066736141972005,-0.06576246036549505,0.009104546313179585,0.046208199890368284,0.008989956811381816
2024-04-29,0.0002507026075597718,0.017789092505297477,0.021369236298584227,0.009243691698607837,-0.010011184499512105,0.01574977193544469,0.009081652415219743,0.030691855325949424,0.012826934100924392,-0.016603036944971006,-0.016603036944970895,-0.016603036944971006,-0.003914061377411127,-0.014558553135654018,-0.004640100127673907
2024-04-30,-0.015440211136574677,-0.011360749688513971,-0.019799202506004754,-0.03220298474186922,-0.040999586261930454,-0.0024595239084808096,-0.0188933854942952,0.010682828171684866,0.011605700684319764,0.03853732381865416,-0.061598332097255404,0.06175016306200609,0.012231362882690888,-0.007899542052430708,-0.013562364131786575
2024-05-01,-0.03889991270482285,-0.0890895326136133,-0.010491385247298646,-0.023458376073786646,-0.022499148641046074,-0.005513063201735946,-0.005513063201736057,-0.005513063201735835,-0.005513063201736057,-0.014006796063773308,0.020035342230633857,-0.02828456915073041,-0.007809641991920913,-0.0078096419919208016,-0.0078096419919208016
2024-05-02,0.03342952424383672,0.013100432062641998,0.09743478931392624,0.020207266631927956,0.020449397332115593,-0.018638523997972056,0.012341748609086878,-0.01950592865767309,-0.011147584820854317,0.01498999829200609,0.006065668960463011,-0.0012149716605632799,0.014108013990631774,0.0041367474922442415,-0.007320269539009661
2024-05-03,0.03463182760363437,0.03037768425123044,-0.0025542715004269745,0.031226312241444898,0.03602277686773325,0.014423465212012543,0.04417984276368725,0.02833789705401446,0.015739103049798864,0.01737395284944898,0.01737395284944898,0.01737395284944898,0.0024243053234913603,0.0052701096915264145,-0.01513589677764382
2024-05-06,0.03774120200577613,0.03439570030442596,0.012302455515972976,0.02337210519172439,0.01695821967652078,0.009849701741166728,-0.0026771529765500235,0.002140832099859269,0.01948557954655028,-0.0033926527565651954,-0.0033926527565651954,-0.0033926527565649733,0.0070772041435709365,0.0070772041435709365,0.0070772041435709365
2024-05-07,-0.01721301195609326,-0.008666106779396388,-0.009348506732303363,-0.007373426979793041,-0.009488294521841079,0.018250211785325376,0.010096856775988927,0.020709924091319776,-0.0033515581511914805,0.047692836455154985,0.018069656602343054,-0.0186477209847159,0.04991200054349365,0.0391600674286785,0.05223637541380666
2024-05-08,-0.0015681190757719232,-0.005245079304603162,0.002220489652580371,0.0001929158712854484,0.003578358356659761,-0.0006224121304074792,0.04458335587599582,-0.006415586456041122,-0.031488829019399756,-0.018452937898922994,-0.017044464032756057,-0.02846025645191763,-0.004095023755399385,-0.012967260775623601,0.027277892539320447
2024-05-09,-0.018415707171845153,-0.008006742394443989,-5.534497407866379e-05,-0.004967318948368216,0.002271111035720752,-0.006535852880506954,0.0009525829817287335,-0.015674533448597816,-0.014687330743623161,-0.03368266009768517,-0.012824183797744193,0.0027773496754393,-0.022710529865347606,-0.017652649292226874,0.0025731039816043744
2024-05-10,0.012744063288183005,-0.003084199898848783,0.00852997384030374,0.01647848920224293,0.018335296856814898,0.007357049868030208,-0.00017929979184716505,0.023465126559010008,0.021642193666484566,-0.0057724113886283845,0.002347772415010052,0.0012286227539046735,-0.008791921977768902,0.023056396213257058,-0.02014476903056117
2024-05-13,0.0057967857179908044,-0.008952084167610064,0.01169820227453977,-0.014780699738965342,-0.014027928372598142,0.01851356865253395,0.01558906277549621,-0.025669342999412814,-0.000691104568727452,-0.013010442039354086,-0.0008042724980060756,-0.000690048047006564,-0.013503795401926588,0.018166708121916786,0.0008609067776790269
2024-05-14,0.010586466755307056,0.01726890373057932,0.025839789469061403,0.01543816339267079,-0.0024092739785886996,0.00895975031581453,0.03755447341137841,0.008389695594257729,-0.004201513886329722,-0.004096063916291914,0.02321600952128766,-0.004886838567016105,0.003352585079354764,0.012832873050617533,0.019736005744222185
2024-05-15,0.03583786846545478,0.04250453350208727,0.0298461535337613,0.03655502949567091,0.024469047762035734,0.018788632559458174,0.0017886059274148103,0.015235362808778685,0.0017886059274148103,0.016777921769702164,0.016906157378976827,0.008633917049333695,0.0009100511467019512,0.0009100511467019512,0.0009100511467019512
2024-05-16,-0.0028637728015966646,0.018475587036212104,-0.006885601966643562,-0.01590866744317565,-0.01907361839369892,0.01122135209441999,0.03938657932428735,0.0021355164175087538,0.016682470480175793,0.06014367454547909,0.044464891185485245,0.026480376424082408,0.005326577914622099,0.048440999232707505,0.022939410943843663
2024-05-17,-0.019924093215714755,0.011376252361725125,0.003052844553926848,-0.009110985677196481,0.0059051421464615395,-0.00999327933517924,-0.02382730477094719,0.0070917344942473814,0.0009778307780612394,-0.026746465078259285,-0.0029206950873675863,-0.02213011654304997,-0.004671374799380401,-0.010535900960229494,-0.02369374832336202
2024-05-20,0.024881436394149192,0.011309056949878826,0.020117519547141915,0.03710871334794619,0.015643660956473404,-0.001249940699274088,0.02018240846889352,0.0020462203899198617,0.008371978820168824,0.00450278370625834,-0.006009069555400148,0.039101772858801453,0.013844044694709678,-0.004383329337109054,0.004521955267890121
2024-05-21,0.00639363937264581,-0.010040270249269678,0.015624978525345945,-0.0006819816903816944,-0.015083332595266508,0.0058784850153901225,-0.013886347094738904,0.01184302944212634,-0.014639265474188479,0.004009363171727731,0.010496345203637514,-0.022442470631490186,-0.01128303910760764,0.004967684160176455,-0.012723337375838861
2024-05-22,-0.004570848024190721,0.0052228871081305694,0.010356058052766848,-0.005697337183325102,-0.003177350544502189,0.026424082276414573,0.007603353367412913,0.008831846027166579,0.004897839435185736,-0.011532899733704638,-0.00728031573062049,-0.02237172688083333,-0.011298238909359326,0.02722548012619508,0.04812965032605554
2024-05-23,0.0931964625600874,-0.030751640075486364,-0.00576540661487801,-0.0009168029424182489,0.012923535663174057,0.013073974684096212,0.017221447173272342,0.038936488111051215,0.0003382144973624879,0.015023195923617783,0.0505995160255619,0.01762602254590262,0.00595847029201102,0.009863508689202938,-0.007849095402698403
2024-05-24,0.02572281403424026,0.03696321264911151,0.042624852390228396,0.013489370347974372,0.02351617160913344,-0.009047451738169121,-0.008203301411716546,-0.012288776939453405,0.00971267489775407,-0.029903222585872302,-0.04640039097306148,-0.00808724953165818,-0.03193407300755691,-0.008314191551690664,0.007544635084500095
2024-05-27,0.0,0.0,0.0,0.0,0.0,0.0032970059705887955,0.07637610767475533,0.03864251963393084,0.0028943869369648656,-0.003816868103379667,0.014616838921512443,0.006578669405641779,0.01855014010953626,0.016021230392430308,0.031908254084312304
2024-05-28,0.06980418775453123,0.031558066727209066,0.012930137840349465,0.0019465703252967703,0.03726139221839375,-0.0009093656134430139,0.023238010050974145,-0.00538643697250385,0.011343412211781034,-0.0034897258076383997,-0.00901480983459324,0.005203066156979075,0.008711865949686315,0.008492413816834965,0.07472072187510492
2024-05-29,0.008112355268313998,-0.037701772610522655,-0.02262068307295717,-0.010256636394489593,-0.034249165220224254,-0.012445036090446226,-0.018444202006107635,-0.00930408908682856,-0.008868437885141467,-0.006022985099189748,0.00587138074716087,-0.017664308416240115,-0.03222911337824652,-0.0013428307563869701,0.03664294861693662
2024-05-30,-0.03766607549269041,0.009749307353167369,-0.012583781649171288,-0.01145863939051972,0.00860235532300746,-0.028307287231443712,-0.006275982522872536,-0.033710113860316304,-0.01758962912177442,-0.027013628390961553,-0.06313814382693805,-0.028457974914392503,-0.02816178406634917,-0.03907312604606672,-0.02860248651944375
2024-05-31,-0.00784593960867408,0.0008995136220952826,-0.0036620891977076075,-0.006742279751119962,-0.00597231468214432,-0.01966258041707336,-0.04202621859623046,-0.008833084999956387,0.012160183781946499,-0.021149320753332312,0.003040390002080562,0.025363482639279677,-0.003685571820021938,-0.036777331502856336,-0.02538398230479777
2024-06-03,0.04895415083477905,-0.02007184522010419,0.00911552166979912,-0.004044981819548599,0.005341783840796754,0.027003593823120564,0.024900176944738783,0.022047293021445258,0.009893196634722434,0.01577739649419163,0.006073713404445291,0.015269557224361963,0.025103231508517565,0.021614570344369977,-0.09701790491998585
2024-06-04,0.012495712669186254,-0.02176702838377287,-0.007479022593194884,-0.009289938805411846,-0.015194494663864577,-0.0036493245071400615,-0.01906854974147265,-0.004696638980922541,0.0027821923485971123,0.014432997234731237,0.0029345416142190217,0.006058387996946912,0.0029230799980957123,0.0035781063686675108,0.021309103303016608
2024-06-05,0.05155570952579969,0.03862736710791159,0.03684488096776861,0.05253978035964213,0.09521360269705048,0.017421932421817,-0.008509511982351947,-0.0161154535695347,-0.007949844965926989,-0.020724470895632674,-0.009716597736623256,0.005967829156315663,0.02569589456793664,-6.803119528220325e-05,0.0462161382676638
2024-06-06,-0.011777114803493416,0.0036709431129160475,-0.011609293355953398,-0.007252699956849629,0.010822560383258795,0.049331211212870096,0.05127794152665732,0.021535024126243307,0.009960745282686867,0.029244414776546268,0.03370567269174307,0.013911014999141269,0.003638368502623557,0.003638368502623557,0.0036383685026233348
2024-06-07,-0.00090910503463415,0.006535533912151115,-0.01346443898462324,-9.005198455469543e-05,-0.022980956465263214,-0.01546284123362196,-0.010305427454960436,-0.0017910486852782403,0.01824630184230669,-0.0054366430136135735,-0.027900710086383396,0.009918435353070576,0.0012612247103203078,0.07398274215517708,0.00899114222523223
2024-06-10,0.007461343368023954,-0.04485613271174693,0.01321272014746211,0.028999140545390434,0.012922644178775533,-0.006051483876679087,-0.006051483876678865,-0.006051483876679087,-0.006051483876679087,0.001975512869962559,0.0032620494353119422,0.008189803752149949,-0.030498389664548098,-0.007621451449843719,0.01019691469393913
2024-06-11,-0.007143842353279917,-0.008606646223911163,-0.003964614036160552,0.00793308665313508,-0.005471588065923738,0.006756478007569067,-0.0017343235883906516,0.0053374424103114215,-0.01074773744440538,0.021079111682532403,0.014367969988914764,-0.003410108938684764,-0.0029248850930803094,0.025419349898024857,-0.0006863998154431616
2024-06-12,0.03548076582748916,0.008052332191963885,0.032946422203464554,0.033395688594506145,0.03170800851310207,0.03002470290821657,0.024198751578618838,0.016196986192199336,0.015524910572337847,-0.0021003875578871067,0.0027145239475232508,-0.004448946040034096,0.01477608918183293,0.009267269450038862,0.08895616283351382
2024-06-13,0.03522368112087437,-0.002121889572040736,0.011235410998125195,-0.0004207880665156871,-0.01510975365625733,0.018526961150637344,0.06918275081254821,0.012828746826497817,0.0035650911074232017,-0.014707019179221903,0.017390771998474275,0.009417481179789133,0.03266152117311916,0.037794710197860626,0.09234328352912491
2024-06-14,0.017514207305913576,-0.001688486704049863,-0.011386035291000018,-0.002189019058979169,-0.023567437560959692,0.00022037773705751995,0.004164077373405073,0.009124021382301173,-0.019558493185491077,-0.0009439685368453077,-0.0006445259181103724,-0.013168259055601261,0.010268057470477654,-0.0069176357774684005,-0.05045542133235803
2024-06-17,-0.00682446083502819,-0.007705387137155739,0.03199741425475633,0.024596080002408982,0.0239030949016259,-0.0026284966567007295,-0.012281641029942114,0.004469184484459321,-0.009024692810795432,-0.027479869346201058,-0.03937203197349537,-0.035438205203767614,-0.02490624797726082,0.0028156502649163695,-0.005073322676407255
2024-06-18,0.03511980061100739,-0.02380043660945841,0.021915168628570347,0.020464426818758596,0.008465862684245318,0.025408501589549326,0.019628847421608864,0.02547369672984301,0.00526535464378175,0.025992382120752833,0.011939478232908751,0.024238695819107647,0.024152811769656113,0.0540248125430578,-0.0010044023473688712
2024-06-19,0.0,0.0,0.0,0.0,0.0,0.038801504975665146,0.055420006605679806,0.04527877357829535,0.013578271721396584,-0.008789040817565374,0.03956827037282218,0.0008840441732502757,0.017876084660701785,-0.003939356343545919,-0.013605587701940536
2024-06-20,-0.03540343262971002,0.04623936927314376,-0.051169206539055656,-0.03163449051932565,-0.010025008406727931,-0.0010283406876558931,0.009062417089651387,-0.006609114078112599,0.004521602505090039,0.004053561380279014,0.036755483789184806,0.012382429143388718,0.003077952783067328,0.015260137062623302,0.011131353261704557
2024-06-21,-0.032191401002372944,-0.003399697465124474,-0.013644527686441865,-0.01908418094338682,-0.013457084792717677,-0.009996231911172049,-0.00544418528291335,-0.01845653517903989,-0.004301163529874308,-0.005267536760744207,-0.014807554682785495,-0.023319088723448345,-0.027123610085512895,-0.022290038548681945,-0.0021317209389122294
2024-06-24,-0.0668406300841552,-0.006078246936104592,-0.05500398013863994,-0.023660814445853773,-0.03336861868625396,-0.03158658946976456,-0.05433463041235953,-0.012133330726582514,-0.01918567581445718,-0.003824515481896884,-0.003239736464044962,-0.015306091081054629,0.009988934318404974,-0.044654280085256404,-0.02477364829392903
2024-06-25,0.06756411124912076,0.0,0.00662210650010886,0.0192742973522102,0.021287266147372863,0.0066099359245881395,-0.016469237066820575,-0.01903194397843022,-0.0024944595377514034,-0.015784578079375278,0.003512192669782088,0.018726046167910848,0.004130271887754056,0.010628146539052974,-0.01263169050761781
2024-06-26,0.002458776150216835,-0.01691111833926484,-0.023940123896530552,-0.008964106748545864,-0.006586323167556141,0.011117970514889386,0.009691992334937227,0.015932383222320823,-0.000910596890386417,0.036337090245427195,0.07017557238842409,0.015020450741344726,0.0027302576519250277,0.04971346661629794,0.03633366455823328
2024-06-27,-0.019066650842632815,0.012250907812754175,-0.011047678835980568,0.0015506591654763646,0.01122367202448582,-0.003339205226773556,-0.010432876698201476,-0.006228038785868195,0.011704821426913758,-0.02952535010931112,-0.0032646303351954176,-0.00869955082352436,0.0063650586920531715,-0.0026305190769241316,-0.035652992708001374
2024-06-28,-0.0036292423596017143,0.017181949408603625,0.020650771495153375,0.0148797749336953,-0.005136195710710334,0.00811568647924088,0.005444923852808259,-0.018532483969822433,0.0037162520425295664,0.0024618377268128544,0.029554474000000885,0.005878000660781257,0.0034047287640017743,0.004636110845603669,-0.003461083094381312
2024-07-01,0.00615186573788562,-0.02786513831069659,0.004267612154124967,0.006017220932714951,0.01052092001981908,0.0026251622707131883,0.011274069753174132,0.007920325807818651,0.04881780598070562,-0.003656369767012446,-0.0021443096192260702,-0.0013672570110327964,0.008523885185118596,0.0005762960021027386,-0.0039228104144217735
2024-07-02,-0.013113385613092166,0.041981070547876476,0.0006500305234147241,0.014531830271317547,0.0139334929597148,-0.00880413977980743,-0.0040759502946255965,-0.033960720121015586,-0.004082104211694082,0.002834753676050017,0.005564910549184621,0.00615602725594111,-0.0022625123125195046,-0.017090851829067444,-0.015113885799512339
2024-07-03,0.04573232762772039,-0.0024953056308284483,0.018235329540955414,0.010171880048834625,0.022444987010105777,0.01819198418446666,-0.005109311517832116,0.007850455364996956,-0.006888890157722982,0.026013601720811907,0.023816114253257137,0.02227288872891431,0.0,0.01724144054844312,-0.010676109231679054
2024-07-04,0.0,0.0,0.0,0.0,0.0,0.025025218362811907,-0.0011983029894255814,0.032723932842688264,0.03595111160073294,-0.003780632654326932,0.020665527469546197,0.003931031094766002,0.032476101944647784,-0.027076360516006037,-0.04119707970180764
2024-07-05,-0.01909872891190456,0.048810251970190066,0.009518524505263137,-0.0029593236166982617,0.0028652594363760553,0.003534626311842759,-0.014711557504613615,0.01864806845864364,0.005261744162781579,0.016158451750252212,-0.019804055511324692,-0.002395144742532107,0.03366827519125737,0.03019052734018124,0.03658852840014193
2024-07-08,0.01883478407050032,0.039499760244382065,0.010401170308687258,0.015252179741705785,0.002708556229153558,0.03346223819840133,0.05554055457023588,0.027328975362721275,0.0224736674493784,-0.004632020541327053,0.0035732435247051164,0.004793810608770155,0.0061268126741147455,-0.007948243322441817,-0.014906798027560786
2024-07-09,0.024805226630608246,-0.008898071051356093,-0.0037039334810035074,0.02103211257412263,-0.016168940042044166,0.0024172390866192828,0.0256992070591604,0.040971708872743706,-0.024271898193395924,0.03632323696673034,0.039940661973981495,0.02528556246577618,8.685170353728289e-05,0.016848287857547772,0.0053328506688024024
2024-07-10,0.026868574083641406,0.038735179977023027,0.008111234516070764,0.013918200285848226,0.03677462136966536,0.003679487674147275,-0.0182268566146484,-0.003897423514411247,0.012654855041395408,0.008258871781942512,0.0006750775929154074,0.011826416565573705,0.00023868002792104548,0.002335573830380966,-0.010123352281424802
2024-07-11,-0.05566679362685534,-0.01098067079114029,-0.042863908086998914,-0.05377108948941112,-0.03316798984773295,0.030974611358222104,-0.012863995652940163,0.07536782212890514,-0.004133046936657392,0.004363128080331791,-0.013674736477804705,-0.0018564199872593834,-0.0026890054121092577,0.00795260339310011,-0.009029199161485701
2024-07-12,0.01444260173416323,-0.0018137948039269602,0.012909618726010264,0.008870059436639766,0.021421400806452384,-0.03108734216948217,-0.036336193453393784,-0.07701974005650947,0.007892520021179683,-0.04156096443479196,-0.035363035268880294,0.007229584584916404,-0.028295139417686133,-0.024931917020549532,0.005414642873245112
2024-07-15,-0.0061902084157459125,-0.009801215645144468,0.028404774087435802,0.008833253596828294,-0.01993084120769162,-0.004952730594450672,-0.008610918393948785,0.006259064372994505,-0.004952730594450672,-0.0007074561736201135,-0.0007074561736201135,-0.0007074561736203355,0.025128050919390077,-0.014915636411105715,-0.018232711198891804
2024-07-16,-0.016194088931743567,-0.012678634021473623,0.0070132842743539925,0.001180993921704232,0.004287177243062157,0.013613476044229245,-0.008172436369859426,-0.0035815692561551593,-0.007595516320699991,0.011743547374935215,0.011625274326914958,0.014090766837598023,0.0045306022896951514,0.006029629291254057,0.05722706540553091
2024-07-17,-0.06623941147885959,-0.10205581562673571,-0.08605232027130438,-0.10482416342539413,-0.1274398184887815,-0.02337601356438168,-0.014546163735452255,0.019888109757015604,-0.013374559558558818,-0.07577815430517187,-0.02686812769327429,0.01505928597169448,-0.010651721869712527,-0.05292937609677717,-0.05103482007826787
2024-07-18,0.026273506230935606,-0.022956711857619605,-0.000730570732726421,-0.010996742476260923,-0.00848657839532585,-0.022094505973001333,-0.031806576817203336,-0.033464412090475126,0.002231354243818817,-0.07183629178475281,-0.032936765812934476,-4.688819302545166e-05,0.0052077241040699995,-0.03349217796126602,-0.03422676933076485
2024-07-19,-0.02609616726427466,-0.026898647534716713,-0.027420964620961885,-0.03395351745118391,-0.031142138430870214,-0.039208400616067896,-0.02009464938233041,-0.03282073893991777,-0.04153998671871206,0.013443494170046089,0.006245452691506337,-0.004733515575067626,-0.033389180786777106,-0.01880769798626325,-0.02096636058161705
2024-07-22,0.047570459298304835,0.02830184215800635,0.04704362288416397,0.06282712004190327,0.05125253894434989,-0.03615208302565809,-0.03198912653720387,-0.045090105182887585,-0.05008845760726521,-0.027349228191878794,-0.03699148805589092,-0.02322634270878754,-0.019115588877358203,-0.0239951868884678,-0.03956134870113004
2024-07-23,-0.007689785778662528,-0.011997146184431373,-0.008308898279615451,-0.017094202839181394,-0.008977351033971681,0.041724704034089566,0.03994381936769087,0.05094767513543541,-0.014314371854258212,0.016599963343843616,0.032168641156928635,0.0062782238686278635,0.012089588122603745,0.001232847695127326,0.0019213718012909276
2024-07-24,-0.06803172760553655,-0.060844124137581224,-0.06351175874358184,-0.05973135403553487,-0.06438603249359187,0.0017464213445907983,0.0017464213445907983,0.0017464213445905763,0.0017464213445907983,-0.0022832965101509117,0.0037397069908651215,-0.015505024240315968,-0.020860189682914587,0.01893179150263946,-0.012632085811324911
2024-07-25,-0.017242825478012702,-0.043628551099797575,-0.03136924568203836,-0.02038431892250059,-0.011595538796056681,0.001115673072808132,0.0011156730728083541,0.0011156730728083541,0.0011156730728083541,-0.036619599566264927,-0.04895143348194442,-0.023538670983490828,-0.018150685968824853,-0.08746366654580195,-0.05377854150721095
2024-07-26,0.00694685496348213,0.012073438985806817,0.02656944789932303,0.02051192500809851,0.029862165429700882,-0.05410382096115851,-0.02138163632233947,-0.09656793603955882,-0.00954495665758226,-0.046540215725219714,-0.03434683847735154,0.013155129597385518,0.007107474101250233,0.010365213776343696,0.015656302902902652
2024-07-29,-0.013001960510631738,-0.0017144473444269392,-0.007831135697737523,-0.004358924240583151,-0.018265647310259592,0.0168168529567303,-0.008722864451236045,-0.01752680867395473,-0.020461427808968757,0.03376918180442545,0.0380684234398605,0.08254682263807078,0.003229070547956514,0.019325199630078727,-0.0012044281829630687
2024-07-30,-0.07043637640649503,-0.009373864462209336,-0.06549491221735448,-0.04295367126856631,-0.011843124836431795,-0.005792372777363997,0.010516166906662239,0.011447284072167996,-0.010583720029591959,0.01038576482456488,0.00915752019702909,-0.011772673191745908,-0.0019360271110800964,-0.03374312286064707,-0.0628237551658467
2024-07-31,0.12812104797164747,0.04362895969096203,0.08392234700627177,0.07858084846060587,0.08888213885903329,-0.0037201402135905726,-0.025283188084967545,-0.03278462765812562,0.007759433780203606,0.0822819249101081,0.05248217824595147,0.007319074105809342,0.03420050263877439,0.02858111803255392,0.017848127963707272
2024-08-01,-0.06674067443942022,-0.0826412153549807,-0.09367228063907684,-0.07492944704440951,-0.056570847744900954,0.03380760060578103,-0.027168750206663206,0.029277543455390465,0.03825404894699069,0.010337236012629036,0.16057444573864155,-0.020044986299544987,0.0017456749914137593,0.0046333012963788445,-0.01867467643911913
2024-08-02,-0.017764062367594202,-0.00030174504420321657,-0.028597451535938845,-0.07381560665780451,-0.08414528415344769,-0.0635207991957163,-0.08034254868879709,-0.06926695783728132,-0.021908146201149892,-0.11667334848374789,-0.07679212969041094,-0.08378841532186665,-0.0428524649763008,-0.10467070191202454,-0.09417518706319239
2024-08-05,-0.063577744348561,0.017509489239386777,-0.008536704450878285,0.0004402771211218237,0.01359104092941732,-0.09391917382906034,-0.08726591297371245,-0.09052966315682098,-0.09388160095498399,-0.1645554103167559,-0.13749412263956207,-0.0921615635397216,-0.09521643349367392,-0.0908936593111227,-0.10318841008093982
2024-08-06,0.037829762947565015,-0.03441636549743743,0.004874826331098703,0.0078067666378425216,0.02762244358388921,0.07677768551179343,0.08177202636818381,0.0547762088182,0.02909320477594135,0.16430124091599874,0.1536472063678307,0.132810915601296,0.007809818003594371,0.04084094201687183,0.04088701511734061
2024-08-07,-0.05122303759364988,-0.0115992824688248,-0.016381264424145225,-0.026185309729839124,-0.007900294167554,0.042297006426153416,0.06653652472422733,0.05498577517692915,-0.020044496694985425,0.004372188847851399,-0.005162328680075046,0.008833617301077012,0.028156352899201265,0.032012685827345955,0.0006585876872868823
2024-08-08,0.061267871534255613,0.05945449027852545,0.05655930944062626,0.06744731717302188,0.04818555430087068,-0.022268983210553595,-0.02663383528223484,-0.04782815644326277,-0.03423083185242426,-0.009912481528140615,-0.04972025858676232,-0.011853047950496132,-0.020989111483604384,-0.038372128410460116,-0.031351995676367705
2024-08-09,-0.0020958811192990368,-0.015038167118654577,-0.0028495009053649545,0.0033061876837812143,-0.018365383969579763,0.050123508895583146,0.01643402701546437,0.06214895780303853,0.0324133970719056,-0.003513110085915261,-0.014546029916207903,-0.010129869157537552,0.018873938549914815,0.05077118729034669,0.03550034832269011
2024-08-12,0.04076368623788951,0.018619199526701324,-0.009666752792565347,0.009990654558307055,-0.008936118878411836,0.005654368860740444,0.04364576938143938,0.01983802213394603,0.025646780538012726,0.0042640801241524695,0.0042640801241524695,0.0042640801241522475,0.018061222936751165,0.039576750053987864,0.060190325903536124
2024-08-13,0.06530911773455639,0.03187833935916218,0.04039547279795097,0.03992955989397817,0.01949915480310982,0.007149938254432442,-0.006764067006227115,0.009467237954089436,-0.00363561756560149,0.06203747204510002,0.07726980632877067,0.04212702533996637,0.003752087436097229,0.02340646284203185,-0.01288215644034063
2024-08-14,0.01670402660200221,-0.0026925874701700936,-0.01368973773746085,0.004133593859084517,0.01160444481478784,0.005380701920459252,0.01946472866151705,0.04484072047138876,0.048773773555124356,-0.00631249363095554,0.009855969961747535,-0.005898183148637992,0.019943053019023438,0.031941259744861616,0.05248361833492754
2024-08-15,0.04048101432124951,0.046962704158803215,0.03703244336164957,0.05058769445336675,0.05533314261313915,0.004363520251299713,-0.015872781931121294,-0.022672765477926293,-0.010088405290150093,0.012565879270004299,-0.011899239773967563,-0.016664344843967283,0.004765092235027302,0.004765092235027302,0.004765092235027302
2024-08-16,0.013999619829759391,0.008143301732301156,-0.006692096855177465,-0.01855262728049545,-0.010331106867298323,0.013397680084713759,0.05024575972895007,0.0025342447886029795,-0.0065344996930990495,0.03450162122507394,0.05422739886183048,0.03755211044047946,0.03291727568758529,0.06351165117668178,0.07147236261156964
2024-08-19,0.04350622742619348,0.045234257748642426,0.012080634603920837,0.014622305736840202,0.015772985800919237,0.013720567465262512,0.030072656179982005,0.012841692173814145,0.02746808015365665,-0.022792022436373016,-0.012186853443740153,-0.023222676371457807,-0.013174839784025671,-0.018585463370793143,-0.011391438132465903
2024-08-20,-0.021153793926186326,0.0072127455306034705,-0.01233802278954188,-0.02266053717810701,-0.007469301105374693,0.007051042504219174,0.0030388645931178626,0.013590384073819184,0.011182552363883547,0.021150823081975023,0.029593227007944867,0.017547418799901626,0.02136723100405047,0.04391934065351544,0.018469244967849408
2024-08-21,0.009823157934183424,0.00901536903538891,0.012259660374611014,0.014357822507805151,0.018819098507183885,-0.014937665581381654,-0.023525647777852376,-0.01565099743688636,-0.019953020547682776,-0.005088682748006335,-0.010399194418739821,-0.010939262235850844,-0.0051378740551205615,-0.03315598344702364,-0.003105822307168271
2024-08-22,-0.037042794669866375,-0.03871744949544764,-0.02996223018656785,-0.04082018171437429,-0.03804530057250188,-0.0010428535820589113,0.014558550377154145,-0.010186687760231905,0.005260863456831855,-0.005397226522893761,0.013388390978529952,0.029126394305600378,-0.004558941536206285,-0.012311604260991205,-0.03726169914661226
2024-08-23,0.045498433130795046,0.02162161400976137,0.0266272610262821,0.012337652341919192,-0.0004957089088040156,-0.012694104265838946,-0.014635211428622119,-0.007315468575863626,-0.01061339641664949,-0.03240310180637518,-0.04121662072582122,0.010931763297449715,-0.012018632291612374,-0.033565002983127035,-0.028310646270214956
2024-08-26,-0.02249351404227573,-0.0321976408048662,-0.02311229210073895,-0.03177577391804143,-0.026398250850910854,0.009896478288491384,0.0005979867884449153,-0.007924590041489044,0.011992573482634272,-0.009430434413009503,-0.01016223391115223,0.02768096964374811,-0.009006579349761124,-0.020353254475518612,-0.008785616720881184
2024-08-27,0.014550198844700546,0.00340018993371638,0.026196009125477593,-0.0023442090247786096,0.007437901886492737,-0.010120040416893072,-0.0058216744397467934,-0.00845849343641758,-0.01729533774333003,-0.012801967104793532,-0.0191048472432217,-0.006034685385174932,-0.006014571914631395,-0.02763961312042118,-0.004674661762159693
2024-08-28,-0.020966571421015434,-0.027508301592348405,-0.011958536076050796,-0.014711125346388298,-0.001966498416771989,0.027035321474682572,-0.004697336010372921,0.03773266667421127,0.018449106958697836,0.003374371069698512,0.045710559637009984,0.002668854941520138,0.00812832882713077,0.024787678645920908,0.06712362685180784
2024-08-29,-0.06384843628616965,-0.005944213675590615,-0.013732986185106655,0.0004665390127291946,-0.00047293142745530314,-0.030592865138864278,0.03228669784348348,-0.009004787186872809,-0.013133952450756214,-0.02067910363575587,-0.00020274721130142392,-0.003634743694640785,-0.03889882520907462,-0.06085573580378956,-0.10146059693796683
2024-08-30,0.01513739005205239,0.02110105127168982,0.03427925674931731,0.022178476331758734,0.018204152259764683,0.004988356963600005,-0.004107668924513086,0.013830824683775722,0.01757537113317209,-0.00024847164641983444,0.03438331767427982,-0.00655743272789,0.00692410298625834,0.026496702997847343,0.032619472843760544
2024-09-02,0.0,0.0,0.0,0.0,0.0,-9.401859188507e-05,-0.016357617171420258,-0.0075563072038359325,-0.0032854764645728896,-0.020925897236618973,0.012916331293286731,-0.013576611046416609,-0.0014261502491691447,-0.0010457591703049163,-0.029767475807044752
2024-09-03,-0.09525016132832109,-0.07821752361435275,-0.06879622256280082,-0.07041463808126014,-0.06469947957086986,-0.006420387467942046,-0.00205430785527827,-0.007788244244755216,0.003068719877152404,-0.017176804147190916,-0.02478498169131027,-0.006533057035637668,-0.02624418394702044,-0.03346012794984543,-0.025841694442804264
2024-09-04,-0.016574087976903185,0.028698646164131647,0.012803105277563454,-0.005398869604550716,-0.04011180502536116,-0.05573397381089917,-0.07112673134474423,-0.05428616197660163,-0.06017408382197287,-0.0768909852686468,-0.06868495872980618,-0.07627045288609702,-0.03654292921956048,-0.0821763895748866,-0.07196592602542318
2024-09-05,0.009415430677634173,-0.010151151596134111,-0.004742265479610763,-0.011733747930798288,-0.01956901994204252,0.01544877372827047,-0.021230688377309348,0.0008136747496347851,-0.016706047824340042,-0.010982278354481956,-0.015462261435469471,0.006157564728846765,-0.007324291923860082,0.03698771110345089,-0.004902771628271352
2024-09-06,-0.040854417889891304,-0.036503128576962585,-0.03365894834547334,-0.03045942080462949,-0.05380848097629132,0.016084923097296366,0.02985571774449891,-0.015539278594537853,0.010604985798389421,-0.01942402554408451,-0.014255976367734347,-0.009464184066340309,-0.002782918844294602,-0.020130926868311305,-0.03435749429740276
2024-09-09,0.035398228115490316,0.02828423982385897,0.01630948537534782,0.01602277168321331,-0.0039454659250949264,-0.021275116609627664,-0.035504051038050655,0.002941249436545723,-0.008286497753503652,-0.016506429799174716,-0.0001514717712021163,-0.0159238556556367,-0.023966324809116424,9.952200828733382e-05,0.007633889445382236
2024-09-10,0.01530934686680352,0.033948625759046,0.005660053319428648,0.0028162247620888703,0.0020806449106525182,0.0029904300618426305,0.020009482015076907,0.01500358834731319,-0.002556992343992759,0.030351909039555425,0.00695201625675268,-0.010860793842231264,-0.021818463317488712,-0.012138784706865913,-0.014872464471530344
2024-09-11,0.08149867728879312,0.04914592867851231,0.030183124127697525,0.0443133429274849,0.0648938939619299,-0.004868086085928258,-0.019226380569615342,-0.018828903258578444,-0.0026617630087542032,0.004369060281594894,-0.016577726237679946,-0.005833310828047722,-0.021148091380427614,0.009374840095170534,-0.002576600303267118
2024-09-12,0.01916172737405697,0.006072358590705429,-0.009486017822198045,-0.014682139610461276,3.7412640902623195e-05,0.04960215175851368,0.04219345022283072,0.04038244871511942,0.022709683820471893,0.04555949657591296,0.089239740902046,0.04480504833003174,0.024745038982728396,0.07712685542686559,0.05623019315008748
2024-09-13,-0.0003358228004953778,0.010214188780878652,0.016668607816943348,0.02871016222503231,0.020233130124972076,0.013253736248390657,-0.020359846235870838,0.002354469681673299,0.005763809979490775,0.02502489913768735,0.020841127660547798,-0.002602935254193528,-0.026119543609390283,-0.03302477846318164,-0.016173550400260583
2024-09-16,-0.01947938961858864,-0.0015100501032480063,-0.006677409883110608,-0.004722133320624655,-0.016316247030868092,-0.00046964085971035185,0.003972625751747394,0.04712696600050337,0.0017032609587890324,0.005035866663819943,0.005035866663819943,0.005035866663819943,0.004648277632535169,0.004648277632534947,0.004648277632535169
2024-09-17,-0.010190078878690834,-0.008285076878389752,0.012544301578180095,0.005384363772599654,0.0032999494862375744,0.0023537913424225287,0.0023537913424225287,0.0023537913424225287,0.0023537913424225287,-0.052364744264300045,-0.05631371927157236,-0.011917183433443612,0.007884122271495597,0.007884122271495597,0.007884122271495597
2024-09-18,-0.019205821441112936,-0.016775055796457772,-0.002371070294426403,-0.012991089996333471,-0.022154798039512258,-0.0087158810050888,-0.02446595034708421,-0.01211210335730073,-0.011051128818061806,-0.007521496147167239,0.00933616984424912,-0.012670220416624356,-0.002887581507925896,-0.002887581507925785,-0.002887581507925896
2024-09-19,0.0396930532573494,0.05698302373462605,0.03339275646461859,0.0567852008718035,0.05117774936282693,0.025343828701199556,0.018693611416304767,0.0017553313950295912,0.017146364958903204,0.019714693088862312,0.009914734267219671,0.019055751107481367,-0.019689877712610104,-0.0609497497734629,-0.03267592996599922
2024-09-20,-0.015864984362757628,-0.005040248291661165,-0.028748681477714033,-0.023130521819766825,-0.039702383669718344,0.01389257722903281,0.00481222279103144,0.016799280722345378,0.003590528016157446,0.0521234104678705,0.011660036774653104,0.01842196174168964,-0.005608257359575597,0.023998420550525035,0.03841797131903246
2024-09-23,0.002241474679148814,0.005129868979884211,-0.017523215383751234,0.009783443683204496,0.010335919125039172,-0.0028259802738941353,0.010746294878454687,0.009160863792856633,-0.0069086457586342576,-0.007958085270103665,-0.007958085270103887,-0.007958085270103776,-0.009252178339242745,0.02817758383007707,0.00801349023608755
2024-09-24,0.039652419397136596,0.010015995688795742,0.0059652644757122175,0.014120805831916439,0.01306774526049903,0.012007010974502963,0.04549826806418644,0.0017536640738202713,-0.015517960264099573,-0.006755811359913322,0.00573320416973222,0.004942469773356883,0.007979860308629183,0.007654893806053442,0.039764697872489485
2024-09-25,0.021841696866523153,0.023370368728350854,0.007906521475929518,0.0026933737528271884,0.0051351861900921225,0.02572127382836209,0.03263941898452871,0.016974536829407194,0.026127561405857813,-0.002389320268887163,0.04163291909226574,0.0076282834351319995,-0.00933784690038153,0.017670976240385716,0.016121305553215892
2024-09-26,0.004291102015554049,0.033761270685467304,0.026089021053095296,0.062338454138948896,0.04187341325316862,0.004783613973110334,0.03143100262294807,0.019991824856726126,-0.01154113325919981,0.06724380988923984,0.04138885302852713,0.01594609929539703,0.032276856867033965,0.08604539500226083,0.06314175887599727
2024-09-27,-0.021283442924162288,-0.01874738364479067,-0.014653006723362338,-0.02237496616234269,-0.012786825459676132,-0.0021576682922623824,0.0048351513549727,-0.0090044087818687,0.011712632581060589,0.07474290522735783,0.04482930342003533,0.053249669774785735,0.014365016122440899,0.034573464396082665,0.0058794287370627085
2024-09-30,0.00032950814347754154,-0.00164286134733016,-0.0004702094825144165,-0.014005356260550883,-0.00985089688484797,-0.04648555058382542,-0.07085675359616483,-0.05377336385557241,-0.016609945252367808,-0.0647446263640793,-0.049902065652958516,-0.04256880190121237,-0.039129438524745375,-0.04715217696696483,-0.03866495419549831
2024-10-01,-0.036561342480511794,-0.026389576930362812,-0.025110378874625527,-0.024003984964561353,-0.013081308751212495,0.01551320647528387,0.029624050679898373,0.003152404844378509,-0.005651926853061373,0.023014101194202885,0.015510469304921504,0.022639579521786413,-0.004584330493505262,-0.004584330493505262,-0.004584330493505262
2024-10-02,0.015812038769818626,0.00018778578589584427,0.015321699699043068,0.020030452664749454,0.011965697820420118,-0.00573009292634985,-0.00573009292634985,-0.00573009292634985,-0.005730092926349739,-0.03704045439535952,-0.04864800598066277,-0.03300965416226975,-0.010406873968575647,-0.03845272326033278,-0.010845092037764403
2024-10-03,0.033655865225834525,0.01921396512500495,0.0035646814110104064,-0.007755529594979604,0.00026416539449725107,-0.0015717698974436756,-0.0015717698974435645,-0.0015717698974435645,-0.0015717698974437866,0.007171079870011532,0.026801414796194356,-0.003594697237821909,0.0006117206600424474,0.0006117206600424474,0.0006117206600424474
2024-10-04,0.016849832251814023,0.04943191581983597,-0.00011853506785897139,0.011924637982525077,0.0007088961063279609,-0.0013228963301403773,0.00998875234637775,-0.009712989213254142,-0.011923225633199586,-0.017451497637439473,0.01409276239870283,-0.005554418393646565,-0.019109107465692388,0.02155952761751223,-0.012376632277362964
2024-10-07,0.022414342575867163,0.000409639126500716,-0.011604589539146892,-0.009110268406917199,-0.01890759272401088,0.018417122457443647,0.006141584672200606,0.0162696345917841,-0.0187570907457717,-0.0018246711227103418,0.01739688907026804,0.006189945701719823,-0.001977907026429526,0.05298235489391656,0.02286527710702635
2024-10-08,0.04047905042831634,0.010703642849556827,-0.0035941493090677623,0.0037475638513535525,0.008577643539174007,0.011801858959842093,-0.013342846390127727,-0.0061979544236501205,-0.005622640023652314,-0.0028914354918769813,0.02955509142331425,-0.00951600119453988,-0.008890658370382942,-0.034800285419760546,-0.02815136986398825
2024-10-09,-0.0018059934740890515,-0.010300918679750914,0.023325818552566213,0.02080824626804678,0.026253971560039613,0.008387889423717043,0.014803697846051733,0.0050278505117544725,-0.0060317626927791634,0.012087012260479035,0.036408317827919534,0.01196533038987524,0.0007902248377593679,0.00079022483775959,0.00079022483775959
2024-10-10,0.01628357930903146,-0.03999538899427524,-0.009987087708196118,-0.005364158458701418,-0.014103408288867247,-0.0017842756946234717,-0.0017842756946234717,-0.0017842756946235827,-0.0017842756946235827,-0.01653968484097912,-0.019843771545490885,0.003661126112012747,-0.024460965098820453,0.04754105274325093,0.02941387595498801
2024-10-11,-7.414020320539727e-05,0.02259719137150662,0.008663636471309522,0.005393087836437882,0.008057869573185439,0.02552831423218338,0.04521473582826485,0.007493983848919639,0.01583199903133492,0.0071944292197716475,0.037664247285214225,-0.007785282263685134,0.0017786139008506563,-0.00870937228248747,-0.015764782180634485
2024-10-14,0.024258228387123548,-0.015605426926632249,0.047417324795366866,0.043060684039142094,0.0375643046399603,0.002038541857248166,-0.005669589020692145,0.021432776114258978,-0.00021331147561043373,-0.004218763873983455,-0.0042187638739835664,-0.004218763873983455,0.0010457634448866049,0.001045763444886827,0.0010457634448863828
2024-10-15,-0.0468603477359969,-0.05221761154301929,-0.02218603548712228,-0.10692411228540666,-0.16261022639464962,0.02322271276266763,0.007062547919033824,0.06572604385055314,0.0015665627956336081,0.04254104648209722,0.031405944570346955,-0.002244929105811866,0.021892285850867,0.030265564525511657,0.016093830406308518
2024-10-16,0.03130686349208345,-0.0032558382841110234,-0.014992250141448338,-0.033661353838141506,-0.06422244489096984,-0.023941184549894023,-0.019810141676595783,-0.021349884676569175,-0.005082372656512235,-0.08841627411116804,0.0025844028825328103,-0.013048262997686133,-0.028819062025056796,-0.026013983569701082,-0.03367205289155861
2024-10-17,0.008915544538367515,0.0007685589792785219,-0.0022157732273514474,-0.00731350536159292,0.02498830976683286,-0.008459890555482685,0.0011203707693627774,0.00415404353286597,-0.00904903281471603,-0.035172171114237094,-0.009255898932836404,-0.016760134373363655,0.0026112337947719055,0.03790922563378607,0.06911731374934194
2024-10-18,0.007814086069569237,-0.0017919921875000355,-0.0010522048204405499,0.017026866359859838,0.032343806216178494,0.050499321088362636,0.02566783321544741,-0.01002060167001595,-0.017335579846124216,-0.004761509078126003,-0.007725107758829508,0.0017087748805229008,-0.012609513902874347,-0.048468213645027736,-0.10786696850585786
2024-10-21,0.04137695188562218,0.012374127464743978,-0.011174757853832595,-0.010195375775092441,-0.012665007317281707,0.0008114654737869653,0.019984006798280163,-0.011430871572352785,0.007793902447454482,0.012735261469554837,0.030163538432701698,-0.0028740536105557046,-0.0026211256378273484,0.01999477279682993,-0.025171651943922013
2024-10-22,-0.0008351158283215199,-0.02412918116444951,0.024673098457043352,-0.0079149895682189,0.009536586089823551,-0.00949481184088763,-0.0153141267277217,0.015194731711261955,0.014726595766540118,-0.0372434295664138,-0.0335065489426416,-0.017886727053031515,-0.027355349069038915,-0.021591810341701767,-0.031897683135062804
2024-10-23,-0.028066017478545646,-0.007657814938185514,-0.03799511051199678,-0.0016394288867149776,-0.01704795603263043,-0.0128139741594393,-0.0064865497588179055,-0.014105784555813794,-0.018206783087734824,-0.013062177929458962,-0.01466814623462942,-0.014564460985705407,0.02416662331628383,0.043564921949075464,0.02723103731434562
2024-10-24,0.006090604017658929,0.003466083098578876,0.00900356696846849,0.005747126923927537,0.0030905888176941954,0.0003124084810619543,-0.02277185053689823,-0.015172272751489357,-0.0020085857968140663,0.0004031317243284871,0.012199717124477427,-0.012892543386727962,-0.0427948286407106,0.01070314632834668,-0.0330110496602396
2024-10-25,0.00804784385484969,0.018182959083295147,0.012908904237710184,0.015074819965261943,0.001251923050765047,0.0053516930651187344,0.03608703742381225,0.01951137559837557,0.000631592519001023,0.015020082863831163,-0.02262516516883417,0.001280992945313919,-0.011635496165472214,0.014878872348789818,-0.0033352173110512418
2024-10-28,-0.007206396721738395,0.023619039507890127,0.011452421685871572,-0.006326355627767288,-0.0042853358418282195,-0.016544453255494362,0.012676142178640992,-0.008652410069642014,-0.002495023100214988,0.019708992220332844,0.038168052014082576,-0.03641437336042619,0.030862201943213652,-0.03284446506773542,-0.03149732807848127
2024-10-29,0.005194919884734306,0.039582303048599554,0.021948650779123557,0.025790395922600684,0.011500532845077904,-0.007976746772877519,-0.024696228267674925,-0.01399036783850749,-0.022894938363610784,0.0037490419828558608,0.014262859697792285,0.0038739197271759895,0.03004124948894349,-0.025083965799640895,-0.026374122226869856
2024-10-30,-0.013522072664613694,-0.10616537682095861,-0.04761354443545596,-0.02535229187758481,-0.043781534250303955,-0.00928110472859578,-0.007357477152450276,-0.009129368471706978,0.011068256671357135,0.00042193461074169214,0.033655018255691616,0.00951090264646548,-0.009256789640605279,0.02380133963666964,0.03904703048755942
2024-10-31,-0.04722260609769735,-0.030484512740472258,-0.028934425206994407,-0.020075569312584363,-0.016495539851976382,0.004314975687297551,0.004314975687297773,0.004314975687297551,0.004314975687297551,-0.024960741137961207,0.06482612112852681,0.01366729756808338,0.005041803780148291,-0.041420466113279986,-0.04145736364289687
2024-11-01,0.019885377966535334,-0.015339811213403554,0.015359100816367377,0.009912985898949733,0.003241354740096236,-0.004770219780354523,8.470373805091747e-05,-0.019025236820775726,-0.014067427009551658,-0.03136385161107169,-0.03635444847706015,-0.023650633672730348,-0.01115721068474651,-0.01799012877759354,0.012839296693633706
2024-11-04,0.004800710631136518,-0.008106540896211323,-0.000544708928654436,-0.008506891634459168,-0.005290930618738421,0.012727313783991612,0.0019891881524005672,-0.011601492052952245,0.002896124116662735,-0.0020159753016975035,-0.0020159753016973925,-0.0020159753016975035,0.0021820613121319443,0.05981610376454016,0.025385110938376254
2024-11-05,0.02837199934443646,0.006751452653783074,0.004419505050725858,0.02562950973040512,0.007896890275844726,0.009956913764596953,-0.0035239199822079126,-0.016060545883887056,-0.004425050191770752,0.019864682303368575,0.01768351599820117,0.024293633843573748,-0.01410767463358198,0.0005768089075721683,0.0036690554199687586
2024-11-06,0.04074042599115346,0.02428351230041903,0.04267371658899766,0.005577233586175456,-0.022218748685997824,0.012369380220292214,0.01447954928618489,0.016189711678673113,-0.03556655221740568,0.028795803141549836,0.08758882774587784,0.0332067467266175,-0.008918953248410522,0.00967728339051499,-0.02876720360719698
2024-11-07,0.022457206850262645,0.03252929718924924,-0.00046243562186465414,0.03503619518776113,0.023857531091103112,-0.011201281384254691,-0.01584366613770294,0.010055173960963115,-0.006051177773262251,-0.03563567942046886,-0.004217535866254063,-0.01518194494659797,-0.015573687718024809,-0.015573687718024698,-0.015573687718024698
2024-11-08,-0.008396105926454123,-0.012481713286328633,-0.011566605642730599,-0.010613627757292354,-0.011429248148441373,0.0330781652493668,-0.009953138504102843,0.006148544388370647,0.06035025373219716,0.015963249471709462,-0.0058637693695111626,0.008297981946090438,0.014861673879341009,0.044692054412469595,0.03225697028108909
2024-11-11,-0.01605364811643084,-0.004055362332561985,-0.015329773888268172,-0.018069975226646884,0.0027484534696073926,-0.010794038677193973,0.005410177533904603,0.006546067035944514,0.022890125691955143,0.002235893166499636,0.021138427852464448,-0.015877957872103665,-0.05243580886869481,-0.0566719294468353,-0.0815704533459527
2024-11-12,0.020859015243389623,-0.02524602013310928,-0.028997697609316475,-0.010341616903947304,-0.003172916536369308,-0.03643700572284592,-0.0273841223918615,-0.03592718727314459,-0.01906067499591313,-0.03180711677676207,-0.03518984938020142,-0.008055899687529733,-0.03866861954754941,-0.03761389326105391,-0.040892181109030146
2024-11-13,-0.013621733928190438,-0.030146916966183546,-0.01829739514889761,-0.020470571442560703,0.0063211239639975325,-0.015501949125799164,-0.009129342561227993,0.028237937596954144,0.016085695260410482,0.0011828192253862113,-0.021575065915991565,-0.027745361197800356,-0.049423190949919205,-0.019876912466213814,-0.03489998503995617
2024-11-14,0.0033499125900795512,-0.003302273537612699,0.022129222628860967,0.01756127217684389,0.02903135879287455,0.00020975655174360064,-0.015729930007642223,-0.0189025735565157,-0.036161525666068006,-0.03966703512118497,-0.03277236876847345,-0.004274796103139078,-0.008441465495992229,-0.04895579242027315,-0.006778662611361508
2024-11-15,-0.032570250018275404,-0.02837800738497276,-0.021162247958584235,-0.0920431307538041,-0.049540984452070225,-0.0039708388553892915,0.024256763631449685,0.002496931518801482,0.0042510996235434195,0.00644801126686656,-0.004679340956941225,-0.00013505511294220618,0.07074377686417321,0.02871215139722083,0.006082271699910047
2024-11-18,-0.012889164636947559,0.029873973029155954,0.024922088248136465,0.010954646724518291,0.010020644960198055,-0.007361612537018392,-0.02135407382352572,-0.020310339644592945,0.0046673955511225,-0.004440904468718698,0.007677592147092627,0.0006347099278711799,0.0647383123197458,-0.03199792404979751,-0.008879101200993889
2024-11-19,0.04894760831968448,0.0033110684381931765,0.0012766159056885051,-0.00831730403789488,-0.004614879099704483,0.015244223193243034,0.0369131135027192,0.02041491159235842,0.0029362252372564512,0.0028110380673838087,0.03734816036197719,0.01150731067733024,-0.003588747005100257,-0.002938519212359436,0.005980497117365591
2024-11-20,-0.0076185498163298115,-0.012841619154679074,-0.0633841401927322,0.00696950702333532,-0.0056330441793635,-0.010862179148067752,-0.004196965364659855,0.006861212032290398,-0.009238680371556618,-0.006558136016565963,0.010360433014106052,-0.012599937081394619,-0.01963879857297013,-0.0019107244241894916,0.009206556740959826
2024-11-21,0.005346669278545324,-0.0007994230048856688,0.007713767692187901,0.03327644710179967,0.020852485496477113,-0.019064481622233842,-0.01230406273767004,-0.014130175961017843,-0.006844144424619003,-0.007815329389029624,-0.020005216758187117,-0.007969990695754325,0.015907176392656375,-0.014416466001674566,-0.01609860197320745
2024-11-22,-0.032181153402513485,0.006255004552998766,0.008555084552762438,-0.004950220879135214,0.0010712658084151006,0.028632384255494303,0.034496248435789356,0.018483919917059888,-0.005762938207231727,0.02871374869377319,0.013636129392844198,0.016520709950429646,-0.008496879316006622,0.0453200828374003,0.03199518814479707
2024-11-25,-0.04177536050106789,0.02009395487280896,0.012947359562067051,-0.0018869806463228667,0.017224465843157066,-0.011537352185971184,-0.024796837743647604,-0.005129346232171872,0.030063726227548715,0.04026098216423657,-0.022302173195097863,0.019948684513827253,0.031048227924445282,-0.0010927473487886141,0.006779705105486089
2024-11-26,0.006616856355050604,-0.02416214514369841,-0.01190025335328293,-0.0077342614683130195,-0.018262238085373972,-0.012244809302953796,0.007314727855359582,0.0008576359108110054,-0.00195856274071049,-0.022435320432011463,-0.044548958076650824,-0.018667514235686467,0.012644317413918582,0.006264791887520049,-0.036107836832360074
2024-11-27,-0.011539769606429884,-0.010746410938286988,-0.0033773409874821025,-0.010854383277245527,-0.002217488937170553,-0.012131471871415944,-0.025637410621391354,-0.03121959943810626,-0.021952733350405707,-0.009316286897558812,-0.02851441895361806,-0.011017833583583436,-0.034104485127109285,-0.04949190201500586,-0.050608181798624474
2024-11-28,0.0,0.0,0.0,0.0,0.0,0.004696244499088342,0.0036964833313291035,-0.023551024695140588,-0.021622915552622968,0.07924652984467695,-0.024128656904852663,0.012330506011146714,-0.009381674986759792,-0.03809287174031095,0.00883309007344013
2024-11-29,0.021501492128777944,0.006899494603032297,0.013618852419166716,0.01978749576145855,0.024057494736999363,-0.011379927961902014,-0.002446647678273406,0.02809065817410028,-0.009692830196698088,-0.017060586414013756,0.004729657634608975,0.000891452886535582,-0.026808957075668993,-0.01088950379073017,-0.03327198458108871
2024-12-02,0.0027486627835702215,0.035573736283440294,0.02838578989815055,0.048995422588581805,0.03620683630631394,0.04092814789295329,0.04560413712236455,0.02154046677783139,0.028579839151896547,0.022789936275010803,0.03066550857433059,0.007059888124322011,-0.01570435806074255,-0.011533188309496567,-0.03537270533473624
2024-12-03,0.011757913774784523,-0.0005631552332083789,-0.002760091712855295,-0.0006001423852350918,0.009262432308431823,0.014554202677603767,-0.0008801829111877435,-0.001457960525857227,-0.0034970798460616237,0.04544414485363979,0.04177941306646926,0.014901583458289736,-0.0008565466089955898,0.03752368355632618,0.03507392139799648
2024-12-04,0.034792556205836656,0.014156992718060257,0.004674625979742775,-0.010919551185965548,0.002590284727231662,0.018201179332250295,0.007744620742534458,0.023358177313704154,0.00988186601087282,-0.0007261879538053018,0.006492756985407411,-0.00804742157350502,-0.0167740956025213,0.011142036173611647,-0.01811654082224512
2024-12-05,-0.00048236000714330096,-0.018265190516555396,-0.012923932268982141,-0.05039736085462132,-0.011695651774334515,0.009367710114676742,0.008478673177672702,0.0014937533540277936,0.010596916109312016,-0.00893213106555757,0.02726367401055385,-0.015560483636994027,0.011923055506500857,0.03039687540490532,0.004667693987137289
2024-12-06,-0.018061359129204924,-0.019595389505523864,-0.005486738253778101,0.005754905801462984,-0.00354190062793891,-0.009602622483823375,-0.015392939756266655,0.012391367002943632,-0.007335086350805153,-0.023493880062664618,-0.03016931967531067,-0.0023239066815846643,0.015227795909367403,-0.026645799308239737,-0.020722173611914307
2024-12-09,-0.025484635385710663,-0.055703885018376864,0.007711107282325047,-0.00670449647384852,-0.003469716274838386,0.007357578540328591,0.013281687986694601,0.0011153433259141199,-0.010261015686510278,-0.006762827730573573,-0.045954531056064396,0.004641535176262757,-0.029731712833888757,-0.006424094757681242,-0.0469237888805103
2024-12-10,-0.02694318315051991,-0.023916843968819657,-0.026626719757102957,-0.021470969430865017,-0.0017690361522969544,-0.008775837841748402,0.019409315105896274,-0.011975279438311892,-0.01614408952760804,0.025930490234689074,9.986630563774135e-05,-0.007304283043421345,0.009549040498898043,0.007197764290469699,0.01114901854240613
2024-12-11,0.031391101023708456,0.018866416729433677,0.02153897319130471,0.017601185502582162,0.012987797505879195,-0.02339509571498588,-0.004704243612917214,-0.017302919022819996,-0.02157373831434939,-0.007493554025377547,-0.007686952766041255,-0.0138224936810466,-0.005125684881770676,0.0030482445901871547,0.13359626657225498
2024-12-12,-0.014141081733023753,0.003457642936112393,-0.009947883447199546,-0.011979230475259062,-0.0018615328703619483,0.01944209051635215,0.023417929375811886,0.007587488977145229,0.0011696863699892646,0.003029264299256429,0.047954594694813446,-0.010544260298674835,0.038661871241293166,0.02847180528037918,0.039325652937392874
2024-12-13,-0.022498990797227947,-0.02825422870563643,0.0018325832343033532,0.0015968955385794459,0.007684602985446931,0.005329960490380703,0.022362255747256476,0.01016992168327091,-0.025267909825688828,-0.033237708190281046,0.055721869826778736,-0.03077509987110838,0.004484474420429985,-0.00250684012503255,-0.008651780623313399
2024-12-16,-0.016759879554977708,-0.0017335215062231901,-0.004037091580338492,0.0003544316731456387,0.005288256216121168,0.017766894788080467,-0.018706750851818832,0.011611880920310513,-0.027516075295039633,-0.0141867821764321,0.013226053055505949,-0.016975155586108848,-0.013465794569663903,0.016958932008137584,0.005000297115854702
2024-12-17,-0.01219690084916969,-0.01318182781717303,0.00018993244273679544,0.00548960132128351,0.01773303768854717,-0.00673189556334608,0.03146127290347667,-0.01310754759954913,0.006413758284111282,0.003680632572069964,-0.09725785782025853,-0.006595321965741752,-0.02306861128971538,0.028435637113952916,0.03684687437085121
2024-12-18,-0.011350490096976307,-0.028875324571185246,-0.030838353080527292,-0.028707274702731156,-0.021354952801822535,0.00890410798604746,-0.003902053246848558,0.018585244372626875,0.0034848633087132264,0.0010321821236574102,0.014464266160413297,0.005086018565288564,0.009339846133700869,-0.006237536682125677,-0.0012309930716308815
2024-12-19,0.013730304267117965,-0.020838533336450138,-0.017314689047278176,-0.024236927762940064,-0.012828566028956767,-0.02131544934925622,-0.007595424044475441,-0.007595424044475552,-0.025499628221953063,-0.021102496319477693,-0.015052358027387691,-0.022008576127211854,-0.04283536420878731,-0.05622951371000173,-0.0331650733792902
2024-12-20,0.030762309782726316,0.0027759239458191587,0.016555965956597918,0.013317529943579709,-0.006448450138906825,-0.031287412791559444,-0.01968681628450908,-0.020300075592515676,-0.03007140185812318,-0.02512237048499466,-0.02799164428729861,-0.03206097681152653,0.007872592380680166,-0.027731645036779495,-0.05088357621495576
2024-12-23,0.03689667542265984,0.04521432288435023,0.034992557768383836,0.023656753201359182,0.02176630336920038,0.043926331193079315,0.014823887809745973,0.019485072405555526,-0.029393819772586816,0.02028057971710573,0.05283751772960521,0.019452055988086414,0.0038679236448320164,0.000978243994787853,0.08047540513246698
2024-12-24,0.00393795855274548,0.013563422649296886,0.007077782612129102,0.005433956275925134,-0.0018445534305185918,0.0002453207724106843,-0.0033016683283280113,0.025173541383377573,0.07288889160280942,-0.002544365558511563,-0.01121434863787285,0.007854270420856846,0.01873946764022416,-0.004612741920095753,-0.02122612440038807
2024-12-25,0.0,0.0,0.0,0.0,0.0,0.004444958970872381,0.0033742155089584447,0.005893989683918521,0.002419747668636507,0.0029082046030846076,0.005967288254124403,0.00326770494417028,-0.007375770561370287,-0.007375770561370398,-0.007375770561370287
2024-12-26,-0.00206816813835331,-0.009739514989443365,-0.005208335908494677,-0.00487007534930517,-0.005349458919722716,-0.002870945093291666,0.004200931807972541,-0.005883394502872008,-0.009345796823970964,0.00531887518262697,0.012075051832363792,0.008500193415658552,-0.01753807106512728,0.006593803768505824,-0.0287738901626583
2024-12-27,-0.02086760667728471,0.0010395401035538931,-0.00813730465265039,-0.004297212326199729,-0.003170930334202793,0.0041904744121432635,0.006623664275094532,-0.00041561039643867037,-0.0056422186146913855,0.019091401440468392,0.03465314001753317,0.01360021881667639,0.002247318258612019,0.01930764990698841,0.0020365947977034615
2024-12-30,0.0035033532254495903,-0.021966610323273295,-0.016916841115306114,-0.01912122897883084,-0.024439760582319336,-0.002651690571918164,-0.009626103098082317,-0.011718513398310093,-0.01575742554602999,-0.008783751856436983,-0.02712864192658171,-0.006979465614712743,-0.013219189221622574,-0.007369732251133354,-0.012325224280288927
2024-12-31,-0.02327437289279466,-0.013476000432689594,-0.006210429157781361,-0.006172137810705247,-0.004409994376588733,-0.01230118335405439,-0.0020458020114768605,-0.00770744873009066,0.01748280328387808,0.00559257306763139,0.00559257306763139,0.00559257306763139,0.0036868413480266593,0.0036868413480268813,0.0036868413480266593
2025-01-02,0.029935350576214326,-0.0013246432725939616,0.00013027797627218618,0.007624647583656774,0.010590310583565854,-0.010540655432599189,-0.02719164149201958,-0.010497581705084191,-0.0025589151842564384,-0.004590436474581905,-0.004590436474582016,-0.004590436474582016,-0.0004163098814152777,-0.019621658267207076,0.05136550579881338
2025-01-03,0.044537551347858084,0.039293754464789776,0.027271526297953486,0.03777376095977236,0.019902280719797938,0.00727683746347374,0.008994675246430717,0.001015554069045077,0.004454685550734583,0.0022686203150315,0.0022686203150315,0.0022686203150315,0.02002097015912563,0.0638500851142696,0.07254367497692349
2025-01-06,0.03433240961951434,0.033341311426985154,0.01279870569187258,0.04363167478925534,0.07580224162398941,0.04516019298105056,0.04260802274051434,0.029724536997251194,0.0026150544357228522,0.006474777174563462,0.010542556805437142,-0.01622738215389019,0.03186479123610608,0.10299262739782522,0.07090584899733754
2025-01-07,-0.062169630329582226,-0.017136249852623964,0.004191357616971203,0.0019159211050343572,-0.014222297890527869,0.009860057544418543,0.0512516577369837,0.05990071126238816,0.015837192669731603,0.11063176871828073,0.045454875504356895,0.003508964567374484,-0.004815753613587215,-0.019958061555993223,0.02233174191908649
2025-01-08,-0.00021394647499739516,-0.04311635446647022,-0.008970822028056213,-0.004667649165024046,-0.01795188442467399,-0.021786266918228048,-0.013082095597793497,-0.019661525293997117,-0.00865513944153895,0.013069969336429565,0.031065862051077975,-0.010914104663699131,0.039688600080049596,0.003667493789984766,0.1490994289739036
2025-01-09,0.0,0.0,0.0,0.0,0.0,-0.010445633025359946,-0.02623456071660757,-0.03782686797595658,-0.04849469273697726,-0.018063955144029586,-0.019677964408662763,-0.002030296727378089,-0.025031897956171778,0.04850365488239183,-0.0067568354665555885
2025-01-10,-0.029976367052783504,-0.04760337817376936,-0.013201065452372984,-0.030171236846736393,-0.006680292770629315,0.0027199367915924366,0.020128275470116197,0.017821109543188385,-0.02069519000371267,0.000540828159091955,0.05220352210573065,0.002261631726572233,-0.012404254341932375,-0.0054478270335188705,-0.020670347669461853
2025-01-13,-0.0197190915473352,0.01103066846947609,0.0009556693881829226,-0.0046023975167053255,-0.015696696429348345,-0.0305609107674496,-0.05880009656513985,-0.04333876949626814,-0.04847663104007083,0.0010197847125457127,0.0010197847125454906,0.0010197847125457127,-0.03300952541067759,-0.05624675637497023,-0.06409054169713346
2025-01-14,-0.011033751838079309,-0.010484174566426141,0.01527390492786962,0.016329042568794527,0.012207584704102326,0.015235442013107336,0.008467869531620265,-0.00797795500011822,-0.007544225891579437,-0.03398788133977626,-0.08908274709883279,-0.023135657192855374,0.005426959023083988,0.012793299178905926,0.005381482005953897
2025-01-15,0.034001519807602465,0.03333622937947234,0.030589853905132136,0.027238866258440853,-0.013567901485474376,-0.019908218628009067,0.01742843888032164,0.006213606333053123,0.013485478930981065,-0.01830720369286498,-0.03962812381481906,0.0041240471913404075,-0.004767951227603318,0.015331457785243474,-0.011378913431048798
2025-01-16,-0.019597860309961135,-0.012670862409694283,-0.018125396334894295,0.045408499109623746,0.03301667486386517,0.0425064519361118,0.03307217529629081,0.02654402821889512,0.020951157568875223,0.050716942340661264,0.023171462418634547,0.02378170560278292,0.02750991836371508,0.07665392929981985,0.026761176916686003
2025-01-17,0.030995050791199574,0.025498113650921583,0.01938931619626416,0.02986929856887577,0.008063579653778907,0.012124309823506652,-0.021949562350208618,0.004621017250051596,-0.0014309616189843721,0.005975484878573356,0.0017395978766523434,-0.009213407701082144,-0.02200542653981985,0.010113156763607023,0.04463591611151818
2025-01-20,0.0,0.0,0.0,0.0,0.0,-0.0020358961739318504,0.00843224513808094,0.03403507832608765,0.006591989684482158,-0.006264302891288209,0.016930701756270983,0.008578928757096982,-0.008356876344346786,-0.014408457568170885,-0.04178808021755265
2025-01-21,0.02265626248404251,0.0067511913469875395,0.016468095733865873,0.004269668579787833,0.008818926554919448,0.018380923398437554,0.032476202555827616,0.018380923398437554,0.003832701183426712,0.02135342668588147,0.01432979424434988,0.006418375127077436,0.01712202514541472,0.04395353580193451,0.06687411140575694
2025-01-22,0.04430887343960088,0.012021599896777202,0.017755661878852358,0.013687936609683149,0.004862552912811013,0.005057911221127531,-0.008224826439701682,0.0206057882849362,-0.01684900215916274,0.013402904947430905,0.03664271046697998,0.0026182798155918174,0.021886727376549953,0.04147007311174056,0.11761821489900681
2025-01-23,0.001019845476005976,-0.005737366339172989,0.0242013023167984,-0.024602389947355197,-0.026698621966023572,9.202762139959297e-05,9.202762139981502e-05,9.202762139981502e-05,9.202762139981502e-05,-0.006430498082221958,0.019168500599361593,-0.013850151255742071,-0.016944782238015987,-0.0324098366809612,-0.03906929889727573
2025-01-24,-0.031245750648081327,-0.0016255248386581878,-0.012904420560055918,-0.020713124393790472,-0.01874729095269556,-0.001819789317692777,-0.0018197893176929991,-0.001819789317692888,-0.001819789317692888,-0.008949215772040664,0.0018251331327034936,0.007282499606457549,0.0002858661817668473,0.007121448774424666,-0.010381628758116657
2025-01-27,-0.169681712016729,-0.0637414069935539,-0.005403543507150221,-0.06522082282517006,-0.05749407115692573,-0.002838067797108046,-0.002838067797107824,-0.002838067797107824,-0.002838067797107935,-0.04650449108357846,-0.08365788909847127,-0.001047245158194321,0.0044129422935756946,0.0044129422935756946,0.0044129422935756946
2025-01-28,0.0892585743856511,-0.007303747080103173,0.002161524025413142,-0.009852752561359868,-0.00985292247996794,-0.005257362202474303,-0.005257362202474525,-0.005257362202474303,-0.005257362202474414,-0.052272121256586646,-0.10658722101341589,-0.0026152947281253835,0.00684803136746881,0.006848031367468588,0.00684803136746881
2025-01-29,-0.04101099861365198,0.027853204486086636,0.0009325580143495493,0.01405832397562734,0.04287700092097868,0.0012535707905936277,0.0012535707905934057,0.0012535707905934057,0.0012535707905934057,0.01915621668468548,0.039255912214370525,-0.04667830244567728,-0.01755745025071942,-0.01755745025071931,-0.01755745025071931
2025-01-30,0.007679951098945592,0.012867508784531134,0.0012811643691670316,0.0367413748575367,0.03415422920969591,0.004649515591887976,0.004649515591887976,0.004649515591887754,0.004649515591887976,0.02123229105672464,0.03475473247963312,0.004557119827033329,-4.152684482150448e-05,-4.1526844821615505e-05,-4.152684482150448e-05
2025-01-31,-0.03674290905346167,-0.024482615237812366,0.005816248098814425,-0.007539197450199597,0.0031479774245046777,-0.006846037409825367,-0.006846037409825367,-0.006846037409825367,-0.006846037409825367,0.0405153105578564,-0.008269547979563141,0.002236531723844859,-0.023085015468730763,-0.09760462955744909,-0.06027912298921412
2025-02-03,-0.02840003830894633,-0.014489006894288226,-0.015555295338742336,-0.008594311048045422,-0.011159069155600498,-0.05409541556743136,0.027337267721331715,-0.08733367913547752,-0.046508891497107796,-0.025370304755189088,-0.04927059605103812,-0.06143258715994604,-0.036819290396869375,-0.05161334294284514,-0.07332313581346817
2025-02-04,0.017058097176346765,0.04576882393083492,0.016447291992866875,-0.00134236434472923,0.0004787334506033414,0.018431678506030336,-0.011454560349509757,-0.02645445344102293,-0.009413302218000186,0.011239532595119783,0.02912400448177821,-0.00920229470725542,0.03172554286613072,-0.0005097829764595385,-0.000613928995952695
2025-02-05,0.052085903204694306,-0.06267780639137688,0.01629699502838422,0.011816830688128777,0.015285593983289436,0.01663877130505642,0.02645828926679128,0.028370848906037027,0.010650819877347617,0.009163928131048937,-0.0011924646510605985,0.017121784304518606,0.009948817617243089,0.04667043561392714,0.033630668950978215
2025-02-06,0.030841967502987178,-0.016516368528152192,-0.03718867075955257,0.011789394470621328,-0.0046594609907014695,0.00664080909552478,0.0021266758700972943,-0.0009758576402434382,0.009811655845645806,0.029764692432532103,0.020268543169319253,0.032552674779740665,0.025226695064702653,0.028087004436626373,-0.0021074920231458627
2025-02-07,0.009014563814722765,-0.023602088027253054,-0.00803216476999069,-0.015317327154260374,-0.015464088292408196,0.009762295050917302,0.0007866446054125564,0.022542890988741293,-0.009876170970832043,-0.03166607848072944,0.015956587655873156,0.006563974324341748,-0.004355793486945814,-0.0012534375627590855,-0.020056364715632657
2025-02-10,0.028727697886095305,0.027147693051491117,0.02024286635895245,0.020333404488876106,0.022509364810744392,-0.01873227402501698,-0.03045117500429817,0.011174546639996619,-0.007119618795648375,0.0009709448205712512,0.00021179575542262796,0.014326740792275139,0.02933623702042043,-0.02983596929354493,-0.06586368143082655
2025-02-11,-0.005764600074434356,0.005611831085707397,0.003676432721777756,-0.0025045787869335534,0.014100722437649926,0.0033788022634357873,0.01910623026217939,0.004858131884631467,-0.01969553110924016,0.0005732138120699837,0.0005732138120699837,0.0005732138120699837,1.3137447422373327e-05,0.006280163246658921,-0.0007799716931738976
2025-02-12,-0.012500053220851126,0.005580582854161298,-0.009884272701767838,-0.01260915417087105,0.004236462421943976,-0.007132963946192783,-0.014694637636644692,-0.010069811990241817,-0.0012674434563180181,-0.005834736466372559,0.027488713714810098,-0.02756503393561771,0.0034941156497680925,-0.0023171473924907815,-0.009356277554989356
2025-02-13,0.03164535647593825,0.0008055526038961425,0.010922497655981411,0.018685376157100864,0.027533528892016657,-0.010674423383419174,0.021933445891285208,0.028565297206605722,0.05685279497615414,-0.021408864369255376,0.021184300946921475,0.015506872983543252,-0.0009434448405051254,0.0472764783117281,0.010202336582476379
2025-02-14,0.02631393464602727,0.011537438008182743,0.00046483702006705485,-0.08178228210137561,-0.03274171945189652,-0.02035196243028259,-0.0025672935329754676,0.03396142847481953,0.008879665635348255,-0.012606355519566348,-0.006269345670173232,-0.006188589922776044,0.01291733630283498,0.016560945025080098,0.01739842106629541
2025-02-17,0.0,0.0,0.0,0.0,0.0,0.022012083864589638,0.025000387142865454,0.015579716742164074,0.031248443587372998,0.004935459238985418,0.019865364667752905,-0.010414650008705673,0.00428592402141148,0.013850536017202097,0.008283081770878109
2025-02-18,0.0039611041169134165,0.010433247755045505,0.008186498412483756,0.0165485991372325,-0.00975325722288578,0.01255070256003532,-0.0077209085992210325,0.004354257696088215,0.029052094958369468,0.017590885361787878,0.035870502686800254,-0.006512216522350456,0.009945123687809865,-0.015406430902862644,-0.03065694228512439
2025-02-19,-0.00121945684839464,0.0035877114673512622,0.009099439957672484,0.011976663771600338,0.0007793626753431759,-0.00953611269754373,0.002806645378788053,0.024679240243542733,0.0051584479210387,0.0318985816122026,0.006969155601834309,0.006732277897618211,0.032501380769465404,0.0413505745850371,0.088312095598577
2025-02-20,0.0063205125250109795,-0.004533998268302475,-0.008674822321101394,0.013532141565653966,-0.0022957553586886448,-0.009927558495640643,-0.026714731280820136,-0.022542243490285996,0.03547414387435688,-0.026773627745131257,0.0026086712173376547,-0.0021976014391928977,-0.005041714273390396,-0.029681013795667788,0.008481263680136575
2025-02-21,-0.04053964441074476,-0.02916704812526183,-0.047610917151359455,-0.022896399883697738,-0.007912926749917282,0.015529302376430909,0.00829561002003687,0.009988134417588945,0.011054596563716546,0.022369589068380602,0.017410320889744924,0.02481227682278675,0.0023389229805810263,-0.006077203088046268,-0.01285959604072151
2025-02-24,-0.030870994283646036,-0.02463005970531429,-0.026174095921992158,-0.01982786351658239,-0.0016955803089708787,-0.02065217499669636,0.020690485528146674,-0.029988969834282786,0.02550003226136921,0.00014065048140876613,0.00014065048140876613,0.00014065048140854408,-0.017241855405962236,-0.023246946454395734,-0.048934922907249656
2025-02-25,-0.028016733256714277,-0.038386842127920096,0.0007447874416355305,-0.01797472461232119,-0.007840182090224523,-0.016404731193258137,0.005485143626958067,0.00508884614248295,0.0061413448867686515,-0.052328729983185274,-0.06839530201126454,-0.007011843468351042,0.002195753656038857,-0.018089973835592854,-0.003017117372670408
2025-02-26,0.0367212871813456,0.007502874049307051,0.00545849170117485,0.017941228314319213,0.022925592047567056,0.0023298031514049633,0.0040380949597613736,-0.008050072763581495,-0.016575715819811765,-0.04686051727494567,0.01309108359015032,-0.0024804231293410473,-0.01107784374757026,0.01186687579594592,0.001400224585083265
2025-02-27,-0.08478068700982078,-0.04993312807148875,-0.047254807243157004,-0.07044087141531674,-0.06590980398441704,-0.018029135362688353,-0.028015828062256887,-0.024808052777379186,-0.008327238386041436,0.010779671794645118,-0.017492062403650088,0.0011800257527045943,-0.008712218588155962,-0.01576264364845248,-0.007400386424841643
2025-02-28,0.039700371673689006,0.003517219039367969,0.017676789836192697,0.009129291296337438,0.016310734667136506,-0.004601516316032228,-0.004601516316032117,-0.004601516316032228,-0.004601516316032117,-0.051960766659132296,-0.09492138850773779,-0.03739841113494857,-0.042280363171311786,-0.05534885062970729,-0.07495709561584374
2025-03-03,-0.08693563240438495,-0.016322824388697255,-0.022587089877318833,-0.03757836546192528,-0.013002838148933438,-0.019329032163160398,-0.029800231879413053,-0.03226080705248913,-0.029197902274741394,0.006433236901867367,-0.0035630484112549876,0.007148256792619767,-0.006809195193918538,-0.006809195193918649,-0.006809195193918538
2025-03-04,0.01692087174131829,0.025654042114908737,0.005467982084418788,0.004864264752506342,0.01194527950037294,-0.01912800372507406,0.024310582816352788,-0.008578433885043202,0.0073047540606805406,0.012977346377924137,-0.03391339645740965,-0.007947928583872499,0.001282637059595304,-0.02030127202049392,-0.03405670634202285
2025-03-05,0.011294126729997522,0.009131495473402529,0.026091010835886497,0.016026793501880077,0.04452012932548288,0.022926805322102783,0.0028693863877464754,0.015099592965366337,0.08565020531276124,-0.021722308077649077,-0.006245881209471227,-0.0012895724586542423,-0.005709714283896883,0.04124239033520438,0.012396820585165003
2025-03-06,-0.05737425087857684,-0.027736793012804184,-0.010149813679961484,-0.02433707383672512,-0.03367347040912538,-0.014895218708809055,-0.006835300761506513,-0.00019212403118085142,0.02480309827111804,-0.005591371978785564,-0.00238344189541706,0.033023019769327755,0.012398435484656023,0.0031552839385371456,-0.026427973172615693
2025-03-07,0.019173426499780488,0.014769844279308497,0.03319663959410746,0.027319473431413055,0.02431291511131417,-0.001728565423049111,-0.021760825080539004,-0.02277647088380519,-0.01511994102098646,-0.025361521705790757,-0.018204104360142748,-0.03032100239573554,-0.013422136359280024,-0.0023988736281541634,-0.0012560979965917651
2025-03-10,-0.050670045456219004,-0.036686276490298986,-0.03870480444502822,-0.036549178806143834,-0.06707000958989306,-0.006030425321595589,-0.04688524134780958,-0.008298208652649963,-0.015143146363913118,0.02049450660374852,0.040940924868519524,0.015383769112228274,0.00016593851226942569,-0.02322667864411465,0.00016593851226920364
2025-03-11,0.01663860829926289,0.0013453884560459262,-0.012130503721890173,-0.020001352449598664,0.01039368289249798,-0.028226449989895652,-0.008364724073891772,-0.03222339924222284,-0.01751685510225609,-0.0012423094185246564,0.02067402394241835,-0.00975906779257174,-0.009240214793502455,-0.00792003652998563,-0.02215595584288743
2025-03-12,0.06427599970802578,0.041649428382845244,-0.001959504595468231,0.01408261795542698,0.019066803184636605,0.017439661776938786,0.017982373393190976,0.019162558732031654,0.04718401117084681,-0.008199595622522593,-0.052725918754540024,-0.0007367074428656917,0.028496074630465884,0.06349221686557449,0.05429071081885861
2025-03-13,-0.0013824634742628517,-0.026589942264430566,-0.005628377716470068,0.005970842878591842,-0.012482819926157407,-0.0243924910229939,-0.015307827141881392,-0.010562785461972868,-0.03768318798963133,-0.002300313167319157,0.03501718842061585,-0.003840955382522382,-0.0020816349177198434,0.0055953038557907675,0.008214381460406095
2025-03-14,0.05269075080871022,0.029150959051668757,0.03053838931123365,0.03807934663788615,0.027944496551155495,-0.008089359693703724,0.00529710899139979,-0.017726690985991445,-0.01704486575883246,0.00975202948560483,0.055349982199243364,-0.0027332341418534467,-0.0030827745979373766,0.02087909455456116,-0.03813922129524783
2025-03-17,-0.0175885256660947,0.03585218454414796,0.008749526266697227,-0.0012849649397475016,0.02287117007651629,0.012772767711108912,0.019167891947389437,0.01743751649866665,-0.007721301289485005,0.017649418662652572,0.022802575330700403,-0.0003128598957656825,0.05605389754246559,0.010240865545771971,-0.005111040611887052
2025-03-18,-0.03430106695951218,-0.010325979916579242,-0.010509760445456928,-0.012543535903647984,0.001068010044921408,0.004768740079206912,0.03413283646141063,0.01810756322694118,-0.011289033965173223,0.01176297482187727,0.02225428144047603,0.0010478592729226133,0.004547732489072143,-0.010081654769716897,0.01954098087871725
2025-03-19,0.018106204951170657,0.026277665583692267,0.012604782026808037,0.006188768018148272,0.005197460103545826,-0.02024515963001583,-0.007466236870362852,-0.016256866337775455,-0.013788355209242598,-0.006307472380145174,-0.04883348521498332,0.012268502787549984,0.01110390992470811,0.007808803937314757,-0.0033252630524431837
2025-03-20,0.008594252615910625,0.008566280748925958,-0.001958704289925839,-0.0005179392087066859,-0.001156482375902157,0.03390829342356394,0.012911592525421511,0.02773000947502524,0.0085590425672748,0.0064784855603605696,0.0064784855603605696,0.0064784855603605696,0.03301667237984818,0.025827192480766703,0.025396557368002393
2025-03-21,-0.0070024141076757696,-0.006533479113588814,-0.0071541669693300225,-0.01463921517607425,-0.024303237234607478,-0.012719337998326807,-0.0028836035684223216,-0.008750266270476148,-0.0100463656039943,0.006713936523198516,-0.023032168993379454,-0.012864814582889461,0.009233634652298539,0.010487796957056705,-0.016391282710052524
2025-03-24,0.031520908262874014,0.06961664658730116,0.020788077292503537,0.01860371326444543,0.016224191586061254,0.00037308261564583667,0.00037308261564583667,-0.0027336401151250023,-0.02889316180548851,-0.014990515885414113,-0.018623605852528202,-0.01499917485675717,-0.01875275918606234,-0.01786478075993203,-0.03586082392820711
2025-03-25,-0.005930332935586535,0.008432139634071856,0.00043737957252343307,-0.008454310166192358,-0.001511485817093372,0.0173985042179432,0.029272286914182155,-0.0010996434594440219,0.012583850383553363,-0.0019073230121218199,-0.041131367002596564,-0.0030208378657695656,-0.01257472702151119,-0.01754777265585772,-0.02168486764093347
2025-03-26,-0.057419847461616325,-0.04024035550414207,-0.01098970361232876,-0.019265930417955435,-0.02886868391673214,-0.011119571582763665,-0.007579469041170017,0.005195164125323171,0.019220489792884488,0.021720051655968575,0.01186725912421327,0.010915660801131821,0.029691395919165364,0.031787457112305795,0.000504914240800014
2025-03-27,-0.02048169079087525,-0.03212633484974958,-0.00265158517194386,-0.019909761944829074,-0.021437792701732628,-0.02372526739195069,-0.021081816451301916,-0.032224901628410185,-0.042311578558934415,-0.02017968594839714,-0.07762910179973992,0.0065429185774881216,0.00404927113011766,-0.03507949360316032,-0.06230250192496789
2025-03-28,-0.015794676608994695,-0.0321612776005773,-0.03323417487218561,-0.017741000802452334,-0.023239655073210685,-0.006950329271597999,-0.014150246813565692,-0.03900381952909615,-0.037958595930928984,-0.022372407410097273,-0.02664649415108722,-0.01609811167020081,-0.01756207834552037,-0.03470197900711125,-0.040070977325161516
2025-03-31,-0.011762611854777782,-0.004650294044341807,0.005827558818255918,0.0004135734552999093,-0.0177146665961736,-0.04626061178954366,-0.05332165044939119,-0.051964036685834714,-0.08670058746733655,-0.058057012363032734,-0.06889183752267125,-0.030899917103666352,-0.04478077000205072,-0.04804795235640358,-0.11305914874718892
2025-04-01,0.016331443002860047,0.00038934121431832835,-0.0036457002593386356,0.003721153439663727,0.007108019037780355,0.03569904045142591,0.0486753940047453,0.04377810283190997,0.03282385870417848,0.004973489936262121,-0.031119460590723236,-0.002210027690986438,0.015538658441496489,0.031246681276432042,0.020223705101381162
2025-04-02,0.0024512088746246885,0.0017513164751277177,0.006729934089351186,0.014348457768577516,0.0025025914942402583,-0.0010485813779268494,-0.016069400286032542,-0.002275786169533167,0.001072253552292235,0.020143869289860783,0.026355513342556147,-0.001259230983621351,0.0013537625081030402,0.005928483564631604,-0.037436179912706646
2025-04-03,-0.0780655345334399,-0.08896655122538999,-0.09514543709661705,-0.08284283623854927,-0.06844461784010802,-0.0017738270200404749,-0.0017738270200404749,-0.001773827020040697,-0.001773827020040586,-0.02437416394552483,-0.03282563899151214,-0.013442267535805907,-0.017782248282089408,-0.014039148410956215,0.005673729442479569
2025-04-04,-0.07357568117034718,-0.08571429268601372,-0.08578385135902344,-0.06316858017149374,-0.028352716357689767,0.0070055047376083035,0.0070055047376080815,0.0070055047376083035,0.0070055047376083035,-0.03557510142859832,-0.0706357506597487,-0.04331918968357917,-0.01572923098247958,-0.05380702370263357,-0.01497736158462748
2025-04-07,0.03530901116249785,-0.024720180664342672,0.01773100120530846,0.046475085750739886,0.01699281643776107,-0.10335453014009865,-0.10113665620635093,-0.1008921077188576,-0.10356603935338293,-0.09527371978928068,-0.1047715119634558,-0.08359689469463982,-0.05679083379042116,-0.10036135032751103,-0.08585636989396228
2025-04-08,-0.013723752947877199,-0.06492109450980954,-0.03900699493519377,-0.029281150374749876,-0.033239223698715015,-0.03241389643319725,-0.021645833005275894,-0.04680188321847767,-0.04017530703330008,0.07000487398413369,0.10037038001095588,0.07555991149479291,-0.002180472795790367,0.020521907164299247,0.008706450593052084
2025-04-09,0.18722733103945632,0.23820480081192907,0.15185286517402075,0.16105748054639468,0.15434117692416427,-0.040915775675936183,-0.0623838936092288,-0.100782145945436,-0.07337335040818116,-0.04839915939137174,-0.06569925539792931,-0.04388111022054075,-0.020131451932833055,-0.0371470494816275,-0.010887374360100566
2025-04-10,-0.0591271069044117,-0.08405617201023685,-0.06400160418537815,-0.07673799191733177,-0.0548701605069698,0.11598094244473733,0.11362929951678646,0.1166275174396052,0.1152792524198587,0.11697328688507236,0.12538832818802548,0.09813518887659822,0.09523651643296538,0.14273677002127916,0.10657064120075654
2025-04-11,0.031235504378898327,0.05298765207826617,0.03608633056608879,0.048466362332770574,0.029651341955581056,0.023900117631040496,0.05894407809294999,0.056813622617971404,0.026571651117932582,0.024102138936651363,-0.02166934128792719,-0.022809930317508997,-0.026729607113715748,-0.01859906026667124,0.03825580985838095
2025-04-14,-0.0019832681208934444,0.011777285397755799,-0.0004308799552461551,-0.0028287087026661606,0.006070479486506741,-0.01423957299786005,0.024083399382776483,-0.001953750466156423,0.01819356183851606,0.013852529817906412,0.04955552866213919,0.01947809867790329,0.04178503571038439,0.019852317661315677,0.011332354254647736
2025-04-15,0.013458588155291329,0.008359798047908429,-0.004238925254582693,0.00636553157174613,0.015292701110794171,0.014035867675949332,-0.0105553025927565,0.02280576835855208,0.013473906966523508,0.007601042674141079,-0.01468160163912613,-0.0015155572358122038,0.006854900188577595,0.0019585535884365513,-0.004677732168011595
2025-04-16,-0.06871652057100186,-0.07345996361365725,-0.020634821548323523,-0.049914137018750804,-0.07059845330031667,-0.029500663263794857,-0.01890379850016466,-0.01922201792653333,-0.03231687381498616,-0.014732324869210278,-0.06522237595790725,-0.015772026925104043,-0.03871583465701445,-0.04167608096053155,-0.04799671102554781
2025-04-17,-0.028710901955003698,-0.008947795982958362,0.0067776670927148785,-0.005282557365463125,0.008237270234281224,-0.005526188119428399,-0.014518957622919215,-0.026211539734880218,-0.009699006921159103,0.014976791933530409,0.04398769133865654,0.008306136837346934,0.01642247648851458,0.01484294171921019,0.0605097592063657
2025-04-18,0.0,0.0,0.0,0.0,0.0,0.003541960382555276,0.01865662737992113,-0.0038610326603952805,-0.027397223598077614,-0.014891522256670897,-0.02263008795477861,-0.015799055588404998,0.003629864360206181,0.0,0.07647057806655799
2025-04-21,-0.04512754969726096,-0.02217145647321428,-0.003805065843719091,-0.013822300977682556,-0.02416590592170431,-0.01764707725725967,-0.014651964598282108,-0.003875936638655153,-0.04049296394987778,-0.004355624140491621,-0.008933477724320071,-0.008947297855366632,0.0018082961660756958,0.009142854063288519,0.025956305652524048
2025-04-22,0.020431297879633714,0.00818144690989886,0.019098113491248236,0.0202123953135398,0.022411135536056115,-0.02461613158939424,-0.03529854427377366,-0.00967241262040941,0.016408607075529602,-0.005495324176604921,-0.0008724723575480597,-0.003500723473873202,-0.012394951735417603,-0.02098475121923793,-0.007861556471771225
2025-04-23,0.03862875245169972,0.04787847381333776,0.012397295497044158,0.038177971717024084,0.030202470805608117,0.06548463199800425,0.04954311461254601,0.07402818279349122,0.04077806780262638,0.011494443869349613,0.01788519823191992,0.003468845803258125,0.007356201388964534,0.035903733562850704,0.13679587020900819
2025-04-24,0.036218369160263775,0.04513775703733369,0.048056296019882705,0.04589781599905862,0.025867030299722593,-0.009068023880275944,-0.027979512104876147,-0.03515510225760077,-0.010829965792254814,0.03352943801688779,0.02781235176545338,0.032315373641615075,0.0019418974559703983,-0.0130042242600652,-0.024979379850680883
2025-04-25,0.043033224509526624,0.023076111749832817,0.009170364586089441,0.009189636395176892,0.0033630030358349217,0.030857692962242167,0.040703413522998,0.04084563419029452,0.02925319910415136,0.04494301145156809,0.04890932620716337,0.033836704033400444,-0.002524444620476185,0.03160105874843255,-0.012104069278513041
2025-04-28,-0.020538829404824877,-0.0026901410463077147,-0.006327414473818127,-0.005015004022194791,-0.0035827782114971063,0.007544461263013114,-0.024248115162544992,-0.0061917986814095105,0.017791037900274365,-0.00902512925836052,-0.054698138993944045,0.05886168189421159,-0.003292441083457165,-0.01802770112834895,-0.08467244980804245
2025-04-29,0.002667179331728109,-0.0034236106768782415,-0.005012768432523185,-0.008223347441336126,-0.009884706615119532,0.00846130795893707,0.017728508240728802,0.013851574211837914,0.027943066583749676,0.011696674002822816,0.011696674002822816,0.011696674002822816,0.0010307131958917637,-0.005569530541141399,0.018176165556017088
2025-04-30,-0.0009173429822770807,0.013429116680337971,0.010757087497537565,0.0077565874148766145,0.0029576069564112295,0.009897142222394129,-0.011421760849518403,-0.01850673484305465,0.0064863936185859394,0.00032778345222328475,0.025922065847813203,0.003087938263995893,-0.0020960776202433307,-0.015014410944454104,-0.010997684670004615
2025-05-01,0.024697079525506593,-0.0071905183278279106,-0.08924958048899556,-0.01161160540731443,-0.0020358698332356706,0.0090440665871383,0.0090440665871383,0.0090440665871383,0.0090440665871383,-0.005667864755544372,0.06359979390290005,0.01456830066249215,0.0052045894150571925,0.0052045894150569705,0.0052045894150571925
2025-05-02,0.02589380833985855,0.022245230128663973,0.03402105607755179,0.04121901074457002,0.03541231282297175,0.04366207976300207,-0.039423927020455496,0.023287473842795725,0.012071698140382114,-0.020013851683513106,-0.005786547047778479,0.008396505660307474,-0.029359482377180224,0.03959979394328128,-0.005301496489009683
2025-05-05,-0.005938849150802783,0.018117340393148496,-0.0026463384227934927,-0.003159213194117827,-0.010096660943897717,0.032623365285095574,0.04181143938210763,0.008214088709171063,0.01743264026823743,0.005697568642081263,0.005697568642081263,0.005697568642081263,0.025877439802774793,0.025877439802774793,0.025877439802774793
2025-05-06,-0.002459970768716735,-0.019584388736740954,0.0032987993728155196,-0.01021922669423403,-0.00493153639435151,0.03275349643671999,0.04076311042894498,0.07260426368607731,0.061604587448576664,0.0067522374241715255,0.0067522374241715255,0.0067522374241715255,0.017848199090510164,0.017848199090510164,0.017848199090510164
2025-05-07,0.031002234694763375,0.01764345787173327,0.03145116963382022,0.01816632435878973,0.030000554533884394,-0.01881521188343327,-0.031073477175641906,-0.03439995923172512,-0.05262158723111365,0.04067156560815954,0.00638799379873789,-0.03426613229739528,0.005232284829321365,0.025507959421806836,0.018052363032864838
2025-05-08,0.002648249877935438,0.01335189647012025,0.005544008554978719,0.001219422915970103,0.010908166325823032,-0.02422232656202561,-0.001988177245870304,0.000966672340622754,0.009500170558949916,0.014775299392774333,0.031460007328588446,0.00028586253327711475,-0.016116925549944816,-0.01869520435441474,-0.005986925399758092
2025-05-09,-0.006134526046820965,0.011209433862899854,0.0005511281545793612,-0.0025000034583660957,-0.0025705105009354856,0.037925486859364366,0.031261525416354186,0.004020624747592461,0.023707301652353463,-0.006027148004034588,0.001311738734268486,-0.0024701922762221384,-0.0010269035279870664,-0.005718900140512129,-0.018620070032123515
2025-05-12,0.054436384966563,0.0513419544604361,0.047802871737225416,0.07955792348454716,0.06229033067847278,0.009183367794683761,-0.006805691625796584,0.033498818737716096,0.031218645144082124,0.016265491456923353,0.09188398273517562,0.014714029549199648,0.05763414525761301,0.032157687514379196,0.07902297425690463
2025-05-13,0.05634141122328651,0.04014054964522118,-0.00512743102959734,0.030001847089100364,0.018261753910617795,0.007651949595989249,0.025444768529079065,0.016197971889717167,0.010650297223229188,0.030832916090526075,-0.03731433026828013,0.030411516740209255,-0.026705057592407377,0.0029530979127452284,-0.03847270620756915
2025-05-14,0.041637736299942496,0.046772205042252324,0.010836429068777242,0.006415032753102956,0.0065583211780047,0.0298787649576564,0.002637701363571443,0.033398216678509396,0.02036848670081115,0.014725397270301643,0.05424376560914124,-0.01177459835722705,0.0088087726122128,0.03780539808408068,0.034589845034513234
2025-05-15,-0.003768334317651667,-0.023190650090253895,-0.002418515841714264,0.0035029015138787756,-0.013720707085979944,-0.003211398705874391,0.01018499092603986,0.006154126515085956,-0.004705838174014931,0.002042047030155203,-0.005151796290868815,0.00946343255093196,0.0044076920050819535,-0.020702934551129815,-0.016652096937350036
2025-05-16,0.004227632104436996,0.01895817328180538,-0.0007209973426831606,-0.052532205135162324,-0.013529213417617036,0.01078886389405298,0.002054335018026432,-0.017664033001169588,0.023955487989100632,-0.020633805044767417,-0.011898745145905165,0.016442795230237284,-0.0014104849844163159,0.027477218348201937,0.12546117063947726
2025-05-19,0.0012555923854631335,-0.020739099967143515,0.007868960900634825,0.0022347527513832954,0.001376960828893159,-0.015190210333177467,-0.04142425269334027,-0.035152278345832455,-0.03674506170786829,-0.014915673531681217,-0.026355142624561623,-0.02262441819574268,-0.01838549054454286,-0.025713005122976806,-0.06413157165430938
2025-05-20,-0.008777786819670563,-0.010719851406999603,0.0007808441601484528,-0.0012654621537825372,-0.0004939108145693982,-0.004224801598548655,0.005708152302716263,0.015995243035086038,0.01267366930005176,0.014394584726232784,0.03187208180199308,0.0031046428862888664,0.008703708497617146,0.02002842488992318,0.0033744605079453205
2025-05-21,-0.019199370326786203,-0.012774245003506213,-0.016317782335346975,-0.02111878272415657,-0.015479001210700005,0.012253132547940915,0.01899461921972545,0.0034555589730280722,0.009115739412384194,0.0001801915392398712,-0.03210653889228843,0.0022882492241491637,-0.0065683576915572806,-0.01040469433492186,-0.017010550322794638
2025-05-22,0.00781503244544468,-0.012047104261404318,-0.026039270641036172,-0.0077269789985380255,0.004788598552622592,-0.003977325445788216,-0.007103501890744601,0.00761140945936023,-0.0291828742421385,-0.020417282506897894,-0.02838219305132994,0.0017874905381278783,-0.004464813948606983,-0.004466738652350921,-0.022383814281247916
2025-05-23,-0.011593857791904139,-0.003613056898082889,-0.013503433929991537,-0.018751669742024246,-0.011084131671182829,0.0012096095500093718,-0.008366317344145502,-0.018052469793162218,0.0022922760610801785,0.0025885595222268076,0.0038502960862403235,-0.00444375862333235,-0.014506394020361135,0.0102437454313411,-0.039711054955137604
2025-05-26,0.0,0.0,0.0,0.0,0.0,-0.005634835098787372,-0.02416715770910849,0.01306852350716392,-0.01775297461413894,0.03348714248314599,0.04919388623274279,0.020022255776070086,0.021508374630099913,0.02735351335589087,0.08188674724743783
2025-05-27,0.0320663673247068,0.03852778618495134,0.0223552190946239,0.027426951728838134,0.03317455506688427,-0.009403156281979297,0.001888667206152217,-0.015505198071633974,0.02256265048589623,-0.005374746135262343,0.0071275443602318855,0.0012683710596830267,-0.017052508745235784,-0.004920301103427338,-0.02031894127484124
2025-05-28,-0.005092188504347228,-0.014839359152156839,-0.00693006941458707,-0.0014831233104718455,-0.013583696183246174,0.00040722818311089704,-0.0016619155025863197,0.0018657513003865756,-0.007872480686943462,-0.011836189390976859,0.0052390410758258454,-0.014645062998212777,0.03205141868687611,0.022154697149679325,0.02051858661315542
2025-05-29,0.03249028851542146,0.0015062747477048166,0.005013553329905385,-0.013057744042952457,0.0007501821688520316,0.0004941274679468588,-0.015138539035316811,-0.027688793128845313,-0.013597362562751347,0.03164475082745577,0.0424898142772927,0.0051271959587220195,0.0044546411030628175,0.021963659566849092,-0.01217088302196001
2025-05-30,-0.029168891068372615,-0.02034853974345574,-0.021167390068095315,-0.017118098980219654,-0.013787273803825717,0.003346762684257376,0.003346762684257376,0.003346762684257376,0.003346762684257376,-0.03491432995419297,-0.023253263546900493,0.011161168727257254,0.004114386372982448,-0.03313201235885099,-0.032567288180989085
2025-06-02,0.01665067372753226,0.03522075118080603,0.009848381153389596,0.0033173307832803367,0.013247055136186292,-0.02240112481783252,-0.000699699578705193,-0.026044289449401736,-0.070492031912192,-0.01741993618755644,-0.0378409554928979,-0.012098195455360727,0.0022074508581029217,0.006167813723935378,-0.013312640822615296
2025-06-03,0.02795166046472719,0.023379572270694426,0.01575384000986002,0.02842250054438189,0.0009643999313120322,0.00033357253744759063,0.00798014649524581,-0.01128449226444972,-0.0242768276006049,0.0004125667909387065,0.03619565470428121,0.007806974759409169,0.004302138827519286,0.004302138827519286,0.004302138827519286
2025-06-04,0.004956696799257143,0.010826053182948936,0.0007386581405093295,0.0011747095608776181,-0.005981767155525453,0.042849514492241614,0.000714160140673048,0.04943814080163267,0.019891617940772877,-0.005207650407043296,0.0094243975225059,-0.009845256838682426,0.016387036428016533,0.046937425393033694,0.03376043857608235
2025-06-05,-0.013599053903959657,-0.024371726640432412,-0.004049788708733515,0.013956671129900622,0.006704384557853604,0.008885442636308305,-0.022749920674772328,-0.0027760067134197097,0.028170573039740132,0.045812109451195404,0.05380160330012296,-0.0043678623755116774,0.03498416533487325,0.0447953093442246,0.01099571120687215
2025-06-06,0.01235795792544181,0.004321894627439704,0.01138522168070244,0.015530806745369219,0.007034363742992378,-0.0031158505027525374,0.027999191388090372,-0.0036941091931395054,0.0032172113121828882,0.007132383364612194,0.016536386905136258,-0.004983328541798282,0.004828110262773633,0.004828110262773411,0.004828110262773411
2025-06-09,0.006421187644235493,0.047680530158531687,0.04134286670573939,0.018291935900928147,0.022814841487788895,0.010981958629221245,0.004832323756548185,0.008123444077267505,-0.0023972831764768054,0.0006582398763743669,0.040229434577720546,-0.006406226301337914,0.008390237568620229,0.016562430219272617,0.00622680489313443
2025-06-10,0.009324836659214242,0.012404456298324096,0.023936728806132068,0.02344082972760897,0.019176831454891463,0.03993660064419369,0.039045986329657945,0.017989827191378094,0.006786798813013695,-0.003781099427089707,-0.0001593954440898271,0.01473952951019819,-0.006128815421521994,0.010520300604115684,-0.003269709736014037
2025-06-11,-0.007780617660295364,-0.017039910017220605,0.00219934938892008,-0.00563985309845616,-0.0011210765845922621,0.019987953785979284,-0.014160760855804533,0.021903251963345527,0.048806908364072976,0.045863972089483784,0.002388937754937981,0.014886210027412305,0.0043833849876000475,0.03355755329895316,0.02737056603934951
2025-06-12,0.015192891441814238,-0.02179296188665847,-0.004890807271400011,0.012790198175528067,0.002703849374603884,-0.01192480171189747,-0.020145106134879964,-0.0007150372599044053,-0.0004323184751269249,0.009247833238640979,-0.00017236713560919714,-0.020534632320587387,-0.007994156266179608,-0.020050407878294152,0.02428173649702514
2025-06-13,-0.020896557247146452,-0.019746804539161444,-0.02507884447051978,-0.025200082914078492,-0.03206537587080682,-0.004930057340917338,-0.017936454314994354,-0.0008822954181481046,-0.04475049852269941,-0.0412918188606316,0.03142506812718815,-0.019920226166966204,-0.008626188758897091,0.011779537471467316,-0.0020174066649547573
2025-06-16,0.019158890071536483,0.08806814226088067,0.0138961812917191,0.03493765300670271,0.018699202895481326,-0.0041730327974507375,0.0046874556536622425,0.011144685078231298,0.0006846544634706575,0.0027521622349302444,0.08948288764672063,-0.006225254544353187,-0.029899994682247133,0.041237483459799495,-0.0032704348863443755
2025-06-17,-0.003939474898598583,0.0056175258161350605,-0.015363183561752147,-0.013933685706427834,-0.019826450221537506,0.03708706289946351,0.033449322174266216,0.03828476705364192,0.0155373491719355,0.024818975765397155,0.01983283029116767,0.005695859878371179,0.021240104434554707,0.009474738261268989,-0.0003246301289159259
2025-06-18,0.009436644684475581,-0.0024390052109786176,-0.0053734524757462765,-0.007180244315838524,0.0023425564392818288,-0.01229615151660135,-0.013984855996251433,-0.021658147951258866,-0.021658147951258977,-0.003846468471614295,0.007329236987082988,0.004440322491262361,0.012320614998163837,-0.0263327561716179,-0.010805270453460247
2025-06-19,0.0,0.0,0.0,0.0,0.0,-0.015457121888622027,-0.012051838480777621,-0.009993880921092324,-0.03173356214372658,-0.02689692763064011,-0.02117439167505286,-0.016847408947461506,-0.0029919951666965705,0.005070122629846852,0.06466218976672455
2025-06-20,-0.01120433293301104,0.011436269162919066,-0.015036103259612354,-0.019555698555584144,-0.006709185933638562,0.018303332900440727,-0.01284689757176305,-0.011264686613185249,-0.004469811999142759,-0.002434927120909647,0.040525381213918577,-0.006768321835566193,0.0020412874741224663,0.041569614273057054,0.0023780262413028996
2025-06-23,0.0022245795004107727,0.010449128824796095,0.012027342094544036,0.01475284842774327,0.030653057540648954,-0.03192156269925317,0.005302089413085298,0.018620389352632438,-0.012658444215422282,-0.01847345793064703,-0.01910310238595847,-0.015441136436027625,-0.021352185041554228,0.013723882583408509,-0.02410986468216303
2025-06-24,0.02587222201673911,0.06829750516800503,0.01678214787726473,0.04780173447119829,0.04314367761683857,0.0245237505978122,0.0071471541215215595,0.012177745981389654,0.0497620257687057,0.03859271552309962,0.017817298465228282,0.012346794290205132,0.0488706881365113,0.07915145312232963,0.03222434638694471
2025-06-25,0.043340202219428026,0.035902632981737126,0.001412752172110121,0.01603945101483628,0.0023115193588612026,0.026512957910706625,0.027154954596806835,0.030908593384596283,0.022511434832822363,0.03947659233302003,0.04007471805501184,0.025852018259718612,0.019330381808989605,0.03311977363873275,0.05697926003210596
2025-06-26,0.00460106130962723,0.0019525717657908892,0.014493878800214244,0.0024582078222528114,-0.021036764708101563,0.008651587716097309,8.383526974231614e-05,0.0006791977722424569,0.05366113495255975,0.040191008232333125,0.050433195702393796,0.019043282894113167,-0.020296470842326775,0.022021987671074772,0.061042540019758285
2025-06-27,0.017610601823775385,0.0009048224487724355,0.0022124183614866677,-0.0016892552594600652,-0.0026814683100776504,0.02287981658054039,0.0141980095632539,0.0014534100534830952,0.013341824598919194,0.04453882763081074,-0.009311854580623447,0.03532116716880429,0.019369149275049624,-0.027657101087419922,-0.004582410879148124
2025-06-30,0.0015215188029467086,-0.013281438665842193,0.004541351149012662,-0.0007642155502302073,0.006834605348220002,-0.027828964748699225,-0.036465140813641495,-0.025994665557123486,-0.05642996248297916,0.00722886168523762,0.00784591149039593,0.008409591067805255,-0.024258972001499846,0.02000308348363644,-0.01661911571989305
2025-07-01,-0.02968532419055958,-0.040803337104838744,0.0008791000660646198,0.003769089669675152,-0.013626390968723201,0.019673677033360537,0.016102502298731558,-0.017328588669685452,0.016003370386723503,-0.017161384165130578,0.015361376348064448,-0.0028061864190536134,0.017953970905667305,-0.011319135268240132,-0.0413520083299459
2025-07-02,0.0257662802503702,0.017706293816048158,0.018318796677054605,0.034011827829811825,0.01153757739667638,-0.0006603889148377728,0.015015572574496261,0.00857798629390838,-0.01853476304809143,-0.015190703442629627,-0.028896107074620092,0.01103492453542776,0.004684502572371851,-0.02787822811851237,-0.03403426235979823
2025-07-03,0.013291030514695823,-0.00440370048756078,-0.0006776590125433524,0.005473388529124934,-0.006365829603450224,0.013548782743752374,0.008899678844075387,0.026724560308878154,0.025603131188923323,0.016611907744211507,0.009199261196085606,0.0091816763106225,0.04999269681172902,-0.001173275814292496,0.015538697087990272
2025-07-04,0.0,0.0,0.0,0.0,0.0,-0.002831624372094055,0.017539386334578744,0.022633692248082093,0.00013208870262526595,-0.003405787764470203,0.005670180695760196,0.002707821479841499,-0.009555033092404353,-0.03040722318290323,-0.012206573440664004
2025-07-07,-0.006903504079208256,-0.02255094284509862,-0.025399285516626957,-0.0014132538040831921,-0.011843876135976261,-0.0040537199325183515,-0.007199101938425545,-0.019862395688246437,-0.023926288069310853,-0.0005688859740501373,0.002211412818716507,-0.008998199947926055,-0.02892577063106394,-0.001902350083000881,-0.003743925832290551
2025-07-08,0.01112225481221052,0.022403592018476193,0.00860267891416755,0.022067277816374187,0.011476311142162965,-0.005755451008687018,-0.01352296917969753,-0.012659927043348729,-0.017393807034092545,-0.004442993860722888,0.015472644161615312,-0.01694628628754824,-0.013867934282090655,0.03117336266092785,0.008814667201285653
2025-07-09,0.018000132164328386,0.0042809193624744335,-0.0006270268199802809,0.00205134810533103,0.007215843995485471,0.007913923727042915,0.0655068820584237,0.023109915418019655,0.03922201893878907,-0.00979632264556407,-0.004249709339154806,-0.019796601659355928,-0.013170993439255096,-0.00039007233875376635,-0.011462317641964481
2025-07-10,0.007490216509732361,0.04154323999612819,-0.0016317619147023787,0.013511511759875194,0.002825528770495467,0.005770791323335134,0.029725660735014703,0.02043752690866696,-0.00013153339078653126,-0.010317895598368376,0.029286515505601685,-0.010713106844148501,0.007947801774492502,0.05486102251487868,0.02862861201674849
2025-07-11,0.0049968557247874745,0.01567698702431386,-0.010245711790902834,-0.0005049837455931572,-0.00019947449475854473,-0.0012789143368723277,0.012988498040584995,-0.0012789143368725497,0.029475702653149805,0.007768549153210014,0.0059164310131281095,0.008476492252894596,0.026498530887653082,-0.008157448176801196,-0.021281795118275326
2025-07-14,-0.005153967255895786,-0.0012292902474535516,-0.020132119725857822,-0.004193265288388037,0.005985505489903176,-0.0035232661380670827,-0.023646182164272722,-0.008983306047097628,-0.019434172735912747,-0.025780387381724168,0.009825684332138263,-0.014875060847377997,-0.005603584565538999,0.014588130009945521,-0.06456529276252199
2025-07-15,0.04040941722953306,0.06407272131582009,6.482997228962617e-05,0.011110981137137044,0.020192698402120124,0.00910105432765862,0.0026519094518882014,0.008871385303679036,-0.009329186645847587,0.031445094985725675,0.014380055173642159,-0.0076430370056165264,0.01636815956208948,-0.0077646176247618826,0.01614197060072642
2025-07-16,0.003925130015680178,0.028725668036568175,-0.001490588802772086,-0.022479790108515973,-0.08331522106336908,0.01656310400493921,0.009308153411536457,0.00188836747113319,0.05933921483422555,0.010884051640052128,-0.00015612219386684778,-0.011441559017522085,0.012445927329254536,-0.011550865034228086,-0.005385953015194067
2025-07-17,0.009511619418247186,0.0020614806801599883,-0.009476163061561071,-0.011755001974894652,-0.012644891333283614,-0.0004387401521065426,-0.01461688276901918,0.0028710653440786604,0.09874251593332839,0.0007968638824016328,-0.002547919612570948,0.015577906925016594,0.032050728117480665,-0.0885212246905106,-0.029664721313828135
2025-07-18,-0.00341042130780711,-0.021320354659110086,0.014350280755487388,-0.010804056810678753,-0.013867386397756198,0.022047245794381443,0.014312521378087695,0.01642555634637244,-0.022640204860271962,-8.506133779839775e-05,-0.047251388632304714,0.0011060614019891002,0.0011822933546099534,-0.006632223822442551,-0.01042133833329506
2025-07-21,-0.005974105180302058,6.366333197171947e-05,0.02693798568596173,0.01139454524968464,-0.02028383043128079,-0.0034747187038070004,0.011505180700016382,-0.008890833760240024,0.008078951409148383,7.411919971000991e-05,7.411919971000991e-05,7.411919971000991e-05,0.011166199836159185,0.01374682241302505,0.010984417537988733
2025-07-22,-0.025382243012400996,-0.014522285218451447,-0.006164729611920938,-0.02839925164576329,-0.019731010236032076,-0.015904053302323917,0.005027737850954228,-0.008337291561096749,-0.04296613673727612,-0.0062637282606999856,0.021337128001364336,0.01897929689972533,-0.02038455971057529,-0.008439581985740685,-0.01749302271309916
2025-07-23,0.02245104655925889,0.025400676349370155,0.011962855160668306,-0.0006947790300427803,0.016230248757728605,0.011020189615029485,-0.0022246020918097464,0.014294858138458322,0.01722233543462237,0.023799031040896645,0.010004792354235237,0.0415632567072306,0.007548036815237191,0.0033434551362705456,-0.004303743112436087
2025-07-24,0.017332282040708913,0.021872053918686074,-0.00650492339800024,0.005935494900603189,0.011367972249147096,0.005637255221783155,0.005637255221782933,0.018740020762131993,0.030778168461766287,0.0029792116214066855,-0.003613561529068776,0.021352618673835977,-0.0016392829918348006,0.006278308793787213,-0.013087039222161145
2025-07-25,-0.0013813991283150306,0.026832014770116652,-0.002770121142406934,-0.012917144993197849,-0.01907385219448554,-0.005335007987683382,-0.005335007987683271,-0.01812812685600884,-0.008189199732226315,-0.006594265872900129,0.009590075238759432,-0.09858386271124175,-0.0002633316285761689,-0.01174967992785636,0.014272278099986435
2025-07-28,0.01873201512024436,0.04319097968812935,0.016729945645652222,0.02466459267997978,0.02634791006901538,-0.002748350096843044,-0.023669667867811106,0.0037484033227215274,0.004426184884573026,-0.02787534926149715,-0.09458069484387199,-0.016443478395433142,0.059956938037106555,-0.02271617458014974,-0.013584794494340469
2025-07-29,-0.007015683932365291,0.021766663017303678,0.0063955571150464685,-0.009775400150225488,-0.01325700616297465,-0.01491721182862793,-0.0346311958392016,-0.012670086438473005,-0.02327389871483654,-0.016505976756877372,-0.014949523271549081,-0.024040305489430924,-0.0011392407331684007,-0.002068145615286565,-0.013321258752513665
2025-07-30,0.021423404683743374,0.011665870361522446,-0.01863283941578897,0.005201293976473176,0.004119784427382145,0.016507134031664927,0.0135951387192903,-0.01085599371789192,-0.0010947041822132464,0.010066526040421353,-0.010376314358371497,0.0002492728684728718,0.02790660667923217,0.0033975504541658985,0.017354853405519455
2025-07-31,-0.0078095036466339085,-0.017826288486239794,-0.07732945361251498,-0.049263420166822613,-0.03706422087011163,-0.0003343319229219821,-0.011856035239747098,-0.0013690316440392314,-0.008983452199906705,-0.0028822522857486765,0.004941336255029016,-0.004574252407536172,-0.01911387245487639,0.03522252191711717,0.06703664851749491
2025-08-01,-0.023331592131278556,-0.02614713104297728,0.0097438013607265,-0.00038866438510232193,-0.007038868693691747,-0.002608206446220951,-0.002608206446221062,-0.002608206446220951,-0.002608206446221062,-0.1886110339706063,-0.023163620159495912,-0.017009941914312043,-0.034313516611877204,-0.05598801010095866,-0.05480949660158063
2025-08-04,0.036150068457843076,0.029586499250702003,-0.004588642846110824,0.015723073864527315,0.013829568271618742,-0.01856534076547356,-0.026233988479290815,-0.029834813867567922,0.0015878012194141533,0.026925876906910284,0.006743527643025438,0.018818168621531406,0.01257876718490758,0.0009566789935859799,0.0009566789935859799
2025-08-05,-0.009666585149772255,-0.013972175799066622,-0.005423301310301998,-0.020074423829077426,-0.013912633187162182,0.010873257492118427,0.005189147637315372,-0.009076231958488834,0.026859895195906924,-0.0002707785703022214,0.0032473967060229203,0.0012062520332527527,0.007646073742937798,0.026182390876359873,0.017496198867768875
2025-08-06,0.006507207693143169,-0.06419598759758327,-0.0059301304469400185,-0.005637705299763818,0.0019285588008912669,-0.023480917666608758,-0.016679269664329643,-0.01200108871837513,-0.03297473173854004,-0.042733393113086326,-0.0017316209952727979,0.0048992902713520525,-0.017859172271511903,-0.021090771137614706,0.003519610219200775
2025-08-07,0.0075244225666935005,0.05689062688255975,0.0004113037377682094,0.028123833810846266,0.03207130492896959,0.04968480187903945,0.027294176285634686,0.021464222361292418,0.10054129632941922,-0.022162005989304956,0.00547698972980859,0.01233751682452966,0.026330367489493245,0.015143021759559838,-0.008615204215313588
2025-08-08,0.010676444440988364,0.002088170667614575,0.01137775061085522,0.009391290744800829,0.012901042021139064,-0.0006761294361355974,-0.00012702232667993751,0.010357123020370507,-0.029876381129367413,0.015300407434770236,0.03960623693170251,0.006277934717167977,0.018013136706706234,-0.02140243258756558,-0.006130614634220044
2025-08-11,-0.003502989462430328,-0.0027783962884999625,0.0027786242325682498,-0.002650529083152553,-0.0013982875161492325,0.002811953250874799,0.0022612321240187416,0.011966387658422395,0.00820418924179278,-0.005600524443368005,-0.005600524443368005,-0.005600524443367894,-0.013165775172643723,0.03880547598352213,0.03924811590141286
2025-08-12,0.006041988268502108,0.01549801594998712,0.03892667199455846,0.022073970714593605,0.028392803005428124,-0.0032389515900419497,0.0004391253527800121,-0.02304215122732589,-0.015494216542964012,0.00765737450820847,0.06011437190801949,0.002277692255729935,-1.8028822326932037e-05,0.006055342186208179,-0.013548637183023349
2025-08-13,-0.008571685026737663,0.054129759279188505,0.01860404966755458,0.008384202043665967,0.018576664723394698,0.019328311116400876,0.009709650766786648,0.005725805570435671,-0.0018195638794185065,0.010403164012821486,0.05687868413348518,0.016410258788529086,0.01615038243062883,0.03846354211611058,0.02729896530468623
2025-08-14,0.002367887733412566,-0.01881575347118425,0.009579174978070704,-0.00941955314976095,-0.000476443379004321,-0.022847805547967837,0.01251110318659987,-0.005417535825176789,-0.0006713995825423646,-0.015805686986142375,-0.042227669949749136,0.011661139689081113,-0.0010594983736867958,-0.0022865022831952686,0.019570597029923142
2025-08-15,-0.008625454083926454,-0.01901079027036512,-0.0015181256056758796,-0.14067143868964083,-0.017279975379201673,-0.00039567855639888183,-0.018953091715055104,-0.004631181151573349,0.00503254199936265,0.00785029578634866,0.0036868961788509846,0.011431963388535138,-0.006549580185675086,-0.006549580185675086,-0.006549580185675086
2025-08-18,0.00864495483199712,-0.00771784778087381,0.006651848589507514,0.010942138102185028,0.007262637357731361,0.0030011054595429076,0.0322858365327614,0.019943691700413435,0.0002456346136003873,-0.018552985536522848,0.017550126611356243,0.005499899652985141,-0.02242385344861031,-0.03262644167186968,-0.04523699811186155
2025-08-19,-0.034997993677144845,-0.05444530697809358,-0.01667700947698192,-0.008010766367733568,-0.005270591618861342,0.0030298487826716514,-0.01536965169956328,-0.014475398867158984,-0.0053296054148116445,0.003870997194145964,-0.008751634533647024,-0.004622328204150095,0.0007714604860402652,-0.01606391577062627,0.013168396197171806
2025-08-20,-0.0013663688324196954,-0.008105710470002747,-0.005184059592604262,-0.007767227632053952,0.007907345329797089,-0.044809159199866166,-0.027841347901487956,-0.026234880180322606,-0.01100630697156424,-0.012667179189542077,-0.055347862739471676,-0.0013377487074238692,0.003936236766465262,-0.03161027079911083,-0.03423048724806832
2025-08-21,-0.0023945695563264424,-0.009019311512710404,-0.008427688766496244,-0.004112260520007127,-0.018799402606731075,0.007433922697288153,0.001631221194815291,-0.012563915446540008,0.015094404896713876,-0.02139785909117542,0.019571296959403295,-0.0021812342932846507,-0.002574671211935664,-0.044919531064621765,-0.006274482945278992
2025-08-22,0.017201968244454635,0.02473879193009454,0.025173468783301622,0.01657909980570138,0.026502672035294772,-0.020673244149313152,-0.007730399565027524,-0.011175780122093526,-0.011797080299746243,-0.022998830534473935,-0.02352503627592606,-0.02768324463468952,0.009380462874039708,0.022513542209358972,-0.003077560427434789
2025-08-25,0.01022530488477491,-0.02622790915926676,-0.01006262530088975,-0.003077055711762311,-0.0005696947894100468,0.035884822119919946,0.03802522108795525,0.03991056169455942,0.01592438884830183,0.014475166300606856,0.018722108863333586,0.039697389968392116,0.013508060297036772,0.04636457086418133,0.03774264914708092
2025-08-26,0.010900419888796753,0.019955891862486697,0.017580790827306014,0.015556428753293439,0.011584514401756119,0.001743451604664381,-0.0095937017236577,0.0008391338419286853,0.01913559102826312,-0.0031214671643691183,-0.001817995108208903,-0.010101786376269128,-0.021143537504110133,0.003238219423592703,-0.002197478155571919
2025-08-27,-0.0009352225175625062,0.0030609157398324705,0.003769660259748342,-0.0007293994272877802,0.008909745971263039,0.00936415396348611,-0.003358805775707352,0.006674494837288991,-0.00335880577570713,0.006897601701664868,0.04748445817900948,-0.0040638898234022225,0.0007374262970085699,-0.009231064866963012,-0.004632303238251478
2025-08-28,-0.007874463590449854,0.008675862537423473,0.0064467961590908285,0.005353237502702557,-0.008493515753580039,-0.02611562162607306,-0.011633186874074775,-0.02084391619409831,-0.007562873091694677,0.021419548618113904,0.015485602661692521,0.0018629353972776652,-0.013314822707811147,0.03507491956844033,-0.007001519448428195
2025-08-29,-0.03324642068345807,-0.03529479703176819,-0.00043524348249046607,-0.027288781049118027,-0.027296779248960235,0.0026957512815561913,-0.008163835186500878,0.02648853182044042,-0.0026662062040250234,-0.0005277076144842852,0.01356708082631597,-0.00514920197990032,0.007469489991344114,0.00789768441996741,-0.009908265324031995
2025-09-01,0.0,0.0,0.0,0.0,0.0,0.002085638919481214,-0.009498343796147002,0.030823970445841065,-0.022331897161270042,-0.020437262230727393,-0.08115088967297401,-0.008218612771838996,-0.033222755429055506,-0.05136268123535426,-0.06620645552884175
2025-09-02,-0.01952003517230927,-0.001906152304534059,-0.012132218087181235,-0.019843225438440637,-0.02258230802464456,-0.006398771734779207,-0.00211590624767799,0.004280786660990632,-0.025386163800887762,0.0025534239879589915,-0.007819243556309363,-0.0023406139808972437,0.019180692382425812,0.014583001341278434,0.014184005670729638
2025-09-03,-0.0009368051517751885,-0.0011705423412576854,-0.00944705186237671,-0.008377261169414063,0.015113458932100698,-0.0038609169096038842,0.021775050225091297,-0.0038609169096039953,0.04090937221067592,-0.028845116615540123,-0.007070191733245523,-0.021470629603637437,0.00894968262458673,0.0064997191026199275,0.007265193389975666
2025-09-04,0.0060954357886893185,-0.002097154051931671,0.021228987189856996,0.012736102567613816,0.022542806074592026,0.0007160783491781952,-0.0064574976128641826,-0.0184058849313794,-0.006009222435736761,0.010884595244644135,0.05123797143922304,-0.006053927288178995,0.007868029961414447,0.015024227737181706,-0.00844941870551219
2025-09-05,-0.027030212069536264,-0.06582603583924618,0.000813946134245791,0.02850092431503537,0.03752173477881393,0.01816942370220076,0.03704625057879829,0.013911086502435888,0.003621112056200193,0.005034473233103354,0.01870931503807194,-0.006722791697749586,-0.010289932574845229,0.0283333431309869,0.001880026210143937
2025-09-08,0.007723626471741962,0.0017864514592516034,0.0025025619275038657,-0.004301108887875382,0.018613310195750854,0.007054042191084742,0.003545063673417115,0.10711389894725021,0.023362617775067873,0.017999369338087323,0.04392441413667303,0.007932630162464704,0.013401463442334505,0.01758510754869813,0.0035155099742161244
2025-09-09,0.014556415107065845,0.029126237074472705,-0.009860249880912608,0.008947898819491318,0.011152211536008982,0.02190795254107636,0.06109307214843063,-0.021490842387158926,0.012883156195933054,0.027174015223064618,0.07156813464803546,0.0027933322563133967,0.01981689710168988,0.03955371438560551,0.014339082651282586
2025-09-10,0.03847507015453244,0.023873609209719815,0.0018278024383717728,-0.0004892388543955573,-0.014891919839846168,0.020143817148278398,-0.013911563467913113,0.011292535541147508,-0.01515844919329068,0.005993487778984674,0.032455297473797495,-0.002678291448087289,0.01426479783246859,0.05439137765249935,0.03813943635024786
2025-09-11,-0.0008459387658548145,-0.024257209978984506,0.016105685986296914,0.04118211219792367,0.013894047338983695,0.016088222109927885,-0.0029401315888153423,-0.011052319583727432,-0.014990877754187837,0.012468875283733416,0.04423457536837638,0.0013148709509591683,0.011055712965400533,0.00990489783219628,0.03096507527556769
2025-09-12,0.0036687807745676704,0.018629210441218902,0.0019813485044877233,-0.013811232763658032,0.012074708577825666,0.01434437425971713,0.001616026694675865,0.0012413180048782557,0.056723775132413,0.05590135025471099,0.018995174294993644,0.0014139254956613279,0.025547537654110553,0.0682612770111497,0.008328125332375036
2025-09-15,-0.00039368431381092694,0.016333456632785515,-0.003769429073417374,0.018653112590935494,0.06564933124371808,-0.003800606509131277,0.00016840901347192627,-0.0028261071811791494,0.052944351072793605,-0.002993250590367924,-0.002993250590368035,-0.002993250590367924,0.011531438282642359,0.004573874648607701,-0.0008199301584107532
2025-09-16,-0.016146210499489166,-0.004343490520823057,0.018111846206948945,0.015269320053517,0.012821329118016589,0.027079429080474116,0.036778549496704116,0.021079453832654638,0.10232709464404932,0.020843535599108565,0.014696676480789206,0.029219467250462428,0.04442064324729644,0.057956070856822084,0.030575069943407085
2025-09-17,-0.02624656254660329,-0.008101726270496656,0.0068234169279144385,0.02644936892876326,-0.0070010866597343124,-0.006887015700406507,-0.011477253528775377,0.0019247064134557679,-0.0029355431426679734,0.060799570076720544,-0.013531110957427761,0.008550577979256513,-0.009844511746318618,-0.03653979791686279,-0.019433845590551058
2025-09-18,0.03494044003585173,-0.0077909365709525336,0.01736675303983337,0.06528932865914672,0.06366139731947928,0.014486802826432443,-0.0013029086332151385,0.004606541611558823,0.09834290702709492,0.046274813412899185,0.04606116850337827,0.006614675186370933,0.02607229142689782,0.06515523452050576,0.03437653315420097
2025-09-19,0.0024397172760990404,-0.003356121994947503,-0.007613152134501311,0.001791787854385829,0.0046885363183999385,-0.016352204411073545,-0.047120916280637415,-0.0008004269957496701,0.028737576758045336,-0.0010919605225873097,0.02634495305754636,0.0019472877590585025,-0.005812192964665619,-0.005812192964665619,-0.005812192964665508
2025-09-22,0.03928241078649575,0.015248706434916048,0.017200974603973185,0.05481325093037115,0.027516988674261,0.02014111177024258,-0.027712227791895305,0.011163033239855569,0.008348207426832621,0.03761885061006809,0.030926054382107937,0.016685934822189274,0.032790214098943116,-0.01936198956720303,-0.017333362878202085
2025-09-23,-0.02821204789120879,0.006946621546969567,-0.001119471854648335,0.0017453224875789708,0.005961599664626727,0.034690796724607065,-0.021407393737320035,0.011537310698730874,-0.019624600957944716,0.0025046207608765414,0.0025046207608765414,0.0025046207608767634,0.019365039549617657,0.03355331441168374,0.035113823188558824
2025-09-24,-0.008182508094013552,-0.00012423253219473462,0.023712539872878358,0.002837750575069631,-0.01719752357698301,-0.0018597184591139237,-0.03452605672222153,-0.016159722492650852,-0.011821223558032168,0.02540142962177061,-0.005374877777753029,0.005641522988552472,0.006482440051451377,-0.01144564281372984,0.00031225355252328946
2025-09-25,0.004068588702951903,0.002424163213648134,-0.022298999516710105,-0.009134220102360202,0.0027562227055419886,-0.017848415951488117,0.008277406372447782,-0.0029672980985057107,-0.01703831083535079,0.00928023479483131,-0.0318068553038352,-0.0028321234686840002,-0.00027888672657794267,-0.011180301181530794,-0.030052638868886872
2025-09-26,0.0028138668279011902,-0.011223398714219734,-0.0028289214672994056,0.02164326450634091,0.002074747917934161,-0.021512824188817614,-0.03231339878584938,-0.044005743403864206,-0.06944435983026154,-0.04948099041872622,-0.04438968830420764,0.0013513732272303347,-0.03613919527033371,-0.05963157594580326,-0.04926561713388189
2025-09-29,0.02053993896073769,0.01191517506890416,-0.023049553179021354,0.005050958293103536,0.011654967012242778,0.003859555388040503,0.003859555388040725,0.003859555388040503,0.003859555388040503,0.011601385246694074,0.05195100204507064,0.009177216141037503,0.015465589230667875,0.03730169493190094,0.01908292325602523
2025-09-30,0.026010326197546618,0.002664803384697434,0.0064126415130767445,-0.001024603342924535,0.005692908770870808,0.003378126177868701,0.003348786476345289,-0.009525438170996381,0.018084067013947047,-4.942956433851009e-05,-0.02741117320939257,0.02123364136320327,0.0031164114915822605,0.002376433964129676,0.06171430152044177
2025-10-01,0.003537466147390589,0.01372149893582697,0.0007815028918960465,0.06349519096849354,0.036339654417751444,0.015862681334857243,-0.02229683349193934,-0.00557191526687284,-0.008050137743982777,-0.01690857420900127,0.005754037647751398,0.0007303330937251662,0.02223914814818695,0.03315081249205676,-0.019257713340223526
2025-10-02,0.008812165089625124,0.03487593081081841,0.01417489463718824,0.026866803350665602,0.026812263881098808,0.030022861305270654,-0.0040513504052531735,0.009040038301985298,0.05928894170246557,0.08554954282046046,0.031583813839809904,0.013911102729774694,0.04459482105045187,0.09965343111429181,0.0568501136696562
2025-10-03,-0.006723594708770597,-0.02981204080577704,0.0019543061208593393,-0.027103117909067942,0.001989928495990556,0.02507549428415068,0.030681224874087087,0.0055242031467781505,-0.0005514717967067817,0.022698033410635032,0.04239652353964929,0.03174179172079694,-0.002710570050806216,-0.002710570050806216,-0.002710570050806105
2025-10-06,-0.011086219191363433,0.23708027557556832,-0.003309979598562607,0.029329260091163212,0.010734140809244064,0.0014398538426712015,0.0014398538426709795,0.0014398538426712015,0.0014398538426712015,0.05539304304232795,0.12149826661536078,0.013691136765800138,-0.000305857284195743,-0.00030585728419563196,-0.000305857284195743
2025-10-07,-0.0026948154076972264,0.03828966440477655,-0.01874034778788225,-0.05515600497855677,-0.03929835073147714,0.02195964639192094,0.0008105410591596751,0.045228799922455654,0.014329284744918125,-0.020448565003270303,0.0015745449436288528,-0.0009838986749935996,-0.0027377335105905898,-0.002737733510590701,-0.002737733510590701
2025-10-08,0.021995264931179426,0.11370622512583206,0.013960987585426743,0.028124410466037197,-0.014456766001684551,-0.014783232147732694,0.0066827151939106155,0.00490078129946192,0.022191444477156486,-0.03874815975161128,-0.01350845942118195,-0.03315621297468274,-0.0032871491126673646,-0.0032871491126673646,-0.0032871491126673646
2025-10-09,0.0182962524780399,-0.011334684142544904,-0.012576717821730976,0.012826916985783976,-0.007359757840947223,0.018057827474016408,0.007876772755977646,0.026181131464344087,-0.028058983326862186,0.011028683700335717,-0.0019023519686554025,0.005271649060352379,-0.005588725032359965,-0.005588725032360076,-0.005588725032359854
2025-10-10,-0.04886532988389891,-0.07724679265022871,-0.07286007545614237,-0.046981330527432474,-0.045230101212807794,-0.0019062697289967678,-0.0019062697289967678,-0.0019062697289966568,-0.0019062697289966568,-0.015978276348635356,-0.011287350839100041,-0.024786543125980498,0.05255798894874908,0.0829433599232896,0.1894672526807002
2025-10-13,0.028172088682583807,0.007073077317969245,0.053323789925740384,0.04539170057797981,0.05177365107871812,-0.01997910449677276,-0.02490976530052902,-0.03609456321389415,-0.02077940456646865,0.005978038245716855,0.005978038245717077,0.005978038245716855,-0.01685359302371181,-0.03547630182251338,0.06907161138739704
2025-10-14,-0.04402086350832335,0.0077164688248525515,-0.00024715946171138814,-0.005877506988993142,-0.0015030689813384512,0.006213912537198718,-0.008445227757903573,-0.021061199096408356,-0.03268033552137217,-0.03109721474451277,-0.0491817673755196,-0.003075931900053508,-0.01618291729260868,-0.006375545963822726,0.007555779259575068
2025-10-15,-0.0011108832013667636,0.09404378976580152,0.007604738282406043,0.04303592387978772,0.027085609127273313,0.028308097471683613,0.007895955395579302,0.050390459003892385,0.06394040131512946,0.026887776996160184,0.02620328707587727,2.7604558834326554e-05,0.03467998186752985,0.0243180079499854,0.10074754576840972
2025-10-16,0.01101039928627312,-0.016932139319263628,0.006810993411831667,0.0006151461453625107,0.009684996540226365,0.01610576532192476,0.013855337338827711,0.07844710681216882,0.00242080946509704,0.04580935628231764,0.012248613876979064,0.0015929275519139807,0.03518503107742488,0.07805004175260022,0.03847563303379298
2025-10-17,0.007755344299286593,-0.006309668071894259,-0.0038396345917217634,-0.011988379310358788,0.00949400548843693,-0.023636079070790017,-6.86004730877654e-05,0.023428482022322727,-0.022023213251950335,3.697880947894916e-05,-0.0299617353149646,-0.010476500089819485,0.0051402046531745516,0.03190470930875633,-0.0256707012669094
2025-10-20,-0.0031655547088021985,0.032091967001788735,0.021963905601715794,0.013956179354378095,0.012513710977366088,0.020356416195866256,0.0071897535556755265,0.020074927411245946,0.020074917196812647,0.03881794735413058,0.03257214044917678,-0.009638294755365928,-0.0007944445334838734,0.04001136006663342,0.04622113207090117
2025-10-21,-0.008103394868217983,-0.01051712173667041,0.010716112472668904,-0.009336829345161557,-0.01643717122066113,0.0008040246363920645,0.0008040246363920645,-0.024216075979517804,0.08286995735736125,-0.021468909058924512,-0.005451802387625881,0.010689969854890347,-0.006116159885577344,-0.013388283854285143,0.002009304106811882
2025-10-22,-0.004857650244628253,-0.03276899168911074,0.0026061419464147306,-0.02407080274981732,-0.013121696694296858,-0.016086091201063413,-0.010050997850907128,-0.012837452687126882,-0.02288745577704321,-0.0067206021017487405,-0.024481387674258337,-0.003939257677390562,0.0035069468431512263,-0.002509194987224461,0.004914622660364021
2025-10-23,0.010428245272369407,0.02067501999721233,0.004489883370298209,0.035863357460855116,0.02455586444300062,-0.009039514007094462,-0.028463037490165544,0.013304516585846748,0.0072078778611706085,-0.032929823021503046,-0.03752095862526739,-0.008495295962336336,-0.021065556474895053,-0.0059943647256033294,-0.012966823772319613
2025-10-24,0.022507573914282597,0.07630108624472043,-0.00641064890440024,0.0012254996503890947,-0.003193725317836238,-0.0009715547534877578,-0.0009715547534878688,-0.0009715547534877578,-0.0009715547534878688,0.01383996418803024,0.03294694176999213,-0.003230393085872696,0.01995524388756742,0.061792610493390354,-0.0024559019906889024
2025-10-27,0.02807914078902085,0.026688341403039884,0.11092702326622961,0.011278713119958761,0.026018779733092634,0.018759810088330164,0.028938841684772898,0.03120974628627793,0.005571727253067316,0.008529139914725148,0.0620864631497795,-0.03958601102922288,0.031576770049512426,0.04819476435220116,-0.001453938038851521
2025-10-28,0.04981991068259206,-0.006392743005619872,-0.03543270655878339,-0.01595131680056161,-0.007075616139633589,0.004183920631959381,-0.007507089956301338,0.010075791718774374,-0.042884968859522976,0.029588625933840484,-0.0017153431166953004,-0.008827382310426679,-0.02041959953762018,-0.022085036974696437,-0.039438414991946114
2025-10-29,0.0298959843276152,0.02449508378524401,-0.01303648056273532,0.0356264548977816,0.01924963994955564,0.022276499138262906,-0.009529506173325708,0.09073730706622896,0.0038557893112640684,0.039611379322648244,0.2284823539433305,-0.002928403987573769,0.013591902821597612,0.07477273220941849,-0.030855431947363954
2025-10-30,-0.020044438573744605,-0.035902056960837925,-0.007891700898518317,-0.013573658375416686,0.004305011672824044,-0.003981677132291805,0.0036799854066478233,0.014045803824589864,-0.003981677132291805,0.008800575605417027,0.00024824050469196557,-0.012927760847460612,0.03724659557226584,0.01932214253123732,0.0397793375545521
2025-10-31,-0.0019715110218919696,0.005022754660535034,0.020534858796134703,0.002365091733725899,-0.015082059456870467,-0.005446592531963779,-0.0021314275425423634,0.09765542970320307,-0.011857207554395122,0.028141133825505316,0.030889906648738696,0.004429074207244366,0.03265363690669054,-0.0158519995414359,0.0013867478780238418
2025-11-03,0.021680040134361755,0.013782597401978514,-0.0009949628400477417,0.019776892872467755,0.007165577932888079,0.004995508738556698,-0.009280963547203203,-0.007710609722837769,-0.0016600646601721003,-0.0019132488973138129,-0.0019132488973139239,-0.0019132488973139239,0.031207229036118722,0.10667535150064489,-0.01678872024107536
2025-11-04,-0.03958815778988811,-0.03697281367375582,-0.04360345300552071,-0.03163518884436689,-0.03438247622678292,-0.007223412541716101,0.007567981497514031,-0.03226875726318745,-0.05686617636955227,0.017787341378108668,-0.05862413848818282,-0.002421244153103741,-0.056994846689162215,-0.05602926292582033,-0.01466084125230227
2025-11-05,-0.01751466251475131,0.0251149107932942,0.039805649717919334,0.046483292866258186,0.01321172689255845,-0.03039921657051825,0.01088674983419824,-0.01724209171041624,-0.10025506375800763,-0.036774940786914456,-0.05549542015794895,-0.01330200253191649,-0.048211709351136056,-0.01938428717894558,-0.05441720460380206
2025-11-06,-0.036524729969592995,-0.0726797120896786,-0.036278653672108585,-0.030553320349022695,-0.013940101820005046,0.0042723967737368085,-0.029255763883504482,-0.0034140548521710556,-0.03844925368797536,-0.006932959512489512,0.028032086276492008,-0.015798915136756797,-0.013868375643420028,0.024229567547466857,-0.030756740071579247
2025-11-07,0.0003720458402716176,-0.01750106737702306,-0.013337096073765209,-0.014816056455220994,-0.011892702340905448,-0.0061763353926105324,-0.0259642171257225,-0.026211942995263304,-0.03513479804311148,-0.006277972365915874,-0.048423372620355676,0.012497246766458137,-0.01866683463289298,-0.02743468881850586,-0.019510601583369036
2025-11-10,0.05793262806792199,0.04470327456340706,0.003979080545195357,0.021775881830381927,0.02146593109386319,0.01066548083029173,-0.007552082261918169,0.00038748369162378005,-0.020738696940528878,0.03679224038170248,0.03221143740787413,-0.0008194592667598588,0.023268095948666856,0.04044418720445808,0.014593454402098471
2025-11-11,-0.029590603550341266,-0.026477545570138594,0.014046671381969134,-0.027267264847297246,-0.0157587184771385,-0.00677971721340731,-0.007999982479319656,-0.002188183807439903,-0.015228433902645722,-0.002426162246350505,-0.042829125494044384,0.0011546569699716347,0.027350394605435202,0.019985962891687636,-0.0006648579188031079
2025-11-12,0.0033132668539088694,0.08997141289818633,0.01546160324597845,0.009008606854021384,0.014582991244789678,0.006907302156230255,0.004113330175650409,-0.004305563715080618,0.005235760712950732,-0.015047944084074505,-0.0018044165639296006,0.007253252746030281,-0.0064235761875129915,-0.00579150660128136,0.008197669439160338
2025-11-13,-0.035810076045957095,-0.04221873118363728,-0.012282771551673455,-0.03250552377151472,-0.016841288328916515,-0.013349577638097632,-0.0032127152890408794,0.016547385068665266,-0.008324395515564076,0.00327292573769955,0.0380616696173568,0.00584151490955187,-0.00846572723621064,-0.013630623345065596,0.01263245416087444
2025-11-14,0.01771372748265021,-0.004637881610482841,-0.002980013331311482,0.012453477373046251,-0.012629206907978974,-0.022461330576764693,-0.013978068563374024,-0.040754383895554414,-0.009670296352650043,-0.06026318442390899,-0.05466359765370077,8.634918173333617e-05,-0.05491895624744392,-0.08539711329709732,-0.05961801675225553
2025-11-17,-0.01877255795624766,-0.02548516408716195,-0.041556375689639546,0.011946438874417264,0.01292978888937757,0.029353666618330942,0.018668288704204006,0.007222577595167978,0.009407636179777912,0.045850470165098134,0.0243834578344726,-0.0020604205375325257,0.05084896360340019,0.09873545888763591,0.0694950810413959
2025-11-18,-0.02808152100624217,-0.0425328904232829,-0.010135032811945721,-0.015696781533538817,-0.015627480740744826,-0.0470343963713844,-0.06771329352447852,-0.04217864176839814,-0.08027663537883156,-0.058843262262203155,-0.0412668898105224,-0.036684662207279506,-0.037915715677399486,-0.06916135317346617,-0.08966145774824619
2025-11-19,0.028451698075282472,-0.029267403842426765,0.006361333424688587,0.04446520969498913,0.0351274013006615,-0.004825449257083392,-0.0062583290310856965,-0.02333205697831897,-0.02568903742405182,-0.02142828189948942,-0.007469279208421553,-0.012686189341222676,-0.009810609288654182,-0.010555641755632061,-0.0047170695219480585
2025-11-20,-0.03152478448099327,-0.07841645511066364,-0.039251097681378355,-0.06153324679024097,-0.05608422897245835,0.04034161511514189,0.01893744774436179,0.05933463344139045,0.010338874330189984,0.04345651140933349,0.07798238617541431,-0.008527097773028625,0.03567521387835182,0.00937542613408704,0.01651225460745076
2025-11-21,-0.009743183463424843,-0.010872757240610764,0.023247088471443966,0.017163853013071995,-0.014749643211694696,-0.05324411504083104,-0.03896681507554678,-0.06574047877843159,-0.029376972996830064,-0.07360922341559151,-0.1230561866827744,0.012453657683563657,-0.06220825619549186,-0.09197541737896109,-0.03223017944829942
2025-11-24,0.020516570258006794,0.055304761703659056,0.01077768074708052,0.030802240364069755,0.021984984050076095,-0.006792513302656289,0.004799469361475017,0.007610910725358133,0.09931059262880049,0.004346215029061629,0.004346215029061629,0.004346215029061629,0.023878530064428416,0.001834310491174218,-0.00041791112481026627
2025-11-25,-0.02591067541754899,-0.0414787167745283,-0.01066276091406626,0.05001946963366488,0.01558981930502168,0.026225677763938915,0.027565787597615632,0.0043217523966787574,0.05525471267229243,0.02883571176461186,0.04010288005362228,-0.003817939884810162,0.021922940942713964,-0.006748148666700593,-0.0006739896576972715
2025-11-26,0.013721642507320553,0.03934410526484089,0.011267493393505967,0.030974184121106196,0.03762889417685522,0.01889981680798236,0.0983745523830768,0.027185457996593998,-0.04759838973635755,0.00679919953275232,0.024544752269024972,0.032951633467185326,0.04227121176477611,0.016484634732047976,0.0772016123348589
2025-11-27,0.0,0.0,0.0,0.0,0.0,0.0009668878489073052,0.03536088598549969,0.06449092833778924,0.007094366004242181,0.03234345316960807,0.048757668591150605,0.005789921395530806,0.0029275140897853102,0.034905848689451346,-0.036414383081111446
2025-11-28,-0.018084887277757256,0.015356577678195427,0.017863634363719294,0.009121115298385218,0.018281133352600953,0.0013757449988958115,0.03885729209028277,-0.006430519250877786,-0.016487704210932708,-0.012093071567536917,0.00779400273048414,0.01219774797843809,-0.022879329770067236,-0.019608673835322388,0.0006215151542279251
2025-12-01,0.016497230579703537,0.010251439985533128,-0.00029742069802896065,0.009910818220871365,0.026405546537678237,-0.02277431989719647,0.03378888306139949,-0.023725671040631502,0.0046533643301769345,-0.0030750176521422423,-0.04034130617264109,-0.007522304679616898,9.722665756761728e-05,0.012171584619382392,-0.01820722771937755
2025-12-02,0.008559369400260808,-0.020567842767812206,0.015829664329985782,0.04153076922938359,0.019108672531777282,0.013567260188032781,-0.021357018672529482,0.017198168712996287,-0.000608363780885468,-0.008073141518118887,0.007981922340334568,0.017455164146824798,0.02261883335390369,0.03396473075705697,-0.012924673341734638
2025-12-03,-0.010305367131387855,0.010964507294748849,0.02560048515105251,0.012437388450522002,0.028986815396661036,0.013792286128697429,-0.010789744904492693,0.0019966785225826733,0.013016462345573965,0.04560394215815666,0.05131391396241103,-0.01047734778887821,0.012573681197663333,-0.008858218136900908,0.010229650336600837
2025-12-04,0.02116044945059037,-0.0074449004160684895,0.0009759744280364302,0.0030152881578418,-0.027030860354816832,-0.00067000751314783,0.006369245493626385,-0.0015911181158920762,0.011939729525367593,0.03638294929771835,-0.0031916452738209866,0.04397302212259513,0.007341244890134879,-0.016554417067529026,-0.04292474839417226
2025-12-05,-0.005289522900729926,0.009213841710018711,0.0026382814703227453,-0.005344346917922627,-0.009557820715795362,0.008760302138327125,0.012608297786340872,0.011533075719083241,-0.010633093482042,-0.020327504595203938,-0.02437476017435647,-0.01254820228391329,0.02625000240924602,-0.0013202524066059373,0.02071891066616094
2025-12-08,0.017214022376646154,0.014405649273126597,0.002860235705147929,0.0005970323042421288,0.018390510050259712,0.02695209898649842,0.013466761894463497,0.031130156892975824,0.0016021505598819985,-0.0006719470528281368,0.001197462057093368,-0.0008591312177277377,0.010538740644241873,0.06107245233325043,0.01970624655436204
2025-12-09,-0.003125876875773148,0.0023065194040439163,0.003935971510695024,-0.003803667333126093,-0.0073681257775873865,-0.0065614014070548565,-0.010430462391667561,0.014070426522292845,0.0061273710963121175,0.009691485479881745,-0.0029879242760156854,-0.008000291083980593,-0.00782099629502897,-0.016859707328261364,0.0014216645874058909
2025-12-10,-0.006433489130266867,-0.000902431877306209,0.03528416276666291,0.029984132864782298,0.007089966124051994,0.017339062603350275,0.028621237851789827,0.019198055270924996,-0.0021655576588257563,-0.020241316630643547,-0.011488733194153,-0.003846854866549898,-0.0032964054287620836,0.03751220873142169,-0.001254376518469713
2025-12-11,-0.015507749510496383,4.513823014451468e-05,-0.005158916730688579,-0.018317260420985693,0.003144756644974267,-0.017666478165320187,-0.04224538207098627,0.00238116310154024,0.006306939987284155,-0.00907904417061789,0.05119282941699721,-0.03292112552401105,-0.007232215292892641,-0.03820587361635197,-0.0015807601038346775
2025-12-12,-0.03266449001911087,-0.048096437920576274,-0.0164397089644579,-0.040353889805631815,-0.037396111155295286,0.003473670595485867,0.003838149118018608,-0.0073830462342598935,-0.014971409108224254,-0.03235726844047049,-0.010703680996763776,0.05052757867625246,0.013662629545279081,0.0093758445415284,-0.007833991526885797
2025-12-15,0.007256197507397255,-0.015181691653736284,0.005440666494397117,0.007947190263293269,0.006448543348654745,-0.0246496939406442,0.0061583962225484346,-0.04330999316568118,-0.031978094450685446,-0.013464242211243649,-0.06615592518200042,0.02744983688798386,-0.038995231619151194,-0.031129358930481743,-0.015521889290405655
2025-12-16,0.008111694452662688,0.00765967975655335,-0.017516471508971287,-0.009300687329083956,-0.010819696572835658,-0.010616410795675213,-0.0002744553039371045,-0.021636112241887107,-0.013802493330255738,0.000141798365022483,-0.008586761907441787,-0.03577308459624429,-0.015454301748065502,-0.03978138025693112,-0.014933893775649465
2025-12-17,-0.038149918132835525,-0.05287564017503432,-0.021462645509980227,-0.040836001194243465,-0.0563357248989208,-0.007927183021669948,-0.0009529591571801888,-0.006632051377970849,0.05972606393055413,0.012849734526939827,0.01589481267840598,0.000482341644583828,0.04657274367140629,0.03661340454304818,0.02797031300856201
2025-12-18,0.018720044443348183,0.014890701828043085,0.01073469894439949,0.02106575657606724,0.020562736029812845,-0.005156132324911522,-0.008646804941866981,-0.03345584847321825,-0.043616610378673815,-0.03671011024919868,-0.03762008057175392,-0.0006453691209349355,-0.00430931671222512,0.00027886572286384137,-0.030679471803485736
2025-12-19,0.039336279676618124,0.06152389966871752,0.006085221415519593,0.011479307365158675,0.019019382393725692,0.0037443567739048333,-0.0033242499710579576,0.037654639097347786,0.011817371889856654,0.028761205900650344,0.020142066151866533,-0.0005849075034100037,-0.012323072849718897,-0.009299888880811014,-0.000244163810154463
2025-12-22,0.014917895904012823,0.0071217932091200975,-0.005877350060510489,0.010140006905966947,0.0009090918581817764,0.02480712286054354,-0.0067707540732667715,0.01122049737698494,0.017616591251919722,0.04904911516367583,0.030697432250594403,-0.0010958669914564734,0.039962321646926924,0.060789505241068076,0.0915391198423956
2025-12-23,0.03005070925675346,-0.0002326264362304542,0.003042087145157968,0.0047102913333734175,0.004598003274718376,0.016152059087152892,-0.008033904823520843,0.009868716944710032,0.008244591546033853,-5.810184115684347e-05,-0.013705362076219862,0.014424465574833345,0.006918062630006716,0.004769426574017022,-0.002112615577446464
2025-12-24,-0.0031711845381520165,0.000651462976382744,0.00011457572582274089,0.0021134441121177794,0.003465655276607471,0.004716273531151227,-0.005847982244400085,0.0013560016443798784,-0.009020723464730152,0.011185114848067057,0.029249822811596493,0.00736326243244223,-0.004820720865288952,0.005603138870114988,-0.02011189366623556
2025-12-25,0.0,0.0,0.0,0.0,0.0,0.0,0.0,0.0,0.0,0.017158323059006886,-0.018105160221927097,0.0073378946323268135,0.0,0.0,0.0
2025-12-26,0.010179749413702144,-0.00023245812188166237,0.00022877242778962525,0.004294815648713257,0.006785393325985378,0.007451641719018687,0.0010577130855813355,0.022964744405330917,0.020943791074728768,0.016540786698655552,0.02329641101456481,-0.009167019172561575,0.07651137146305986,0.041349101572606184,0.08785824252595242
2025-12-29,-0.012124095818556446,0.002883832277529752,-0.007894282288396615,0.004390926951792107,-0.006292147867187792,0.019386509691144527,0.03148508372663206,0.04998488165303305,0.0343646850989896,-0.0052898222684322205,-0.02529779940193544,0.0006737308233932815,0.030028331057089686,0.07229473519963037,-0.013050098942748112
2025-12-30,-0.00361277804937421,-0.001252280838999198,0.0012685035275561418,-0.011708735181193863,0.005759833016208971,-0.004562913432283655,0.0019860474835269315,-0.005997905086063016,0.029403616265033072,0.005521148498435879,-0.004467417147147268,-0.004470307588746447,0.007976878683362276,0.021881027732270963,-0.018498125853819936
2025-12-31,-0.005545531645618107,-0.005479672591475859,-0.01497259836000242,-0.01146287117585576,-0.0021266446419421214,0.022158608681233094,0.009433838493790647,0.008413278826013393,-0.009819465597884713,-0.0025572932610729016,-0.0025572932610727905,-0.0025572932610727905,-0.0022255031025032457,-0.0022255031025033567,-0.0022255031025032457
2026-01-02,0.012600619910229538,0.04347215819664707,0.011283242040432517,0.04622757590490423,0.08778724458624043,0.020623998818818823,0.02600505815959253,0.027969357942685402,-0.009288495834278376,-0.0020290077722652233,-0.0020290077722651123,-0.0020290077722650013,0.06747261016394357,0.03581078046154906,0.12972098004761512
2026-01-05,-0.0038655016095672234,-0.010694945078055573,0.019250807697222205,0.057462689878844175,0.055345487868533993,0.05177302029606956,0.03558881143446513,0.019520008322364335,0.02300992053697093,0.07428059093377626,0.07665905581966204,0.012902751854780181,0.07706580651504602,0.03032035855017723,0.16032537647788425
2026-01-06,-0.004677830570294028,-0.03044144957390582,0.034824963800490716,0.041115668686729556,0.011398857790305028,0.017198604591206257,-0.011008200785488587,0.0265663980377151,0.044565493178085225,0.013716804750899758,0.020304891561011784,0.05948861881414613,0.00225825532618229,0.03943772472904139,0.09416874410985865
2026-01-07,0.009987097761727348,-0.020200614451877374,-0.012386877364558013,-0.012871314962483726,-0.011044954832947984,-0.018141238207441512,0.002809439846602535,0.012328488257768111,0.08484716980165885,0.021602338649109987,-0.04440268760369692,0.0030984957601443153,0.015540442323114023,0.022462957398517114,0.015663921514705192
2026-01-08,-0.021521899209228312,-0.0254262045902639,0.009323446832829596,-0.036139532482903136,-0.02779886774308249,0.007345607175107904,-0.02887537011337238,-0.004094737846494945,-0.04124410757714225,-0.04039622260118447,-0.02458351764256972,-0.040167541935432594,-0.01640619844330571,0.018036607015001982,-0.005102058686224931
2026-01-09,-0.0009727536507572188,-0.0073773429786457845,-0.022488574432594666,0.06937932877390884,0.06661537612595936,-0.005992130103141258,-0.020282309570580748,-0.008501580847184664,-0.048451109676080906,0.03367887334679365,0.006503901645307231,0.014725539698746015,-0.0012799945739810914,-0.018546994298470953,-0.05319881405550764
2026-01-12,0.00043280183361860125,0.022247400271679707,-0.047868045099809575,0.02012080814380779,0.005769694009086335,0.004408062351196396,0.016043469180605285,0.03884395614929281,0.09726522718314756,-0.008024060700550284,-0.008024060700550062,-0.008024060700550173,-0.004979626652829583,0.003150744960911167,-0.05271854272511545
2026-01-13,0.004704239730442428,0.06394144457215001,-0.023512857326144943,-0.0077138275240064,-0.008640077864724427,0.012584342097583745,0.028443370173126148,0.023726413572946026,0.00922204941003213,0.08341686782326074,0.08653093839220038,0.06562710267472838,-0.015202998515985167,-0.02120375887905601,0.026577181520375248
2026-01-14,-0.014369520514437517,0.01190209018547117,-0.004537506159236315,-0.009774566318533351,-0.005070308542061364,-0.0014865144406543962,0.00859948036297542,0.015758968902339632,0.08242218182483674,0.023468092668715856,0.04103575926247083,0.01219493219423673,0.014029114017020117,-9.505072988380547e-05,0.020927901649954617
2026-01-15,0.021349736670481123,0.019320178656121012,-0.019144225055884867,0.05694108571737222,0.05371451802519989,-0.00836512229514419,-0.003318874688910234,0.01699837936678117,-0.04913167184890954,0.011555582719618984,-0.019934058613820027,0.02354815416977396,0.03274754020480364,0.016410078236403614,0.01936987679581037
2026-01-16,-0.004383850305160086,0.017155158360483647,-0.01220643457982351,0.024852863809171177,0.020253800358865925,0.027840722261578854,0.008355117416799507,0.015027094325754886,-0.022110170119310713,-0.011541620267706332,0.012543785436208266,0.004958383753016937,0.030561868605744724,0.005264114300518541,-0.012343646850658363
2026-01-19,0.0,0.0,0.0,0.0,0.0,0.010092575601953202,-0.01465635778536245,-0.016192208125459184,0.04031005754831796,0.007451495232433825,-0.021524232493710826,0.008504230406155111,0.0008194143589128622,0.00870029631610647,-0.007453720101144312
2026-01-20,-0.04381668070971212,0.0003881997031436324,-0.03355916625680411,-0.02684933962363889,-0.023922230524607402,0.010408815781006053,0.0018701073142821656,-0.00818210112030937,0.007893374492524252,-0.03003167746911173,-0.034395458756885766,-0.03114135787350536,-0.027421875218127445,-0.02744729470836671,-0.030383087153077692
2026-01-21,0.02948279737606585,0.077095571852271,0.014928272860255776,0.02202802369311363,0.025654742434119804,-0.023842796605022865,-0.017618769005861012,-0.021028241731269492,-0.019084800308658112,0.0032597236657279094,0.013361194358923578,-0.010005309107001037,0.025252833725381008,-0.008256706685680681,-0.0036574245536471484
2026-01-22,0.008291397296120495,0.01573255655632222,0.009144981310038158,-0.01983148673221158,0.02566746126179864,0.012846559736315433,0.015007081598656269,0.025424095742129893,0.02867375510051895,0.029389702965537667,0.047662130141063574,0.027603455310820868,0.027735356398982836,0.02929014878423497,-0.0017047823846469967
2026-01-23,0.015310543910665775,0.02345011251500373,-0.012547429651348696,0.011261359606800081,-0.00427233681887107,0.007464962736620562,0.09958926488605147,0.033708759715906034,0.04121292547685518,-0.018631716336941273,0.02946687614731336,-0.0038221482360839554,-0.00024174172446655984,0.01698405946485737,0.005185333833248151
2026-01-26,-0.006394170442939551,-0.032231959924759024,-0.008343080099424971,-0.009057659841195553,0.01750123023901029,-0.0017360267007554553,0.09326940271322437,0.02152971832958972,0.0010756841421006857,0.006067905598245993,0.023446737666871442,-0.011522646648566615,0.012769810856544384,-0.028163546023645125,0.0032991129590094204
2026-01-27,0.010993714284356582,0.002864992350872342,-0.009578061550766126,0.04147616678533761,0.029178837986148176,0.01199654184523169,0.0006017028324238893,-0.01980601878818322,-0.02882444301988729,0.03082425712993131,0.06422922813532073,0.010359602536472057,0.05143951188092899,0.0898456132657548,0.034009583552810696
2026-01-28,0.015913391112786668,0.002817151598246692,-0.0022216799260105224,0.01214273911483077,-0.021772358747850884,0.03332425153429952,0.013460653992823701,0.03534339407023901,0.006658418573590286,0.052480103383375054,0.036083067978141425,-0.10060464473856012,0.024202035527236543,0.05746568248189532,0.04734609085119734
2026-01-29,0.005169204870006494,-0.0022157664208721783,-0.003143360283535346,0.013630357234517998,0.022657604898829842,-0.013294145332547025,-0.005094400021080525,-0.01776835670871013,-0.018776795305662897,-0.060355775866997696,0.04726670355315288,0.0046016240075497095,-0.00822489558467876,0.02610206690335226,0.12066656707507972
2026-01-30,-0.007168418675203125,-0.06126575222843189,-0.00413881526033455,-0.055721551600590336,-0.02210072512703487,-0.019508411116353708,-0.014139665958075143,-0.044749039232763854,-0.012867616903376011,-0.0009146259393536527,-0.050855998054786355,0.04457813005514111,-0.0008879849658041117,0.05612596626398525,0.037225124694916234
2026-02-02,-0.028880943472342824,0.040299111718405944,0.006794680860474411,0.01886321987249051,0.012923442345349256,-0.012601292932033936,-0.038037971217714905,-0.023723992946489525,-0.0549583132570477,-0.052561048228993656,-0.05957530013845347,-0.013528870780958657,-0.0758900916449915,-0.0995387216309187,-0.12553551429203358
2026-02-03,-0.028392869459833103,-0.016892043651028477,-0.03564409591703421,-0.02962848963175213,-0.03157365943569823,0.020020588970698805,0.05298261173322594,0.03443979968625821,0.004415945959172829,0.04628257070961883,0.06931258510783578,-0.0003819230820408803,0.11082921967950599,0.08995748207115795,0.062463068161058954
2026-02-04,-0.03410213375324578,-0.17314443047898198,0.011618440291781607,-0.06611859212307569,-0.040655380116553674,-0.00821086501984225,0.002909398642471306,0.00177937287597274,0.009598393783709636,-0.02293067207654198,-0.023557790131161105,0.01443097240197333,0.013641623512866241,-0.003698436466070154,0.02017192548037605
2026-02-05,-0.013261403233346236,-0.038413518895165866,-0.08455900621632406,0.021471666407778978,0.00823668509146458,-0.013825062780539965,-0.019272783747306788,-0.06364522958700702,-0.03488995597550504,-0.024445275539392908,-0.054868649043376516,-0.014734567264628518,-0.0666187564381957,-0.07304952125166864,-0.053233551660070155
2026-02-06,0.07871771529462501,0.08280520748782472,0.007630179699874784,0.06092317496215682,0.046550008269923726,0.008763132944302532,-0.033644917946496045,0.07246430853917873,0.004573753250870949,0.02687689157026707,0.01240454690841375,-0.013645463690713289,-0.011549795226911352,-0.010724566298481841,0.005639858087487459
2026-02-09,0.02497159743538102,0.03626941791424576,0.011577054367129413,0.02499141745019484,0.011663091296136407,0.022046103162344677,0.07267672182499085,0.07640159455683904,0.02814852469020268,-0.013374893986748515,0.11190277158610629,0.03008904870032869,0.05512074114048526,0.06319681335231309,0.014897602847062652
2026-02-10,-0.007893055623999112,-0.01124996609157991,0.008349549677485246,-0.00453754084147695,-0.009797533186602814,0.03626567242646739,0.008637601339055445,0.05244779724515736,0.028692323861172486,0.029447497777434606,0.018903514053810078,0.04073741992197499,-0.0009688696361417337,-0.009787668001531191,-0.012053625334286555
2026-02-11,0.008009007297158588,4.6797333395076635e-05,0.00678131401079507,0.03285009719544041,0.015569959540069345,0.02128654775036054,0.008055032625607916,0.03322402404933289,-0.09121555507888901,0.010680915657757195,0.010680915657757195,0.010680915657757195,0.014295112844751268,-0.01609947330948369,-0.020419718919496344
2026-02-12,-0.01636413987360874,-0.03577113645542429,-0.01822165136884779,-0.033806009701243145,-0.020032979836726694,0.0045218350547879815,0.0045218350547879815,0.0045218350547879815,0.0045218350547879815,0.003056818793102156,-0.023588836058716645,0.06192609655891901,0.07257245373534271,0.04052302839067168,0.10822055416127041
2026-02-13,-0.022092733992482794,0.006701004498653074,0.01610450575080624,0.08075760839267154,-0.00018487019216850697,-0.00254324073867207,-0.00254324073867207,-0.00254324073867207,-0.00254324073867207,0.01968746950577671,0.014902408548654655,-0.0393449980998587,0.01687412112883635,-0.006746349479098357,-0.03120592448085069
2026-02-16,0.0,0.0,0.0,0.0,0.0,0.0015270220394871803,0.0015270220394871803,0.0015270220394871803,0.0015270220394871803,-0.014256381287773734,-0.0008312263693186495,0.02192116629475427,0.0009586562632604156,0.0009586562632604156,0.0009586562632606377
2026-02-17,0.011815603840902744,-0.020451501752714596,0.013717118326098676,0.011890404294261803,0.009362980074074878,0.001340690693159008,0.001340690693159008,0.001340690693159008,0.001340690693159008,0.013104257403339314,-0.016597062000599072,-0.03992557874973801,-0.0004929497004838579,-0.0004929497004838579,-0.0004929497004839689
2026-02-18,0.01627282163254007,-0.014575569663081156,0.004276826615400076,0.0283184173130957,0.03447006843055034,-0.0015616964315023907,-0.0015616964315023907,-0.0015616964315023907,-0.0015616964315022797,0.03251064936579118,0.009179903479016316,0.027047542782438594,0.00018056610270700268,0.00018056610270700268,0.00018056610270700268
2026-02-19,-0.0004255371370144312,0.016240256242745055,-0.013753117075493981,0.0026840043233684607,-0.0066655943831221975,-0.004855862215446538,-0.004855862215446538,-0.004855862215446427,-0.004855862215446649,0.018311765622332388,-0.04541748412508495,0.024249819333110878,0.04842676664565415,0.01577501439382445,-0.0050696466711712684
2026-02-20,0.010218296081220712,-0.015833216787204396,0.01139661132639036,0.015006929376541134,0.007306691447164448,-0.0015801657488896392,-0.0015801657488895282,-0.0015801657488896392,-0.0015801657488896392,-0.017977005899154297,-0.02295349368257593,-0.002142213532582149,-0.004719019725754059,0.055956105992894134,-0.010179331373367573
2026-02-23,0.009113803019584088,-0.01773663702835171,-0.017287193588649608,-0.004875061242493928,0.011159575790273601,-0.0056917748653744216,-0.03025681229193644,-0.013390288795845251,-0.04395701289047127,0.005319453420599807,0.005319453420599807,0.005319453420599807,0.018286590610804954,0.005099756207038952,0.020494438560518358
2026-02-24,0.006786818574511244,0.08769069022967191,0.031123124374489608,0.011725367942252207,0.007947591357948314,0.036717512299353494,0.01917768635013206,0.09577302787600228,0.04959697845521571,0.007621742263818954,0.042945861419747766,0.029330314618277065,0.03716043567441818,0.05769098248748028,0.03029685250624259
2026-02-25,0.014052276035389388,-0.013935633083487109,0.007183374056579428,0.04503480335823662,0.01916813496039782,0.027330981432696966,0.026541772228879212,0.021534286484657494,0.018723820559708226,0.03336549233570851,0.06635805538550099,-0.0073178542229535015,0.01906153822025991,0.014489869263128341,0.02299620752627085
2026-02-26,-0.05456124072866231,-0.03405106664984914,-0.0015773919346997456,-0.04868968708969679,-0.041080658020137384,-0.006505946057419498,0.04369935919397849,-0.0004154768261684927,0.008997826721239166,-0.021908331529129188,-0.01913741232424171,0.005351172185810604,0.08105775036999319,0.09145877315704065,0.29613753159890743
2026-02-27,-0.041646346652961186,-0.01703645957724287,-0.022185603289563538,-0.009102570389630027,-0.009044893510952279,0.0007136961414870857,0.0007136961414873078,0.0007136961414870857,0.0007136961414870857,-0.026566133647803913,-0.04324457606253107,0.03404062796312779,-0.010617912773372207,-0.038209804708276174,0.1698099274711995
2026-03-02,0.029854947906472917,-0.007941718911942619,-0.009342498700475876,-0.00032229791932769647,-0.018627336049570342,-0.01407016073126921,-0.027127783101607017,-0.04777778047964387,-0.03691839997496282,-0.015794166322933734,-0.043854456466049685,0.020064031771064528,-0.004296179152546098,-0.004296179152545987,-0.004296179152545987
2026-03-03,-0.013316571281988043,-0.03861644525980357,-0.02056288754325919,-0.056048166357044904,-0.043974918324019896,-0.02522416667088201,-0.0495835825600317,-0.03461269458312166,-0.01977149733980721,-0.025247939849692425,-0.006863459825639517,-0.03641832700346814,-0.10738976012585832,-0.12337733901605885,-0.1365497560107355
2026-03-04,0.016606504566419655,0.05823519535845123,0.00999047160904376,0.01833087488345564,0.028237887434624076,-0.04221970696704613,-0.05828422912333453,-0.09472519058086837,0.02811423335922414,-0.047959510661613636,-0.05073381680640321,-0.033089260417370814,-0.13570578509430986,-0.11462380056628863,-0.10063408464846235
2026-03-05,0.001638915171032762,-0.012965854807798327,-0.011686555439794022,-0.03138978064186404,-0.022160035423745228,0.022116510284717616,0.035369905068856955,0.08293836736689197,0.052501702860581645,0.03047316378693865,0.0474898637513792,0.05448794016503178,0.12966095329422234,0.12529833185091777,0.23862560941340938
2026-03-06,-0.030107830089031284,-0.03519681313548806,-0.009562128796353653,-0.06288054417795408,-0.055219346610075104,-0.013864971880505617,-0.01423238582854014,-0.04089781235354306,-0.016021868632215996,-0.0018257337659832729,0.0033317269898367474,-0.00013645113218885285,-0.0302002112107419,-0.03051672527102911,0.04530558709100774
2026-03-09,0.027162187518686487,0.05326612477333437,0.017834827112314322,0.043727302597284856,0.04998459432738156,-0.03920833564551418,-0.05358417917088398,-0.061279427490148586,-0.07945206277033467,-0.07392628971600601,-0.11528353010129566,-0.04972803475658549,-0.08082956841729827,-0.097908646509548,-0.08815673128211632
2026-03-10,0.011606893122936501,0.002713652415794243,-0.02107016401877604,0.02047563978711575,0.01913921997161072,0.02210911478855704,0.024033666430748113,0.04844737228869911,0.03384870798836248,0.032292767393927946,0.0563195038040778,0.02518721784722988,0.09735858361975502,0.13688830016503584,0.076381964994789
2026-03-11,0.006873796699033097,0.00787288361537275,-0.007988230898942517,0.015005224509007542,0.002370952397543924,0.04957605455926273,0.036106142686420206,0.030717024217981947,0.06640505360479798,0.010787329513860078,0.03190596227101539,0.006830787432410945,0.005470633824024462,0.012378940625067392,-0.04093598596961101
2026-03-12,-0.015535083686109119,-0.03461405201635703,-0.022144387858280767,-0.03930848989331981,-0.025312298052258875,-0.029499028737763333,0.010136042175816762,-0.031536824660389984,-0.09217602063464869,-0.0251699007265912,-0.021418865641144258,0.03452530189376657,-0.012768571691572861,-0.027867730421962333,0.01263986357752378
2026-03-13,-0.015780314308353027,-0.021998614254443383,-0.010140928556906625,0.012630888315130484,-0.00435788809787685,-0.013224978407867405,-0.038961276483455265,0.016708751274568723,0.0054939929782842345,-0.0362653335423998,-0.03548810895886889,0.019469815771529397,-0.020255736090384446,-0.018338127263358484,-0.033158201905929
2026-03-16,0.01647717218041489,0.016495177886520107,-0.0033123044021547976,0.013615111260619761,0.02219690676231867,-0.018945538770716697,-0.0140764490416585,-0.019926500164706318,0.010032569542097747,0.01881021754544343,0.018403191480598213,-0.00624065208344915,0.006993919925174286,0.04811405158427373,-0.03838541490703551
2026-03-17,-0.007040797336696936,-0.0013735083423845884,0.017002783571377522,0.018140893792608193,0.009886847499237073,0.02379948359168349,0.018603165732380633,0.020251772012178648,0.02968387439098774,-0.006568373611618661,-0.021809607901541406,-0.008190593563934367,0.036418298403749105,0.004481562508389159,0.011985814282914564
2026-03-18,-0.008409798772097021,0.01604609645177768,-0.008511260340401505,-0.008483174222885026,-0.024468003505355274,0.020633543202967175,0.0018817458212851967,0.04728866705002788,0.06971169753615603,0.040349921189659854,0.06876878242994566,0.04603369503115751,0.07822222109079502,0.09162189216816885,0.03603378671463986
2026-03-19,-0.010199568445272478,0.029128634127283615,0.006208345399475013,0.02214778685195662,0.00827932075500315,-0.033303918601383486,-0.03333412313446882,-0.033800878219868546,-0.023189921278440218,-0.02936184867434466,-0.05117231146631873,-0.05701379777301774,-0.05138906251754549,-0.05370772187683803,-0.026226880086948512
2026-03-20,-0.03281811115811839,-0.019194243481266637,-0.010511897820624672,-0.000419912743004458,-0.035963331238560436,0.0017596183445993674,0.019194487478572997,-0.0015038511550824474,0.0008022439856896213,0.011847485151029069,0.011847485151029069,0.011847485151028847,0.004800351888051058,0.004359147508889993,0.01857096800380531
2026-03-23,0.0170237820072745,0.006705363495001615,-0.011932197402933054,0.013247056316676442,0.03975706656596767,-0.023050463606422267,-0.05067302118401129,-0.04872002292705524,-0.06509120688818715,-0.03420006582946267,-0.05992479873344925,-0.054913229207959824,-0.074622641763044,-0.0823367618578058,-0.049555075165259255
2026-03-24,-0.00250518750288653,0.013272165673053449,0.002493081485587023,0.03372119980591903,0.02175789966552566,0.005012312581533118,0.0019199670043590356,0.014162652301547007,-0.017751273207403107,0.026538180134499045,-0.012254681868287598,0.002613167148402873,0.0311722871088429,0.07021739476782751,0.010985643712825066
2026-03-25,0.019863034004328428,0.07255202565872021,0.013056737819952424,-0.012433486866658683,-0.003951721924101537,0.01729996414478774,-0.001998409158771808,0.05653100744695427,0.040789608061535754,0.029880564679670263,0.046754342342258504,0.03704988699786904,-0.011641658249061715,0.0010739170572442447,0.0037291455383461347
2026-03-26,-0.04163858095780393,-0.07490806591890964,0.0014574943879710478,-0.08336492242485749,-0.0461944415676514,-0.003025410146214158,-0.018828902286106786,0.01956383470634293,0.009680597534259316,1.5919252157825525e-05,-0.023733686042017976,-0.004653245222596469,-0.04941345145007603,-0.06459797619793495,-0.07559288457079005
2026-03-27,-0.021723974181843797,-0.00873533268869564,-0.026275381479651694,-0.004076144836853146,-0.02033093637586547,-0.010686812162779336,-0.0029604737685843263,-0.015138403537234169,-0.01521962443311986,-0.03253696843949172,-0.040897910318573705,-0.02595806227885833,-0.0048993706543567495,-0.0048993706543567495,-0.0048993706543567495
2026-03-30,-0.014028147487508913,-0.02945696343986992,-0.00031465271358899205,-0.04167039355688873,-0.03724463630574326,-0.023415493727343528,-0.04871883878406602,-0.0014697744852613104,-0.02489897530739482,-0.00550966763820937,-0.053730157990290794,0.01797869369135152,-0.01820107593419884,-0.06347667981669725,-0.06211646260090897
2026-03-31,0.05588180888236938,0.03769638666974573,0.013457128858993306,0.0577803940481425,0.05332704653595899,-0.013149420690984015,-0.015154610760320542,-0.07251970676456065,-0.03961957808013661,-0.0390953952740406,-0.026046165990263215,0.009230911053951907,-0.05731512361454216,-0.08115585539728365,-0.04225791240630794
2026-04-01,0.007740860269023653,0.03332848784442355,-0.011647800621002014,0.035138441188610425,0.029473938090281093,0.057313687201559604,-0.0136660898060742,0.10241327983586723,-0.013533998483634346,0.06345955980460505,0.1155464955015697,0.04757442224936659,0.14392803888929318,0.1209881789380094,0.09891914705483407
2026-04-02,0.009331356375359201,0.034679573061694224,-0.0037711504523701977,-0.01506495897761817,-0.031277629073178215,-0.026213119635585258,-0.0020029485768015,-0.002002948576801611,-0.011657091758646265,-0.032742295707775315,-0.061756069384949375,-0.014973811716370355,-0.06476945403495615,-0.08005396174259427,-0.06940800004055436
2026-04-03,0.0,0.0,0.0,0.0,0.0,0.002000685229166743,0.002000685229166743,0.002000685229166743,0.002000685229166743,0.005433081377615334,0.015217819647647568,0.0008618223685841198,0.04570675796624313,0.05742872300580171,0.017556354505954275
2026-04-06,0.0014093304479019242,0.012321805405890895,-0.008438488581066772,0.011909172240715415,-0.010036193152742179,-0.0007789797441993818,-0.0007789797441993818,-0.0007789797441992707,-0.0007789797441993818,-0.003107797800771972,0.01555714200610736,0.009488612181305145,0.0370294160172977,0.011388675252583136,-0.030794943430465405
2026-04-07,0.00258955293576979,0.006131375004192696,-0.013202903458423898,0.004792767608828408,0.0018711591748998835,0.02920209256999806,0.004953579104185035,-0.02343365618473625,0.007649749197551126,0.002432904424974014,0.012926834708979484,0.0084306920867252,0.018559051479356325,0.034826855150979386,0.006893076156311739
2026-04-08,0.0223470271240227,0.046449729615055224,0.027726253761743536,0.08865118408984785,0.0877187084732598,0.04904453147792709,0.07550394875539235,0.08875050019557951,0.0589160483536717,0.10999968084371403,0.14295746434077472,-0.009823667737763109,0.07747792728104352,0.13428890192905074,0.11294509204361503
2026-04-09,0.010050504643715596,0.020791958904084362,0.0018822340752830957,0.03134396106334347,0.019415160516159213,0.008050930290599556,0.0022909189857243106,0.029100092971939606,0.03199329295013298,-0.004723384298064626,-0.01619472693993429,0.0060332292133420395,-0.01675784815997239,-0.01980468058606799,0.03446449385245498
2026-04-10,0.025664741901011645,0.03549693170279733,0.0024265665701461714,0.004223130159618282,0.02046059606997308,0.02284378604028081,-0.00017019914562554916,0.002380387081043711,0.09590283199792338,0.04076582519602567,0.004684757829995112,0.004708610489197351,0.012764864917423902,0.03207555342015489,0.002932196325992509
2026-04-13,0.003604892099032586,0.0073049648790664,0.02483222074477709,-0.009411946473350086,0.01482793689371209,-0.006290478621598261,0.027237409034385207,0.0609631495274916,0.017027862920129033,-0.03930593231938084,-0.007943174907755646,0.01255381164198055,-0.0301307849301502,0.006577520338592269,-0.03902201194789012
2026-04-14,0.038032865411783634,0.03338332225433449,0.012191317955561054,-0.00022746960296515795,0.012065136881278749,0.03676904489866484,0.06594968216008823,0.019606625375465203,0.006990805962673097,0.032216234753591255,0.08838519708901282,0.007894769090764697,0.031078014274849464,0.06441188210186155,0.030838742091177762
2026-04-15,0.01200957407583192,0.011957453661307627,0.0015808588795225287,-0.0034880429649292166,-0.024059839465704336,0.016154086364674747,0.04479874748103141,0.057215850756933584,0.03399880057133209,-0.001931275682636957,0.02438179286919362,0.01973043031743238,0.026951364443750014,0.03511905193478437,0.0439775339346864
2026-04-16,-0.002614769796708716,0.07802578269573357,0.010672717674795829,-0.011058685176575378,-0.04787518440079108,0.00018242710301308307,0.056313131752270484,0.00672262171550897,0.04419246195797255,0.05322058867849866,0.037590577946256865,0.014724685092202927,0.027560939162194487,0.013524860661069393,-0.013285258777928965
2026-04-17,0.016788441530004805,0.0004672064912309981,0.012865201088312794,0.018055888617737104,0.03471015831145996,-0.025484215413167144,0.016764603743927298,-0.017966341064184377,-0.06395545294098615,-0.04183132799195577,-0.028736301949829013,-0.0028578098301592636,-0.009490308252872448,-0.025927350388359693,-0.021398190891242397
2026-04-20,0.00188419663120043,-0.012356773807962962,0.00969172248861927,-0.013402505469263581,0.011439902673503699,0.00038995446158773817,-0.010164103419376236,0.04710387898728152,0.09420968171511523,0.005668165980780904,-0.02742048357003446,-0.01919105931133036,0.0017108731877086836,0.042697388025397354,0.010476255924569022
2026-04-21,-0.010788787118989118,0.034697136220384506,-0.01425248564873205,0.006919893629164786,-0.011872689714840234,0.013924491865189959,0.10171551494132225,0.024346937953913406,0.08517433166139177,0.03664095149709401,0.005693078256431061,-0.003921911292975144,0.01812301945949013,0.046806311463217565,0.02499927392245227
2026-04-22,0.013107830909409257,0.06668073349461201,0.0037622433052155735,0.023204000260046875,-0.010493689581793642,-0.00200113476397612,0.09588870608453348,-0.01680196539247647,0.0030139349105768876,-0.009415207391506919,0.02233056995532423,-0.016789959465166926,-0.01790514397136056,-0.011940008710139671,-0.01616021798519629
2026-04-23,-0.014123474389033275,0.006162245995661397,-0.015580321562908006,0.0010657474465567418,-0.01791276915379847,0.015124253215502259,-0.03439218770146413,-0.0005927501880359509,-0.046206170416267955,-0.0011603352724489646,-0.0007210917963155206,0.002588775108303576,0.037659301677910095,0.006948735893959723,0.005304668663454137
2026-04-24,0.043227788976992976,0.1391281985212871,0.11123564712299894,0.03250719235881383,0.02814206719039669,0.04837514347866789,0.09711927242294482,0.06567448379480623,0.015443034748632956,0.006501019628246452,0.05348641003433463,0.01395970605379726,-0.02358640109615684,-0.003790321244091732,0.005460513834387726
2026-04-27,0.04004417714781017,-0.03789423181707385,0.009472548848730167,-0.029205854754762783,-0.015182302777939083,0.039580681697277464,0.0028626002245257798,0.0018516500226868349,0.06834160161375635,0.028363553320434054,0.07111933081489274,0.02784368215633992,0.026427150997388127,0.06105428033007443,0.2684677546569989
2026-04-28,-0.01588104908680843,-0.03412728464601866,-0.0017303690210435096,-0.05866227722607886,-0.03342540334744892,-0.02256313276371713,0.07338598202823254,-0.0004990951285867018,-0.06498302447512949,-0.04008384108753471,-0.054257575438401595,0.02039597699010609,-0.010001354772882776,0.007346303883171368,-0.016275632521316363
2026-04-29,-0.018389075111261644,0.04300607736136852,0.040000000000000036,0.003883439567965441,0.006875756238849284,-0.017590937753966363,-0.017086868691032042,-0.015919771892518808,-0.0775424430077657,-0.00122221797176858,-0.001222217971768469,-0.00122221797176858,0.01871653373252813,-0.004702096227120145,-0.025217167422028508
