Date,NVDA,AMD,QCOM,AMAT,ASML,2330.TW,2454.TW,3711.TW,6488.TWO,8035.T,6857.T,4063.T,005930.KS,000660.KS,042700.KS
2019-01-07,0.052940701262398804,0.08263156288548523,-0.0028269632861128713,0.017803619695169637,0.02284665343064618,0.026699475732439026,0.011839237550448578,-0.0010338514172738567,0.06917747232435012,0.05652821253543072,0.03866033968077054,0.035721794981650845,0.04373796526645002,0.015643052979088745,0.04673194828239935
2019-01-08,-0.024895397040561873,0.008750622646876982,-0.008681701144513387,-0.04052436383343805,-0.007360874491313618,-0.010033027498804525,0.013040394636125274,0.002984844138700149,-0.006140170405157908,0.014943645907749659,-0.005750283410573709,0.004799087124496726,-0.01853604738396064,0.0067113403931695625,0.016332449523893677
2019-01-09,0.019666685030483633,-0.02698792606951239,0.011796098873023464,0.04223594878901449,0.04148818700419099,0.02089626350305962,0.0175885795377968,0.01949727213125718,0.01982760056681232,0.01485995543303309,-0.02599945331240916,0.005077454721499786,0.03505944722450005,0.06986806948243363,-0.002781864626445585
2019-01-10,0.018586070234578367,-0.0222882987140276,0.0033564616042802697,0.01341133510672643,-0.00190279989591835,0.005747189752941306,0.0034189554466941274,0.015894808209697464,0.057755630102695354,0.03162090187916733,0.028443756895994987,-0.014570369454504628,0.007188309830539197,0.02891376859166961,0.015855250108819163
2019-01-11,0.024788440462355066,0.026849072583119193,0.012323844857703214,0.0005757555518608459,-0.003628238384653981,0.018577906869227112,0.004413243590364546,0.008293849397748021,-0.017586219382584645,0.0090655877289183,0.03610933396679128,0.0030708738891440657,0.019520169625691253,-0.001169735661606608,-0.0035169746720848938
2019-01-14,0.010817575566812065,-0.0019734047668471533,-0.0034783350018660064,-0.02645223611851133,-0.020552995978970534,-0.009295484751441596,0.017351179650457738,-0.0054345037194653,-0.0767316666819724,-0.0014752591956264105,-0.0014752591956264105,-0.0014752591956262995,-0.012923398200413994,-0.0478311086530564,-0.019463209090825218
2019-01-15,-0.003788927782470086,0.007414711909266458,-0.02739979652182467,-0.003248636746904121,0.003402603206755561,0.00986709081328363,0.0049125638118745485,0.021095467016325475,0.021006842689160976,0.034146019383429094,0.02873172329625695,0.023682377789536302,0.02310753806346133,0.027472880146218515,0.005243293427607876
2019-01-16,-0.006872627084628102,-0.031893996334483865,-0.008253941729000736,-0.00325910282102293,-0.012246260602673198,-0.015645345857841497,0.017365403080060737,0.00019464509443012368,0.007562625421614122,-0.007195329606311529,-0.042576797408131695,-0.02050277749907148,0.008156215255919808,0.012139190038447545,0.0010148540915362325
2019-01-17,0.01934969536677844,0.0263558271580544,-0.009046404598417546,0.026753855353591538,0.0016530509970296148,0.01586880462917284,0.002047772682972626,-0.006501999950455195,-0.00344791034673253,-0.023302854937164108,-0.0371662101463629,0.0008891911766337746,0.015346855622450972,0.004792707065467194,-0.01599569433508885
2019-01-18,0.034339542556950375,0.025679034951292534,0.009128989127640708,0.03387357956847681,0.03275369892434643,-0.01106316261941509,0.027465263057149913,0.010012680257951434,-0.03503301753178578,0.03703376601272357,0.017478129928932384,-0.016816624174918693,0.006741207352767953,-0.006203694257177483,0.012355781171895508
2019-01-21,0.0,0.0,0.0,0.0,0.0,0.010589256738417152,0.0012045008150796122,-0.0008427373682434736,0.012454090094171422,0.020682650554470605,-0.023655342677204594,0.004797198583651019,0.005934455915537207,0.032324160764079846,0.024136377223730632
2019-01-22,-0.05199763615909314,-0.048627838547028346,-0.017731048451257614,-0.035564217647036434,-0.019668305205299386,0.008298032733139005,-0.010961966351123231,-0.005843275866969533,0.008629060878966976,-0.017648897304135547,-0.010955675523767194,-0.01155131756921568,-0.0197643255642721,-0.011746045558709062,-0.02178171662819295
2019-01-23,0.0034954336853116885,0.002024241281143757,-0.04641713734671893,-0.0037749720114590435,0.016426595040378134,-0.011242819834720752,-0.004164559113576938,-0.003450930213292347,-0.011184391787969261,-0.009075267401734366,-0.006767048557083988,0.009227861074682986,-0.0016015635968825714,0.0049732438782259525,-0.00485163359562113
2019-01-24,0.05727119114661949,0.053030362872128034,-0.01854382525411169,0.10230254524993754,0.04182082711536572,0.00969159550633436,0.015147302929776396,0.0074810172104871064,-0.006907887619545416,0.0441143090969105,0.06018901382145869,0.008868835145967813,0.029390632135437356,0.059909486526932065,-0.0025954124540886747
2019-01-25,0.01463484005769633,0.05179855654419541,0.009643766137865661,0.03622451933772375,0.045944546493633,0.015204058768851558,0.013789499606904565,0.030130212194353412,0.09791563518157864,0.045840207668382815,0.047797084842339244,0.04362052726590404,0.03817881258574829,0.05682275678641946,0.018025659371858627
2019-01-28,-0.13824537184775265,-0.07979936049462688,-0.012865514285949842,-0.012503181200441915,-0.014208105854576658,0.018751963859165555,0.007432675343499229,0.005405769350694145,-0.0015279822223868145,0.008297424901790196,0.0026331056022859123,0.008324454762812739,0.014573564622527568,-0.030009810732665954,0.039183938509814054
2019-01-29,-0.046445911382955174,-0.046085247329617385,-0.024486501659713666,-0.012919740256507883,0.0026412598856702107,-0.03090916086100004,-0.014639389280637016,-0.012489872961083281,-0.021646051792507004,-0.022858142817925087,-0.044802372553345626,-0.0022873230725133364,0.008464812530879717,0.02074153055806227,-0.022474992790810888
2019-01-30,0.04399691311786058,0.19948052740716316,0.01558704919285292,0.03664936867670532,0.014775740846997065,-0.0065155420172626766,-0.009958234404079835,0.001897058207974478,0.02678207995986437,0.008729462406938282,-0.004096749278780121,0.019170867086611088,0.0214495118794793,0.03575251945680047,0.028490649288516412
2019-01-31,0.04629144103099647,0.05716759142923933,-0.012956157224650156,-0.013131698991256546,-0.012190398647260237,0.0018878548768601622,0.0018878548768601622,0.0018878548768601622,0.0018878548768601622,0.02598358132566103,0.08328677158021103,-0.006608866274039005,0.002567112793836923,-0.018562818826200922,0.05010768988266512
2019-02-01,0.006817595354376982,0.004096697341041899,0.0018176380310777063,0.005885579109364603,0.019311027044425666,0.0012057207777427248,0.0012057207777427248,0.0012057207777427248,0.0012057207777427248,-0.013470578552522094,0.0036880019145033582,-0.00528854599313866,0.002029719121236395,0.024707158897119497,0.021460795485603645
2019-02-04,0.030747037569767377,-0.015503919402964916,0.001612319107924698,-0.01043002300226048,0.006445759473185042,-0.002502995906916494,-0.0025029959069166052,-0.0025029959069166052,-0.0025029959069166052,0.015555014497092179,0.005003404775617559,0.003955288057233997,-0.006035947156644905,-0.006035947156645016,-0.006035947156644905
2019-02-05,0.005161532221572784,-0.03398258281572886,0.02093006889782245,0.005655149426077921,0.01141705070596366,-0.0004548831520452268,-0.0004548831520452268,-0.0004548831520452268,-0.0004548831520452268,-0.01108328657922153,0.01232777127579232,0.006491823887430526,-0.002497481775743826,-0.002497481775743604,-0.002497481775743604
2019-02-06,0.020339940315822425,-0.0021449694640104378,0.007293351383926172,0.029652659871326925,0.02890798763844704,0.0015620532900630923,0.0015620532900630923,0.0015620532900630923,0.0015620532900630923,-0.002057865762601141,0.009602853125727284,0.00598552943368702,0.0021453691953312592,0.002145369195331037,0.002145369195331037
2019-02-07,-0.03647053040592696,-0.025365440532338912,-0.010763239520544587,-0.00893774308727735,-0.03082522079464145,-0.0018839303387498951,-0.0018839303387500062,-0.0018839303387500062,-0.0018839303387500062,0.016687485547918657,-0.018179499511999597,-0.01268933161826924,-0.005840262453737144,0.007900317335903129,-0.008716289249890097
2019-02-08,0.00508739605342079,0.016762203770963602,-0.005143541584487488,-0.0035065562713759713,-0.0001656769782111267,-0.0006816381479626266,-0.0006816381479626266,-0.0006816381479626266,-0.0006816381479624045,-0.05108235675670325,-0.03609408018198279,-0.026954652653575772,-0.03213262537665473,-0.043528868485769534,-0.012949450073421076
2019-02-11,-0.011608234106700643,-0.003904562063637096,0.010737943594374633,0.00301641785608453,-0.014082976200010977,0.03127248368818858,0.06748547557672158,-0.02038146558185061,0.006504596899050696,-0.0004917662844255988,-0.0004917662844258208,-0.0004917662844255988,0.005242747253615843,0.008944281922183217,-0.024151076961112627
2019-02-12,0.032229528009484865,-0.006097534635492008,0.016328889829622106,0.019799524680182534,0.0239190995633356,0.006909705596078064,-0.009538943254617127,0.023616939860180652,0.07848482140851298,0.03836222398579503,0.04418385939852576,0.026233644654345634,0.021386714736839396,0.022343256219928165,0.08477818493999778
2019-02-13,0.011311828140321278,0.0013146663911793866,-0.001355038120459895,0.003931944622179495,-0.0026263227536943434,-0.001599239807813846,0.008601900838489218,-0.00888004729423364,0.09652076296040035,0.03081441981606381,0.041643188025142885,0.018050050985979116,0.007484237219187895,0.008182527780296489,0.041974361109453184
2019-02-14,0.010792634330911488,0.012253775694635927,-0.0003876538848419653,-0.0034268257132443747,0.011079987315585127,-0.010661350341820142,-0.015432128759522601,-0.015341500959963339,0.021198643851614296,-0.0076809462696534325,0.012053442267337955,0.000649390829718266,0.025009621835553997,0.012656630117563461,0.007117944998470183
2019-02-15,0.018184198978327126,0.0237786927957222,0.007950515546822468,-0.03954805059026523,0.00021717999554438094,0.0010058122120815138,-0.012706568353282433,0.0027081963434185674,0.0066773402398436765,-0.009593828781445657,-0.001345380348583336,-0.004455986666352274,-0.03446184236433525,-0.05038229651995252,-0.025273228246658674
2019-02-18,0.0,0.0,0.0,0.0,0.0,0.013511634057217892,0.006246177261758357,-0.004802878188770676,-0.002525777008792085,-0.0008636573561374705,0.007944304858271467,0.009544702464993726,0.005923074367597536,0.014884759524853353,0.0061025984525791
2019-02-19,-0.004448799472669629,0.01140204621131935,0.000576942979050088,0.005115111592242094,-0.010359449504705132,-0.004541589145317104,-0.013998786566702504,-0.00019470824337519677,-0.017140535298614812,-0.004961585999083695,-0.003562773850890655,0.002913775982805289,-0.004499998831684726,-0.012483041536057726,-0.026506231133554103
2019-02-20,0.012193258318520694,0.0,0.00846021528766605,-0.0025576326203056166,0.007618041063095049,0.02531481508596456,0.023295055912541107,0.03202285250562786,0.012776062759910278,-0.009627682663115755,0.0009120810752007991,0.007415630984636046,0.023277765065905953,0.02975647795181291,0.020201134338078575
2019-02-21,-0.017533710660533663,-0.0012526382333953867,-0.0019068347289102894,-0.004359092991113589,-0.007179766913604002,0.00810317415571249,0.013270791657267411,-0.00869673450809394,-0.03449872186164993,0.007179581444579197,-0.023523942688025823,-0.0063194423776036235,0.0007984824851452466,0.012939191532253203,0.0031917213502892228
2019-02-22,0.021955254762686893,0.018394671097584192,0.014708697755027922,0.015452187770590653,0.012929562473538603,-0.00022727911721076577,0.019073148997463818,-0.0018965177395532384,-0.007578657005867795,-0.01942610829365443,-0.013859243684539946,-0.0018943041753568535,0.0020884672407708305,-0.002161680966207391,-0.014777922505846974
2019-02-25,-0.003140733269117457,0.014367753093255775,-0.0024471745607528295,0.005833041911467163,0.011358059749286387,0.008044300135507942,0.07188547822803604,0.03854277360983982,-0.017600578455351568,0.007164761022361521,-0.00019454059315782146,0.0026737611672977835,0.0058884838206860746,-0.015337511320507424,0.029624687538012395
2019-02-26,-0.010019564841513784,-0.020234723534012233,0.0007547381594927849,-0.0020171945310742956,-0.008717240678236426,0.0066953973630810015,-0.020856747953107546,0.0407286562702982,0.003412667361946342,-0.010775065225676062,-0.002849774441304409,-0.013215164767795495,-0.008155534275415377,0.001909410392670674,-0.007940557420188843
2019-02-27,-0.010757390073662498,-0.030152811641555255,0.00018873517676398777,-0.020212407887792105,-0.0066895977153348385,-0.0026714840594401768,0.012065577372978975,-0.02537688478528044,0.008445790344834503,-0.0014074105539787496,-0.0009619186570593019,-0.0014093617395096736,0.0026024429836468688,-0.01739626089749524,-0.0042960846445460055
2019-02-28,-0.0063769437911465054,0.0021295206722315996,0.006598569072613136,-0.011345962134716614,-0.00678902897332323,-0.0007798085425320123,-0.0007798085425321233,-0.0007798085425321233,-0.0007798085425321233,-0.018311872038074384,0.011085124071857022,-0.016654827008827477,-0.03598613788723204,-0.05088478468404889,-0.044565842617844575
2019-03-01,0.014196940699783722,0.0063748242308978575,0.015171607894039818,0.005738245387885588,0.012249139555654098,-0.0015571884673258873,-0.0015571884673257763,-0.0015571884673258873,-0.0015571884673257763,0.010997596569001677,0.03645224275083758,0.00446746609407378,-0.00811228705667244,-0.00811228705667233,-0.00811228705667233
2019-03-04,0.0021093233640185893,-0.013091193494394693,-0.007749132907239997,0.013485538213963588,0.0029713171623686474,-0.015028114736055143,-0.01109931237521622,0.013913771142235243,-0.028736544663334418,0.02843332556305822,0.02970265081155743,0.01299566079750325,-0.007828946976113249,-0.0008736312360140275,-0.015553106229313718
2019-03-05,-0.0016585861708009464,0.005562651095346149,0.0029749440612603095,-0.003837940891895819,-0.006086548674472225,-0.010647845356440477,-0.014472322630760814,-0.004734433051059472,-0.016928856615314958,-0.021856193219164655,-0.02577856169143955,-0.009598937204706726,-0.01454980076920942,-0.00688692473381225,-0.010968123997411428
2019-03-06,-0.02855861394535064,-0.04638298521650597,0.027757130545278397,-0.022091327018650242,-0.018262592951815204,0.004552798033916838,0.025907177034119266,0.008135413256074253,0.015888753669354827,-0.008835614147108761,-0.0026084032954157843,-0.015115458047852637,-0.0039282173527773745,-0.021263506542310018,0.004208023549988393
2019-03-07,-0.018349168177066333,-0.014725565638241789,-0.014051183577682758,-0.013133723314980972,-0.020092827975173533,3.2419172476094715e-05,-0.021396848102605892,-0.0140304001064111,-0.05689277926492364,-0.02741372662068764,-0.022594990899039713,-0.020705313467220043,0.009510182868230244,-0.0007098924828082831,-0.0007098924828083941
2019-03-08,0.00924563259076483,-0.0031702760446599143,-0.009254142750106165,0.004525228196246234,0.007435598638106944,-0.019574700117034327,-0.026186487145892556,0.003799449446360681,0.01212134595467318,-0.03653747907338212,-0.05674598163449407,-0.018062227619086713,-0.0199015612589708,-0.02580507180134506,-0.0335650453951265
2019-03-11,0.06970281940434275,0.04316214655664652,0.01531849037844668,0.020402334522934273,0.012581517902212402,0.0026929022505550737,0.009868576506882665,-0.019965215599172637,-0.004307794056011005,0.019981981737151155,-0.01129246871616374,0.008709860409890968,-0.004294684723435749,-0.002370992054807397,0.0118060876555246
2019-03-12,0.008563760594848535,0.02308365452000105,0.009015885482077213,0.005193529341202208,0.007841178070653765,0.02099779480686914,0.001171221304048009,0.010567069873073986,-0.020052251027138368,0.02561500676934103,0.00846470736486249,0.01728049568232115,0.02588530150850077,0.01947405545280434,0.017990856301886904
2019-03-13,0.03753401921734789,-0.004682869792396183,0.010028921858523443,-0.0028417515413494687,0.00010962794645297258,0.007184275239675797,0.010059105506773136,0.0024004734300284714,-0.009083279702180924,-0.01930359263652892,-0.026304175513116257,0.016448993406037005,-0.014867722887033419,-0.010230275788022491,-0.0006103620886728223
2019-03-14,-0.018147346383754925,-0.023952073825652787,0.00018072676831248913,0.008549762514259429,0.004163789360737136,-0.01083699351978018,-0.002122348476371383,-0.00029132503317308434,-0.023579011610610157,0.008119780817602118,-0.02556766350269979,-0.034227971256313716,-0.0020537950577294017,0.005415771873808373,0.09192887722718446
2019-03-15,0.02567029931641196,0.02059602221685064,0.021660655970743514,0.0375027627308373,0.05193946110563963,0.018629614965183006,0.012287175966541719,-0.014827740032299142,0.03520552912884911,0.020150945776031604,-0.0033151122536184685,-0.003537393741622985,0.002805673482906057,0.006691472390339515,-0.06372274836182235
2019-03-18,-0.005064337888966763,-0.0017175145536673098,0.004063484257870176,-0.009656076850338313,-0.011254667914418426,0.00915149208323851,0.008028879201011696,0.010446370998754784,0.0007769810577908931,0.03331268451304803,0.022266772179400762,0.017720923731702642,-0.008963926088239371,-0.0020411543045572023,-3.7351907676175244e-05
2019-03-19,0.04001147766784974,0.11827956989247301,0.002463452980398406,0.00924998318361725,0.0008917977301319269,0.0019475684540517513,-0.004998589281004273,0.002429253778581275,0.018892641106107666,-0.006287339517412671,-0.0011881127854530549,0.011268689564810641,0.005935639001335868,0.00430650336705507,-0.014350202665555756
2019-03-20,-0.007455270835472594,-0.011538432194636461,0.0033351827935812484,-0.019816470689441035,0.0017293619412754868,0.005419873797601449,-0.004438682710785291,0.005572477130430187,0.015382600844313199,0.0077724245807844206,-0.0014849551077581458,0.005192204279900858,0.0047313230755565705,0.03812277901173533,0.0025371391140880384
2019-03-21,0.054702093195489576,0.08521395181696101,0.010671866946812436,0.04447828744088467,0.01684642288497673,0.015947679872796217,0.012408531718153926,0.012591069922127662,-0.01610591812239115,0.0066961620272099065,0.0066961620272099065,0.0066961620272099065,0.045229436785786836,0.08111273917855089,0.038610957450450956
2019-03-22,-0.03501169661139858,-0.05449976994188088,-0.016444593907349758,-0.035567387559247265,-0.034009121461943015,0.01064203666764496,0.021828225316313787,0.032924261228721496,-0.008042250923229188,0.050524775450630166,0.0603801799847663,0.0014946807351920999,0.012773190989880057,0.00017268225993216646,0.005807433327731815
2019-03-25,-0.020957606745231727,-0.01516880975156365,-0.0031680460712344427,-0.011540335797130541,-0.007563206516777443,-0.03053031595603206,-0.028774013583713454,-0.016053466704457064,-0.031769916263637565,-0.014136906714277364,-0.023478833238838592,-0.011351778442397098,-0.02890210293263229,-0.04826987421600726,-0.04730555734885655
2019-03-26,0.01778099215222828,-0.01078162443973929,0.024011644568297852,0.005837275158002031,0.00515214997871305,0.012056863032616327,0.017989765534462077,0.040213885813702,0.010118860389078943,0.009701973622761262,0.019712790200217656,0.020463601015775712,-0.004363060616588088,-0.0016089373908823035,-0.0062146204585362685
2019-03-27,-0.0020917099777955084,-0.0311405655032434,-0.018793681803763174,-0.01766286052941457,-0.017245918432431617,-0.010984083518003063,-0.0060798495203804315,0.012577581725147224,-0.01742778101136555,0.012109083328869286,-0.00955693381310474,0.00786051651804609,0.002139066830331604,0.009557659899845472,0.009792996387453234
2019-03-28,0.004248907671799085,0.00683005546254245,-0.006325521601792561,-0.010789088525522739,0.0007603099678683556,0.0006752406213050843,-0.012110961587007418,-0.011612154651239326,0.012171176531928563,-0.014506350886593689,0.006595114575040029,-0.012773385702850915,-0.007245835541336176,-0.018940159841913218,-0.02711981223615434
2019-03-29,0.013032749956529699,0.018355985699299415,0.008488194973646168,0.02986250126549539,0.02090135747443611,0.015482223065445666,0.02272637877449668,-0.0019522547885150177,0.016095130692725945,-0.001640604914608379,0.02373734024601326,0.010871592014042752,-0.000790419258336672,0.030061102195700018,0.0049396826894578805
2019-04-01,0.015147716290809576,0.032915365890298975,0.013677044563480178,0.03706485236531676,0.023557590881431834,0.0003890894638580722,0.011012612578483294,0.018173635638953467,0.06972296078954088,0.019824922368182563,0.01963094478343863,0.02416453765782345,0.006845942465809163,0.030183343760063597,0.03528076460885887
2019-04-02,0.003950366738449729,0.014795120660781924,0.004843384282304353,-0.0034035012989402924,0.007065670363499699,0.002751852659770959,0.018239707124048543,0.028390279097957993,0.006891422746188924,0.02906486808697517,0.04661231286999268,0.016589066024904175,0.019151521564096052,0.0009377684640301531,-0.004895493722777755
2019-04-03,0.030710412165726453,0.08485983019677268,-0.007058041347871358,0.035130365106221806,0.020119562934881596,0.0016426266566835768,-0.0003892775443096186,0.002442469685973059,0.013409070871464701,0.02824620778921849,0.02158403215078608,0.04215425944956297,0.015244697105478267,0.04238761796033885,-0.00932166846128435
2019-04-04,-0.001908740661055619,0.0024121190117174507,0.003120733296342326,0.00447791518368823,0.0032368228270633903,0.0013316995605006099,0.001331699560500832,0.001331699560500832,0.001331699560500832,0.007245480216234945,0.025039423913854497,-0.0008079028735822336,0.010052940468162408,-0.016297326163640546,0.027004751626725998
2019-04-05,0.014288684375683536,-0.0037813891294110613,0.0022468209010824136,0.009854599093169769,0.015172715264544667,-0.00016234731547770664,-0.00016234731547781767,-0.00016234731547781767,-0.00016234731547781767,0.00761543762529171,0.02073346347683258,0.017341505222257414,-0.00280750758865278,0.006968816888680562,0.0005121743641443022
2019-04-08,0.0043994176104902305,-0.01552791106621576,-0.003966239217988554,-0.0027881238976720235,0.01077517640206671,0.026502416611470236,0.013901241855247326,-0.0026953074791479237,0.02887798355480853,-0.016299605812906015,0.0045871354045499135,-0.01402089067149348,-0.006362530370136454,-0.015997006576936368,0.000273448145448274
2019-04-09,-0.013191737951764093,-0.04521559356748195,-0.005540121580878243,-0.02120230826026115,-0.009775848121519437,0.003333357971195161,0.016350522525000688,0.0022143472123332675,0.030246500555551448,0.008622322358061929,0.035282258150800105,0.014582833078487178,-0.0038734600538534725,-0.005152169288642483,-0.006239559785412907
2019-04-10,0.015005492030388146,0.02165933030636258,-0.019324446499280112,0.0038087093982999143,-0.00883080129119962,-0.00029200996250366984,0.0013770772187788882,0.013828252403446761,-0.01597944619226621,-0.0025681892534077377,0.0080524634590875,0.012884511562897716,0.001958597328971745,0.011177765193477462,0.021142012730078097
2019-04-11,-0.002914920859928616,-0.0014372622453598938,-0.007633747382914113,0.007113918449961565,-0.009409799705270117,-0.008549593436184888,-0.028995189279281575,-0.006248262783234648,-0.02964646689774353,0.005392426756901436,-0.0086379412920643,0.013576601271492184,-0.005973902329634684,0.0011434514228885195,0.0036974655177435256
2019-04-12,-0.007988054233459052,0.0021590307292453925,0.0187836404327848,0.012244089928721058,0.024809278973214388,-0.00045377736581997397,0.00640422546343844,-0.024252475897608372,-0.031783027809192066,-0.005982042103704011,0.008924373231190552,-0.008997908362000762,0.008453974855122226,-0.008270529762059109,-0.01491592447257184
2019-04-15,-0.02794567608446641,-0.01867147040003847,0.004038590254405783,-0.006513538109127692,-0.01469295286695016,0.0146123424718545,0.010942329988364419,0.019378091621204296,0.03309433467380196,0.0009256411239417783,-0.008446556123405724,0.005847087212361046,0.010967541034112793,0.027293241975979265,0.009044187888361144
2019-04-16,0.019003560917975948,0.02195391083588283,0.23207433686561107,0.023648210680380144,0.01891517620736094,0.005088421352335004,0.011017467944029136,-0.0007778624416757696,0.011153067100993619,0.0033233944335750998,0.003998223369243492,-0.0011271732396092027,0.004454676933031587,0.00898756374100751,-0.022154580444386784
2019-04-17,-0.004887556292297424,-0.015753688838165858,0.12249796335467633,0.003888299123451233,-0.0012768482370183465,0.01721308185246917,-0.038613815489661585,0.058846035681503706,0.01740210793934538,0.007499787205466957,0.054367846336659253,-0.005165663806118381,-0.006424733898054535,-0.004683238272979895,0.06623982266764616
2019-04-18,-0.0052863359291202006,0.006911623704603853,0.010242872024010863,0.0013672505015103198,0.012539037938869457,0.01479335678888516,0.011977160785719754,-0.011392232042548578,0.006191391706751981,-0.0006653761615247333,-0.018725443490168914,-0.003703319241395997,-0.026102218504496233,-0.0076629608395545334,-0.02455529198663431
2019-04-19,0.0,0.0,0.0,0.0,0.0,-0.0018819132105616365,-0.005311821265740813,0.01697584336908564,0.038504663204522505,0.023534535448979765,0.03470205594942377,0.003752915660018896,-0.01174645521878026,0.027455229429093064,-0.004047808831057265
2019-04-22,0.011647973457864502,0.018063583615875345,0.026035786349594137,-0.003640681482348418,-0.0019422786861932329,0.006094996474058867,-0.0030277594241886474,-0.006203287498726229,-0.02736768128205147,-0.010869522648303542,-0.006829616066801214,0.0035542051403110175,0.002524372310967138,-0.01449577402338953,-0.010184953463066804
2019-04-23,0.011672700309411699,-0.007452128798689839,0.05794790798289995,0.0009138000643615918,-0.0010707866610074612,0.0064409902821880305,0.0023864617857700665,-0.010393378953603594,0.0017841278675849725,-0.0026767996948104944,0.0028646203985227547,0.0017220024266852985,-0.008151068292811203,0.001321306502258368,0.06747208354259415
2019-04-24,0.002622465183784284,0.017518762357788376,0.0012686879560481756,0.01437339488167333,0.0005849382550098259,0.003276088097862395,-0.0021770778305308935,-0.016597237398939257,0.0009699308201234214,-0.01211091862487057,0.009546227211482572,-0.01134422878125585,-0.011654676124283059,-0.032527325556160336,-0.01808158126328452
2019-04-25,-0.0222839607366635,-0.028109601644260573,-0.020269663042334907,-0.00022484613330508996,0.003894410164827722,-0.007827331801369741,-0.007433067848807484,0.0045609034933797865,0.013348238073464413,0.007622553577570024,0.030652826256153398,-0.0013028337926443978,-0.013686911620709452,0.009929603100566897,0.019276115438263686
2019-04-26,-0.04718834577256481,0.007953699008247606,0.018455187663583894,0.004724396970961164,0.01656338309322747,-0.028006009888333572,0.006976806365397659,-0.006761422005228446,-0.01957612716678081,-0.006246941434476128,-0.08370461524994255,0.0009798239055234248,0.001237669472480274,-0.023112525523934835,-0.011819679377155445
2019-04-29,0.006962796823012152,-0.0068148720383161,0.007041090199045641,-0.009404363993159248,-0.0038126555807058704,-0.001244566285896087,-0.007947010095819995,-0.01985435203517183,-0.05078399437292669,-0.0004839089671380137,-0.0004839089671381247,-0.0004839089671382357,0.030114346271378434,0.018928233894189406,0.022859878632380815
2019-04-30,0.009312610736857074,-0.0021668967906741665,-0.012836905133700727,-0.003842873295062277,0.011675565104209307,-0.0016037158978220445,0.02815863116835504,0.001720957819690394,0.015388932558147994,-0.0007521659099007927,-0.0007521659099006817,-0.0007521659099006817,-0.007409233933819093,-0.01340363201007666,-0.015794808706536156
2019-05-01,-0.00292839057946781,-0.029677876211758325,0.002786267481887039,-0.01565688428513823,-0.01163653473066173,0.00016191498870266052,0.00016191498870266052,0.00016191498870266052,0.00016191498870288257,0.0025315796809277646,0.0025315796809275426,0.0025315796809275426,-0.003842623889413588,-0.003842623889413699,-0.003842623889413699
2019-05-02,0.015071657369122304,0.05520333752580098,0.0089155557785352,0.007376756368316029,-0.0022289383882410085,-0.0006471174177460348,0.007807901357833158,-0.014585112600226102,0.02011104249798934,-0.0005114922492016616,-0.0005114922492015506,-0.0005114922492015506,-0.0001215408934991391,0.020282539927778398,0.014968440557528329
2019-05-03,-0.0009822923062754452,-0.0024744291236282745,0.024672680755112975,0.005949730735511638,0.013353954192339534,0.023728868588095642,0.03748338946186003,0.018948096674448855,0.01945600359687205,-0.0003856609401218236,-0.0003856609401218236,-0.00038566094012160157,-0.014290661776909519,-0.004947973789187321,-0.01397137174638241
2019-05-06,-0.01726681111584627,-0.028348662527499235,-0.011647335491530075,-0.019335633329026214,-0.016820000420684322,-0.022799478550816654,-0.009869185900470256,-0.008493824551954021,-0.03581949846033239,0.007882643205202156,0.007882643205202156,0.007882643205202378,0.0023897169349125225,0.0023897169349125225,0.0023897169349125225
2019-05-07,-0.037475961538461555,-0.027717003164376197,-0.03456102685563667,-0.0245883076034491,-0.02183544663546344,0.013021386848968586,0.015846880020244924,-0.006084907539377182,0.02908619758755915,-0.027103816186969443,-0.023898847530950285,-0.040887713779673485,-0.013934698442440219,-0.010235016381670903,-0.04263602566433933
2019-05-08,0.004679092818749675,0.016129043797332265,-0.007746453534204667,-0.011177232361596734,0.0036872684359992025,-0.010388175901619334,-0.004085407190404622,-0.014944915643237189,-0.009486024920424496,-0.01928433880143765,-0.016307840311359012,-0.021407716675498123,-0.016115588390133828,0.0022180344175410927,-0.03627597442222663
2019-05-09,-0.021446563949364617,0.004429639394937457,-0.008989655876832314,-0.015391993220573386,-0.012113385482335426,-0.013716606590366998,-0.032508183220068876,-0.00882768376142129,-0.007502820730969417,0.0020813239039523257,0.000414077280899372,-0.018664877047467,-0.04140589534492767,-0.05426738357148275,-0.050547658100194126
2019-05-10,-0.008050120246003822,0.027563396737781742,0.024587728444652956,-0.003419696012572082,-0.001256357486327797,-0.003784387138684897,-0.006829433805646379,-0.010468305844764658,-0.0032960912519579555,-0.0024661662227075665,-0.00466763000916004,-0.0070059759955304335,0.004601239033153792,-0.026864338881111505,-0.0119975224529838
2019-05-13,-0.0614260347506822,-0.061516429530560246,-0.02271640453618018,-0.041912013208588283,-0.04176304948598142,-0.01942839314945466,-0.038184484163951704,-0.00955123115250256,-0.03306021403370796,-0.0246810815553008,-0.039265235127902254,0.00393348131686122,-0.0017895754862867763,-0.008084382606974083,-0.023042043894693665
2019-05-14,0.022657090863075657,0.041158534036833005,0.026701688225608367,0.02353584934441444,0.03990748147269296,-0.013341983379075661,0.0032777850838701106,-0.02295271455937853,-0.0023870442883111576,0.004889433567832668,0.017581453197297314,0.016115371254231903,-0.010748167243662121,0.004057238848991895,-0.015737962226031188
2019-05-15,-0.015181593213509537,0.009516845965817922,0.001509410880930817,0.03724031846605014,0.013078170582266235,0.0009179389452638187,0.00236456476472946,0.016852493834655258,0.006452781940035512,0.0206648726683476,0.05680389302505384,-0.004610424390839807,-0.002134728678610198,-0.0011302339546003237,0.029367491739265894
2019-05-16,0.0038224199914294044,0.015591019085035684,-0.03999533091124352,0.0038556144381614033,0.007526579976310233,-0.006085028653509905,-0.004947077659856247,0.009330174500798982,-0.05061378568377761,-0.03032221338320107,-0.061412098499789014,-0.0032170793231172112,-0.0227686717600446,-0.03417536501011398,-0.03375820583608247
2019-05-17,-0.02284778814763344,-0.018207790957315395,-0.01581911016772508,0.02496391042412438,-0.004650561642718265,-0.0256532493460927,0.006917210321412126,-0.04565228637148144,-0.022384700009996483,0.0007133178393803341,-0.029888691081371932,0.0008799477722185589,-0.01213010461900177,-0.007894498892915047,-0.0405894943308448
2019-05-20,-0.03053718620979351,-0.029818170720880666,-0.059877668756997626,-0.05503525470018711,-0.05328008247330396,-0.02014820481314117,-0.009155301887145417,-0.02241080639832571,-0.03300093009302141,-0.03397421684443813,-0.028935704551267594,-0.023718324879180352,0.016565397576392638,-0.012547107808057345,-0.02393048221392924
2019-05-21,0.02181212472681504,0.025112446350458617,0.014748215535733467,0.022800900258557855,0.017166752436795774,-0.01724513895476021,0.00127720089671568,-0.029890251337182594,0.036022042051815806,-0.017969327660125378,0.011445405958537158,-0.014841730092606809,0.027811559174390155,-0.0080470138387706,-0.021240913213784407
2019-05-22,-0.01844416304009877,0.0021937647204945954,-0.10855299481836045,-0.013882383668129439,-0.01145786753535094,0.017093781484026183,-0.010327023710584582,0.004792313328207953,-0.01120004619274484,-0.00875496998606562,-0.007609011549578271,0.01243502529841134,0.0081112190499113,-0.019914770968288975,-0.011065021565582422
2019-05-23,-0.03206330664121193,-0.03830715953687547,-0.01514940640958573,-0.013583627556206901,-0.004751144614687286,-0.03585627841019945,0.01329484837540762,-0.07528310731707377,-0.021693628033548573,-0.025870264425614575,-0.026891787845663484,-0.003396276008529875,0.011886995541575018,-0.009301601554822736,-0.0046131087046555885
2019-05-24,-0.014729957944590755,0.0030348984011268065,-0.030032347695116424,-0.011016383488645864,-0.004301813326435977,0.011082339803767827,-0.0190257171723206,0.0032000526943665175,-0.011817284276039008,-0.018914309117709194,0.003790059950108393,0.0036829323719340668,-0.026225902768473808,-0.005882344209997781,-0.012693877250990804
2019-05-27,0.0,0.0,0.0,0.0,0.0,-0.0072290676109934005,-0.01956817563107449,0.003075213547254263,0.00136631396081488,0.006600816905971696,-0.020376162155975153,-0.005332973171544575,0.0020322510547490236,-0.00718156866943076,0.01180564251252103
2019-05-28,-0.01253856684051946,0.09871401854326622,-0.012686931848501226,-0.01240486490127446,0.00626968583983234,-0.001593281786229972,-0.0012080193014492036,-0.004541305444196397,-0.006098207770016906,0.026014296548885874,0.028543042453544665,0.0017112452518985855,-7.503978566292258e-05,-0.012706293097331955,0.03066825978312937
2019-05-29,-0.02086106269888144,-0.03304644095301512,0.005966364001495528,0.0092278826401333,-0.01272312493639538,-0.007305263476256041,-0.0029797371345114954,-0.0029797371345113843,-0.01970823988341508,-0.02019389236472635,-0.03846421816374013,-0.004981784430207137,-0.021985512918151873,-0.0014161122779927648,-0.04283390972249801
2019-05-30,-0.007632912614247589,-0.00213597243205621,0.012621313431937953,0.00965217000734997,0.007053513554095003,0.004339228546843099,0.054734077105034196,0.0012346933963940376,-0.005587833019326416,0.03117842243182678,0.003250305253711838,0.00026700825005954165,0.013989249185696329,-0.0068974798790941705,0.010387556573329348
2019-05-31,-0.02623835267471819,-0.022119187443644606,0.0034539384531078188,-0.02666664206606517,-0.009689783624402204,0.020739673424106764,0.05019944775795748,0.021738179981301675,0.04581038458258346,-0.02339996895465757,-0.012629246058177834,-0.01954949197737843,0.002044137192604545,-0.005911482618563002,-0.001028187166121075
2019-06-03,-0.012402165535064569,0.006202118834013559,-0.0023943056533786145,0.0023261047654923317,-0.0056900516171798365,0.01237912521693918,0.011407883838874255,0.00509512702023307,-0.017961471256665584,-0.010259029257772223,-0.001699435228924795,0.0029853517906097693,0.031030548334500807,0.0203462270315391,-0.01659925963656772
2019-06-04,0.06891912587787563,0.07215372649104634,0.026852504821750056,0.042289959928727194,0.018611704443493027,-0.016453059753062105,-0.004945291288400044,-0.012090920644334813,-0.0020667742656983457,0.03421551698085645,0.02476761267408567,0.005282363341782226,2.4022411085899975e-05,-0.014625418522434153,0.01826181909150204
2019-06-05,-0.012028072548936675,-0.0023672538230181672,-0.011941311377832164,0.004205922039842047,-0.005565581075748671,0.010193447797718136,0.008037202271314214,0.018572232212649586,-0.0017764153576491637,0.021591119276653803,0.029256749839200014,0.020826994633936335,0.012332580323862752,0.0019556368031312665,0.020563408376042425
2019-06-06,0.017695371363771084,0.07864405745166847,0.008504424184126558,0.019462715500929484,0.017740296157630286,-0.011914099605326633,-0.018323277672170346,-0.020822612919497385,-0.019425064908156542,-0.02320213796552928,-0.015716129323089634,-0.0017674614454543658,-0.002282048143386728,-0.002282048143386728,-0.002282048143386728
2019-06-07,0.011962888588141318,0.018541802584739253,0.01627467072149491,0.0031416190178921166,0.020024989748657296,0.0009273849756559205,0.0009273849756559205,0.0009273849756559205,0.0009273849756556984,0.026871057328330394,0.04956191696451406,0.0007908778758172197,0.008321973092322077,0.006093507886214766,0.02254724747002057
2019-06-10,0.020137575060653612,0.025300823779229153,0.026933016690723788,0.03926788626728239,0.00834091552199312,0.031711148711952575,0.02655842580774559,0.017709188169069412,0.045467520913739845,0.013696416940176093,0.034204883827765764,0.009801552002798308,0.01034691337561866,0.018154160760752713,0.013246577235801471
2019-06-11,0.015629884318645537,-0.02467648829732827,0.009923281292959052,0.01413986004739387,0.009280706823860285,0.017711591069481614,-0.02631038526293661,0.00898680398579832,0.013767765264834253,0.025217512108252516,0.010325457075454292,0.012003621352172589,-1.8698837245478828e-05,0.004847616997700754,0.00021634620934274373
2019-06-12,-0.03018216332314383,-0.007096561040394245,-0.023161305740190263,-0.051428622517492584,-0.016392037362331524,0.006872564561732242,0.005607085849262283,0.0007333102438114025,0.005599502037682003,-0.026697939944720472,-0.04765190911216943,-0.0011664164875030414,-0.0020957095254865443,-0.018901971412639496,0.003497508604134447
2019-06-13,0.014090261084963807,-0.024549437788547235,0.004885997342510162,0.0036143045284007247,0.00563986174919906,-0.026377053333174305,-0.0020364392379854657,-0.0003869191497427593,-0.011694265109833069,-0.042205287749858766,-0.05014073731655033,-0.011593694311712088,-0.02357603055060098,-0.03793675662784146,0.002111181257249406
2019-06-14,-0.02441662882296869,-0.032812959519729734,-0.017303012666705198,-0.010083861800448513,-0.029858989374203393,-0.01794780091942194,-0.009369895412055018,-0.011191060489770366,-0.006182475584467273,-0.017266748732135295,0.0026963525174206193,0.004015849849502873,0.007715018507345794,-0.004321884350774408,-0.019500568160950693
2019-06-17,0.002696206620800057,-0.038208162848870186,0.005675116467450225,-0.017705336524132198,-0.01239456835498165,-0.01349568549393143,-0.021949551142283696,-0.02743921049233755,0.009018006882069995,-0.02723862336468219,-0.03145476110346235,-0.01485400705226958,-0.006319143741402855,0.0054140262347381896,-0.028613555882824993
2019-06-18,0.05412691454500029,0.042808218059586345,0.0412386390039996,0.04469124241670008,0.02678768557529465,0.011275579107244305,0.027176600793464623,0.0005401003448632924,-0.01729777096711138,-0.009827173252231924,-0.002032349273560552,-0.0017213002902838337,0.010710475491739757,-0.004256202981081758,0.001860730658512777
2019-06-19,0.0015699009870164815,0.0016420110281705202,-0.0022235726056003546,0.005199649235056336,0.010784410770685815,0.04308581238511788,0.006748774880025898,0.07398020038036313,0.03332990322393248,0.04145872526060668,0.053970294620337755,0.022945695406112243,0.03280332523848761,0.07056733607184351,0.05960966946741997
2019-06-20,0.006400245275258065,-0.016065566266169284,0.013092058575505217,0.015988839408033417,0.024591288395650945,0.009101117581638007,0.009868890917636985,0.008208621192608678,0.008213467208314729,0.013452412760836197,0.029530943436580026,0.007223618857736813,0.00611982769024344,0.004294868646214534,0.020231104644204967
2019-06-21,-0.015184947782962532,-0.030323220275630614,-0.00027519575088941206,-0.005785922744352967,0.0030248118909965704,0.022005776062038462,0.018987589175847086,0.01889664317767914,0.005996925084394977,0.022407778427615765,0.008550732971073671,0.022971391154630316,0.015756844551688687,-0.00972579736254453,0.008653912543818532
2019-06-24,0.0059302279111626,0.005498276471294972,0.006051011595214817,-0.01466450550044629,0.0026202710581604283,-0.00018773477482758594,0.0041031345081359305,-0.005419620140725501,0.012151522268857962,-0.01692140863525482,0.006267294454772809,0.0016561558389509567,-0.005321712458444927,0.014210103683112818,-0.002265947178910266
2019-06-25,-0.007729500363778952,-0.013670526842150976,-0.008337855544590211,-0.008268592228449223,-0.018540273528495854,-0.006875331354839309,-0.009188322787055392,-0.023544685261411957,-0.04092571429917524,-0.033220749862209575,-0.02197858801564323,0.0003809089565012247,0.007275859839366072,0.002062929518727552,-0.008192169441100794
2019-06-26,0.05135997959588723,0.036729017447150625,0.03308025237939516,0.03811322516402482,0.02687896632693465,-0.021025635187629343,-0.007523138528789275,-0.017320785910114544,0.008860905446264722,0.02388224798962768,0.03691082103154786,-0.0022510443353580545,-0.0006163432890202714,0.0300874324916367,0.0025292171774868866
2019-06-27,0.024927853616701023,0.0274064068426898,0.006404364395865558,0.025470612169797402,0.002935515032597813,0.027078916425726574,0.009518406567164073,0.03952692210127018,0.02109134774209176,0.024246247638644247,0.02651246583762057,0.028990750746365812,0.028304659280379063,0.02170577217010794,0.010786243098700687
2019-06-28,0.006126351967462806,-0.012036399955747568,0.008484773327191775,0.004922738156171391,0.014341946434219599,-0.005078789462262812,0.004364004436546942,-0.019559325604154854,0.009188046152173834,0.002901077323022916,0.03265489784358078,0.013551545206343052,0.008120146043859577,-0.012550394401657727,-0.005236641405219844
2019-07-01,0.011812424168834434,0.027329598313142744,0.019061374597708403,0.017145454479472466,0.0338576996204234,0.04008551332987431,0.0003238520993467109,0.07514487744673848,0.03849168348519849,0.04148136989116358,0.05617007516833761,0.02187988851052114,-0.0085880528768143,0.007115866862015041,-0.014627003272075556
2019-07-02,-0.02371032748646762,0.0012820194615579261,-0.006579208964180849,-0.022329154380657634,-0.00255852290566283,-0.000383548168293002,0.01349484537087342,-0.025029251537777686,0.0052480108429686645,0.029823827407768677,0.008085281571936775,-0.008578660236416291,-0.011062333040662953,0.016350232369357842,0.019158790054871755
2019-07-03,0.0032050368210709834,-0.0016004877537409978,-0.004934406119843526,0.00022379500122426954,-0.002751516563412104,-0.026576190989928472,-0.005184329614404182,-0.0035788759854250562,-0.008079566203045174,-0.0034244609428043526,-0.04228600144777572,-0.008067983447619276,-0.02328811359844074,-0.03705378005384008,-0.012836406331272365
2019-07-04,0.0,0.0,0.0,0.0,0.0,0.003334499087730425,0.0018774529001670537,0.011101930059044918,0.02007239634255842,0.008901254276543424,0.016774022028754665,0.005693652988831621,0.01036388940086086,0.013059424704475076,0.026204010558538604
2019-07-05,-0.015483758669503911,0.009939065746532583,0.00039131576613082864,-0.01544633555883379,-0.019080682537870652,-0.002717546585617403,0.007664753620164166,0.015188088670919253,0.008881642986679816,0.02854006028874534,0.017612311034811645,-0.0032253362360189497,-0.006129013448343601,-0.024188356191346183,-0.034552587930755774
2019-07-08,-0.018848103822205475,0.017142886207217156,-0.0003911626979999916,-0.012051102678674375,-0.008200107012979574,-0.007052325595059972,0.0013731919973973827,-0.03055626757996721,0.0023874898170870296,-0.005251417119397694,-0.02042817730109381,-0.016947917751903185,-0.03309021390525224,-0.020402950194099767,-0.09335239974020337
2019-07-09,0.0006362413524771959,0.03464421281628716,-0.0010436249651087914,0.011967794681765787,-0.0068261017261382895,-0.0017735559606008033,-0.001303941392955199,-0.005914379506270384,-0.03511960095599054,-0.023361340632367833,-0.021676725011644193,-0.023512747359539232,0.010746183235873952,0.030491101765495188,-0.015124555427356579
2019-07-10,0.017481455471505924,0.01930616471160085,-0.028608870338931336,0.017057006589491053,0.007308500044175492,0.021677569048816014,0.015364055339791127,0.03222813960252946,0.025485140765918457,-0.003988571643406269,0.0014358682666359979,-0.012159150191618617,0.008584597229207125,0.04297165703213279,0.014846050696836643
2019-07-11,0.038860823554599966,-0.021604010726761325,-0.008741644021149075,0.012522357447837473,0.0029791747281309178,0.015211499027976139,0.017222683231132185,0.037930092027242956,0.02997583143006466,0.02107497450288265,0.020353900648709455,0.015717495747534116,0.019403742174231242,0.040907125973149716,0.041582763815358526
2019-07-12,0.007998244619964456,0.004537135660944713,0.016144776335780042,0.027164182059175257,-0.0026829147926250574,0.004394756593192772,-0.011596797667345005,-0.010799283152964856,-0.010722554827618858,-0.004135765221131793,0.0008998485642219833,-0.007536227859718192,0.0034023053353673394,-0.009373694193202997,0.0012350719682332478
2019-07-15,-0.002028639823106637,0.03553147659457445,0.007076014224344229,-0.004944735718926285,-0.006820950913801527,0.012990764688457501,-0.013904464574180486,0.02070351163569728,0.02496972103338324,0.007010875240806458,0.007010875240806458,0.007010875240806458,0.0012522455212342631,0.01805997615140953,0.0008187539740907024
2019-07-16,-0.0011358278709601155,-0.0157022659235605,0.0031817457083636036,-0.005834296780109827,-0.008512262723643582,0.008166551012236622,0.0006659678437712646,0.002259366536417451,0.012310486352929306,-0.0014297975594702583,-0.011848956449641457,-0.00884122247418595,0.006882917750752338,-0.0030241218905262546,-0.007298984943383213
2019-07-17,0.015740931130698188,-0.007385524705152635,0.001189193771125252,0.004564278791082899,0.06180465955626202,-0.01629181750984743,-0.013407567682537924,-0.02381635067285437,0.002374228455145566,-0.005284017288960552,-0.0012517414381183478,0.004653257093351959,-0.016616827473815543,-0.019253219082962736,-0.020639869883806172
2019-07-18,0.002769509497464462,-0.017857098255025683,-0.018346993229493846,0.04218914021373443,0.04125523065480907,0.008001621050906849,-0.025743701956557175,0.0015459553602901188,-0.0288567630492349,-0.0020899641444628303,-0.009019776263992418,-0.01259443142983463,0.000397909435798649,0.0006522827077470872,0.013670735773567477
2019-07-19,-0.010224376213015418,-0.014848535711115107,0.008471243011779928,-0.007473283089083349,-0.013368611355237148,0.02301816958933456,0.011574002604822775,0.04482433935017549,0.03471907347478598,0.04001274481980577,0.07641968921540121,0.047245416311646915,0.022051917651456865,0.035067333405099266,0.013894783259319698
2019-07-22,0.017097850308864126,0.01045832575028749,0.012666317051688525,0.06107518568430326,0.01842424495275874,0.014969068502366234,0.008826514739446623,-0.002839340468730356,-0.005766898324448988,0.007583409709279287,0.014654338329566086,0.0013928839611423438,0.004822034256977137,0.017063116734054917,0.006115623749759935
2019-07-23,0.025333160808380217,0.019482594644559592,-0.024095000598211014,0.005913408633595907,0.010845683987310784,-0.0003865815409034301,0.01905497901683395,0.006702772635074794,0.0011348329408040758,0.029501694307126014,0.00821194786945778,0.0021142329286429895,0.002417146712664797,0.00540151918021059,0.0016911610400214272
2019-07-24,0.017077971564757766,0.018512956130527947,0.02361033653846145,0.021752091312313926,0.016723820834699366,0.004888394207726243,-0.019594063458181044,-0.00031340780213906516,0.031524822463347535,0.0028522358059104302,0.035890288707944196,0.01875021802248833,-0.020727875069384782,-0.016935604678193772,-0.014229176310452507
2019-07-25,-0.029553065477926577,-0.012899514322281203,-0.006853569532238701,-0.025316363702857836,-0.017132369081227505,-0.0026372966540667564,0.013553825604921022,-0.0012307328980930565,0.006188979105545167,0.03672477401474428,0.20278994647189563,0.07282665699390312,0.017457391596665373,0.020835500615103975,-0.011057528540318051
2019-07-26,0.009747078096068007,0.010395078938292723,-0.0017252162727430242,-0.001574388893057943,0.003477681450884784,-0.012553749113052626,0.004181190520240241,-0.017189604329403085,-0.012077862111477322,-0.01807578091415063,-0.005586393496033293,-0.007547482661477423,-0.005993140723232759,0.0025990233567509957,-0.038958338910950574
2019-07-29,-0.0014280342438796056,-0.015873042570877183,-0.0033237488153577965,-0.0013793309461975767,0.0005197671852761321,-0.0022521588225764555,0.015252195384032108,0.002048688544861621,-0.022977097223208287,-0.0076244599434470706,0.0039152228439698344,0.008488170966169939,-0.023062518659656916,-0.03587037689227601,-0.056812950340968005
2019-07-30,0.0036036257586782305,0.011648727448650087,-0.002134297849161082,0.0011840660175705953,-0.011386931911298692,-0.0020653441934924688,0.02218499328654966,-0.001093631436636322,-0.0058164238103532995,0.02809792087850327,0.03016431406581388,0.00415818604115703,0.011042934657459869,0.025975979761143186,0.024736474620512983
2019-07-31,-0.038358230245865266,-0.10097426267485865,-0.022055437523734844,-0.026808560844875484,-0.024218294136732488,-0.001794159183921229,-0.03366967021681133,0.002998726168313981,0.02761333197450999,0.0025320987245156523,-0.0053525505625166,0.002351133623268664,-0.024788679889832355,-0.024357969264321322,0.002544619117837099
2019-08-01,-0.022522691106214854,-0.019376030798198718,-0.026790608437268104,-0.018229907281580693,-0.006148742085992587,-0.015496067682570502,-0.005564555850024688,-0.011105723697586112,-0.017300882760695635,-0.008507518538331094,0.012815580914686375,-0.011761544030879367,-0.008063040231623964,0.005582452843276631,-0.015390959588770348
2019-08-02,-0.02261675984753264,-0.01406564191925519,-0.0007026196998147771,-0.018980982870562046,-0.006909304597484289,-0.024504273644506802,0.0012261973342642118,-0.013712063560593624,-0.0545553456484672,0.005842024343040153,0.004751131221627292,0.008345786283595169,-0.012555835031804574,-0.027510709840252168,-0.000944393040743452
2019-08-05,-0.06452032911802974,-0.04925274241289579,-0.0330285025562137,-0.04395343564393939,-0.03537801841821486,-0.024337038703583058,-0.01714775090412568,-0.0045469492186783755,-0.012434801054571065,-0.016026442491943405,0.005668642562756565,-0.0002343541600506871,-0.0297104273789629,-0.016761758722680153,-0.08057919515089162
2019-08-06,0.010345537950981365,0.031082559712312774,-0.009157328446006363,0.01913765986440419,0.01301114503634948,0.00035244416903168485,-0.017239852008131495,-0.014909990265658313,-0.01879467451631578,0.01996679408003499,0.011671627361724779,-0.005483179642849612,-0.020578482944411558,-0.055068679121500375,-0.10040604299305733
2019-08-07,0.010108208060211732,0.011434508549098554,0.018043192136339314,0.0075544429974623295,0.003769076403297822,0.00646668578917553,0.0378694272644422,0.01587861789739775,-0.04526881476860811,-0.008633548504194843,-0.054337538678041475,-0.02177630860693891,-0.003522530757463671,0.021515010698565984,0.02893901773983587
2019-08-08,0.028397087162927104,0.16204171114587473,0.02680124551695151,0.02527858826963314,0.020074143319070314,0.022372493470419252,-0.004526925284070615,0.0016448084080051828,-0.03394515658088082,0.01306515260872998,0.03262264132284809,0.009132054306567605,-0.012486710434800763,-0.01339825909727932,0.016208839888137705
2019-08-09,-0.02578062922822133,0.007959919585457609,0.0033679980242444785,-0.0148349680465365,-0.01836098344938708,0.005954823531020947,0.005954823531020947,0.005954823531020947,0.005954823531020947,0.002332977375632206,-0.005980474492315979,0.006092315950557925,0.01608176640365966,0.018198729300142213,0.023587989866045378
2019-08-12,-0.017706325715055704,-0.05147699304551312,-0.023776256537268226,-0.01463380068086495,-0.00713021219884058,-0.013996946085318207,0.016275010859885475,-0.004176452678068765,0.006379980921035422,0.004668698140759542,0.004668698140759542,0.004668698140759542,0.007595663830576083,0.01120219260489086,-0.0016784142789155743
2019-08-13,0.030372968372432085,-0.00986739721902341,0.03409735446223916,0.034437890247416725,0.022149916106527057,-0.019865701455814233,-0.017422202434125622,0.0010133070166460367,-0.028144980254009466,-0.005761541381995361,0.027713434412573346,-0.008648644975066455,-0.01959839771116556,-0.0036382593178326816,0.04056888263482006
2019-08-14,-0.03832080294825646,-0.058237334278671726,-0.0180105848564881,-0.02808996432249322,-0.047810396157026314,0.02304270919276674,0.015509344290123073,0.03654148665037771,-0.001960698816502293,-0.0007320187343635709,-0.02994786685028583,-0.00037888923988105283,0.027161312684296224,0.043267591800434824,0.0007989008344941873
2019-08-15,-0.008662866083642862,-0.018849196400081314,0.003950512483205992,0.009633938427545896,0.005462028137146913,-0.01438040856694811,-0.01772961972365772,-0.027292470018023707,-0.033659062158607034,0.005000760076170341,-0.018676458305690202,-0.0016087920640092124,-0.008974724464662076,-0.008974724464662076,-0.008974724464662187
2019-08-16,0.07252815259527146,0.0508931656555105,0.029791902366388623,-0.011238412997400582,0.014247461375741066,0.01226105294693447,0.021612890749477698,0.005661735485323227,0.024770880077098045,0.0181938651972835,-0.005213587084453186,-0.01611193196242844,0.008009896000275463,-0.0031070463223247247,-0.02307554842627546
2019-08-19,0.07031843019516115,0.009621527714056777,0.021697941977295354,0.010079322499523702,0.0133426698565271,0.005649000069101406,0.09371655339880869,0.021457132236018195,0.056032328988651736,-0.009887749329079432,-0.021493541566391938,-0.0027852442470631678,-0.0035358517714828563,-0.01375139497556821,-8.014565630887205e-05
2019-08-20,-0.01703957165740011,-0.02414232020118534,0.016027596704121017,-0.007855431750730002,-0.004636106526594519,0.00834223067017037,-0.007219793530149787,0.00715715937768735,-0.001562991571952832,0.012285125769198046,0.006092164454835736,0.002930776117397116,0.016935012064671184,0.01475558250670872,0.00597063813443377
2019-08-21,0.020015341009326004,0.031901089566721996,0.008281754621296766,0.006663809681169974,0.01089927630127141,0.0012135956335652676,-0.010196176659635015,0.0012135956335654896,-0.0039741372254710194,0.0120935295589506,0.016424783582622338,-0.0005072524720172167,0.005485623628066261,-0.003531792960456137,0.006049432491864737
2019-08-22,0.0014602835492243393,0.006309112011903872,0.005867166077712316,0.004270881404459859,-0.008155355659436703,-0.0010075128926312349,-0.004810172615768882,0.02118020670884957,0.002696673554713813,0.007145469293075246,0.012736995027521125,-0.002555471839530532,-0.006849107778272301,-0.023175886508028376,-0.013593913825900916
2019-08-23,-0.05271762543366598,-0.07398115144904382,-0.04705135793698978,-0.04061269022806191,-0.022112838531357815,-0.000638951432318069,-0.007880804381832252,-0.000638951432318069,-0.011030922218228323,0.011327664598114406,-0.004783714605409051,0.015500916976524559,-0.008247300969617788,0.0020907009614254957,-0.03492602285226021
2019-08-26,0.018529644631174014,0.025050770080687235,-0.008296727421483907,0.010860308730579638,0.016579542059305785,-0.025296728143308855,-0.0022694150668423063,-0.03613445691398354,-0.05606757535645546,-0.014797308448843971,0.015412247589910333,-0.01030641833951107,-0.011309489355119107,-0.038201159252158945,-0.05961958962003078
2019-08-27,-0.02206104125098607,-0.002642005346497167,0.014538411690894204,-0.0021927825554218794,0.0003739136351845751,0.007479214056538508,0.008733374551400885,0.010218851889186586,0.029200619272110373,-0.00042536951360994113,-0.01539285163895543,-0.0034830776393388607,0.011923389804345597,0.018325489538455253,-0.009647094648429722
2019-08-28,-0.0025985071572822704,0.019205295001774036,0.005137076319016387,0.008569727521310133,0.007847662479466111,0.00947997729746386,0.06088975360267934,0.0014683808613924487,0.019480356249677033,-0.011104265873211006,-0.0037972502518488493,0.003227527291815413,0.00224545427183398,0.004084866756365102,0.03400076644176697
2019-08-29,0.03585211265176791,0.021767383409599494,0.02824449675139795,0.030719031412909326,0.01849369975044035,0.005497280820804251,-0.003782938875086961,0.010591800965790377,-0.014757697425843541,-0.012382414433184996,0.015083276609236806,0.003531532953630956,-0.017482779686982086,-0.0005035499921750564,-0.002330688482349519
2019-08-30,0.0030536954169309016,0.0,0.017266123671917377,0.01500728926213335,0.013060966533489093,0.024022070428296738,0.0097484701521513,0.025803618629863134,0.03479399774721559,0.013880753733940043,0.040647563744742765,0.012608393895824355,0.017360748930158376,0.05961709345311195,0.054948556915650926
2019-09-02,0.0,0.0,0.0,0.0,0.0,-0.007758960145641924,0.006168383777689801,-0.0005809596800961936,0.008417104737671544,0.015322436510717408,0.020153689280832277,-0.014395231105677753,-0.006183766010393388,0.0009339194402409046,-0.0016457761189223596
2019-09-03,-0.019938940329006116,-0.01748811227557423,-0.03407465582492164,-0.008537962506756425,-0.011634627977706313,-0.01447294014159961,-0.01842105399931704,-0.028839900938367635,-0.016342776339704934,-0.012299485693622936,-0.043378852692234404,0.015522550389518441,-0.015504722457131082,-0.010693793228092607,0.02306944236547026
2019-09-04,0.027958890833617245,0.0016181600332187962,0.0262245483175787,0.039907242427686285,0.032951518474523045,0.01410291765037952,0.0030670736953943845,0.026226532201949482,0.017776638815360624,0.015533535784448604,0.019658591952065985,-0.0006138497516625652,0.02158209202780559,0.04092666914719367,0.04611793479096726
2019-09-05,0.0650627325793236,0.017770572649520977,0.024647236271960304,0.016966252893120037,0.043208476695231424,0.027355997342018323,0.0127609964792319,0.01574670180920723,0.026575140295223454,0.03701333337914692,0.06132003903941219,0.04233561474411984,0.04299360678506359,0.04421993521412482,0.06866600736597506
2019-09-06,-0.0060645039198456985,-0.029841286795479927,-0.001899473827028153,-0.0049653574560316605,0.006200049652317574,0.0018369262989250679,0.01898210512545684,-0.001452924183715787,-6.419020567605127e-05,-0.009205301092422569,-0.005898271890782847,-0.006086587735601556,0.018796186795901892,-0.007733592001542777,0.0009736298806968247
2019-09-09,0.010355496201664538,-0.0019633333439436074,-0.007990780381621154,0.011177851170163011,0.01161140129222571,-0.00035276866205558033,-0.00035276866205569135,-0.00035276866205558033,-0.00035276866205558033,0.02020502250179934,-0.010757136341394302,0.015528490585044574,0.01668281501697466,0.03308757884770541,-0.04573603949510818
2019-09-10,0.01484779299281902,-0.008852474025038415,0.006393133151241903,-0.009277374283135464,0.0014088335494470972,-0.00739903929997876,0.00954019866779543,-0.01650070682083682,0.0018736550006710484,-0.004140757428836905,-0.035368850023411946,-0.007609062976061121,0.0027714221418435603,-0.013605785436016316,0.0038765182479307825
2019-09-11,0.006278031224145941,-0.015547446922644648,0.02317833610047404,0.027296468123437334,0.014772309682129059,0.008647861913768429,-0.006390900263207988,0.00715094574013464,0.0062606916121039635,-0.0012202231765118254,0.002079461396597315,0.006395204946029853,0.004338253765088229,-0.0048806326039824155,0.02374981842938806
2019-09-12,-0.0003257881274567609,0.015120929171032138,-0.010262810288341195,-0.006012655290216218,0.006483405743967996,-0.0002931750850408976,0.0029483087847297362,0.01571823351656665,0.0016110596844329805,0.02295829600432331,0.03657643563886093,0.01622581291961467,-0.00025218424593298483,-0.0002521842459332069,-0.0002521842459332069
2019-09-13,-0.01264442830002832,0.01588882701528016,-0.00847255405939018,0.0019511531851132968,0.00875109184404077,0.009104233272186235,0.009104233272186013,0.009104233272186013,0.009104233272186013,-0.0026245530386512783,0.013729813366569532,0.011463076867573418,0.007664661298433018,0.007664661298433018,0.00766466129843324
2019-09-16,-0.009508735362857013,0.004561726530212251,-0.0047186267568603,-0.008373865350368437,-0.011165337864025404,0.006194071503660359,0.013394654929467897,-0.0037938324505959464,-0.005175537765563565,0.003813883126439821,0.003813883126439599,0.003813883126439821,0.0006598341698194066,-0.03587253206992613,-0.0030177848856288714
2019-09-17,0.0047725591891074615,0.005189745306780846,0.008328712499898083,0.005499080990564176,0.007676480132982055,-0.0009785212580072367,0.0035268468411087106,0.01478883452371016,0.015970559545147367,-0.0041373505686296275,0.0005967825191415255,-0.012553342373920584,-0.008091389756557987,-0.005115159482157461,-0.010176840775902973
2019-09-18,-0.006020170090030419,-0.018393020297968632,0.0026690658269605816,0.017382479025202624,0.006811865824895014,0.008788271916849277,-0.0013825180041464602,-0.00013799998292918225,-0.0004178419109933662,-0.006013680368695318,-0.012090069407463822,0.007979519146222636,0.01503262471803013,0.008065040154989989,-0.003582180886340769
2019-09-19,-0.016890963684390803,-0.004273476674574672,-0.00849199462566863,-0.007871169566731728,-0.0008008104331269639,-0.0036497324146259613,-0.007562041165715461,-0.0009199343632155799,0.01936849960240883,-0.0028775471195419122,0.011921793020570393,0.003248242627257758,0.027020222420803375,0.027791136474019096,-9.415326241879463e-05
2019-09-20,-0.02401891856512617,-0.007923462238780155,-0.022881185790962433,-0.013931607161077109,-0.015224867057892166,-0.0006424954725763321,0.018960822212221506,0.0045134186595177095,0.011232531578157401,0.003071497124761846,0.0035542311182354958,0.003978888796872138,-0.0025966237564606365,-0.009634137166693812,0.034468561637537976
2019-09-23,0.01244996271040133,0.019633949003907025,0.010465340540400492,0.015698610493365184,0.010944308829589078,-0.003937126618356435,-7.124135490232941e-05,-0.006655043604548716,0.010406269368015586,0.0036134947555177543,0.0036134947555175323,0.0036134947555177543,0.0026456378304791084,0.00791567371405244,-0.002457627307800858
2019-09-24,-0.01321213282998479,-0.03655349067216862,-0.026022484345566754,-0.011592117031286486,-0.008411186808055082,0.005312440965299148,-0.0010622818932413125,0.004259318395669398,-0.015857605286618393,0.011912370191405675,0.01840614020991027,0.011773550508284991,0.004157612762275553,0.007347803800987318,0.020102784923804018
2019-09-25,0.03303776638560629,0.0006775222714610063,0.026983734990858377,0.015050858240236886,0.004626687865773027,0.004260473071127091,-0.017611449398202694,-0.02681343498711375,0.016544075832952032,0.001340616649933457,0.013632819828621745,-0.01132482164511106,-0.01289041437350702,-0.018750664936833195,0.02032068059189429
2019-09-26,-0.004993294043214802,-0.002369722410403008,0.001165269967174254,0.004236672205326197,0.0020604824796826016,0.006802657024327363,-0.01122975994188935,0.0006905983996932097,-0.021233213372000348,0.0048247844362125925,-0.025471758309673187,-0.0011093013646197303,0.0028170941067191535,0.013740125070059728,0.01584154282607031
2019-09-27,-0.03146506258154891,-0.025449610365621322,-0.009308452897489161,-0.05215751321966955,-0.017456832489738727,0.015483355741844562,-0.018077520941405356,-0.007858302509393789,0.013459748373813696,-0.007954568006341756,0.02514079620472187,0.005380453321134349,-0.009742495162649578,-0.023412133883569997,-0.028136708454982506
2019-09-30,0.013449274003324296,0.009401130369739441,-0.004567335002298112,0.009508558317926852,0.019326154299926568,-0.0033190680156335306,-0.0033190680156335306,-0.0033190680156335306,-0.0033190680156335306,-0.010880050550659437,-0.011061474795546644,-0.020384888366869025,0.010664156114019274,0.007071849462398694,-0.0175913359218155
2019-10-01,-0.00040259914926554785,-0.007933754537848281,-0.010618454712537417,0.002404760424198349,-0.012197003225862812,0.029378636942039682,0.020292225890463422,0.03810214243092158,0.007929273072532883,0.022156815714443612,0.02185325728548637,0.009211979183867625,-0.000827106930648136,0.000822901970429557,0.036655297236210194
2019-10-02,-0.0055172237481726505,-0.015646757974902448,-0.019610826059480946,-0.011195401435745822,-0.020783390449104266,-0.0014640927642504131,-0.011633800485069012,-0.0023994980032899793,0.009804068785070674,-0.007880880797614065,0.010268518139568084,-0.013235855910018857,-0.028580577930717666,-0.033464859331780894,-0.024965229210180406
2019-10-03,0.047792823009875196,0.013069616609442836,0.02351663429236206,0.0036389837482015963,0.016896466884839256,-0.011721012751607751,0.01914317182657088,-0.014627361370687653,0.020889350754927927,0.007288129894329254,0.0053563028915777355,-0.014330650143052015,-0.0015620237848319452,-0.0015620237848319452,-0.0015620237848320562
2019-10-04,0.0036398703652433806,0.011506273368013131,0.023240424466373755,0.024980058279993278,0.0069160742581788615,0.004528526136259092,0.020410214878553434,0.011475566948749627,0.00452852613625887,0.011572592159696748,-0.013156765889338229,0.012059882654327891,0.011335907377548748,0.013000274175769544,0.0029081314263830205
2019-10-07,0.01296925091077683,-0.0027576671173690226,-0.014840523004339023,-0.004520454290349862,0.00560908697896445,0.00760858454868818,-0.0017275876254261302,0.010431529975869713,0.003706751505829775,-0.008221488876547833,0.0016142921675637023,-0.012625800607291349,0.002098052039745335,0.007344732628882467,-0.004719213236973552
2019-10-08,-0.03851789286230667,-0.024196362100079805,-0.04571648747735679,-0.02645603871109925,-0.02158278373518996,0.03265114032881011,0.00331860211818924,0.010204788542108378,-0.016371779861321434,0.00906960827025638,0.03963351866805698,-0.009866138626337229,0.020290095614199588,0.0037396159975386922,-0.005214341941960576
2019-10-09,0.019635381855468648,0.008147344880123475,0.020590194325175837,0.03102813098867152,0.017308398188502494,-0.014234117560085524,-0.03106196585773391,-0.02015757420931341,0.013976152311485857,0.007219393269054741,-0.02106857221331304,0.0013629387818492322,-0.0021779461787235777,-0.0021779461787235777,-0.0021779461787234666
2019-10-10,0.012838242892960094,-0.0028109601644260573,0.008338601549533253,0.0033438620202153047,0.021196148127978764,0.0026746305219820243,0.0026746305219820243,0.0026746305219820243,0.0026746305219820243,0.005028104501512365,0.020197564488482866,0.03470512389543501,-0.005838450269829654,-0.02218868715876754,-0.006268645777403825
2019-10-11,0.016172229736864496,0.048273462993167815,0.02307625108358935,0.014507166949667694,0.03383838803444328,0.00518035888671875,0.00518035888671875,0.00518035888671875,0.00518035888671875,-0.0004648090665619886,-0.014376555170942384,0.0063951109634943215,0.019145129915207226,0.019447526942683258,-0.002531752890378103
2019-10-14,0.0029034497795661363,0.026218510475479295,-0.005214817068287303,0.0036713173939322274,0.006307594779942249,0.024138290006581853,-0.008129639159771607,0.056409241372618935,0.09547423281247935,-0.00533844477937373,-0.00533844477937373,-0.00533844477937373,0.02273124578092456,0.011627934709165011,0.054991264549112184
2019-10-15,0.05275335002886927,0.006223341710964725,0.01992097268169868,0.018675299407592272,0.022550053743813914,0.013127407930380697,-0.008410639887291516,0.0010459432619576159,0.01924682675966749,0.014614291206262786,0.020628438423631712,0.026313189187810115,0.002160992647119997,0.008857808724261007,0.008985769956317835
2019-10-16,-0.01100018825271798,0.002929692532537498,0.005268559924303862,-0.02551465984031087,-0.048852540379442755,0.013966651102107264,-0.015437163457804326,0.006321023096954814,-0.011458775588482517,0.00953349258733227,0.023346570855786952,0.0010377801093746086,0.010582887516769723,0.013381026723505496,-0.005744014442374046
2019-10-17,0.000411989740636054,0.010710805888550556,0.009459307240897719,0.01124861365932417,-0.0027902435360609434,-0.011059010116362455,0.029576101381825204,0.0042395310106602135,0.008803339902566432,-0.004828443175964092,0.007009970444096902,-0.0020327782263729333,-0.004701240600652357,-0.01773701201028488,0.010944707509207285
2019-10-18,-0.01955834492738917,-0.005459218998907778,-0.016335347779624754,-0.008822507339642405,0.002601012141588477,-0.004867053959664469,-0.005856175669158747,0.004557986143790105,0.010599081058546123,-0.008912869692590752,0.0027796563371864647,0.012958203812612368,-0.005536275658361345,-0.038307949794152196,0.018073288771641494
2019-10-21,0.028978105422511335,0.03422665448640494,0.016735536179221855,0.01857594713172328,0.023622448771712934,-0.007970302701234444,-0.0004164571843254805,-0.0015626273503736021,0.02960274548664521,0.002747195634683175,0.0034893390600199137,-0.01157795807253692,0.007323452083972226,0.0006036888722988909,-0.01212449719624542
2019-10-22,-0.0020408354914234206,-0.01623473525547392,-0.006457079056917281,-0.012538047730512925,-0.019736692758400953,0.014391099236106708,0.0073688326618746025,0.004453076587104476,-0.01268059269556221,-0.0017771548802033577,-0.0017771548802033577,-0.0017771548802035797,0.023696981775782833,0.02646526713296815,0.01589039132795733
2019-10-23,-0.002658521526016089,-0.004760381384979695,-0.015675536190832617,-0.027895300077362073,0.009283795815369977,-0.0014707772200110991,0.003285335297705805,0.009644201079048509,-0.02499675715487404,-0.04005915566751095,0.016198668773127256,0.00317268255674108,0.00011954190126028941,-0.017581476235026372,-0.022805789658918663
2019-10-24,0.009073013700824584,0.01147955025498626,0.02265713306857564,0.0898477730269005,0.028370543772736845,-0.0037286688903472864,0.021714040160929704,0.003876481790008768,0.0017754539351670928,0.020295832135678538,0.004104369224728233,0.0035165238003553867,-0.008444829219179661,0.030974088916047693,0.001333725450006984
2019-10-25,0.039012360348900765,0.031210586145925978,0.014938357804468172,0.011803164028699298,-0.003698741231092484,0.004367003161856786,-0.003914198412317327,0.005188424304286121,0.008165497983840364,0.025884721339554106,0.022519862826283266,0.008605459067672738,5.484539745292949e-05,0.03223476825960714,0.006349316636701685
2019-10-28,0.011000268194051088,0.029960243646155682,0.03592389228234394,0.022074644769011886,0.009546174324117196,0.001141782090557486,0.018802563682116746,-0.018593661479936352,0.022276986888634775,0.02781062873933471,0.03675305363128656,-0.028626199489321102,0.010810890254896233,0.002929616737235241,0.016030233658056448
2019-10-29,-0.018714517835704325,-0.019590379172318206,-0.016737127936558793,-0.025109968690261497,-0.007166819819425574,0.014744568202615271,0.0166682217028149,0.003710350197366763,0.01983457350853013,-0.002775426374898027,-0.01949587264928776,0.026929261230563606,-0.0004325677105946335,0.004689918870068865,0.0034796671890160447
2019-10-30,0.0003941166910450544,0.003027620118503993,-0.0026936472267025113,-0.005583217238524729,0.003968233563716783,0.007574661152595308,0.01315403464519993,-0.004766974099586263,-0.016819884911382865,-0.022303782817037043,-0.03821269103361424,6.295884114049244e-06,-0.01284403394706679,-0.01722142878012578,-0.027811680113527304
2019-10-31,-0.009753733022987543,0.02414727471380851,-0.012279337926142553,-0.017207065996590387,-0.013852822457472547,0.0027306610743711435,0.03527009638260781,0.030723346725837875,-0.018121075181138924,0.005106916228565739,-0.086925318859435,-0.001681529066379417,0.0017616644445679341,0.007907367318407799,0.006194165516446581
2019-11-01,0.0078100431464322995,0.028293518297617393,0.039035221402566656,0.022115509756807317,0.03294235062363904,-0.007164226401534801,-0.016112457914043254,-0.00259044166116551,0.004753496042885663,0.015100439388185505,0.045028871858817876,-0.0034263112130151763,0.01165656236985102,0.009208474074995365,-0.012924387226091127
2019-11-04,0.03904449256129072,0.0401261550693599,0.018066642429056978,0.005048849500358887,0.013918276692668652,0.028409056247316267,0.018922104096656067,0.007869937505390334,-0.00786469961411329,-0.0020698486500723146,-0.0020698486500723146,-0.0020698486500723146,0.025653525282403056,0.023413820861656554,0.011518948708417964
2019-11-05,-0.004227995694853437,-0.003857795153389909,0.004348190542589503,0.0025118524901199812,-0.005051361947917998,0.015002651860691385,0.035226891631780166,-0.002672017355232037,0.05558742270606509,-0.006151257470593197,-0.0004791163764586992,0.023778266488771127,0.00937409783127574,0.006443617828260972,0.00023980527578548738
2019-11-06,-0.009445968654978598,-0.006085787314438429,-0.009712088549442721,-0.0010741427817249072,-0.011258406795260911,0.0021721018695566308,0.021749288165795466,-0.004442133677199811,-0.003332282436077305,-0.01198986595864937,0.020996839890991215,-0.0025308872662107573,0.017172315866599508,-0.01318691729987731,-0.0002026078454868685
2019-11-07,0.0034193055615452383,0.009741120822386318,0.06321637709673666,0.002149796294357298,-0.004055537355849181,-0.008426534024827403,-0.022704257759046498,-0.0007546323160533275,-0.013703711253964523,0.008053092322984012,0.019221282035383203,-0.009588738211240289,-0.011679625850169018,-0.0030141585987821795,-0.01895904560640449
2019-11-08,-0.002687782640522607,0.0002756928491458588,0.045010134585925954,0.0016091966024511795,-0.0013451189307112088,-0.007273692610290983,-0.021888869665830146,-0.01353821839610192,-0.03955698431450538,-0.020395103178848184,0.002264714932238343,-0.016327127942388775,-0.01386476066515363,-0.014292529559057798,-0.03034209704460089
2019-11-11,0.0019249528612634847,0.0005511286100605695,-0.02329060572193431,0.009994391737328634,-0.002132620183277645,-0.019075797469410793,-0.029661258282191905,-0.008225337025529744,-0.06200671058585838,0.0043442352976310605,0.0059972073494256595,-0.004941320408554772,-0.009597010663891181,-0.01215092931195283,0.0015528797889372559
2019-11-12,0.00686917573667345,0.011016185515098087,-0.009472782411734548,-0.003003955458888097,0.003261938472299386,0.012256047914933621,0.015073318025417892,0.002823037535417905,0.022348595451824327,0.011307867616038747,0.03673738823113459,0.00043720180926754004,0.014737798549925074,0.018710250215375757,-0.023073653306650455
2019-11-13,-0.0049617314047814,0.02206487043018268,-0.005496333882827442,0.012406598419304027,0.008707386072569712,-0.0022288002427386377,-0.003829863999448624,-0.002782222123136835,-0.0018066528270197502,0.002942172675182375,0.03427249064834492,0.0021163687750267446,-0.0028004466720974452,0.0015004883622133924,0.002255534845396312
2019-11-14,0.005849512802600598,0.022121482042404272,0.00011029778839755089,-0.0028008984632943434,-0.0007041858849984317,-0.004234152952587333,0.0035179292603289003,-0.002593666041967646,-0.012596515829032096,0.006771966261635898,-0.07407485115341106,-0.01945141076487189,0.001493064174072467,-0.004197112681148751,0.0005073904019690101
2019-11-15,-0.02669351500563133,0.005475955867681126,0.0036474357127123103,0.08953662026954112,0.019427008421746494,0.01246295891667204,0.02896050048061105,0.0034866461204987598,-0.006322338636215008,0.025591219342244287,0.017760100124254885,0.019860853176549398,0.01908380927102815,0.023630351843846764,0.0020042190122373515
2019-11-18,0.039620192437259005,0.034232356011753895,-0.003634180273795251,0.00467288895006468,-0.005455304496828628,0.01106928074485558,-0.007847700034392613,0.01720940677952565,0.009704218281513244,0.016306690603310692,0.03472296876466818,0.006016816919546697,0.0007242521820660652,0.008001732478553958,0.0123372188921278
2019-11-19,-0.020209236040784284,0.03535606343148845,-0.027851662416583656,-0.02261420313099416,-0.0070208607799173706,0.014558684800125343,0.005257031975776982,-0.007122116047550753,-0.017087700986449073,-0.012185431338188057,-0.015594097654584305,-0.027849873521141877,-0.0028824005700083255,-0.005214909726414585,0.03588566617813305
2019-11-20,0.01533724431281036,-0.007507904248421515,-0.02660256255667237,-0.017783688005809872,-0.009869328688952628,-0.00463126823537563,-0.015309864072832968,0.008993307434666864,-0.020429377435437712,-0.013771449769368505,-0.025031396910064174,-0.00312654585909089,-0.028145668107690813,-0.030588804935849256,-0.05100395515975975
2019-11-21,-0.004735266257264725,-0.03562711324503309,-0.005956733165833783,-0.053813865355963775,-0.006843172767184602,-0.008397794276781667,-0.01851344371623387,-0.026764492862421774,0.011561832902617919,-0.0347230136815585,-0.039109529659258624,-0.0067314389465472635,-0.021279395711361948,-0.023808331498196056,-0.041438500710559656
2019-11-22,0.0033780039207067514,-0.009362321042485688,-0.0025846657427681663,-0.008859148152991714,-0.0030336657113094745,-0.006398313814892642,0.00986104515073949,0.002610304076670955,-0.005893145525147525,0.006828449551912197,0.020147708795178465,0.00849593166239071,0.0057642149794681075,0.0038993596855325663,-0.004298342410107736
2019-11-25,0.04893557749971178,0.016347365637403355,0.004711910839352296,0.04183070738123251,0.01851877541439184,-0.010113968740102508,0.014516487201343908,-0.013910278465590453,0.0022742280752301447,0.012115736914103392,-0.014498631344952106,0.00421464584766329,0.0002503526642962939,-0.0036117388031232656,0.03885723772250116
2019-11-26,-0.01903162174217321,-0.020105534522578017,-0.007738460652038981,-0.012182668801321905,0.0011804921881608532,0.0035466750148793746,0.007143574703561972,0.007456610520598428,0.013953817216905584,0.02478287526449785,0.0337684441708781,0.0005640966102264944,0.006038805407905912,0.013427213439114238,0.012366101957307585
2019-11-27,0.006456111790835717,0.010771945392791915,0.002008840149900104,0.012506554422560656,3.659440578474005e-05,0.013395619320307528,0.006315923377213872,-0.0022267785052447753,0.00036135608976484157,-0.002933866352701986,0.0027173205208634865,-0.003502410547504664,0.007558927413830574,0.004697131261042209,0.006086929709725242
2019-11-28,0.0,0.0,0.0,0.0,0.0,-0.005542350839011223,0.020564160991660696,-0.002018406178223797,-0.00951354688372974,-0.007509041522205773,-0.020772072133019903,0.001345071855788138,-0.019549348202878014,-0.0011416859607049634,-0.02403617279657788
2019-11-29,-0.006872884212892116,-0.006597267763000958,-0.014740455173282152,-0.006690861996056396,-0.0031680328672272218,-0.013308528952038823,-0.021955139246396804,-0.016955374603428663,-0.019486781252621266,-0.0033085433163787537,-0.0013240948123224294,-0.010199303715993202,-0.02086753888735504,-0.024316497392870562,-0.010912432621074108
2019-12-02,-0.034557950063797915,-0.01072801959828662,-0.013165892766581866,-0.02072524933626796,-0.018586796786262072,0.004729157695902764,-0.015260594128424732,-0.000803059037455478,0.02817335793935638,-0.001537258239566297,-0.005816211667884819,0.016438805816408886,-0.0017945231185358956,-0.008700784214738633,-0.021336609262502804
2019-12-03,-0.00759842308799874,0.004389413520575536,-0.02268053194667674,-0.023985920929129656,-0.0028241076256492192,0.0014904921038281227,0.006734020993988121,-0.0008486650842211008,0.0016529627826831206,0.006708693309534386,-0.008514546276930601,0.003439510185575312,-0.011861322030893073,-0.024276441429921913,-0.013356663384967105
2019-12-04,0.008475544270535318,0.020308407965087483,0.026513353748779833,0.013552646668044677,0.018577393719763302,-0.003617366918798326,0.015183459337930971,-0.006981376133982198,0.028953549983709248,-0.007252276158350668,-0.01380474023800704,0.0012866240747728686,-0.01222193894403234,-0.015898229392143803,-0.027905776963647932
2019-12-05,-0.003247052369755421,-0.0017636608023743339,0.006213273376121542,-0.004457142807726133,0.015124227789158118,0.018837973208946313,-0.011347700722730503,0.02322691408957711,0.024866920711914098,0.0010323062727173316,0.013833651722777951,-0.0054312442850283915,-0.0005288548367936574,0.012596584639378738,0.013666631809811536
2019-12-06,0.016431705971602817,0.00025245170368792813,0.014893241053085537,0.013610310934186742,0.022823866969138074,0.00498626464003693,-0.010150339285027732,0.039603051284932356,0.010123497674512372,0.0028721991376328138,0.03524516552065493,-0.004215948298218919,0.019450234551112056,0.024117044285204114,0.009589254884833753
2019-12-09,0.0,-0.017663405098988116,0.013123061055643648,0.0,-0.009175668448828334,0.00931933740543367,0.027440433260239594,0.0035001905404716815,-0.0043939740566416585,-0.002318001157241345,-0.028528560714827567,0.0027241899391390323,0.017474572955015866,0.0028191093253577826,0.01978708862782863
2019-12-10,0.008531257119878788,0.013100393463531423,-0.009420720110442704,0.00035315568709570755,0.005729324293980653,-0.007095475606586965,-0.002697248449770373,0.0020734685840124722,0.007743616237960715,-0.006506475369313258,0.015630064531998666,-0.002133217469021953,0.0036845478222273798,-0.002162119530273565,-0.002162119530273676
2019-12-11,0.015702051767953806,0.0007607148843515876,0.03411810593194575,0.04274145393662776,0.017663471178900547,0.0157058786521429,0.007588628137011,0.0019324352150917878,-0.0004349422483556076,0.006178711846260843,0.0058047705848927045,-0.0012486577253389974,0.007436613279744542,-0.00156652898080889,0.0012950359154544344
2019-12-12,0.03096516392611659,0.07904734824908588,0.023680983438334025,0.022357518599086745,0.011265568680247418,0.042849200275987265,1.723372242135035e-05,0.05594905669018524,0.01178575963075068,0.05068342048079355,0.0299166425737456,0.02584762033803889,0.02796027603119189,0.035732239594670645,0.02204958712725702
2019-12-13,-0.000356738466411044,-0.03381072133246954,-0.013700255885055856,-0.008118058100338388,0.009226085872678924,0.027977084624400295,0.01699109903011764,0.012363533671351679,0.01207224078216007,0.05032563703386961,0.029778380215304656,0.03496941942539533,0.04235913562639748,0.0704835531710315,0.11724873404696345
2019-12-16,0.005178745101863225,0.029161528645084367,0.006831442650462316,0.0015033802932344908,0.01062477462186262,-0.00993183718329349,0.02084932138662876,-0.013988939695519398,0.024555671819949554,0.0007215170375367563,0.008830499393458036,-0.02258432734825533,-0.002507452605137628,0.005436460832772383,0.06082549502892243
2019-12-17,0.013946134752216732,0.009917402568484945,-0.0012438142778294914,0.013842601194211213,0.006382687091999406,0.030981783256983864,0.046113128869816444,0.014832258890083327,0.002763809897819991,-0.012628248999249636,0.005291141802379995,-0.004860751439211497,0.041064658397805376,0.051952453410829325,0.06975450396185967
2019-12-18,0.005344144491647773,-0.010989039412502732,-0.003849494257982533,-0.0067445132756132065,-0.009089347718118312,0.0011784640004262048,-0.006077294983663828,0.007349873190125811,0.0052772201041855205,-0.00859040174522363,0.0005478428652350154,-0.009678424206180702,-0.0030581882854777698,0.006188780755798096,0.011698931290731185
2019-12-19,0.025924775434011504,0.012529612377150778,0.005796405662266801,0.004802958146635561,-0.0011641574629779328,-0.02102196382821797,-0.004944835140372028,-0.013439150673141165,-0.020291711232271914,-0.02079636998515988,0.025401374104883967,-0.012294269012866899,-0.006678261456175116,0.005085578562758153,0.002430460768861442
2019-12-20,0.016605800809157856,0.030819510585851306,0.004068671152833048,0.018790135786672213,0.0060657586597325786,-0.021623922260544548,-0.022412266960849636,-0.00023607619171683858,-0.005118378127868195,0.0032115419124170153,0.030007586591326074,0.006979008166751566,0.00284216715008645,0.017842036929971883,0.014209411733340449
2019-12-23,-0.002297694285475993,0.029671517855461182,-0.00450220747348673,-0.011810364503051729,0.008685193380022938,0.016006298885933745,0.007528522623573952,0.010260456853802058,0.012903175182776616,-0.0023107234809816024,-0.002683557046539997,-0.0072897064045920335,-0.007424036529819378,-0.002698880038315865,-0.007212390683335235
2019-12-24,-0.0008374056374295114,0.02375718989892306,0.003617956056613414,0.0068762166513849365,-0.004085631846145299,-0.00644960621141677,-0.00936915183486664,-0.007487034158753514,0.006172417511413286,-0.005626603255680984,0.014112714979962249,0.0031638131437359274,-0.010945644344391381,-0.01039393204246275,-0.025776765583161
2019-12-25,0.0,0.0,0.0,0.0,0.0,0.007659259716334965,0.020436469109722966,-0.006028907447905296,0.028490313040512527,-0.003376125094094351,-9.137166232742189e-06,0.0004083774537915197,-0.000567903247015833,-0.000567903247016055,-0.000567903247015944
2019-12-26,0.0023887427986430954,0.0019338236101724693,-0.004168172130847081,-0.003089479083132285,0.0047805473619007,0.003344494406205545,-0.003314698282183781,-0.0014389864331305624,-0.0005345365409141767,0.011742622050538332,-0.0014798347482549712,0.01640721216750185,0.00942663385141862,0.012821933846150824,0.0395412030788056
2019-12-27,-0.009699295097725047,-0.009650455771641697,0.004525027841784324,-0.0022836276483705342,0.0011135606567298506,0.009075225205822601,-0.011387240458506254,0.014388346395517448,-0.00327979385710897,-0.004913535939686131,0.009675167831495024,0.0021109448178995294,0.025132937541000322,0.022176417123504155,0.026354912843710387
2019-12-30,-0.019208820833017226,-0.014291897857309888,-0.004166862553684592,-0.0039233069517357055,-0.0059998634467348655,-0.010585204753023825,-0.0002326885430247172,-0.009620205219398215,0.0010575698842458792,0.0031382524652410204,-0.018086527283374898,-0.01206493913868889,-0.01194704887631226,-0.01935260860360577,-0.009336366237890581
2019-12-31,0.012827001616519063,0.007469247565218273,-0.0022617960773384516,0.0018052843110496486,0.0035608775972935103,-0.010167425933963803,-0.006421766650013927,-0.013923143464718013,-0.013880365138527972,0.00509768537263855,0.005097685372638772,0.005097685372638772,0.003744608653453607,0.003744608653453607,0.003744608653453607
2020-01-01,0.0,0.0,0.0,0.0,0.0,0.005886637351075752,0.005886637351075752,0.005886637351075752,0.005886637351075752,0.0017666505019713341,0.0017666505019713341,0.0017666505019713341,0.002253499966142991,0.002253499966142991,0.002253499966142991
2020-01-02,0.01959185634359506,0.0706497562287034,0.005213675298636478,0.019003905636929774,0.023281337633890065,0.02602238292528991,-0.0027083523022122247,-0.003006848236507098,0.045024623814315046,-0.0002943316937126239,-0.0002943316937126239,-0.0002943316937125129,-0.01094126280722263,0.006184238812619869,-0.01747135006865963
2020-01-03,-0.01600589127072416,-0.010183299705468052,-0.018829768266273472,-0.015916272407247578,-0.016114206860940894,-0.0004005197948518946,-0.017697966613486105,-0.013927677696980112,-0.013129952031405656,0.0015661827118507166,0.0015661827118507166,0.0015661827118507166,0.002671548010495739,-0.004854324874886573,-0.0014952962124277214
2020-01-06,0.004193761657792283,-0.004320968951973869,-0.005860454915708857,-0.021564907828118374,-0.007954694549342278,-0.02648678704950569,-0.028552072841444787,-0.042221678285330744,-0.028467730583775053,-0.01858924443427412,-0.02075043707762625,-0.012143451237874192,-0.007462324787975039,-0.009562952493778254,-0.023651663948737522
2020-01-07,0.012106607784960977,-0.0028931471670650133,0.028435856075039734,0.028886000317354332,0.010860116703451661,-0.00792659379942362,0.004315634212055386,-0.0003994088342986757,-0.026362902326435567,0.0027456016090880997,0.01252163086836,0.008109292766347753,0.004053356275509623,-0.004522078707311472,-7.112346380655499e-05
2020-01-08,0.0018757252374361766,-0.008704625263115329,-0.0029220454041811728,-0.0006491638636926256,0.010375226491198708,0.0020677096346897184,0.012653120258350636,-0.014484796362407959,-0.005948883008161654,-0.005992370430449978,-0.0029706619549189073,-0.021072131190238985,0.018758814408598612,0.037023121941746284,0.0008230741216705972
2020-01-09,0.010982446195283435,0.023834399874688383,0.013527445711762676,0.006333130917679508,-0.0016894741582464956,0.023426071647936864,0.014253028258843115,0.03014891426339328,0.019311479631868744,0.04152247973603407,0.02665653126298584,0.01609337086620677,0.0363099928414381,0.020978750768080978,0.068457177861734
2020-01-10,0.005349222664103426,-0.01633659448265634,0.0038924261131136895,-0.008068132081736068,-0.017253815963862662,0.008176705340313895,-0.009229751958407806,-0.000274570770608884,0.0009170529882323031,0.010088955148388479,0.006751088845138531,-0.0076658512569396375,0.018383658216701626,0.0019665171092937417,0.037813879657043525
2020-01-13,0.03135256436999856,0.012040727695701081,0.007866314914952932,0.005531027935008703,0.017793268766894466,0.005253027023479406,-0.023767513876292945,0.013176465654176406,0.044192353817985364,-0.000538470938898028,-0.00053847093889825,-0.000538470938898139,0.00917051060412577,0.016950708594757335,-0.00850562484237849
2020-01-14,-0.018652328988192135,-0.011076941856971168,-0.0045070984703978745,0.00873631486806481,0.0036489110510122824,0.016161685502477763,-0.011314147746406045,0.009159615184989534,0.03840352207796194,0.01457381414625969,-0.007010374824278687,0.029858810996697738,0.00259122004308443,0.00259122004308443,0.016646146024341668
2020-01-15,-0.006915414023339506,0.007052482037847474,-0.009827945342604338,-0.006736092008599925,-0.008164023309150115,-0.015759571000802053,0.0016093453815317904,0.00037583217398640123,0.01870969893797203,-0.010616337752762606,-0.017724887285282542,0.0024709029149661,-0.019309762078925097,-0.025511896874390705,-0.030263536193812723
2020-01-16,0.013682620777781818,0.02512875880277754,0.023642427575613967,0.02066841173204015,0.0033325812946152222,-0.019693259973110888,0.008401465629152005,-0.025690218643176665,0.015541566973505061,0.0017354834117380147,-0.013142960633305112,-0.0010717118377943091,0.0290536810756723,0.010419191314155807,0.06185945722657138
2020-01-17,0.0014059032697604223,0.02330720990040014,0.04488486736655273,-0.005695192509068692,-0.003454244015064778,-0.003352272464974826,-5.181036851342746e-05,0.0011371750405579917,-0.005929631559687176,-0.0036456821487445,-0.005904327112184471,0.010653142222730727,0.008150452503454808,-0.0037299305774611824,0.017223211792871007
2020-01-20,0.0,0.0,0.0,0.0,0.0,-0.0017028578896025603,-0.005263924597441738,-0.00547940326629337,-0.00643427331067159,0.006148103263942772,0.009774179102631564,0.005139998936455781,0.01654953286434724,0.007708129683144049,-0.011214348415506614
2020-01-21,-0.005375452754959875,0.0023561541560126464,-0.014284140128233092,0.005568698646224446,-0.005465817276476104,0.00197383874018886,0.00197383874018886,0.00197383874018886,0.0019738387401890822,-0.022971913407557776,-0.01776587076139513,-0.014619927722548276,-0.013653873891643964,-0.003610196902522844,0.00019244095490944524
2020-01-22,0.008752085573200175,0.00744370369822378,-0.016606474416360872,0.010917742072788617,-0.007205414464549809,-0.005026265566014376,-0.005026265566014376,-0.005026265566014376,-0.005026265566014376,0.02360009309526312,0.042110433598252506,0.03026687131346506,0.004960519201078428,0.007398864686653628,0.04424731170592766
2020-01-23,0.010995067008479076,0.005444269446537309,-0.010433530311236172,0.0,-0.006514529245647216,0.004111072853780096,0.004111072853780096,0.004111072853780096,0.004111072853780318,-0.0029449710235615045,0.027078947639762596,-0.011704286181328571,-0.01987569012863466,-0.018564973829422793,0.04760333490450841
2020-01-24,-0.009412104164781887,-0.026300534411727305,-0.025543616698367466,-0.029582050286473982,0.00513007150998801,-0.0018682153510160004,-0.0018682153510161115,-0.0018682153510160004,-0.0018682153510162225,0.009817951837727712,-0.02010017771749295,0.003993175322401399,-0.003314487151513834,-0.003314487151513834,-0.003314487151513945
2020-01-27,-0.04104110849797349,-0.021648464461188177,-0.029001747050763527,-0.04758057854512965,-0.03904258593513121,-0.0014990031848021168,-0.0014990031848018948,-0.0014990031848020058,-0.0014990031848020058,-0.021863635757179867,-0.03452946355329545,-0.01105848759739203,-0.0013257912122115467,-0.0013257912122115467,-0.0013257912122114357
2020-01-28,0.032347862682072126,0.025781577365757036,0.02412419191750259,0.01930563248031225,0.02075441535085165,-0.002492070353945386,-0.002492070353945608,-0.002492070353945497,-0.002492070353945497,-0.010056860633626652,0.015400466949034186,-0.009947989569905502,-0.03912418080447333,-0.03060131216443085,-0.04750603261370623
2020-01-29,-0.00979929846835792,-0.05976648586425504,-0.010319840382323697,-0.0061471589587316355,0.020538837566773438,0.0029995052526303745,0.0029995052526305965,0.0029995052526303745,0.0029995052526303745,0.01902995025551446,-0.01814490463082019,0.016742973874578126,0.007198991514369535,0.018735902504390722,-0.006343424639547401
2020-01-30,0.001099299999968828,0.02673122506064285,-0.005100353980013739,0.007188158705073278,-0.005942747132150483,-0.05226590793372643,-0.08734136918422353,-0.06470600989374098,-0.08357907470932968,-0.03220860023252692,-0.06311167584477217,-0.015872023212064934,-0.03527077781048438,-0.04293386573234914,-0.03599316505827277
2020-01-31,-0.038159428617572155,-0.036490340792143305,-0.028138354478022376,-0.03751035118450152,-0.0466067213980329,0.007241947814035532,0.007915500617946547,0.0029479049539749003,0.032358492096352665,0.02399786194151443,0.03631947015734216,0.03478425808760943,-0.02149469472584864,-0.012893441107894144,-0.053317166046766507
2020-02-03,0.016495530086874766,0.021702137399226995,0.013714773666088309,0.029832786335834305,0.02672284237661371,-0.02019845579316326,-0.020038436460107056,-0.02866295450870182,0.04014457145124761,-0.012972912196882236,-0.022724441545196927,0.007030269874273021,0.007606421846166667,0.006264766825927026,-0.0007760928190149174
2020-02-04,0.028294089776994547,0.029779264713534204,0.02833030724337715,0.055090423612595085,0.0384162320366741,0.035362613352189376,0.025834484110636602,0.01591105409004645,0.03231390342343343,0.014993472834739174,0.010022532540264528,0.006010720046743412,0.03449053074202024,0.030093224727129497,0.03333647247886318
2020-02-05,0.014688864751546848,0.007886741832787258,0.022264846732242605,0.012537641697040858,0.023694095490386813,0.014806765464236538,-0.017439299727084245,0.022091081828079062,0.010573096662257475,-0.003373482214979129,-0.0162139673057059,0.011291472394428181,0.016064317042892906,0.012033662358624575,0.010288539414782027
2020-02-06,0.013917540306205511,-0.010433395990603223,-0.003300286094256255,-0.009561038188081628,0.010544416674458601,0.01787700521461333,0.0052022435240801634,0.04412125017094026,-0.005561231840846226,-0.004963233309264958,0.00535498035131643,0.02519926345141288,0.026040440523361186,0.027807108190883056,0.024593419569965302
2020-02-07,-0.010461925313774878,0.008313054540735054,-0.035205980763616695,-0.023421522801985284,-0.014795245073956464,-0.016128669249243943,-0.0052416024271380035,-0.04232063772195638,-0.025933594694419804,-0.009535807554636344,-0.023860372393909923,0.011572983193124609,-0.012115779441006835,-0.012599232409395533,0.011191181324590627
2020-02-10,0.045232215745194315,0.05087469942862377,0.013497922354716918,0.019607846990369104,0.015443651607176978,-0.006388217603524149,-0.007483208936681418,-0.003540915439525061,-0.013203738517766905,0.0019163495711436163,-0.013030136602219744,-0.0091819263861731,-0.01726565063101415,-0.010749069633893438,-0.00044278865892710684
2020-02-11,0.018709234953913523,0.02946806285856307,0.01580170410534465,0.02431665558791485,0.02044049541543358,0.017304078085659702,0.031477066160692235,0.022472758535298176,0.02563877883169008,-0.0011023650178014766,-0.0011023650178014766,-0.0011023650178014766,0.00797047347208757,0.014773357884336757,0.0014091616216314051
2020-02-12,0.017357970649839904,0.0016728653134607807,0.019111054157179508,0.014274468021320708,0.0045252411102476575,0.013156344452029733,0.03213424246636798,0.019675179822124855,0.01679207191494414,0.0342177291988881,0.04243423175837702,-0.012932792795713466,0.014216863344862496,0.0061708681115399955,-0.0033192986611675357
2020-02-13,-0.0064578823550585085,0.011876032601540132,-0.018425547129004127,0.03059521805022891,-0.0005985678469185851,0.001303896947310923,0.01876104623419339,0.001303896947311145,-0.006865417276541774,0.021024773169073585,-0.0017514789899444327,0.011237711031706121,0.005656725179830957,0.022389746103013586,0.06250502506918498
2020-02-14,0.07020442063343424,0.01430410070521182,-0.004776073864071417,-0.007718853910273826,-0.0029948350609103613,-0.0025012760184355276,-0.009826977943979687,-0.003788244936799634,0.04907330758555495,2.3221454686472853e-05,0.018086768027683053,0.008234449366101293,0.013381700386489781,0.019740101233042484,-0.007675020555962031
2020-02-17,0.0,0.0,0.0,0.0,0.0,-0.011436879885568074,-0.01947634069002868,-0.010034574251655881,0.0034652346752299668,-0.010809421102473848,-0.02575964071117054,0.004489858931093327,-0.003768570512785674,0.005880846634783721,0.009213703300092524
2020-02-18,0.023396633140173595,0.028566226308582188,-0.01752244178526463,-0.02220857022355993,-0.022510020673071507,-0.028689781261014846,-0.015108168939175104,-0.014374258688423902,-0.027841147788819964,-0.04794780834878687,-0.05782614001131614,-0.019790582960382386,-0.028980884687979214,-0.029909020459853886,-0.026493232205990758
2020-02-19,0.06113221628486443,0.03533137911399242,0.028740208315399807,0.03453047557113487,0.02655425516233345,0.012659226506689603,-0.010214710549173,0.009270640739282632,0.03755353715766163,0.03778727389441028,0.03982280891119627,0.01339497048314553,0.0015111047369844588,0.009487223676521772,0.006150354626747845
2020-02-20,-0.01906590177144929,-0.027674041186553477,-0.012036446269818257,-0.01498304787690341,-0.012350467847697333,-0.006895661684428678,0.010257806997062247,-0.014275639614411473,0.0005435963071289684,-0.010625788419681426,-0.015119835804524473,0.0022455864888577537,-0.004526813437655375,0.0036165586701879526,-0.004266241853361774
2020-02-21,-0.04739223244798274,-0.0696700130360467,-0.027271792451785237,-0.03207842889279067,-0.023830345138254994,-0.0033201034076671965,-0.0169878938002046,-0.0070683323082892935,0.00587509106082007,-0.019277038629500254,-0.015498961697126612,-0.005923045775301894,-0.024007704253174222,-0.0203302890355751,-0.03208060907084287
2020-02-24,-0.07069759908284567,-0.07807807700304548,-0.04262865932767146,-0.049634248811623705,-0.05098047441473941,-0.020634144501061602,-0.03353045957455081,-0.022526049480179333,-0.015072129299568915,0.003558747336803947,0.003558747336803947,0.003558747336803947,-0.041630769933787226,-0.03507807404114949,-0.03979485170816233
2020-02-25,-0.04109329345089041,-0.03155535974685075,-0.03720597945760129,-0.03634581348825705,-0.020006812918955896,0.007742968941411021,0.005467729746054806,-0.003937738407048141,-0.007321180063168731,-0.016367620455554732,-0.04074351663254905,-0.012707153048560293,0.009420797650768975,-0.024684928280958363,0.04196447996847774
2020-02-26,0.02136998352285646,-0.001681690495493604,-0.00698106400192422,0.016139997821638996,0.006078868892457123,-0.013178748653806305,-0.011560126763959455,-0.011836100821278284,-0.05542532776793263,-0.0004105042444674245,0.005177439832721342,-0.00376039394118588,-0.021688822967111165,-0.032230206376062887,0.0035890109198992715
2020-02-27,-0.05566578053987681,-0.07327865306249337,-0.04669820705123684,-0.04698224592949907,-0.03174748011375028,-0.0011165757722996217,-0.03348512255201275,-0.01395801151445708,-0.03447550619972062,-0.022214757018314546,-0.02709426356449529,-0.033945690881797885,-0.008013981718680396,-0.01644395770398066,-0.05640582027539587
2020-02-28,0.06916081896391613,0.03340152866999513,0.031076967532507327,0.0196492732710416,-0.0018757054837568177,0.0004967836668849923,0.0004967836668849923,0.0004967836668852144,0.0004967836668849923,-0.04916964770495136,-0.0413743342148154,-0.05468999411900799,-0.030371534611222994,-0.05276261876028254,-0.049357012482013296
2020-03-02,0.02354946010552217,0.04353561042579912,0.02886337125359084,0.03509974266599469,0.038957837260188866,-0.013568643098809674,0.010642987620726352,-0.014578289570393532,0.005961865236614239,0.06406443478431845,0.06898310361279347,0.01822711023988921,0.024238814948968512,0.05756890016899585,0.06295493834603527
2020-03-03,-0.03812890985149231,-0.014959947285480335,-0.024826122859570643,-0.035239137694781486,-0.011096158366210362,0.031827025032914236,0.03576155426283889,0.04530611719785904,0.0254576062682772,-0.026430066390489282,-0.03998795639277397,-0.021177780299720284,0.017292095144034958,0.017623027140214687,0.004409942290162894
2020-03-04,0.07002891432645453,0.07187167080965917,0.049525260211527256,0.04272902403085399,0.060886312588477765,0.010635914343551045,-0.002861159582884798,0.0011756750713447506,-0.015630347325100824,0.01221763643718754,0.029796063975081832,-0.008459326409555823,0.03779547633268554,0.017825527039288414,0.021513452345883755
2020-03-05,-0.0394360416740559,-0.03991219268887514,-0.03215167160907917,-0.02296761688328941,-0.04429573364919137,0.008477699448614207,0.03983479845955462,0.015854949257357198,0.02507867757619997,-0.0011581144117623898,-0.009865028111626484,0.018239745649900607,0.009231617847208717,0.008624182262368496,0.03583584345743174
2020-03-06,-0.026528781956109415,0.009977126089103505,-0.021472660997423176,-0.0226619018802916,-0.00048551918606443145,-0.02914080005426123,-0.021291363319113077,-0.03288872370260165,-0.03529770056792769,-0.009723851443894094,-0.019663136108976076,-0.005130370410384111,-0.025611047381723817,-0.027350055218475555,-0.03864266657598947
2020-03-09,-0.07743188037326032,-0.10948754225391533,-0.062346679264224436,-0.09897926141902136,-0.0839955976421346,-0.030710146081577627,-0.0322544799492509,-0.03691150015946221,-0.07423648986041753,-0.03313517714304548,-0.034274837361857435,-0.035915309297074205,-0.00019363515888248806,-0.00019363515888259908,-0.00019363515888259908
2020-03-10,0.06372221466766437,0.04876359112616968,0.08604072652125527,0.07874033236048805,0.06005826186159191,0.0020950502922170156,0.01624458891649394,-0.01582716488743774,0.0024886930097132165,0.04720061028522293,0.04623444969802093,0.022981120739331784,-0.043501802381319954,-0.04762796787368395,-0.03490809545318585
2020-03-11,-0.055959770737089576,0.007051557675018527,-0.05412580014267898,-0.06551544918178143,-0.05583347408603456,-0.008182881438053902,-0.02010603602003702,-0.0021408641027530484,-0.010383705610054639,-0.07211159405103995,-0.07356422594008616,-0.05523105867925027,-0.03349648157429086,-0.028043748119368495,-0.03669273761378178
2020-03-12,-0.12236797740151617,-0.14638954769627766,-0.10184955857055966,-0.14059813762242668,-0.08855165457725311,-0.03714177005645103,-0.08450765891632295,-0.07854432606486961,-0.021576488314854925,-0.029679441958285757,-0.04767503987447297,-0.04451762147783045,-0.003943251094090328,-0.03539747471406818,-0.003943251094090328
2020-03-13,0.11340218779469646,0.12535256125982608,0.13115486897028794,0.12813111602800187,0.06728985447637759,-0.009619963842242618,0.018981247508735866,-0.02318252854448355,-0.03415691095804896,-0.06438781846498753,-0.050719790865340064,-0.083181123843041,-0.05757337549532393,-0.02057034342299413,-0.1319784842198306
2020-03-16,-0.18452089335056387,-0.11822328612783217,-0.14945246711175708,-0.20357611774563367,-0.10737508442478583,-0.051586966762317776,-0.0665396432761064,-0.03300286088064641,-0.09519923682978759,-0.05330657820312834,-0.05079638866136049,-0.05344914809785817,-0.021692380266022382,-0.02370008103445609,-0.05098206070226352
2020-03-17,0.10626295664700924,0.08189103742226966,0.067927808738661,0.10683431111123487,0.039152208407897904,-0.034876663790211926,-0.018268771038858045,-0.031132685174173003,-0.016635828884814963,-0.008149885137708868,0.023959249524933446,0.015056955211106615,-0.049395461491969606,-0.019678426104813407,-0.04602358614030977
2020-03-18,-0.06650733132635078,-0.06590262812413727,-0.11138536480578232,-0.12661601691846025,-0.1734915629808178,-0.023195822168562086,-0.03781873096771016,-0.03153005506058704,0.010025992018863672,-0.012571037284843545,-0.06660676832166945,-0.024154127414695803,-0.040574172933584784,-0.09516536693888322,-0.06915048036929816
2020-03-19,0.05004437750133861,0.017893680522800715,0.06226509791898649,0.02577802378426064,0.08650200370860062,-0.03993031695117599,-0.09407638250758998,-0.098347629470519,-0.026590248569163588,-0.08754998902184252,-0.09535290511480465,-0.012987094652992526,-0.07113943278672163,-0.06914115142793453,-0.20167097225717034
2020-03-20,-0.03390143976620352,-0.005273708841839864,-0.06292299395737977,-0.05473979315556321,0.009671431000917163,0.0816721385196637,0.09143900715708297,0.07270181132410958,0.0924111247800874,-0.026336359150467725,-0.026336359150467836,-0.026336359150467836,0.05575658551599871,0.08273866489645099,0.1504005010661782
2020-03-23,0.033730177934194305,0.05124965281536409,0.026596539497781402,0.05738335060812494,0.07889863836159505,-0.05393311826411096,0.025013572862966127,-0.057424005259919864,-0.06116373130248731,0.0441193777627058,0.0919487186667991,-0.005595323987470757,-0.061689426781384005,-0.07002484491784555,-0.07362283465402475
2020-03-24,0.1715643351852303,0.10999043943774067,0.04685736558192266,0.12372397007284386,0.11606269333141506,0.05085955880947779,0.07330798646861791,0.06657331261594313,0.043883776867775115,0.176416127721571,0.10435092237353194,0.08027542270108912,0.09685071300074588,0.12594240319328898,0.07784240035101253
2020-03-25,-0.014286893309601534,-0.034400694733770165,-0.0363579193894924,-0.009082776912934243,0.007148141585450185,0.037952743630514485,0.016023776898582698,0.08726933219271671,0.024829619004542502,0.045515429956116016,0.09697953208139065,0.11571532511952132,0.06516320525653474,0.1036994589783704,0.15284849789568988
2020-03-26,0.04730882678992909,0.06430649480613981,0.09353207635971938,0.0999330490379764,0.05277220146978223,0.0072220216794491865,0.02323984176235161,0.01165557965161157,0.02410872080875226,-0.03803882850265461,-0.05591393236487785,-0.05593800991278253,-0.019450860728691732,-0.046894208731593445,0.008213823564289235
2020-03-27,-0.01753216122749024,-0.01936838250411188,-0.03464790855483557,-0.08434940747265451,-0.08437857401468396,-0.02105246792680604,-0.006181453011173121,0.00404897741528587,-0.01737446415496413,0.06770458136235646,0.04806164426494908,0.07827896815495983,0.026206590353533565,0.048303408152906346,-0.002078904845560281
2020-03-30,0.05088440561266361,0.027479577693865664,0.036642167079276255,0.04994427589069139,0.061000904922491106,-0.021315667520604875,-0.011475240866647862,-0.011214755411360855,-0.0011933337194354188,-0.018685829814230615,-0.008225463759693907,0.014844177128648717,-0.0015413328812418081,0.005266218057154104,0.032925465954660726
2020-03-31,-0.0074926907963153155,-0.04972839610872193,-0.01999114496263399,-0.03128936578653707,-0.02384068990219712,0.028972014425552084,-0.0223059379939039,-0.005619245706233955,-0.004198695855738177,-0.0028178983558447834,0.004659576262499909,-0.006220513840657804,-0.011124536650102157,-0.013789339478592177,-0.02745692845562797
2020-04-01,-0.07788339591751103,-0.04001758384219034,-0.025868514462411007,-0.05499784894644111,-0.04827253869262582,-0.015679856687676685,0.013100220225376047,-0.03034862657854065,-0.01389901159736373,-0.03434619524275173,-0.07613858206898694,-0.04567092584342092,-0.03607602036235891,-0.05415123668488708,-0.022829590511775355
2020-04-02,0.05101410923629368,0.019010577965081765,0.032169887055331525,-0.0013857530331435886,-0.006947518075541392,0.00039708551477368736,0.00039708551477368736,0.00039708551477368736,0.00039708551477368736,-0.004321711475894108,-0.016500740663399238,-0.009463695307775799,0.006879851248526636,0.00547483686320005,-0.005784088665862996
2020-04-03,-0.0452498689444818,-0.04270625880417778,-0.04101749173703706,-0.02220179107214859,-0.010797416456637787,0.004554404456199368,0.00455440445619959,0.00455440445619959,0.004554404456199368,0.002055862869841496,-0.01576712205727704,-0.028585308740152415,0.010723902548780417,0.0013906926962239385,0.010902614857538628
2020-04-06,0.10040583405591086,0.11575487878640489,0.08769000901473167,0.09153258386873997,0.10841761470435163,0.009063712976684846,0.01525421802890703,0.022228961924807944,0.03701028419362129,0.06002768487629462,0.05509522519687726,0.07584776899977963,0.028665672423584976,0.036409159511829436,0.03088430675702525
2020-04-07,-0.03491049502919008,0.000841770099789807,0.025088065711090346,0.030552694846313955,0.005384935575514005,0.03302875338209077,0.02334640163146351,0.055250141600779346,0.024168983449163184,0.05280957773363504,0.12306704889396824,0.04283365378627191,0.02905605664069677,0.04321195064538874,0.07649668778328045
2020-04-08,0.030575653776691913,0.025862058593780324,0.008249801745263685,0.08200144590517633,0.021974229080962582,0.00649862275569868,0.0066354846770653175,0.0042945770783984205,0.03974639701309024,0.027667771362334115,0.005351686146602974,0.023159540572158965,-0.013880851734143662,-0.00883885349206559,-0.005683164130613649
2020-04-09,-0.014984067377805443,-0.008403358059409838,-0.0238647284296295,-0.036338774344603086,-0.006353580285793026,-0.006027071134075079,0.0067260251361869194,0.004226830475433374,-0.01773754337478317,0.01162338646670813,-0.012141773639143927,-0.013011174495163425,0.010754027942101008,0.006381087892870285,-0.006298892595092087
2020-04-10,0.0,0.0,0.0,0.0,0.0,-0.0123675138147471,-0.004267376383693788,-0.011254056925868783,0.005449660678684021,-0.009576884479396863,-0.004300232517357894,0.022491399663497225,0.007400637002521471,-0.006302072523136304,-0.021629944408721347
2020-04-13,0.026240592261521645,0.05291437581800529,0.024029039189132684,0.005848162296335779,-0.009790327451974723,-0.00221706528953014,0.005657012471760536,0.009506705910633295,-0.014916973823366875,-0.03575810800211077,-0.028621274798429353,-0.02806410282396543,-0.020528428936843368,-0.033327176305741224,-0.01660710085253425
2020-04-14,0.05225125767633876,0.07832747911333371,0.05798050420503231,0.051924654068296494,0.05410454215649052,0.029373240117221977,0.04596022344174844,0.05456857644366786,0.03222120337809775,0.046584832477610805,0.07138513970864979,0.04327071132129734,0.012102367299777539,0.00867432417640912,0.02594599207952286
2020-04-15,-0.010952649248786916,0.0010923242846834214,-0.020116005545017912,-0.040022943582716186,-0.022289241830878215,0.0030261260422201897,-0.005695997052030943,0.0019523651446595736,0.01031953945841102,-0.008460278031530044,0.01123934911556268,0.002231289263923353,0.0012537484329404602,0.0012537484329402382,0.0012537484329402382
2020-04-16,0.049351935602244046,0.035642826416573126,0.011317359311072028,0.03692665491605962,0.03508100482242793,0.0003868334929868489,-0.007107253218160192,-0.008382156763140691,-0.004077796194968619,0.00487934874810203,-0.01518084125581498,-0.02762831021348755,-0.008318713786041876,-0.02036831108631465,0.003991822434456838
2020-04-17,-0.008075801425340923,-0.006145781986470533,-0.008848334102878441,0.018571598409281798,0.011114785606782362,0.06866477539410343,0.01689231018891091,0.031354014103495365,0.009572315843844548,0.03531401590808425,0.061647941406753004,0.05589318271791588,0.045482107823155093,0.030991022388178635,0.05912701795318731
2020-04-20,-0.01802827212366087,0.006537151175917577,-0.024419262297563304,-0.048308042609875756,-0.013766257597297438,-0.011393097073240654,0.0021542607174296347,-0.022660564177779063,-0.003262845788306157,-0.005786240602364434,0.008569270173800714,-0.002500773729947392,-0.016164372409273153,-0.01583967620763571,0.021010775522944725
2020-04-21,-0.06110449191513445,-0.071090099437913,-0.03323889699765048,-0.04542768123702334,-0.03597649929181945,-0.02944327121788315,-0.04443556678519811,-0.03648081886357479,-0.024870626710218113,-0.03225593799762194,-0.02086554153779252,-0.03166326926347229,-0.019257866607935492,-0.010848129230747516,-0.01371173057706554
2020-04-22,0.06174182848487941,0.056689344365103755,0.039532573992161035,0.07821234127272292,0.049379460639428885,-0.005575647373762149,-0.023362619355571823,-0.010099561831918735,0.0032005358989604105,-0.015589928388782592,0.035033199248122315,-0.014431729313348574,0.001697827423748688,0.021290327939605502,0.002329009345469757
2020-04-23,-0.007478632264155238,-0.0003575937718379718,-0.011650101506850086,-0.023220321053769477,-0.018883625152156802,0.006506648608947119,0.01586837072229441,0.012595251890234582,-0.0012946373451163673,-0.007843559756822494,-0.023383359286345606,0.028312448270437773,-0.0004304351985359167,-0.015918441350196377,0.003365423911265486
2020-04-24,0.019647119240779,0.005008922569836649,0.030213082346705722,0.016502854881005335,0.013537620264992611,0.0015556171718362766,-0.0005044315188011961,0.0034849655183950556,-0.023181351339318312,-0.03005011338675556,-0.03982300810703865,-0.027045178676077475,-0.010889511300023358,-0.015383206740239297,-0.02984683169897806
2020-04-27,0.02586428405273411,0.005518002342596251,-0.0007893377835903603,-0.013722147635221726,-0.003220824759862184,0.006056724664954105,0.059482509416152185,0.02715859845741808,0.004959694080564958,0.028625843273202722,0.0854157692982298,0.04545617834858273,0.012555313358610265,0.017176517491785948,0.021926631937736918
2020-04-28,-0.01925403993807684,-0.01734826213161822,-0.009081119683722272,-0.011953752880179747,0.001787602703865021,0.0004881784310097892,0.01365873434919096,-0.0021500465433860194,0.023480884574843097,0.01113278754659297,0.0019761343447071145,-0.006515334941628592,0.01211912908846835,0.01682241203635715,0.001937161518630326
2020-04-29,0.024368432775059068,-0.03332730192865907,0.04887749318831314,0.07774666108729367,0.042172887187532204,0.01208584056462847,0.06517935718074974,0.011367581317655251,-0.004491754297503925,0.005077709882153725,0.005077709882153725,0.005077709882153503,-0.0016116777839668694,0.003983535648981684,0.0029468735054727357
2020-04-30,-0.02070625588198516,-0.0236675449380368,-0.0037991551507531307,-0.08575626070541564,-0.05031137519040929,0.024409428371095165,0.04887199988908897,0.03363411898360802,0.05237452054077463,0.03999024697111153,0.018624628368004048,0.028184817692175068,0.007936954419449416,0.007936954419449638,0.007936954419449416
2020-05-01,-0.032503053090193745,-0.04790987499093469,-0.038515037016014,-0.05615929392458885,-0.0324860036276301,0.001521043693983426,0.001521043693983426,0.001521043693983648,0.001521043693983426,-0.06108823329268709,-0.06191648623437562,-0.048057914804819135,-0.0017889476527509496,-0.0017889476527509496,-0.0017889476527509496
2020-05-04,0.03009395706841489,0.05372895444641279,0.0005287013147017294,0.014715150686009704,0.01476394342406917,-0.041180296477357214,-0.04726799371087753,-0.05012719836300339,-0.021871294600564917,0.00512474193843282,0.00512474193843282,0.005124741938433042,-0.038576220390948435,-0.040814460657142226,-0.02909505262765255
2020-05-05,0.008410869070767601,-0.007039625892590884,0.025766663083300667,0.026692016819176878,0.018256829737213875,0.011268389773023246,0.014611706577317474,0.018963315762771993,0.038743304111398924,0.0003842691617419458,0.0003842691617419458,0.0003842691617419458,0.0010880430104520666,0.0010880430104520666,0.0010880430104520666
2020-05-06,0.013787745459032719,-0.0005747993885081293,0.01597273525020948,0.03377643129726926,0.012311252009555629,0.0011846118632132807,0.015674595941524316,-0.00973235636037073,-0.02475966127133733,0.002301460838506575,0.002301460838506575,0.002301460838506575,0.015429799662948218,0.018283548304621755,0.04013433916587106
2020-05-07,0.023775258897733798,-0.004026056079121654,-0.0005070493204756277,0.014851821696432843,0.026344755950374443,-0.007396393133476953,-0.005139559372506763,0.015202316461807142,-0.014986552538549636,0.03413861087921344,0.03570514698329097,0.04077953444294513,-0.014007603773688038,-0.00592580492398842,0.04521217459695959
2020-05-08,0.025026842558306894,0.023869063437129467,0.021946085764609435,0.04995119011826343,0.01605505299642518,0.007286737708249502,0.008512240765244039,0.028588791600672403,0.007286737708249724,0.004225241983682793,0.043096904158075766,0.0063576943354053395,0.008123896813958975,0.03993392056961986,0.052635617730714124
2020-05-11,0.03238435317231092,0.04794140097001898,-0.0009929324980877396,0.003716624736821439,-3.278750051927126e-05,0.009730421555291802,-0.0056485351810456885,0.017181462108500245,0.01108608533115052,0.0049355960634323015,-0.018204904955278933,0.0009565000124478473,-0.008253814688073735,-0.0059395592475840475,0.02508386529395068
2020-05-12,-0.032608256960669046,-0.03552212589362913,-0.025596586790202602,-0.03110495592107365,-0.02549327565355486,-0.021638134584804902,-0.009043964183385045,-0.013330395115143778,-0.010790979539541667,0.004266131872871837,0.0164903347980081,-0.017496791180443894,-0.013326184009870845,0.011131334363860157,-0.021921618830531342
2020-05-13,-0.0028837747896006682,-0.029389844971862034,-0.005355788387939708,-0.016052190988624315,-0.00809113114095572,0.010294282285587375,0.03554395376157604,0.002017856101800275,0.004803037361901019,-0.004752636057394954,-0.016381234097503472,0.004413909267957594,0.010882371368471144,-0.027090883318073078,-0.03778543653770472
2020-05-14,0.03219819937337398,0.0446530855256877,0.023974526291905107,0.05709829721440962,0.02827717625034376,-0.016900273866491733,-0.02483338060467588,-0.025461269195455105,-0.030799031871022398,-0.028023595264591195,-0.026385624442783473,-0.006442451887382572,-0.01205407272861847,-0.03659254771006759,-0.030158637862713444
2020-05-15,0.05731287982307909,-0.005686985289656277,-0.05133369850931502,-0.043909363961102565,-0.03308546029795678,0.0176092838058024,0.0005355719632769151,-0.0009690740696643996,-0.006179339780394533,0.0162793381192321,0.028789401750631605,0.0014233191745425255,-0.002238428879517751,0.01703295491236889,0.03125638343500259
2020-05-18,0.030562237185665753,0.00719556059333315,0.05503507891708459,0.044580896076375165,0.04221679011408486,-0.029379724642435878,0.06898536214273343,-0.05968395638467805,-0.00799532282640869,-0.03521521460390009,-0.04175050543784131,-0.012782413033980089,0.014366115228410692,-0.015096537413864297,0.01453479579267758
2020-05-19,0.006314263184056479,0.01612018805010962,-0.023142359586114547,0.02041956051441951,0.004460457476610724,0.005642787264843463,0.049298628706519576,-0.005925105074076398,0.01406072145347248,0.003449701280987316,0.00034641555753944786,0.029747399234298255,0.03738079095833102,0.026300580785924454,-0.0028525188533170542
2020-05-20,0.018681712734430755,0.016585508359461487,0.032526475374965225,0.029502144992421986,0.06331444753269744,0.011786702624246637,0.02055437501227475,-0.004880964683834144,-0.008919467536499415,0.017028354140467883,0.02525815633369355,0.004628630447900628,-0.006061808342275543,0.016829145734324813,0.11877152369684407
2020-05-21,-0.021711506943914438,-0.030856497297443553,-0.032618005742635514,-0.03270034743510564,-0.02042163438511979,0.010719313879997028,-0.01285991054046709,0.019873570100241933,0.01644711325659709,-0.006288841644402687,-0.009394704035083246,-0.006141139043905008,-0.0028163714161538733,-0.010126360229372411,-0.012215914989287202
2020-05-22,0.028602881650697576,0.009515034374155906,0.008974564778229999,-0.011450458245192863,0.0011600652638572573,-0.018355916970003605,-0.04831179830939358,-0.026853873246727056,-0.026536394678701725,0.0014392223631813916,0.011162671651821388,-0.019287079821890818,-0.029436509190117532,-0.03058580765598129,-0.02962188527985732
2020-05-25,0.0,0.0,0.0,0.0,0.0,-0.006385570630130455,0.034078392593000606,-0.009627390534807767,-0.006385570630130344,0.013258116594980773,0.010430538023243452,0.007412658534095451,-0.0029285799634919396,-0.0037455603570343277,0.07231429245054244
2020-05-26,-0.03417764296053072,-0.03588906304062289,-0.008640445044281853,0.013789448999087739,0.0015655948572117495,0.012997108321022743,0.0009987577914249979,0.005913745152301697,-0.0017437912808214717,0.011814293659566655,0.038056628633320155,0.042460146314227565,0.007806490430168012,0.005761025190945679,-0.0193908175893287
2020-05-27,-0.022081540831697333,-0.008460179730409356,0.016277993152975734,0.022851003329376285,-0.004158293676907454,0.00549287175141866,0.011904893954756357,-0.004426712215281126,-0.004780626151656087,-0.03371153713286679,-0.02540013842553923,0.001823400567532607,0.02072975129030863,0.0012835465534002388,-0.03368594692963944
2020-05-28,-0.004487077262405603,-0.018960939859209214,-0.014882227450704999,-0.030674076946888618,0.00452072378731283,-0.01008283867723847,-0.011336940094274217,0.0032446062115374374,0.013523646705297487,0.006034734985265855,-0.006561787645875228,0.013068377024881173,0.00395969693957654,0.024527906511226938,-0.04829805410200727
2020-05-29,0.045776385709072276,0.039814408422237824,0.03546271048270078,0.027620304105986593,0.029815774424015506,-0.002984093406750099,0.01039179038429583,0.012032855952294197,-0.011198991410095283,-0.025086606085838792,-0.004175556724432816,-0.0072136847422715755,0.006212361631301899,-0.028354394583004483,0.02582065955699364
2020-06-01,-0.007802129167480243,-0.0031598173114509853,-0.014218506090771466,-0.00872205645329227,-0.008437273441599613,0.010837302828188511,-0.004371679666648753,0.015027362853652138,0.011298401232509026,0.04378826566197769,0.05763182505068176,-0.0021870788756308546,0.016025654848469406,0.032027427539957465,0.0028332938635988736
2020-06-02,0.0021572170008965497,-0.0016781680178149516,0.06145729269502742,0.0017958808680709204,0.02448527375126952,0.007117322095898437,0.054831070821901084,0.014908802768859308,0.033887203948115285,0.011299673471784288,0.008603093047593768,0.0038721236117638114,0.010046188018848934,0.0025057448460030773,0.00174165658519998
2020-06-03,-0.006317339791559906,-0.01512890099813402,0.001547883845891329,0.036207315661576533,0.03456531218086156,0.013882250964375675,0.009020735099617871,0.04590837514117263,0.0013737639517525935,-0.0015633728352636433,0.007586485744578431,-0.006893704826634539,0.06365976790299865,0.0681886743801805,-0.02312573228735082
2020-06-04,0.00011441582641635861,-0.0018964247105861531,0.0229462644220646,0.005535320628917484,0.01966479531615306,0.017057163642758555,0.0004387323496948259,0.004952004593840487,0.00043873234969460384,0.010459897764507398,0.005165268681176949,-0.006462934359866335,0.004570593557246649,-0.008573932107696192,-0.006262398656891155
2020-06-05,0.017509841036960294,0.008930218439432869,0.029172498048623652,0.03543789168889244,0.011639382537436349,0.01841049122227023,0.008595469724024252,0.021395799972687035,0.014985350189000268,0.02682861560152716,0.015774896015956275,-0.008894912358832108,0.016851434406688126,0.031159787800160377,-0.006427617225742033
2020-06-08,-0.01289268632695928,-0.0024481592684286735,0.03184655118800639,-0.0048182082903882595,-0.0223110094472031,0.025409039599116445,0.00546605484456264,0.0015037795998722459,0.05028456271020065,0.010201628392608075,0.03426509398643973,0.012661663806052603,0.0009412138574842466,0.01859668256671876,-0.0019490815137995776
2020-06-09,0.02737106405844325,0.0645648119715092,-0.01773029069954246,-0.0018364307579906702,0.0002289834622850595,0.005275935662490294,0.008204423284567275,-0.024402139515881993,-0.005372555342873175,-0.016083444083779153,-0.028165589214989684,-0.009322667723973055,0.0154777147736882,-0.008746640711547182,-0.01985940301195044
2020-06-10,0.03545786197255074,0.01862030942410864,0.014039336618231424,0.0011708244404400325,-0.004036241657842887,0.012850681987548018,0.00689292701891131,0.02909938795757272,0.010669025026368573,0.020419655193923303,0.03290391270963755,0.02822255083856473,-0.0031107768646666534,0.009809826599343818,0.018780653926228297
2020-06-11,-0.06090710152385759,-0.08025760629998857,-0.07680500339267093,-0.07434019346230147,-0.04319961982903009,-0.004789265346605731,-0.005588785510891592,-0.02066900131225735,-0.03100350329929691,-0.00798498781107948,-0.012292807251299886,-0.0018413280123795728,-0.013627436206099519,-0.019137018749023182,-0.013492549719432478
2020-06-12,0.015489397127214755,0.012682153051743361,0.014520572017862943,0.020573987315549713,0.03058056363522077,-0.013105426294367728,-0.0071156853759620775,-0.002062036101937448,-0.01193388990791433,-0.013032438458978945,-0.008434099335225098,-0.01377400529862427,-0.04884030449108334,-0.049290349984232096,-0.0510334926513647
2020-06-15,0.027008229305059528,0.02205608047057539,0.01349113543282332,0.008841638725892276,0.020229447105681864,-0.0239780199928199,-0.003479798736382489,-0.01400123902964423,-0.00997602754518545,-0.05994273663885774,-0.07401383122574845,-0.053078855073678266,-0.04418343670519398,-0.03583816930509165,-0.06236605485297164
2020-06-16,-0.011472977030053011,-0.004023431226687468,0.036231004813649825,0.026117415315346948,0.005828232277693912,0.02288387615355214,0.04073501089759679,0.03106865276682913,0.02876451096942234,0.05288627768990617,0.08422044472560897,0.05250790613081291,0.040376975861924125,0.03776139996135153,0.018734281594755098
2020-06-17,0.01847049174584403,0.0016525918858039113,0.004691544975790496,0.024940239601046077,0.029427540160865906,-0.00016961397360371055,-0.00016961397360404362,0.010229845038673746,-0.006578888215616585,6.893290241061223e-05,-0.007904841531539475,0.0017041910356661027,-0.0015965005626127349,0.012826710591108847,-0.0022265229580685775
2020-06-18,-0.0019486643458561659,-0.00934919025968961,-0.00022224481471166957,0.006333381450826625,-0.009740230990008314,0.006229520712020653,0.00571211209849487,-0.00752123937711191,0.023052399935392875,0.01114558606016236,0.006530322109574271,-0.005216988847945525,-0.0007243707376248798,-0.009529308942314074,0.007620588796923178
2020-06-19,0.004691552558085288,0.003515888665619693,-0.012344386845329125,0.009440183555136539,0.0049876776810433565,-0.0035142289665249793,0.06058713119652537,0.006819581936134078,0.011565001699486599,0.07019980787130953,0.024307646177892828,0.0009706972147063286,0.013968950917495615,-0.0068352488461332905,0.03052716333037453
2020-06-22,0.028668028573170412,0.009773165844932263,0.0036032033227133553,0.005250154762024728,0.01003689293556742,-0.007613994142774194,0.05530174354819728,0.000338028292510284,0.001580535382427417,0.010703481572672091,-0.009932035218040647,-0.003206617630837738,-0.016631940974144666,-0.005468908266853978,-0.008278644677959801
2020-06-23,-0.008056214294496655,-0.014061297784291993,0.0024686535825992895,-0.007018037332628291,0.006451019548979309,0.0147261466022508,0.0015720958936304985,-0.000832655662376447,0.011297080675185978,0.01745251539495629,0.014341437904884291,-0.0071497764013880305,-0.009173651825952756,-0.00705317988669818,-0.015127578374238504
2020-06-24,-0.022698678501177905,-0.02963515908643688,-0.0023504766182513848,-0.0142998013300778,-0.013801243053688239,0.0040817284399499165,0.006588703009389851,-0.0008857342835856263,-0.0013678565732333503,0.002655511484378703,-0.0021825090169702577,0.006472913221059029,0.029225738471465812,0.02263482577372633,0.006394934300740562
2020-06-25,0.027557062688289502,-0.00878028421133259,-0.0020193163538471115,0.0001667777179614749,0.013745605343419509,0.005204962597280094,0.005204962597279872,0.005204962597280094,0.005204962597279872,-0.0037672005280995347,-0.015594397979053043,-0.006526324606055178,-0.01670574619799936,-0.01757164292720259,-0.023068995040472773
2020-06-26,-0.03530043975549402,-0.03523978086463242,-0.01056639733264586,-0.026675502002872498,-0.013067979108673522,0.0005105955556696795,0.0005105955556699016,0.0005105955556699016,0.0005105955556699016,0.031813291173285796,0.024021732021106024,0.01523372197713968,0.030162853584410065,0.006673984939371325,-0.0007936473476984895
2020-06-29,0.00491502453592374,0.003592820572015709,0.011247215172650815,0.011647831898551564,0.008431074605620426,-0.022049460718945757,-0.0305477304200944,-0.015054615833248852,-0.028067614274220665,-0.01232996218501492,-0.012000176953940733,-0.01660368149373259,-0.011225781305709392,-0.012732394772418942,-0.036001123204214336
2020-06-30,0.03236455003091976,0.04634053078008593,0.024716420076412948,0.023535282400759305,0.008826553448072039,0.006974213785295724,0.02862893837181235,0.00823124338653436,0.018926919823011312,0.010492233392292771,0.006409135417726919,0.022105062691652355,0.011114205910282005,0.021459185823290428,0.01021617907310346
2020-07-01,0.0033957547523890685,-0.0005702105863685247,-0.01567818860534198,-0.012737656722641044,-0.0011956663721099936,0.01491179957202271,-0.0029286954939933274,0.006447767995215514,0.01790647354310293,0.04510306507037476,0.015840598171867226,-0.021492994525135978,-0.003704885562446081,0.0024336223237000354,-0.005271786854189386
2020-07-02,0.008630361742147041,-0.004564504946917847,0.02327919297643599,0.022117662724221443,0.015315901267376475,0.013080753517277222,-0.006271018245193383,0.0679658997025514,0.0037954498857040164,0.012874089115872733,-0.000644763067013221,-0.0063938695288536795,0.0037689691963360694,-0.012454520308673778,-0.011326934745987338
2020-07-03,0.0,0.0,0.0,0.0,0.0,0.023139030617499667,0.01901155348676209,-0.011151953697652206,-0.0037899444837801166,0.027032010350425573,0.019723337914567374,0.019623468146505507,0.015371653419068876,0.013984842392507746,0.0729129254414751
2020-07-06,0.023615565780387593,0.020252223351180154,0.011428982815454125,0.040327989117472374,0.03279539362830186,0.025138411035638297,0.024582852686774403,-0.004811680075192282,0.041961996068113905,0.02637581530363642,0.02607359850333335,0.003242681950658355,0.025837034902575384,0.006748679762161869,0.026367012256985012
2020-07-07,0.003303183669150167,-0.008801520735450707,-0.00839403466278299,-0.02017024582004856,-0.008924081574476106,0.003076536358030957,0.05090944988047719,-0.013792464655171033,-0.005425473625477517,0.01699511865873382,0.049839266971203555,-0.0019509442190185355,-0.02291923329456702,-0.007685876079812526,-0.014790802961766158
2020-07-08,0.03487237433011381,0.009446438638148091,0.015085597378673432,0.009488672814127908,0.025940902816099287,0.004825774472275501,0.06686183188711059,-0.016689185218557334,0.0021532046314458597,-0.006369110866816352,-0.0005702744619231481,-0.010035378787620619,-0.011450106105978075,-0.016909372539708478,0.05260216345312485
2020-07-09,0.028680543078658527,0.07168253779677425,-0.002993661502443623,0.011470369485631737,0.0071186671055496475,0.01651663258468261,-0.010469623486282664,0.01774164418931945,0.020025143066794815,0.0035907338311718107,0.014512225822677971,0.015309375754982257,-0.0006982949727342147,-0.0053017575846867615,0.021063671162165676
2020-07-10,-0.0028312267067609476,-0.02410054652235305,-0.007935523202669104,-0.014175286162325107,0.0028629016227066373,0.010496292711691835,-0.05343430529563975,0.01739900680064732,-0.023882073015851657,-0.007106568144263692,0.009137627559196115,-0.009142942773947116,-0.005023942967359862,-0.005538057819134967,0.015584440144686296
2020-07-13,-0.040747123749631076,-0.04098068847092429,-0.012755259662743157,-0.017255257684255954,-0.018264573279939356,0.012624758208393816,0.016494453580156554,0.006608739652459894,0.02608008758758995,-0.008468139786620976,0.007372850995968072,0.036188020486372485,0.01011519028653618,-0.0007184217405963311,0.02558560376730412
2020-07-14,0.032306306484699565,0.021086043383051978,0.011496555542939602,0.016745283819099788,0.021126158670266904,0.02563166404804118,-0.028386004400736464,-0.023248680402825683,-0.013527269865407976,-0.0178821613104998,-0.027649202055122557,0.0024184778699394283,0.003925075228607966,-0.0047393270298883294,0.031052712755464507
2020-07-15,-0.014430642144624084,0.011330389584315093,0.0018401663028799753,-0.007035638068685568,-0.05392757759283684,0.0009454170951141982,-0.0009566858030960468,0.00232411006036104,-0.006999865920732651,0.012079357365651244,-0.004111085416951044,0.030154148849317997,0.016559696742691088,0.001039907404103868,-0.010986785437292146
2020-07-16,-0.009044783571584447,-0.007589482878288978,-0.01458653509126695,0.003864988447431772,0.026076900378743995,-0.018135256646404363,-0.019400205360080247,-0.017130813157154146,-0.02664841274597074,-0.022537058798134724,-0.02352309071595704,-0.023746059068680214,-0.013577554275992942,-0.0007014970166392409,-0.022313785058585722
2020-07-17,0.006586447967599218,0.0021850464417876303,0.011293769997875458,-0.0006418777802900122,-0.004231350364090947,0.030527547924133147,0.017258660365683243,-0.001909188280463714,-0.0076867834796851,-0.003189873964441592,0.010204757987568591,-0.009919442015593583,0.00799501636586597,-0.0007110830035041982,0.09757222636796659
2020-07-20,0.030313968819344117,0.04396798925674816,0.010191860610442527,0.02295365551942319,0.020568912705249742,-0.005775747736167847,-0.012913441051371821,0.01564249888494995,0.016261451918559988,0.02552724279423768,0.0017555658461867463,0.008387207234190175,-0.002267805267317624,-0.007042274211685684,-0.01900242345018721
2020-07-21,-0.017339437396057922,-0.008005553285798106,-0.009230596429627536,0.0012552521015019025,-0.019566678689707184,0.04669693449970436,0.06015210300395557,0.020072378198797036,0.03826954135761951,0.022339581533032504,0.003484498547583037,0.015242412354470103,0.022420637953541434,0.025245590678041996,0.16266688114212235
2020-07-22,0.010674482217010173,0.08403510378118151,0.0031420109244064687,0.006425384937517986,0.02287512405822345,0.004145791155311995,0.043981557303807595,-0.0012513162026337454,0.02721073776247085,-0.0013069727932679687,0.004897954611895239,0.024033198366270048,-0.004804139956939069,-0.004654842371370038,0.033182184858383756
2020-07-23,-0.029601166111266397,-0.0359281629359105,-0.03164189709278231,-0.00918719302642279,-0.02131938998989591,-0.007513023088881909,0.01854940852056486,-0.0010090931142600068,-0.01290191967351828,-0.0032003947708805214,-0.0032003947708804104,-0.0032003947708805214,-0.014678351331503081,-0.013329725694762429,0.026702861662014632
2020-07-24,0.0063918737545651805,0.1650159792078827,-0.008698267943782478,-0.04730475642498544,-0.043073080804925556,0.01196726394395764,-0.0027847057779382123,-0.026297160736472702,-0.016700338508902957,0.003154361026231456,0.003154361026231456,0.003154361026231456,-0.0012461915307984128,0.012638789321514299,0.005359179099245548
2020-07-27,0.0222670658599442,-0.006195969678983837,0.04286177208422326,0.039425852678211415,0.03834837121716306,0.09883354616370688,0.07762871448232667,0.04348732220891249,0.02366465383010241,-0.018874942132050654,-0.005487189651527502,0.016995475537847193,0.026214870374440036,-0.010381711005774119,0.02559424199095095
2020-07-28,-0.019766896770209486,-0.019718726783831353,-0.013484141763675073,-0.011268139606608774,-0.01419664996685166,0.03425201125799471,-0.057259182459655666,-0.022512317465511522,0.027396342296393872,0.010093045248583676,0.013011023024880108,0.005092930676994456,0.05798416107586024,0.007458144794296739,0.007935258154850855
2020-07-29,0.02447258079640746,0.12542516862868824,0.017277062381046537,0.015248945053084606,-0.03119338165674823,-0.0342537144546986,-0.0015753367357086434,0.02084185013901796,0.0013455786417260196,-0.00043688556299215087,0.010446897062844851,-0.03748090481034938,0.003929889118901686,-0.0016765506739196967,0.005263312709719914
2020-07-30,0.014189463388905699,0.027730328714720143,0.15220896218626656,0.018497983886959446,-0.005183499162062288,0.03029899454653595,0.0032802309244772676,0.04326558459392782,0.0018113911975918828,-0.005171485577001644,-0.006698760344008847,0.0007141116925601931,0.007256065430582437,0.032679623296393734,0.003178235024380527
2020-07-31,7.077697247304116e-05,-0.00984650477129867,-0.014740065054219875,-0.0013970643207815714,-0.024839402246975117,-0.016256841666991817,0.02983887915862593,0.004724233186653493,-0.011843298931873525,0.005603671340777883,-0.14641745551287522,-0.050795981921553435,-0.017679023617591882,-0.02835352950696779,-0.03563788625019071
2020-08-03,0.037259320104114924,0.0030995462072016533,0.037685611301456534,0.010570503212552484,0.036441187493824856,-0.027330109802452096,-0.012213904273782328,-0.0577571428600554,-0.024000315093183455,-0.005681068365545938,-0.02678744813235867,-0.0007019559417255072,-0.022146646943289383,-0.015248249918267565,0.02623171403563851
2020-08-04,0.01975456057334557,0.09488866898839166,0.012409889652051254,-0.002461259563333429,0.010147120510875851,0.025004762316995777,0.053953704866589014,-0.011876109836357451,0.037260478667440866,0.004141901562807249,-0.006885918482589681,-0.001144399207844926,0.010182618015575517,-0.0010801159975926122,-0.00273610658643475
2020-08-05,0.005254624261124441,0.003174936972714759,0.003965921449680776,0.0003085789974301978,-0.0049145774462551195,0.007640055622854414,-0.0033116229410246056,-0.004827671045289361,-0.006418505561797794,0.006006939641630238,0.009336244035799357,0.028612512480988395,-0.0073890478532618875,-0.011435955040672519,-0.02097868996500618
2020-08-06,0.004319251549048886,0.016410755666911525,-0.00296286569566917,-0.019423528776323473,0.0019538383483534982,0.011459447310028459,0.00024128784783616908,0.006021864118841647,0.008057615983106947,-0.02067775711232822,-0.02795903834146274,-0.001389417288598982,0.02541297627318362,0.010951430728701528,-0.01094168073573365
2020-08-07,-0.011997688498592063,-0.021450820320497943,-0.02530145276219653,-0.0006289993893614509,-0.008558447917921486,-0.005648552229210457,-0.03790183357401111,-0.009509182967822993,-0.0231252511158182,-0.022139638472893797,-0.0479590518118701,-0.032565463030519215,-0.00693653122749871,-0.004476922723308907,0.005979641902893018
2020-08-10,-0.003080662814606283,-0.030760172743522274,-0.01745964592554028,0.02627013438274206,-0.0018029272363779825,0.003999551795360379,-0.00034816164553030937,-0.0003441122224560056,-0.02075534223649156,-0.002541305585834097,-0.002541305585834097,-0.002541305585834097,0.0010041529202096111,0.00569277475021468,4.606385014049863e-05
2020-08-11,-0.02821303394855279,-0.06517510639081481,0.0232233263939694,-0.011955751011405225,-0.011220364856826648,-0.011295863962679342,-0.014796960140571302,0.0036843653889975236,0.010983900653541268,0.0011622810695859354,0.023675000333504448,0.036882662969988544,0.009435315304092251,0.0012658772071856284,0.036480426810720834
2020-08-12,0.05440091135942926,0.07453178410043249,0.06395273004236679,0.031647560477197745,0.037364152579534515,-0.02347692639010235,-0.01892640460742101,-0.007271664879995865,-0.015811541056880207,-0.011005165271961381,0.0006448097720808121,0.005569255460070144,0.013925358286018374,-0.0035137431369476335,-0.04081358632538723
2020-08-13,0.0002401591223577526,-0.009320957108968408,-0.020554391398295957,-0.021503589101799947,-0.00013331221343648725,0.02462858047730787,0.006630709697871051,0.0021889883713441805,0.0007441577755114004,0.028165017200773912,0.040051942493897874,0.008017282123265801,-0.0032090673702084294,-0.0018249918878281424,-0.02380403049583435
2020-08-14,0.010574499819986594,-0.006598158727956882,0.002909712056667235,0.03918865357483381,-0.00976631457673549,-0.0061107102518377365,-0.007294665456128446,-0.019076734162773,0.00586863909340285,-0.0020546756319687054,0.0038350267797677695,-0.008432324091326104,-0.013068125105659023,-0.007345749613393293,-0.03620408727358282
2020-08-17,0.06684536741441427,0.01377607718507079,-0.013715557854560134,-0.010056558272708349,0.019967494956650622,0.017241034836763758,0.00587524134184636,0.02245003259998124,0.0009566741710735904,0.0026545397360024925,-0.006684250275388548,-0.006424773191930133,-0.0016188694159348094,-0.0016188694159348094,-0.0016188694159350314
2020-08-18,-0.006180671646068947,-0.009220996405242543,-0.0013371122224464793,-0.007618650305336039,-0.00340790306243266,-0.0030268144353942095,-0.09784851097531178,-0.018921865741008737,-0.010547240478530728,0.01685265667688296,-0.012839186378918233,0.009593220077051212,0.009398873693416965,-0.023764482712937296,-0.04763923529674374
2020-08-19,-0.009970682086006821,-0.006980251024446549,-0.008836740988651393,-0.005135150925224319,-0.006044350189817527,-0.013341045899285309,-0.013604818680298614,-0.03346184353924975,-0.022691960927753274,-0.0015363018314489274,-0.022245870042424287,0.014379828457213195,-0.010725695651115696,-0.04013088014607147,0.033021330802723625
2020-08-20,0.00020592518986983777,0.02071772574973929,-0.0034221215598478905,-0.031577291066310464,-0.007387832309088127,-0.03126288236780761,-0.07418308240597538,-0.0590637901150447,-0.05085406875209897,-0.04103861076570536,-0.043687080739125195,-0.01993718667026534,-0.039550680490281764,-0.040697346848173166,-0.08051976576372555
2020-08-21,0.04468326603257089,0.012564950558258348,0.021145677068808988,-0.0238282156097952,-0.00013425787600940264,0.026205863448381495,0.07249034993731907,0.016375859182942376,0.03231929122551058,0.011329101098092709,-1.8969468758900376e-05,-0.0031463609073453247,0.006400888960531148,0.03490610349752066,0.004444451413364359
2020-08-24,0.002897450896612419,-0.00871012705887153,0.025752134842518704,0.023606989321602212,0.015774270908577748,0.005809381259026747,-0.03379665276592325,-0.012085394430100482,-0.008801920768246152,-0.0068180935829540434,0.00585582593129641,0.0050702207618793516,-0.0022437866416868957,0.007543831203897788,-0.003808333105063455
2020-08-25,0.002338829145476451,0.039359612072662475,0.0003451982506181839,0.004863393029672203,0.007513304606832971,0.01872237813813049,0.0103438988711273,0.01657843605559406,0.00477541916705615,0.0006996078316303667,-0.010849353983081955,0.01413524953143841,0.00784355529379277,0.022399879747089457,0.03255717531706326
2020-08-26,0.0018039197613728408,-0.0038216773235217882,0.000776241875300343,-0.004527769396720616,0.013366047203093867,0.017260972954995957,-0.018675868654567163,-0.003220538693284869,0.01158284731831305,-0.0015504843444841265,5.7569678559632464e-05,-0.0011872392065439552,0.001508722688868147,0.024920605910579985,-0.01793824496321972
2020-08-27,-0.011332602545709225,-0.02580787814396568,-0.00017240573640098233,-0.027132894246490125,-0.02513490445508182,0.004809893488858075,-0.03432833075579933,-0.004564508895702368,0.015554920699013763,0.011658322559272571,-0.008637547753851282,0.007502454156136595,-0.01201072837767514,0.006020192691333692,-0.027563685920147796
2020-08-28,0.0411380462419475,0.0208830541320999,0.018789809651935663,0.016766080907790304,0.00863870346260387,-0.021656863213352695,0.027217894923906805,-0.009520675888032848,-0.011426009468757381,-0.04190052895289287,-0.026109532266229696,-0.02672093946169507,-0.005889748885980928,-0.0186978339608892,0.015006234564701293
2020-08-31,0.017246214582438135,0.06160136125159532,0.007614146081621698,-0.023307422736762562,-0.013940644392633317,-0.01981766823628972,-0.03163293958639213,0.0013532674637448672,-0.0028138074375582134,0.0102557706158235,0.04019091631573546,0.017549227947117885,-0.019494770266711647,-0.02898433570622716,0.01904212898236457
2020-09-01,0.03369356595665751,0.014974681952449664,0.024433323200630186,0.004707591077467654,0.033994301234875346,0.02074745252474397,0.036801998296469574,0.002437079040328971,-0.0004683366288249502,0.008960104868638963,-0.006388012974504309,0.003688802425466653,-0.0025956059291082356,-0.0049529641674823655,0.008482249678929188
2020-09-02,0.038021751436558615,-0.0212627367973941,0.014996696895293926,0.05154313071948824,0.02995583225497045,-0.004444964819296127,0.03488108766204534,-0.01779363467538908,0.0001536111008233476,0.015208527507333924,0.012889690798008724,0.009496348943057065,0.005485566323256252,0.005785348612699304,0.006675972036202182
2020-09-03,-0.09277515033042882,-0.0851252516211829,-0.05479768671669305,-0.05562377613247971,-0.05603639715869069,0.007292726954810647,0.01211110981241692,0.0020235666948469344,0.002904083167720284,0.006888101321152362,0.01069413547937148,0.03435720419623367,0.033511396642847524,0.03911327898383665,0.03557507447752206
2020-09-04,-0.030194609765013092,-0.00642111428904979,-0.00395105888865066,-0.008135355422993151,-0.02323456483414632,-0.01558767305088904,0.000474768849847651,-0.01279847143451851,0.008082864710612592,-0.026205783903012536,-0.02778483406552834,0.007411793879431139,-0.015947491878002595,-0.0017887475691628074,-0.020447090480473773
2020-09-07,0.0,0.0,0.0,0.0,0.0,-0.008516836469636635,-0.009813926169818465,0.02363669575080496,-0.014093798460364071,-0.03888619950514327,-0.00607636661896549,-0.015616124481272253,0.019921128565185464,-0.000150972587741105,0.0036749087086085375
2020-09-08,-0.05620920660146289,-0.040482863167217276,-0.05346211998232109,-0.08743436900373702,-0.05462406828709465,0.012385774732088795,0.010681531871531424,0.007203161435909156,0.010839061325609523,0.006496042585748318,0.017985721284552447,0.021925755806332603,0.03859671441925139,0.012422295017436857,0.07583699860020099
2020-09-09,0.06732151736738845,0.04092008032533467,0.03871739594092993,-0.007729555235439278,0.03460468478416634,-0.007309025290652471,-0.012940333076202348,0.011781427363180663,-0.008118329055654572,-0.017396963533571674,-0.022341027009685988,-0.011010644616208598,-0.007143329211303673,-0.028437510163352164,0.015619587419278158
2020-09-10,-0.03171486760730058,-0.035770970262221646,-0.01385725391678383,-0.001449425758979217,-0.006595060701116262,0.01755248320695668,0.00555364838712169,-0.0140495219157456,0.003928426913778926,-0.01914890275325143,-0.015495530230557941,0.018810793436842888,0.017857888069003236,-0.004989575276760916,0.004103400371102461
2020-09-11,-0.011959964261686662,-0.033426271294418775,0.008715755331599295,-0.002176967887310588,0.006246462722942825,0.003873182335468295,-0.006256916622944475,0.002058333382424671,-0.007184146415914361,0.0008291179615269595,0.01711917465625379,0.004073727464658505,-0.005770519663699236,0.02104186557839327,-0.03276219454742002
2020-09-14,0.058181601404556416,0.02043496545485146,0.0003528660331988398,0.02654535589551732,0.024246408568122657,0.00984698224649172,0.02306110432202968,0.004434145013923807,-0.00045758911051263507,-0.001777413515353099,0.012993830554406616,0.019729543647739378,0.023952950258473882,0.02063176511288156,0.013674957746060645
2020-09-15,0.009225358822585905,0.013222063660097705,0.02749847567956687,0.013106693177010742,0.006278261969294263,0.014579535004584532,0.008761482748689486,0.011988667670182585,0.0208688940808035,0.015662788977308217,0.006051913571212042,0.004067543111871963,0.015176499010339795,0.029064520111355296,-0.017047558251580663
2020-09-16,-0.03667958970786367,-0.028759617816922156,-0.017327138586609392,-0.01276229559214026,-0.021255918976235022,0.026675363282344433,0.0073296476297273205,0.003969441469076962,0.018864697243637263,0.015592548933095696,0.02889173934840894,-0.006367860841151041,0.001348285622482459,-0.0035423480275550423,-0.021306693022660084
2020-09-17,-0.004075061679016279,-0.0014349152765033013,0.0027933375525774906,-0.002302302252666144,0.012031591861935809,-0.014861560969069543,-0.02867444602864133,-0.0010892820939080172,0.0029782960139044246,0.003419789665592754,-0.008537067104738116,-0.00266870563147914,-0.018614711412089813,0.014767610404653686,-0.02182207294931826
2020-09-18,-0.02200407546276506,-0.021162673834078105,-0.036472698929183034,-0.0033720674132317052,-0.0010904906884328103,-0.008065432319038224,0.022061351896997428,0.003596414092316591,-0.007859346716389881,0.006735906652179935,0.0015243157661377627,0.011010739703156025,-0.00044467047435581275,0.021227821523579937,0.002926386688533622
2020-09-21,0.026908671648983695,0.040170854450437776,0.011111802523191994,0.020836953296508476,-0.010154684614785525,-0.0050079920752673646,0.012253690084957913,-0.007225888285034787,-0.01215676850357783,0.0015400813056665186,0.0015400813056665186,0.0015400813056667406,0.0023100536959625995,0.013599797322884966,-0.019901189583249157
2020-09-22,0.009626713125783226,-0.003079362145831266,0.016976646569195175,0.00994422030272668,0.005570422977085432,-0.005573829700941446,-0.01987724587434969,-0.01984309835056486,-0.015160859235563762,-0.00146145643673401,-0.001461456436733899,-0.00146145643673401,-0.016773382013565596,-0.0377540207802155,-0.014515752356382805
2020-09-23,-0.040671740654329436,-0.038223857245283765,-0.028554060709495066,-0.011055423193965686,-0.019416333317022305,-0.010206060345277712,0.02095106324772722,-0.010474485455858717,-0.022682223971370652,0.021970438694941308,0.014211340265642525,-0.00964146088015927,0.00804208081134461,0.02948424716440834,0.020986449071041857
2020-09-24,0.01849676845904935,0.014585792706103051,0.01465127973539837,0.009432332778776642,0.00727151839639939,-0.029545982724526798,-0.03285918718190073,-0.03368280980623739,-0.02888869009911632,0.017444146050844322,-0.0082964731725087,-0.003632873270937864,-0.019748426162714328,0.0021407291873938306,-0.0351271739607949
2020-09-25,0.042577845778807966,0.029543627971320596,0.02059017860239143,0.007613422088871058,0.0008883665416390407,-9.528037482398055e-05,-0.02739221027340555,0.009544713772999813,-0.021174049867320188,0.0003940709717240587,-0.012788745867060358,-0.003742025882827904,0.0027845149745486797,-0.015572171029123894,-0.008958013281403887
2020-09-28,0.012525502458060167,0.018191209873840375,0.034672415286798985,0.01940609939936988,0.02934981124499969,0.018116432822036455,0.03120267039275526,0.022500896846834095,0.02775441063427464,-0.018745152339432858,-0.018837284390635034,0.00011515798026628943,0.007107078773799458,-0.009014715079950664,0.041053439529917135
2020-09-29,0.014633658361012714,0.028812194129494095,-0.009200498414399627,0.004885505627964637,0.007923289227516284,0.004051709605321641,0.016885596201318354,-0.021500267788484462,0.015910056622942426,0.04395974687857107,0.02896314877779349,0.006394498458564213,0.006026960520368441,0.02431832105393572,0.015747025305578255
2020-09-30,0.023042167007933267,0.0026904883176581684,0.0025556017894188265,-0.0033529380758650085,-0.012647041485539523,0.011943234914352452,0.0023151577753808272,0.017582339951338177,0.017871963214488806,-0.019055826845133406,-0.011892636507698562,-0.019735716400299474,-0.0012415453822048894,-0.0012415453822047784,-0.0012415453822047784
2020-10-01,0.006208147661741714,0.03500430322428705,0.015635784112562057,0.020185106683622944,0.03450045143189828,-0.0007609735051257172,-0.0007609735051258282,-0.0007609735051258282,-0.0007609735051257172,0.002019943605958474,0.002019943605958474,0.002019943605958696,0.003505779401587139,0.003505779401586917,0.003505779401587139
2020-10-02,-0.0405634134174474,-0.03605936291049805,-0.033885552178964606,-0.0402311484508483,-0.03143878049407467,0.0015588760657516687,0.0015588760657516687,0.0015588760657516687,0.0015588760657518907,0.007719431519954245,-0.002834689383522049,-0.015108459400077656,0.0015491220661125737,0.0015491220661125737,0.0015491220661123517
2020-10-05,0.044422202004485545,0.05317846346984467,0.043734331347093924,0.041058465075554995,0.03272952403354612,-0.002985473312063336,0.004745099096624905,0.02008671672378859,0.007265240542127849,-0.01565451337904844,0.002281914835228882,0.009952651685045666,0.0056659582817419896,-0.012396569059423213,0.006641425541905166
2020-10-06,0.006889923633074169,-0.019384772366413228,-0.008131569100165659,-0.0033002437623043113,-0.031404517511053776,0.023789164833358134,0.014078749751452513,0.002487086268728289,0.021782682382627927,-0.004623400047531145,0.0020584328405739427,0.010594728799910413,0.013169984192199058,0.0055953818068879,0.003240836732907093
2020-10-07,0.016561790417297884,0.02616002600207379,0.029195264223100814,0.011920376115589715,0.015373678107160282,0.004401605649356988,0.04831478117416399,-0.005189091607211482,-0.0022659978932006997,0.019500109094167772,0.02021597473309833,0.004262192206907489,0.008450230623053834,-0.0019147832634281992,-0.001971466764239871
2020-10-08,-0.008969419403786705,-0.0020763675176667107,-0.005608341336191147,0.024214787499011736,0.013544776402993008,0.029506590647751407,0.04256969083974815,0.030232485953476607,0.014455668732062943,0.03382974296719987,0.050511193560823564,0.016021751819352614,0.0030299221724021663,0.0003566159831638327,0.001620113267213119
2020-10-09,-0.005491927125676255,-0.039417449750371314,0.02068003856297662,0.011022318261468156,0.02126590797779282,-0.0006531098628183019,-0.0006531098628181908,-0.0006531098628183019,-0.0006531098628183019,-0.005745745903789845,-0.0004999283606329508,0.0016259722804905508,0.0053374723796228984,0.0053374723796231205,0.0053374723796228984
2020-10-12,0.03365967388652269,0.014320125911637005,0.014575290352040193,0.021962377117731302,0.02583611702132038,0.016542427014222705,0.06681549399035491,0.010840001614653483,-0.01660007494154958,0.002947965677547959,-0.003658665861714927,0.001878999698131656,0.018551724121806723,0.038321920824614386,0.06427595291889432
2020-10-13,0.0015640203628632943,0.011745140028669221,0.0060776552600838585,0.00015467747211372895,0.01531158582558434,0.004031919227108105,-0.021316171052448762,-0.005144009770193025,0.004818640439654409,0.0146059030823944,0.028541156973630688,0.0059797480246488455,0.004980082149278253,0.02820463057437439,0.02366750152399355
2020-10-14,-0.010737871634351803,-0.012546900916278858,0.018986448329518568,-0.010975393327697924,-0.017573634043881237,-0.014266326367490811,-0.022018012950026367,-0.022272835762000343,0.00864918566083861,0.02429588669240257,-0.0012421004264705493,0.008636029060858252,-0.0012980252597033504,-0.020547367129998606,-0.01881910769261086
2020-10-15,-0.008886168830895547,-0.012825102040095238,-0.01000920670328409,-0.007346190542286135,-0.028791729548455658,-0.009030418831282083,0.004094974776015503,0.010690028469424018,0.05329067236672724,0.001957238432592545,-0.01659172728404279,0.002446490636769383,-0.013420472113912396,0.008324336075554273,-0.01650345298118383
2020-10-16,-0.011345788298284476,0.0004811850938164497,0.003499693513814517,-0.00803009754454409,0.0008535754492373648,-0.009347641608676405,-0.013577488219162714,-0.0021524995040573813,-0.01129494702787881,-0.0166702629429194,-0.003918617923845513,-0.00978186123688507,-0.006443689796170382,-0.018799942019269045,0.02923020607209037
2020-10-19,-0.022716682643257546,-0.014067550735887502,-0.004727528613778786,-0.015079604598418728,-0.004109377813672932,0.01754993718227915,0.01626770419829282,0.010067038104661696,0.002271748041554833,0.0007422017092961752,0.013980449373598658,0.006767187008493325,0.011009985717563175,0.01904004064388909,0.011457337780527599
2020-10-20,0.01094643680337759,-0.005365883431783569,-0.0009343474926001294,0.0033844213469840234,-0.0009085881527900463,-0.012192508479898057,0.009284364552870406,0.0020443018647686717,0.01292279513610306,0.008537117691632679,0.010398739888253905,0.00029228999459540717,0.018731612133058295,-0.01368802622258325,-0.027138182716461734
2020-10-21,-0.0088489755443244,-0.02893576116963603,0.0019486287637955346,-0.002409060302643984,-0.005091437040702584,0.011136201077309726,-0.00199408853235572,0.042450032858237785,0.010275651678184117,-0.007399994062299742,-0.012543297724809,0.013928674125828877,0.0008802816901407606,-0.015566252498148025,0.0008802816901409827
2020-10-22,-0.012107503859724922,0.0027777932977308684,-0.0013225038783203358,-0.006601288815080375,-0.019582127730600085,-0.0009440233911599538,-0.009653754341348297,-0.0006801661668872638,0.002943534201877096,0.012846233952376496,0.005833216488958737,0.007304482665259071,-0.009675459887380722,-0.0024806169148071655,-0.019196869025846608
2020-10-23,0.01715806280088561,0.03198188081198583,0.0038945613216461172,-0.012155533306202781,0.008149321092173478,-0.006766618073812847,-0.014706683338810644,0.012245839125428093,-0.007248469485406472,-0.0296219179799998,-0.013159555340924056,-0.005090305672292406,-0.0002084286648742495,0.005320244969479804,-0.05269990687013637
2020-10-26,-0.033038515204096175,0.0032943420629210074,-0.020794414803813943,-0.02362607864705435,-0.029242876904658988,-0.001011192889285084,-0.002491158016987627,0.020357638494487684,-0.009680294535021727,0.0010408433648032567,0.005938338379329888,0.015109938650450294,0.00900709696016011,-0.002724502467635337,-0.013956737318430834
2020-10-27,0.01944263433874105,-0.04073946207899737,-0.002297982298451906,-0.011426730005995256,-0.0030475272963625955,-0.0071460679504314895,0.01583003970338792,-0.029126326657885726,0.022370436770530633,0.0012143659525707395,0.002216290110076846,-0.0014213415193290446,-0.013328301050317681,-0.010615434079818353,0.0015293565181384583
2020-10-28,-0.05745778470951679,-0.031440109202483524,-0.034389650834204866,-0.025667000188009492,-0.00958046759766451,-0.005919031500256633,-0.005046331938989956,-0.01940461285506656,-0.008621374982943242,0.012952121769850278,-0.0045342228073856905,-0.003423359025568229,-0.010395949443975372,0.006665536172219877,0.027849799415711418
2020-10-29,0.03144062116768831,0.02120412414702333,0.03997376143319209,0.038032055879074544,0.022047003005842614,-0.016075742099661672,0.004089040599949412,-0.00982056221703409,-0.013374885272498749,0.00969166323379378,0.011365812348938631,-0.013993162528758374,-0.020420435414198357,-0.019645504578412853,0.04280958438731397
2020-10-30,-0.03762304148961637,-0.034990974685996434,-0.024359637933072276,-0.004537723647352276,-0.026020347060261018,-0.003864959353611863,-0.0011749799112067416,0.01895005901234037,0.0064514602718726,-0.03996463932297145,0.0898942316131881,-0.031230309507863985,-0.02179824907480321,-0.017997341781526233,0.0041256764812558355
2020-11-02,0.0037302080523522463,-0.007836418649365129,0.0049449598475692635,0.0185717239009926,0.014996402668688624,0.00041342125173127187,-0.044218556322408564,0.0489009999540706,0.0019383911169730261,-0.0009654122031147461,-0.026776006332906777,0.021344082632503314,0.00869564908664855,-0.009097215154579508,0.003804435040608789
2020-11-03,0.03487452933529567,0.02516740240451565,0.01193844681309919,0.02486319668838144,0.018756500911779828,0.01352611633477352,0.019278849104313656,0.0008858745881024088,0.024773607500279127,-0.0013845466238152637,-0.0013845466238152637,-0.0013845466238153747,0.02753010182774651,0.025747650839943015,0.012225470718773002
2020-11-04,0.05950674173031678,0.062287758279108374,0.028058994444188468,0.04900519309853846,0.029403693215014792,0.019112944353368633,0.01675261980510867,0.016671731188589334,0.013862783150301539,0.002790358688439909,0.035841797543352705,0.036302806209547844,-0.003508857589902159,0.023749572196820834,0.019729784228467384
2020-11-05,0.026514635561169175,0.02028274808639119,0.1274714366738252,0.0784765752083445,0.03966067875433632,0.0037277955450620848,0.02960979531927399,0.00444806892746219,-0.00999592125865123,0.04192162446777625,0.048859577403444376,-0.0085126097268019,0.03130751737783566,0.03539629899379482,0.009415835938057393
2020-11-06,0.028390064659719716,0.03469876208937306,-0.0027510607217893224,0.008291399208786299,0.02021639643070805,0.0040434275467451375,0.006466225399653025,0.008051601312926593,-0.01904345824971121,0.007365773674694598,0.009644721610859941,0.01499265628010793,0.0029955234917944384,0.00867084461921297,0.02849930091229602
2020-11-09,-0.0639509632109111,-0.03213780385543841,-0.016550063591447395,0.01091770646038781,0.00022143803465013434,0.01171015941255793,0.0013235523625252377,0.02027136163551191,0.009117697880326014,0.034669904000460106,0.041194138443490846,0.03491716869752115,0.0029861706844542812,-0.002160616896504375,-0.007312101301279683
2020-11-10,-0.06314744585712906,-0.06171805477982195,-0.017530538709968235,-0.02678843032089584,-0.01730114994833465,-0.018089736132038015,-0.02451260603948724,0.01672528224663794,-0.016974160812800454,-0.033174851994978605,-0.03723441002500494,-0.012716521757671795,0.002199074932880851,0.008025671084143093,0.002199074932880851
2020-11-11,0.05074385118481284,0.042184908393948284,0.05410064696083361,0.02550822756788662,0.04695723210833869,0.014661531563114227,-0.013257066815388185,0.0013398165303375453,0.018028956434117616,0.011372078211190573,0.021952496612632988,-0.0024845951138325884,0.02065366330621443,0.0081326380517599,-0.023809425454040856
2020-11-12,0.0028879676735849014,0.006889733846014545,-0.02559447893873623,-0.019111655266388694,-0.012749746124576355,0.004944222118095087,-0.0016998345509435797,0.009762276766675626,-0.011340245292103868,0.011245420776897497,0.02563918619963035,0.018948104604616267,-0.0007484721407873263,0.016861712624914427,-0.004800028931078781
2020-11-13,-0.011871514585695242,-0.0050097269191228255,0.002432223732834027,0.04312300569509131,0.016645769025451118,0.011454910905971394,0.005677334743370954,-0.018191832724824497,0.008651972487665471,0.029979162202796283,0.013403335012717177,-0.01246914077087291,0.03285020769637548,0.015001329883283843,0.041801867096089795
2020-11-16,0.016413608073412744,0.028245155877908434,0.033342569095267116,0.022936548479088437,0.016492229525927327,0.045853346941254314,0.026415201169706748,0.018139248165411903,0.015994340541630736,0.05378050393921363,0.055028244542927096,0.010546928953169665,0.05582160132466485,0.0995824842106976,0.0888795653180443
2020-11-17,-0.006881107194993574,-0.004418998348832526,-0.0022137361568033143,-0.0014770934504638733,-7.022976149917426e-05,0.0018643221801466492,0.001647405506344457,0.0001581515034974057,0.003403597237940703,0.014510701927717529,0.004061282458991622,0.0019444364889482646,-0.00755364346685361,0.002531990804874651,0.013480222298843936
2020-11-18,0.00048418100885694315,-0.009836848474331639,-0.011362196770673516,0.02103875879595707,-0.006260557222723784,0.024193412355254962,0.04649461114026354,0.014390473272166249,0.012047723649687647,-0.015701308482836684,0.0020714146011657775,-0.009627094550702875,-0.012680896420700916,1.1135638397163916e-05,-0.030496894118427154
2020-11-19,0.000856542185575293,0.036346013650644826,0.00326401072779392,0.020340587014302303,-0.001061892460118452,-0.015086607661800588,0.00584455833374542,-0.0023849228562172753,0.003545195172999893,-0.014895141604728712,-0.024938097085662414,-0.0022050386024426993,-0.0039431151683193555,0.0011799863714190284,0.04381796468139343
2020-11-20,-0.026227208467008323,-0.010521411225698718,-0.01016756195188595,-0.006860946567761039,0.0005434411217373203,-0.002578282580785851,0.020637786810660197,0.0015095017258335286,0.006061798478152358,0.011363756237595446,-0.005021099896278303,0.006974619177921859,-0.005859131021223818,-0.021546968573917358,-0.02670722872018061
2020-11-23,0.0039920366865042745,0.007915857440651708,-0.01513381963652527,0.04927004073847874,0.008404310089926703,0.01601621757702487,-0.006724865054956508,0.012320839303981979,0.05623505594500977,7.701633995704782e-05,7.701633995726986e-05,7.701633995726986e-05,0.043567041144504826,0.033345548842645734,0.0161557173559983
2020-11-24,-0.013869612089599581,-0.0028132442930230983,0.014671032500829462,0.030434976480928633,-0.006742506928632541,-0.008771406786342584,-0.001051888405869672,-0.006473421101128918,0.025970606709741162,0.04885198591094109,0.028698933973091645,0.04269122955414795,0.0036386120669431588,-0.013335750828554205,0.0006738060423425729
2020-11-25,0.021377031751246722,0.019278234342678724,-0.012677128624451806,-0.02182036770236695,-0.001861835248150423,-0.008406753467980699,-0.022527683202479998,-0.010509365826399053,-0.0013598240483554402,-0.0013584353689771733,-0.008161864566508026,0.031221214979516354,-0.013260523092146426,-0.011205035132658692,-0.032226220710206865
2020-11-26,0.0,0.0,0.0,0.0,0.0,0.003655616984804544,0.007834082833224398,0.013337555764888709,0.042418411807264134,0.03387084227077386,0.017790247929172276,0.02761942769992376,0.025846554970151425,0.027466796171767394,0.016929328314124747
2020-11-27,0.0020024739249009382,0.005535732464556631,-0.0017349124165783048,0.018733204581772966,0.03374433774049801,-0.001034769236491928,-0.00787692264013562,0.011197480223072764,0.018002690450725556,0.007524766988218579,0.004255811436167711,0.007461036896050599,0.001970411276436934,-0.006998325976789288,-0.004963898563415614
2020-11-30,0.010575843030994347,0.06273656460073052,0.023221769589438335,-0.0021776388165132277,-9.149887795212308e-05,-0.01766845556144847,-0.02924823947163313,0.029270203155848273,0.09810540940080625,0.008932756648361462,-0.008027254117125793,0.012767152936742132,-0.020904812729329203,-0.012058695184014812,-0.01898891722389362
2020-12-01,-0.0008581409672685503,-0.0003238334503075091,0.027790739555873856,0.021702153010328518,0.026294495309395316,0.019817545679172266,-0.009898015407166505,0.0013510294922947086,0.09861635268266178,0.033087254876091654,0.01716309113771075,0.025874024134956874,0.0126589376523909,0.026882265095167446,0.020726555222331022
2020-12-02,0.011538301879364443,0.01198316574829228,-0.00418269970537255,0.012103723483555928,0.003917895684835582,0.01993032308760223,0.023088861846872533,0.009369600244250709,0.06688802934116023,0.0034440696051178943,0.02017245969162218,0.006148305297146273,0.027139947752575777,0.08676353844841467,0.022056098821610748
2020-12-03,-0.010671750181297623,-0.015254964132322413,-0.0004666331098314158,0.00949692414282266,0.004212784085069421,-0.0028874622911354564,-0.015748047151735944,0.008895835650591488,-0.011139866851407887,0.01754228199152541,-0.00010384695802989619,-0.003398151457643439,0.009171831481948667,0.029355917187210867,-0.017400712393133122
2020-12-04,0.012112171343566347,0.0187412349982512,0.051430843423527994,0.031823683268469294,0.025369854999956143,0.013951218853809344,0.009012686585848195,0.023719675195938983,0.03292158186296379,-0.02523266255073442,-0.005861372173610713,0.010381696416097208,0.03340118169917683,0.039007710384381555,0.0033396692259810568
2020-12-07,0.0035771166676141775,0.0003190002020929672,0.0025375690097566572,0.003376836209122658,0.011499104762416223,0.028109026447765695,0.004679218784684691,-0.004005103488913364,-0.016587587274390247,0.010369365475924042,0.001736509172631573,-0.029679727891602337,0.026673934434378488,0.03322544198494359,0.0231984654083619
2020-12-08,-0.01886935285836755,-0.012224955135640148,0.004936200204929131,0.006843158322667353,-0.002469593537896886,0.02731949370923359,0.04493107141183139,0.01666600184302891,0.010814972983920423,0.014416516231970267,0.03127377343768978,-0.006764030925789366,-0.01637004920580276,-0.02533376427049583,0.06755873249993449
2020-12-09,-0.031404711072030134,-0.03325437364164019,-0.01750627362707191,-0.02150420182183077,-0.03346339530516129,-0.01556905771023176,-0.002560623949531049,-0.00799627202840103,0.0011325035331612998,-0.006128650861720097,0.01160394877146409,0.01586281143731516,0.029561984212561176,0.04668642619216157,0.017479543308402512
2020-12-10,0.0032094396816240156,0.020371833393662886,-0.0017308028759237537,0.0007972223201175854,0.010841218837910338,-0.015987558959583148,-0.034651652192442595,0.013215562426273086,-0.04313958620587288,-0.02146472932646415,-0.0383022560898838,-0.012763291469909177,-0.014893598885387216,-0.03452996370252459,-0.0013807577784766822
2020-12-11,0.003160760242795657,-0.0001091221452198532,-0.07364344873320539,0.004665077122480321,-0.01129293541953158,0.009825520801908683,-0.0008291468778081068,-0.02037978564359244,-0.025040740010918605,-0.0010598678119475569,-0.012410045234202083,-0.01016340981569952,0.006849536440711734,-0.008592902501160293,0.025538026406858094
2020-12-14,0.022707729756187955,0.03415163340214633,0.013931128857429753,0.0022645694255665205,0.0007952539021116589,-0.015339727468349551,-0.006906408774895678,-0.022679725447356525,0.014851198293652557,0.011988932636112892,-0.0003567285527396047,0.0008685869763034315,0.0006508600007468779,0.008152353477293817,-0.026023331178440023
2020-12-15,0.003888296018425663,0.024688795077261405,0.014149845968585817,-0.0003386294852633087,0.0360051967994941,-0.005403575932396376,0.0010619469433676976,0.01030159098225747,-0.012015479182620803,-0.0074899791925600034,-0.0006826184410112512,0.006945700201302252,-0.00043963016070813765,0.003831819729368746,0.03227336046340912
2020-12-16,-0.008832054102031361,-0.0027801098108024558,0.009302113786647803,0.0009042495400535255,0.004751757488847597,0.016379210525098387,0.0004982539389895013,0.014680793982845941,0.029876721580146537,-0.0005019308954943291,-0.0031347594941947277,-0.0013430738214058602,0.003538009937836817,0.003538009937837039,0.1236797656969102
2020-12-17,0.007457057514770549,-0.00010327451097624785,-0.0014025996750948178,-0.011857676889114654,0.012236698012863645,-0.003557492148292929,0.0036615730958744486,0.009543511810757854,-0.01011819292963445,0.027747831663096134,0.00017766824426312944,0.004176117402045154,-0.009905369495229799,0.013816539679109452,0.05013955571210249
2020-12-18,-0.005190572249030745,-0.009500187977447783,-0.014110778688651182,-0.01611461085886312,-0.00012564703029960267,0.0034837021094396015,-0.007550411279669489,-0.007995258637482294,-0.02124215041107047,-0.02359977192508622,-0.023928975330865132,0.0015774313556564667,-0.004557650997960905,-0.00883147978285681,-0.027320119954976407
2020-12-21,0.004539406571658189,-0.028044149951648167,-0.004205917683138383,0.003717270962173558,-0.010434970864110715,0.010291984901295015,0.011401092066933627,0.006137932356442999,-0.0030869701934038707,0.002073681328453647,-0.0003666764615711804,0.0029734850252649547,-0.0062057056636768415,-0.027171810580277844,0.03952104001158663
2020-12-22,-0.004050382796396801,-0.0007508279770861437,-0.003133305037975598,-0.008910970971817367,0.00830044858014145,-0.012549291135293128,-0.0060388043764675325,-0.015338479957906381,0.04690414913886731,-0.009582357532190278,0.006709795734394675,-0.004981120430682995,-0.012177826881306975,-0.032707159493262195,-0.008463536937201033
2020-12-23,-0.020258645992658142,-0.017282101192170662,0.004236724079998755,-0.01879997585734372,-0.003275849105243922,0.00032701318040095906,0.024516957093801084,-0.012464917348986249,0.012850728574563597,0.012246863257829421,0.023010170104579952,0.012143186907193515,0.016483997154362662,0.025415539137367382,-0.00845733443338692
2020-12-24,-0.00119120480187207,0.002839918057555346,0.01245230503457262,0.015471205421049516,0.017845697454092146,0.001815170904238883,-0.008481386865582086,0.04259047401432703,-0.015603022944480793,-0.0018149173289750964,-0.00692958083511408,0.009922396546532486,0.05580441041741646,0.020169376324819632,0.002878287020350756
2020-12-25,0.0,0.0,0.0,0.0,0.0,0.002709245462474641,0.002148715732341433,0.005719743494356777,0.029025571096799263,-0.003985156717383087,0.003103316446880111,0.008442254836417584,0.004445831473920858,0.004445831473920858,0.00444583147392108
2020-12-28,-0.007215078589770996,-0.002287322623428123,-0.007057086605122276,-0.005391161882276507,-0.00589967983376205,0.014140273584457796,0.04144765148729568,0.016214274125101014,0.00011848130898939324,0.02839597381263892,0.020151235481923768,0.012490842868924545,0.012323063609126272,-0.02045616337977163,-0.022940036240939543
2020-12-29,0.003352543541028652,-0.010698643491963922,0.005076618705452285,-0.007069498137721064,0.00785046238747511,-0.005977200442204733,-0.01403680383678807,-0.018143905700756302,0.07494935617902998,0.03268676342580812,0.02637900105036839,0.025036176097669616,0.023766222766013367,0.018396605793254306,0.11595390411739781
2020-12-30,0.015645464737906956,0.018428582193000365,0.009832433069345115,0.03215865306568699,0.012189727803034733,0.01877984880673167,0.015712704975859415,0.011758027160063467,0.029185282022677228,-0.005478305129529071,0.001255370225550445,-0.015391246351290522,0.03673550100127687,0.023776892611734324,0.013375861316393678
2020-12-31,-0.006903495982515717,-0.006284557647643352,0.01593850160976129,-0.007818016093471769,-0.004470095190417744,0.011487341104918558,0.0032881348663260646,-0.002960244004104551,-0.021548732225968537,0.004247397729966407,0.004247397729966407,0.004247397729966407,0.005706771709917957,0.005706771709917957,0.005706771709917957
2021-01-01,0.0,0.0,0.0,0.0,0.0,-0.00030982265522971897,-0.00030982265522971897,-0.00030982265522971897,-0.00030982265522971897,-0.001017144223837363,-0.001017144223837252,-0.001017144223837363,0.0016318807831181559,0.001631880783118378,0.0016318807831181559
2021-01-04,0.0044808686162787215,0.006433365752644971,-0.025206942392263176,0.00660481578389871,0.025178295764633374,0.012211087266681853,0.06117454420499291,0.03288879430755953,0.017844486018272043,-0.012884689010422057,-0.0001259261372261733,-0.011488040030736446,0.024615832744860677,0.06321274233666374,0.008212891311353054
2021-01-05,0.02221017043298046,0.0050920214059477775,0.026464797793672945,0.031426265068228654,0.010720033727155576,0.009502789493424979,0.004629893802011509,0.03045478612541941,-0.01692468743756037,0.026720543097450644,0.04902383672787414,0.013735068104118842,0.009085424460697933,0.03391277671708948,-0.02088408012332965
2021-01-06,-0.05895300164301176,-0.02630155115128041,-0.008134799282486949,0.013727512491514604,-0.02995885941968235,0.018205154855806427,-0.0010834384606598357,0.0272772577983158,0.010893865652501944,-0.011404250425296802,-0.019205534538495272,-0.013164414017937887,-0.020109029105093934,0.0039885759002058485,-0.0166059547596642
2021-01-07,0.0578302894243925,0.05347062695834204,0.029829806729676056,0.041065895389064355,0.022867222589033176,0.03376672579195228,0.013369628863338034,0.014706743592253657,0.005900348838352665,0.019559000279895322,0.01428120798762289,0.03960752982931126,0.008052054312245538,0.026245201224060155,-0.0061390756793150425
2021-01-08,-0.005039848540069447,-0.0060950169055702386,0.006037362620946007,0.01057545486577971,0.014578330450954802,0.02299004968574092,0.04517559257857506,-0.019071793295697748,0.017469320948593214,0.03141170918975478,0.03947630477620545,0.019968994841601084,0.06517275295476499,0.02027770446923194,-0.005598905301499424
2021-01-11,0.02596656881254189,0.028230049875814567,-0.003383593529408313,0.02511486630366111,-0.001552951733073793,0.003655004314009336,0.012243648926003381,0.023965482734341848,0.011821153762604064,-0.0028917244772129758,-0.0028917244772128647,-0.0028917244772129758,0.02500920593250222,-0.036011297688845145,-0.016918081847700273
2021-01-12,-0.010039282132664473,-0.01943444102466263,-0.010633224422102683,0.020926956090662197,0.011772997708674904,0.011852800089670268,-0.006006757064857204,0.0197766373420043,-0.033911498500576176,0.0025934484905536515,-0.020514154230615533,0.03249334914032631,-0.007691835700788907,-0.03328634969555133,0.008278808526530623
2021-01-13,0.0034851911823010617,-0.03754196526993381,0.01922925940038489,-0.01959798734453344,0.00025279035077341305,0.025251047365498547,0.04651204997574765,0.0819090364355457,0.016934349148101324,0.05651107593085425,0.05830104859443552,-0.009659039025528116,-0.007299062570207293,0.033751310681985336,0.04011668212885455
2021-01-14,-0.024497846380844845,-0.010786640629078414,0.021788720207661427,0.07904131093255162,0.059506821469088145,-0.02288476934765371,-0.02740860524203903,-0.007443224671144555,-0.037189161461297804,-0.017103390929001927,-0.001965838801108899,-0.016539550058977115,-0.00325395478733026,-0.02198987856178103,-0.022581556448376228
2021-01-15,-0.025813980262573977,-0.028417246448264377,-0.023375503468456404,-0.02514188536922768,-0.03148830106516587,0.016331011940176277,-0.011678731563074973,-0.009000845387974299,-0.053234753308387894,0.03914340140600969,0.02767518299592564,-0.006727321763097982,-0.0169719478258763,-0.021016511508168745,0.06712153747013816
2021-01-18,0.0,0.0,0.0,0.0,0.0,0.010149394800818445,-0.006895539692166719,0.025678651575344658,-0.007389644432977627,-0.016247654104746823,-0.019770897102516005,-0.0052519180460489645,-0.041149433976309324,0.01215717250122128,0.05325446690211222
2021-01-19,0.01288955160785088,0.014057339039104555,0.04252296617966911,0.058949328440546234,0.041706373733406465,0.03295239050554377,0.04147284288565656,0.049755062178350906,0.013702028568498115,0.023073497428308887,0.04424926839594612,0.024549904893445218,0.023399599035818897,0.0037185920770603786,0.012371604190702046
2021-01-20,0.02614148677058048,-0.007825567044426163,0.005068357344465646,-0.012635229565991724,-0.00021850866093631183,0.03438214627264746,-0.0055755586181420735,-0.007094211398050665,-0.01565391380448755,0.007179844884857456,0.006869179655649926,-0.011957218299077477,0.004219599666166918,0.0019164437190872796,0.0019164437190870576
2021-01-21,0.037540109278418665,0.03132392990757049,0.0009115732395015286,0.0012054647637331772,0.03888023236341076,0.04111783243277256,0.0720612919158874,0.01047440772793129,0.008643127326509514,-0.003907227397487167,-0.007578937084447124,0.0077687033957660745,0.014689599871678727,0.01201994456959854,0.019202549183934936
2021-01-22,-0.011177299294523713,0.013766001890469504,-0.014143040949489816,-0.015189466800201279,-0.002259927510702253,-0.038033977249762985,-0.020617409371443074,-0.0071885389055244,0.09713997367815086,-0.01536755542389634,0.00047343731411353396,0.00777617304766931,-0.01802544717524668,-0.026056626553073392,0.0039564721160143534
2021-01-25,-0.004321045906117149,0.01444117172830417,0.012190628666789438,0.016834476547052057,-0.0032312894809850556,-0.024402370208381097,-0.0073778563921644835,-0.028321154171844776,-0.03606466058234403,0.007933302376869511,0.0028567202321194696,0.013650317275437862,0.0255343008952702,0.046075769489199336,-0.0018858447146818946
2021-01-26,-0.015966812622534743,0.006161710910212781,-0.011252843484501063,-0.02395493290761086,-0.032786990499196866,-0.024173085440478914,-0.04177393994840395,-0.03420226310904273,-0.02353376971638632,0.010172316447236707,-0.00747128610279546,-0.016900345769140346,-0.027639733769670327,-0.04192059648345803,0.01713741049135553
2021-01-27,-0.03851807420947606,-0.06197870133381089,-0.05462965690813282,-0.06585792923862455,-0.044389459545008725,-0.0031703413602672814,0.029924566203477054,-0.0009447677615234129,0.010473609240868376,-0.00998596244793093,-0.02819961363602641,-0.0021169219995242905,-0.01203307396617559,-0.00321556852906546,-0.04925129897679292
2021-01-28,0.010315309799129757,-0.014858169171954705,0.012234234777685593,0.02607021170061219,0.04305874551992517,-0.023288763202654827,-0.031735316684325166,-0.03917323376819959,-0.03581208707774952,-0.051186869859229045,-0.047997199906738675,-0.028982029511965823,-0.0279347161238106,-0.0484192899882262,-0.01581045812898829
2021-01-29,-0.0046932217487367645,-0.021480773829153366,0.00469297269066371,-0.044191899078449226,-0.023865800097511825,-0.01662484467775871,0.0069187915205737305,-0.02644121738412175,-0.05486462167113737,-0.050549132613224024,-0.020327220240247357,-0.03307385147645847,-0.02452988714526394,-0.008354047705299794,-0.049565141025231685
2021-02-01,0.01903443334160171,0.023587158884369464,0.0339132221008307,0.0468553208225968,0.03787253073765151,0.03131532802461412,0.031759137621662825,0.029002050484571607,0.04421731819301189,0.008238492017998977,0.015454432754751224,0.0014341749015225336,0.007539068443657149,0.01571440505375654,0.06386663007029592
2021-02-02,0.02415578415802111,0.013689218550202664,0.019804728073983258,0.02351565825581914,-0.0016054461308875334,0.03624597762976123,0.030595410490551034,0.04087290170873281,0.04040454280500305,0.019446547618813703,0.04066508113113465,0.005242958679792409,0.017368476743852668,0.040512260277834056,0.0004924869508993179
2021-02-03,-0.001936414245907847,-0.010916061377903352,-0.015050010145782666,-0.03591076495934076,-0.019133115841643233,0.00013835058400979428,0.02378904577259977,-0.0017744589366955887,-0.02794717118998924,-0.009165385416177285,-0.020669040319781895,-0.001670973657191932,0.005313143396632025,0.00293641362260022,-0.0020285032502735945
2021-02-04,0.009885132787713191,-0.0005689276607697691,-0.0882935904724621,0.03374378220517804,0.023079767533606965,-0.004976222909487071,-0.004424978384788059,-0.004291851443483097,-0.0032776642406815437,-0.025655189578286164,-0.03904987504011448,-0.020893863944740465,-0.024419999533228154,-0.03806429269458278,-0.024472727562437013
2021-02-05,-0.00536079801487388,0.0006831191995666508,-0.014394662585146767,-0.024505914194917655,-0.0047352913652242146,0.00656907661057371,0.00282830985236604,0.07833074052660471,-0.027471372535913807,0.013290001286478281,0.0125081698654117,-0.0013226434447313196,0.006713340486523167,0.01454961828250112,-0.01041818361910929
2021-02-08,0.062375804530493184,0.04061433029410311,0.010559224950074109,0.05441355614308274,0.02024207776767084,-0.0025273719075455947,-0.0025273719075457057,-0.0025273719075457057,-0.0025273719075457057,0.017205231226167017,0.04786104115844725,0.0013548937786942439,-0.003959130075852357,-0.01760629863952834,-0.008235943625449438
2021-02-09,-0.012154720212844361,-0.006122199093914538,-0.008616971141722551,-0.007627692468097802,0.0026597770698038037,0.003324891239142147,0.003324891239142147,0.003324891239142147,0.003324891239142147,0.02079502277351608,0.024471169432378925,0.0040229686560186995,-0.0031501556889713678,0.004467805793630486,0.00046582959494156917
2021-02-10,0.035125233071328754,0.015839783896212767,-0.004174915693415104,0.004744501706208437,0.0024579194356417755,0.0009692904410498748,0.0009692904410500969,0.0009692904410500969,0.0009692904410500969,-0.004965019186413899,-0.019524733716418607,-0.0044801281953325,-0.007674119066248042,0.009709295136240081,0.008308156916635667
2021-02-11,0.03295114369275032,0.0033568510353050307,0.0004121185420313811,0.06724606454188975,0.043429631971329874,-0.003840986907437949,-0.00384098690743806,-0.003840986907437949,-0.00384098690743806,-0.0003823631060952959,-0.00038236310609518487,-0.0003823631060952959,0.005453015125051364,0.005453015125051364,0.005453015125051142
2021-02-12,-0.018982606207341157,0.01197920286086629,0.016625646078667122,0.03274334921344857,0.010955076006088804,0.0006513207435896451,0.0006513207435896451,0.000651320743589423,0.0006513207435896451,0.03540582180484786,0.037342930081065484,0.018856653926628386,0.001596786315259946,0.001596786315259946,0.001596786315260168
2021-02-15,0.0,0.0,0.0,0.0,0.0,-0.0025664613824361027,-0.0025664613824359916,-0.0025664613824358806,-0.0025664613824358806,0.010192006478548343,0.013317240468504021,0.02178154433132784,0.03078724812795941,0.04652729944877554,0.06090862686821419
2021-02-16,0.024663675840064903,-0.024634719433623387,-0.005541324212945842,0.014138969736891882,0.008612595297831316,0.0007501574921928711,0.000750157492192649,0.000750157492192649,0.0007501574921928711,0.00947463846273755,0.01832580079127144,0.009388653626803523,0.009346992680251631,0.004816745720813476,0.003460917018477394
2021-02-17,-0.02767392944718583,-0.0166192505825693,-0.016376891651739056,-0.022306765508891213,-0.02579842265943011,0.04732989065162929,0.029886504017294202,0.09772212859926643,0.09756579310608182,-0.02859019688774278,-0.003611392642646427,-0.018525918616266734,-0.023761079526586903,-0.02260975274935062,0.03487288589697979
2021-02-18,-0.005165860356487473,-0.014454114036796195,-0.005802982179635263,-0.019704420592970506,-0.00867976289598038,-0.00019972235190968135,0.002295173898329894,0.017332145605738924,0.018754116079133132,-0.003754699242441095,-0.034524004646563466,-0.008939560070175823,-0.01151483271511533,-0.029093408940087606,0.011090962983528296
2021-02-19,0.00657502330877846,0.010604720756756114,0.007157463240528461,0.05316056509498002,0.020464391530657267,-0.010068281647278687,-0.012266581140330413,-0.03203510841175983,0.0077476828902036665,0.017400475955149375,0.0347224886720785,0.00630178907213752,0.004571313104258179,0.05396218069108172,0.12099030759334184
2021-02-22,-0.03823735411277873,-0.04699708638555955,-0.03780916651434729,-0.03540932631000615,-0.026749994810097433,-0.004746428393603286,-0.015146876291927791,-0.014877774275876221,0.09800687947773423,0.06478082221883397,0.021376265816230866,0.007760955912130996,-0.0027872609621028,0.028435433539256705,-0.004132842560717553
2021-02-23,-0.014889471860522474,-0.0073796985187249975,-0.016778850455007044,0.007897016885568986,-0.0042002796797199204,-0.01035695717580054,0.018311706495395486,-0.014381985243908324,-0.00031138945847941635,0.005048376642559305,0.005048376642559083,0.005048376642559305,-0.008477844642585386,0.008503664581921866,-0.06379887151749541
2021-02-24,0.025243908715316676,0.02596182007431147,0.02902565056912021,0.05943768679017669,0.03287795323567666,-0.026389311950406058,-0.02733366793450087,-0.03777532694104946,-0.03351063532530063,-0.030192059752189415,-0.03583785975502762,-0.04620632866355179,0.0012259740556994636,-0.01684655355564857,-0.051702127880696835
2021-02-25,-0.08217800072929493,-0.051989925759517,-0.039475539076084254,-0.0723066159461545,-0.05922619811938812,0.023356405543213166,0.01152668284326519,0.02149397427337707,0.02995037959525715,0.008547084234254765,0.005451967532626778,0.004848838915179066,0.042217358057408116,0.09398258695225392,0.03917651977998493
2021-02-26,0.030584283129230228,0.02535797153260111,0.0048697541568856195,0.037391325677018195,0.013077176287518366,-0.049621719245332874,-0.05477876519906566,-0.04119705899012149,-0.044182784307363665,-0.05094277922273238,-0.07883520096566554,-0.04667292150296676,-0.04312725896262326,-0.0572868198822043,-0.01730600988791553
2021-03-01,0.009278506021753952,0.02224585499817411,0.024230961250793825,0.03435130984653534,0.02902517636352231,-0.003231023301631164,-0.003231023301631164,-0.003231023301631275,-0.003231023301631053,0.019706892921737884,0.04107251248301602,0.027332745307853568,-0.003774348836807495,-0.003774348836807495,-0.003774348836807606
2021-03-02,-0.03146294702356711,-0.026160460148136888,-0.017563934547433768,-0.03885476177590541,-0.034975590526507894,0.006250613675032435,0.005764030365138284,0.025479849475584793,0.0012940543434261098,-0.010654970551443932,-0.012000362425538036,-0.006608066204545238,0.03314337839210535,0.04116511267177603,0.03105677040964694
2021-03-03,-0.04486715728452806,-0.03886837929182929,-0.03467995421966985,-0.017531765305348057,-0.0346983667623566,0.024255490390510115,0.036276274645781426,0.012308736929377284,-0.02019048113233901,-0.011376266984852834,-0.012414968295384576,-0.019388498734978943,-0.015322980317497792,-0.00305718909562136,-0.006887205535983432
2021-03-04,-0.03393279617578682,-0.03846154571947191,-0.02931794232885432,-0.06237028002754852,-0.06089039221306414,-0.03306505715765806,-0.03478796042014298,-0.03668870184389572,-0.031113419511465623,-0.027051387822264572,-0.029632570691912608,-0.012817090379634188,-0.023537720094054193,-0.03843515312098489,-0.006769705746286214
2021-03-05,0.007376487060917425,0.009903493801497243,0.015258123103348398,0.0481339541030914,0.032399677280054995,-0.0033437749579585674,-0.018899056582068585,-0.013020067506039679,0.019436926161253698,-0.03279236169310773,-0.020876329300842933,0.005488536445013681,-0.0070253442886486495,-0.017433582773860423,-0.020997080622315645
2021-03-08,-0.06967439524438357,-0.05807434734520478,-0.050481562836359184,-0.06848839398681483,-0.047150172233155985,-0.009071221725712841,-0.02214579074046319,0.000781969450680986,-0.019399999378676314,-0.01556196842551505,-0.03797399092597675,-0.0045643520100172585,0.0039729618295107905,-0.027112623841458072,-0.024168000498981268
2021-03-09,0.0803332415692013,0.061790153480189236,0.047970575298589946,0.0808100334919839,0.07433449990241447,-0.017522753826974213,0.0010974588453622758,-0.027019565410841273,-0.040581676725182314,-0.007928189554636922,-0.02400477496323561,-0.013595735501797046,-0.018408180792181872,-0.0038755956534951563,-0.047796384737352704
2021-03-10,-0.0041533576334154,-0.012861354284099846,-0.009604246000274319,-0.01348302059922768,-0.030008192186102622,0.004461922003974106,-0.01598621195168537,0.0010972722795454803,0.028864879946090882,-0.0023108001500997677,0.026811093356992055,0.013755165950889658,-0.001484124388850927,-0.021073609662166537,-0.02429394075264113
2021-03-11,0.04212678146273463,0.04785870581173479,0.030265323354560003,0.04002526702247278,0.04026130245132009,0.02190907502824202,0.029599847178435112,0.04144701936237882,0.05300011570371033,-0.004574853082190855,0.0037472467157084743,0.0027671178743688962,0.012615643616239236,0.029077581755042603,0.08558162437679062
2021-03-12,-0.01058208961373952,-0.0022159337404534796,-0.013359632412419775,-0.024746275401843043,-0.012435678587597754,0.015447389869407635,0.019654535479120216,0.007178322830120987,0.00037293640064905986,0.043607040989172896,0.04443366289817985,0.04956474066534722,0.015449966568318096,0.02766051351635812,0.0400001526227407
2021-03-15,0.02607729641118972,0.017890152913581314,0.012771216383992812,0.00516229192525719,0.017781970127840996,-0.010002007791498957,0.00371209609247547,-0.028828209631844848,0.007040881960074685,-0.020702261676768696,-0.017714696455051082,-0.01810886101334086,-0.016309059588723085,-0.02917683150005357,0.03958039766507837
2021-03-16,0.007580929883718834,0.003030303030302939,0.015268841258101018,0.031511044680831546,0.004002105510372944,0.002169585128912521,0.01211550624735147,0.013517869236854496,0.03380763493653327,0.015241164810936514,0.033559788944674374,-0.0018053254852999912,0.015007040422745144,0.03213326052527199,-0.012059797858234966
2021-03-17,0.003761658162281689,-0.0014501842487254502,0.002020150560853917,0.011814423440830835,0.01854831755200048,-0.012742037476820012,-0.01406179651822237,-0.011712837063570625,-0.037108598939935566,-0.0014089596556012829,0.016726375495312196,0.010611515931940207,-0.004674751644825337,-0.002191431059143767,0.014237564489627985
2021-03-18,-0.046378487477051644,-0.054580596112138724,-0.031138020393761456,-0.04687236154009866,-0.03642085673335671,-0.002644100324905363,-0.004840633900637603,0.03467310358294884,-0.003370465368032316,0.028618027611295282,0.0345319374101376,0.027213985825559783,0.015115951597200361,0.022165541809956002,0.052511217048668346
2021-03-19,0.009687404420390289,0.012032703263734179,0.009788225700261721,0.005075240692326677,0.015263534094563491,-0.0247388973053545,-0.026389167866860852,0.007404841616548863,-0.03477857834829856,-0.026253660512179144,-0.012152867826067504,-0.009138276114217025,-0.016431562464492178,-0.03246682630609299,0.02782330822843604
2021-03-22,0.026506935161671574,0.015684360377636652,0.023431376070828458,0.03891693228040238,0.05219040535775665,0.00404193768871175,-0.003867545518052129,0.0006551994114962767,-0.0021280427989890383,-0.014410913169117578,-0.015726818469607218,-0.019041149393749568,4.1577665985670365e-06,-0.001215094849504994,0.0242439361564164
2021-03-23,-0.008759120488769478,-0.02391040753886764,-0.011708423405371038,-0.02472142551566936,-0.029722664683453637,0.004428503221381108,-0.00978207075847426,0.0027377298221200608,0.0027377298221198387,0.015826138987544036,0.0008733656307478022,0.0005994963421103172,-0.0003463873081690494,-0.019687026868041912,-0.04005559091865618
2021-03-24,-0.03272576006029604,-0.024240800753556058,-0.04029583862217545,0.0405567548357062,0.03526754969008761,-0.03352601030836755,0.024170770171734635,-0.012552018733201553,0.01474725965206325,0.053048151344861516,-0.006481952331696239,-0.00916233180197712,-0.016840745327084017,-0.018162045494761525,-0.0170391869721509
2021-03-25,-0.00852257710462867,-0.003399609372622958,0.0007861828300694818,-0.011395553807045045,0.009367741279590058,-0.004459570028660265,0.058625269049068285,-0.012048466253417933,-0.021854020638770177,-0.017360168373465767,-0.02134487322507095,0.013259506791666764,0.0013382685461209576,-0.0048694936273337985,-0.021266702651896785
2021-03-26,0.02425163502481409,0.015612731859718343,0.044861739382381804,0.07450730943351691,0.07135278900811914,0.025273339089682656,-0.007110386726501994,0.00863360287742454,0.006184937739674101,0.011981496917769174,0.042756656522678016,0.01707740623875198,0.003933582716621586,0.01527929451586485,-0.007994320785188358
2021-03-29,0.008489485729553214,-0.003487976484789934,-0.012933213966163648,-0.022776803785895083,-0.028241712179028267,0.012334687136579703,-0.004990460710242894,0.015762254409742438,0.020635011553511218,0.027446041138721844,0.02028295974818861,0.012216650038547439,0.006774822941730152,-0.016804331857039556,0.009713248780346628
2021-03-30,-0.005908106039036243,-0.014778317327824864,-0.008836885908818148,0.00835273871789699,-0.011036306104149518,-0.0013122902572136885,0.03397905726765438,0.020419017633207526,0.023757043301221747,0.024346240652137308,0.02620351702566759,0.000646945848448599,0.008529826138018892,0.01561663889681264,0.00703612554620503
2021-03-31,0.03701918298896678,0.03289473684210531,0.0190608587532084,0.053960171762172715,0.026725894030003472,-0.013763274341537346,0.0009718537508354164,-0.02858939889498302,-0.0022829344758500403,0.0008818866771216349,-0.00012011770892716989,-0.021601278332438523,-0.010318098469904058,-0.015452719499195577,-0.0026353689777213196
2021-04-01,0.03472378903476181,0.03299358392217355,0.0392184502224473,0.05928142263781733,0.03197459406110803,0.027963941472758158,-0.0059245597755996915,0.002350709921790539,0.014378804451872673,0.04259883121804542,0.0371382218796934,0.0112348923502672,0.02305344212542737,0.06519373494537994,0.07247235648722472
2021-04-02,0.0,0.0,0.0,0.0,0.0,-0.0030673239098337746,-0.0030673239098338856,-0.0030673239098338856,-0.0030673239098337746,0.03128786548342832,0.04295678889614529,0.015280740841228546,0.022138957556401495,0.0027934060350602863,0.016498826083708673
2021-04-05,0.012724607426101375,0.004192921231225721,0.018434360139676365,0.010811353930042511,0.0053210529870422185,-0.0024114534109352936,-0.0024114534109352936,-0.0024114534109354047,-0.0024114534109354047,0.0029876516471698533,0.01845836669963674,0.0009866139010736852,0.006424306028325777,0.013528935505381368,0.11625877200666346
2021-04-06,-0.009008013897937928,0.00012283109656130442,-0.016176698916070653,-0.024537138867689934,-0.019500627883622945,0.005051597068766123,0.005051597068766123,0.005051597068766123,0.005051597068766123,-0.018421246154722848,-0.004994802455881353,0.010411260538302214,0.01121835346776856,0.0041633414629564935,0.04148018856478797
2021-04-07,0.020344045948572198,0.009331955845442552,0.009923289158863646,-0.002866743335295352,-0.002292915997237799,0.011696388642910227,0.03686865586151011,0.03557848160270494,0.03526046618394396,-0.0010221606273487227,0.03394207782076819,-0.011693504926532317,0.0012361663999165273,0.009431912119030939,0.012468216956557532
2021-04-08,0.012267013671775961,0.013990286722309841,0.006526941158704114,0.0015095903792710086,0.021258981592168436,0.0078030459522102635,0.02497868189284569,0.0028712086936193426,0.0602145430293084,0.011639086466352255,-0.028910011998892315,0.01865309949840266,-0.010832261526884657,0.0031613812533539676,0.0287947221217002
2021-04-09,0.005797304109679713,-0.007078540476204154,0.0016389383366810506,-0.0031573511799302123,-0.008689039362661188,-0.005605674137777794,-0.021288923573784202,0.003765669558775775,-0.015128229868071164,0.0023558818222055855,0.02276769859763239,0.02214738446050246,-0.011200582479168997,-0.026017732202472166,0.03488902723978926
2021-04-12,0.05618060632875865,-0.050507493925569524,-0.02226671279467296,-0.028148059330842967,-0.006132576253525368,-0.01269633365770595,-0.04339879538707225,-9.286006883724163e-05,-0.03124445128924669,-0.008930078964168753,-0.01716107216202567,-0.034670111646532,-0.010301555330563539,-0.02330146630330654,-0.001002542098422432
2021-04-13,0.03093577713129836,0.020488681252680996,-0.0010188503729086085,0.0007407287709553234,-0.0020780014190041607,0.0037473069422180316,0.004792901702906027,0.0037473069422180316,-0.0037995947435865984,0.0029257382304483937,0.0010421612993500862,-0.0012771967264604278,0.007469629860442195,0.012388780575336211,-0.03992365620298621
2021-04-14,-0.02567053347857884,-0.020451419624868628,-0.018572303488563868,-0.00710561491732431,0.0029723740353859718,0.010854518822589698,0.0034518234583407192,-0.022913850195204644,-0.01837175581926842,0.013472013961599805,0.017356057775307576,0.0022826183249253784,0.0033550847801016026,-0.014626224819285882,0.0033550847801013806
2021-04-15,0.05630996726104298,0.056779107717333854,0.022931459654992548,0.0020129081578750263,0.017591406147249744,0.014293654234502684,0.023607442565047654,-0.006293014321364865,0.03247002958333911,-0.0191646494819262,-0.025729815316159255,-0.004468822746407142,0.005298894621537764,0.007768516071825049,-0.01329040357918898
2021-04-16,-0.013927288950084105,-0.01036020465268972,0.002684187154134321,-0.005059182543669993,0.005606898549379569,-0.011455191275796084,-0.007054316067939825,0.03994179589848623,-0.0018797076998288142,0.005570884095737805,0.005706321786449031,0.007721818849661499,-0.001984901065517519,0.00039432931684202366,0.010013478384493402
2021-04-19,-0.034611134173143765,-0.012659779625198486,-0.021416751605880746,-0.021236947783513593,-0.02412933963725139,-0.011814691955906675,-0.012646667657982169,-0.013613153215784934,0.04230202327621746,0.01865214920903857,0.010167583494082644,0.019723751193055472,-0.00713334959991907,0.0036540555113362405,0.023827796164589854
2021-04-20,-0.012400959802871259,-0.02268529100529104,-0.01367819676657811,-0.017572024711357326,-0.020901267534621293,0.002884319370874966,0.04106075375705509,0.018064979222841115,0.05774003705706088,-0.017364191867724865,-0.02639378551472915,-0.011904295625449368,0.008269147064293492,0.004685855393145255,0.021235268283452235
2021-04-21,0.0124742456838558,0.02951941549615089,0.020914242723833132,0.05023729864225901,0.06248590591785641,-0.013067058597274417,-0.0064521845330328675,-0.02304054037173975,-0.006718988179945762,-0.030375344242906555,-0.02846978921434773,-0.01791718457887348,-0.016941204502113116,-0.044727023067208216,0.0030831251637231105
2021-04-22,-0.033218396084490176,-0.03124620797312394,-0.02364308336853793,-0.024435701266283028,-0.012814763068996426,-4.810776452668364e-05,-0.002411145588587349,-0.016567729051227498,-0.06197060253932474,0.046661559440255296,0.04286457621976392,0.035391929718079584,-0.002018944382081389,0.004178518516991359,0.029159239906515255
2021-04-23,0.02794578787424995,0.04679995815702531,0.01850008224847488,0.023605417092245062,0.036810844607238824,0.014757209286202277,0.04784832506675385,0.02388792213650648,0.0318379562309119,-0.013959478015916682,-0.011906220781997767,-0.013141474692309418,0.0022221715927599472,-0.00636896514104679,0.04871635370498795
2021-04-26,0.01393677638094637,0.032020317272548615,0.0260653562273101,0.018092898565355453,-0.0007006191884081359,0.015252313334198853,0.03581897746609086,0.06512224427654667,0.02698561284048262,0.004650139065766501,0.02623132400881767,0.00489884195149215,0.01249138849523268,-0.003574133186051931,0.06859652858760068
2021-04-27,-0.006218337018436215,-0.0023416996728855555,-0.0068366338916802105,-0.003787265528414907,0.003534923871064022,0.008055200621754022,0.003344713444216829,0.008055200621754022,0.011567637457918112,-0.0024217775187831414,-0.010584205630751464,-0.030616617980625982,-0.0027998693880453285,0.03115104341980479,0.007057169921565354
2021-04-28,-0.006826415030071975,-0.013965525809084278,-0.010433987988330173,-0.007968871435882319,-0.011102325308689043,-0.016270678647309356,0.010841899736130811,0.039039975261695004,-0.015888317325831847,0.0004334428140571056,-0.0012414779962015565,-0.007442975428787579,-0.01225060018085078,-0.0395653822438341,-0.0849775602079651
2021-04-29,0.0031420853944286176,-0.0013091286045190387,0.04473896309639103,-0.002211355033496565,-0.004298676840861715,0.0007749377645869249,0.10173221223317519,-0.036707113392104196,0.017059175998244136,0.0022579858327613778,0.0022579858327613778,0.0022579858327613778,-0.0017395441923603316,0.0031479354597259146,-0.036978104164106074
2021-04-30,-0.020571203048319497,-0.02729115499444823,-0.027193789362363496,-0.019794468251462916,-0.021706426459535133,0.000612266725724897,0.000612266725724897,0.000612266725724897,0.000612266725724897,-0.024656385942723014,-0.016923104943977862,-0.010634883801262318,-0.0006177992423513912,-0.013578401964221776,0.02717865722503121
2021-05-03,-0.011509560937981167,-0.0376133250614572,-0.009870198673872399,0.0010550946969538622,0.012688905619993918,-0.022833074304804635,-0.07020615023976151,-0.04936626856067128,-0.03058845657257625,-0.0034680399758699743,-0.0034680399758698632,-0.003468039975869752,-0.006639405764492623,0.018024826749196032,-0.02776787499898381
2021-05-04,-0.032722688358669205,0.0007638135743193164,-0.024085027092257127,-0.031087723634207864,-0.038858078368442905,0.002312186202758637,-0.020824643046064795,-0.01163960454050883,0.013845221635731875,0.001796723249577914,0.001796723249577914,0.001796723249577914,0.007731270868710727,0.0005411197742568596,-0.012095611868785716
2021-05-05,0.007473213495793329,-0.009922386124420979,0.003951833761916657,0.01219687946729664,0.020476685945972184,-0.009059206370936712,-0.07270992005794319,-0.04378835717603713,-0.09853744064528647,-0.0022135425117049135,-0.0022135425117049135,-0.0022135425117050245,-0.004009218185091368,-0.004009218185091479,-0.004009218185091479
2021-05-06,0.0044609696892510264,0.0007708795732008777,0.010025673825731163,0.011052516793933487,0.0038327182841817464,0.0037141783400806982,0.05005981425765893,0.009686597110821982,-0.05433833896378304,0.009915184257232701,-0.014422568355406784,0.009959280944579874,-0.002816277973751391,-0.02192746356659092,-0.027562943105888582
2021-05-07,0.01991667908148309,0.01181150566381417,0.013603142446685812,0.009260913501869972,0.022084537677341975,0.018142273185607793,0.00247458852309701,0.048793286341176856,0.05127009175208341,0.025381338472728165,0.01036964310032662,-0.010018042273592265,-0.0007707047731314587,0.008001173364270198,0.008736610149471913
2021-05-10,-0.036895003789198855,-0.0357822583705526,-0.06463531053050964,-0.062128285126338834,-0.04754232518590329,-0.009778141729188894,-0.0699191332148823,-0.019701928906085908,-0.06527311715541373,0.007421363791234814,-0.0063134303548151305,0.013955336803514129,0.02265152944213833,0.010559823537751312,-0.008719690766376242
2021-05-11,0.002838929551989944,0.011054138582699657,-0.004420826220242091,-0.009142652088074299,0.005420335139569632,-0.02980888345219812,-0.06873716964601928,-0.058361369248130734,-0.048489453188738096,-0.04354682971556767,-0.05726390941723147,-0.03257156861599064,-0.02716190684459896,-0.05687412889549048,-0.037252438731190995
2021-05-12,-0.0382874916037228,-0.02850452153082017,-0.029212470168219595,-0.07017409438531719,-0.04563462539989582,-0.02578805051859634,-0.03173091334552325,-0.0690360438126103,-0.04485728950743262,-0.030517557700052045,-0.02893199058495788,-0.024378094146973117,-0.017147993806669648,-0.030792432968825723,0.016840607140510944
2021-05-13,-0.006777636149468247,-0.020766386179429386,0.019980673799927073,0.04387191412280811,0.03523963016299314,-0.0269438086746564,-0.02064557591236671,0.026991635353416088,0.0559526034809974,-0.055149619089566615,-0.05742593417615749,-0.00893614038426116,-0.03034358803023851,-0.028353705288268416,-0.06480918649668721
2021-05-14,0.04227865206178483,0.020522644344727947,0.023916458016150388,0.0409438250645755,0.03959295809607566,0.021452770492482953,0.028393086689279423,0.05326964550899249,0.04096746150619235,0.04904539080234471,0.03176377881193804,0.02816839879027566,0.025730120320806016,0.01379633761304322,0.10073909253932367
2021-05-17,-0.005441247515744263,0.0008044669652007563,-0.0026893057052974623,-0.010093691509775349,-0.01915861227191651,-0.015170211874891537,0.020392667893543992,-0.01985097925092605,0.031322660557876025,-0.035929972223683215,-0.00779166804344289,0.0056719212596856305,-0.006092348361678268,-0.008289012611190971,-0.004415947393800801
2021-05-18,-0.010571426970870323,-0.002813115608575778,-0.006856698406378703,-0.014242965691372067,-0.004973439070003249,0.038392541384579815,0.0838719090139568,0.030505005889667203,0.018245620157326004,0.01455173653877595,0.02141109190558743,0.015939228025854346,-0.00878898502251857,0.020736445621796218,0.036679409019810594
2021-05-19,0.003567416094403475,0.02404622322435168,0.013575279332882495,0.0245464190398903,-0.002230306105655777,-0.005597345326761594,-0.0482989236676763,-0.00624763678696838,0.0005111138740596655,-0.003877649942454542,-0.009568266340374887,-0.0009356426563775777,0.00742586990827232,0.00742586990827232,0.00742586990827232
2021-05-20,0.03887111457255066,0.024006219612657365,0.015154015077282201,0.04415069115198622,0.028520104029942317,0.0026747154319428645,-0.011147908368294601,0.012178665255701437,-0.010658974232502061,0.01668495117434099,0.03117478557606468,-0.007520539053427644,-0.0041097487710760605,0.009503757295248993,-0.0013996175775288222
2021-05-21,0.025953696319945596,-0.011401478573969781,-0.008896209498919339,-0.012662090930386283,-0.014720168228247954,0.008427106210393775,0.02469201446828828,-0.011501945725882146,0.022074721895183558,0.016924051156179454,0.002732813462702932,0.009304745116295976,0.010514876377173632,0.0029456955283524433,0.0029456955283524433
2021-05-24,0.04137287492776842,0.003498824398956435,0.01102986662347094,0.046012678621276226,0.030865831415814782,-0.008672517113385347,-0.01251243826976145,0.009532814296187908,-0.02231589253615729,-0.009359889121983267,-0.009002714577945548,0.006006673409763463,-0.0047644088821899855,-0.024264711943767447,-0.04941577870554981
2021-05-25,0.0022897613008048268,0.005423529903205937,0.0063201757031641215,0.02169725338896833,0.020244409648100703,0.024084870149422954,0.007259157544820427,0.01647358296562973,0.08099331984905134,0.01822150779631415,0.024118687389353077,0.016365510197436928,0.0066192025807305654,0.0335080462218762,-0.005155193690559501
2021-05-26,0.0033392390589543908,0.006164856457440804,-0.004934828020756732,-0.002622771301591942,-0.009698178992010642,0.010352083337759943,0.005840109736012344,-0.0023822898506216106,0.006897800445551994,0.002371381481631518,-0.007895478240134701,0.01060165023195081,-0.0005303449585132292,0.0007222676701126307,-0.013241292938460658
2021-05-27,-0.013503109232516075,0.001021213106899177,0.004132761758044889,0.006720237682631414,-0.0010214189651466254,0.00035541663124516454,-0.01140528425693721,0.019542210998060305,-0.011975123364576845,2.4835874544937298e-05,0.023876752272427026,-0.026290808557327905,0.0027336382089999667,0.02568515281863526,0.06531546870761096
2021-05-28,0.04884386367815785,0.021168116562986006,0.006734190071640667,0.0022492693795916896,0.015606871812410494,0.009404096917934535,0.023405780333875414,0.009419839331988866,0.005787653963160055,0.018866540090924033,-0.01396010367839573,0.030494289297751997,0.00467842855990952,-0.00557098071442752,-0.013443646380914442
2021-05-31,0.0,0.0,0.0,0.0,0.0,0.017982668574710203,0.04164000474119356,0.015150755467393529,0.05641175987484326,0.006763524522713116,0.01972972185168187,-0.01653948214967449,0.009012570336142334,0.02006271257238601,-0.017106275514610192
2021-06-01,0.0012314925920928754,0.009115830555038507,-0.004459429402552617,0.0005790648493941841,-0.005433360241061558,0.005435572295938718,-0.014404186044571166,0.0172576204215249,0.002557560585298546,0.004193606261920779,-0.003323482920489118,0.008306240393782804,0.006551354282454902,0.017176375003737476,-0.007032320498254974
2021-06-02,0.03158722403091341,0.0143547048280539,0.004202230132910545,0.005788217352576064,0.003408933468717734,-0.007365360592270109,-0.020740496283087606,-0.020017614917834492,-0.028551185047861805,-0.006984388202152636,0.004073434165563716,0.02639912542069678,0.0022731267976829894,-0.01965889660435094,0.024631907551971643
2021-06-03,0.011413387854834145,-0.020617328488942488,-0.015244417530558163,-0.01891910712956424,-0.012164663622608374,0.0030552523619344907,0.024344300185899392,0.010393732968380531,0.043096230915442124,0.01767015347668699,0.040612678824102355,0.0008680642737923794,0.02228708245802169,0.02134655869151847,0.055031505605233066
2021-06-04,0.03585813416999195,0.01619336162836449,0.019426412402831827,0.0254435398759012,0.02614551225271411,-0.004561736498590263,-0.006954414614001148,-0.01179159566463861,-0.0005426787912730102,-0.022031582463898136,-0.0012462541587806575,-0.007106023047654952,-0.012194574206698783,-0.008841217881578434,-0.03206942638433696
2021-06-07,0.002317985540138734,-0.0028193595461043497,-0.007592736166001646,-0.006292508559537002,-0.00193193112596024,-0.0018695200743031881,-0.0009187281910995049,0.0438583832376509,0.0031885888238065707,0.007996841301308066,-0.0038267329881181977,0.002042791638029895,0.0015222168367354794,0.005190584147251043,0.012592525537995947
2021-06-08,-0.009194282089447725,-0.005654567831602231,0.006600678512455271,-0.022379079094272614,-0.0018328437523836838,-0.008193932788095215,-0.010314017480229754,-0.00314238695323521,0.00855787427748167,-0.0026464185762844483,-0.013547430173972641,-0.01627163875353277,0.00032461998279176285,-0.007460035108165175,-0.01722500628226309
2021-06-09,-0.005429220721821504,-0.01149709867960258,-0.009761447962521763,-0.00890633217367598,0.0027323527668208225,-0.003798675259153006,0.0023379147802440325,-0.01170259152962394,0.014078771115627609,-0.03176723226571254,-0.022639652172990576,-0.023316286358827987,-0.016479786808256125,-0.045727582823237634,-0.027469883455955246
2021-06-10,0.003845628172315596,0.02000998614858407,0.010008243454698862,0.01864125619086998,0.02541805464066882,0.015097145518453647,0.02490240632004892,0.014844627496823248,-0.012620726325553222,0.014711852141201964,0.005818449248122137,-0.004508908374977749,-0.0008037858532783382,0.004513367321525186,0.017154429921314662
2021-06-11,0.022969687122284865,-0.0030652281447213214,0.002979926033685798,-0.0024790090824374778,-0.004157639078892772,0.01310441504899118,-0.010125458932839004,0.025361531079567623,-0.0047191271439838145,0.00836582142570741,0.007902654133280729,-0.0016761906243336622,0.004634400922200799,0.045473202631026055,0.0001293569912699244
2021-06-14,0.010855618345544604,0.0029517341086022775,0.01998243422758006,0.016152732629602706,0.017646241057431844,-0.003020871393532021,-0.00302087139353191,-0.00302087139353191,-0.003020871393532021,0.013928177161955713,0.013269766914451475,0.0207528371238217,-0.009994524866900112,-0.011628281990855749,-0.014315702404819719
2021-06-15,-0.012778417183142099,-0.0132434309091225,-0.012599192027106132,-0.002805695630729299,-0.010643774494234481,0.011781719689547332,0.009337081048333973,-0.004068087963992384,0.005987355215659074,0.013776875315693049,0.013713957397893717,0.011221749315598384,0.004275555658432184,0.011113213003426159,0.011441524192686181
2021-06-16,0.001222678345858208,-0.004473724430104076,-0.004646769392616101,-0.011973234438062863,-0.0038901110620667145,-0.003842734268039494,-0.0013126353809669311,-0.018501469227451994,-0.0042369493275002945,-0.010891531598473447,-0.002331351607309129,-0.005082442399770737,0.01138772610251726,0.008043861596349178,0.0077578612828344
2021-06-17,0.04755666886602383,0.05554858212879821,0.002964182956600503,0.0024822675283526774,-0.00031471875123689763,0.0015647367717948057,-0.011296485215359753,0.017333666505380263,0.029515834317196177,-0.001120394468033692,-0.02262765200247452,-0.016867805219071608,-0.024912069576820906,-0.03690420083337265,-0.012596964470435346
2021-06-18,-0.0009914529704344588,0.001064379965512563,-0.017362669509811468,-0.044348798431284475,-0.03972351495795212,-0.005202321923165609,-0.013542053473545312,-0.012961518113608128,-0.002512137812220372,0.010763787463321517,0.01694386305791662,0.01892389219952162,-0.0063399189667661116,-0.017190850438578154,8.1063271131665e-05
2021-06-21,-0.011347074147018077,-0.024335559962848974,0.007218343822521067,0.013868691782899845,0.014275657985360679,-0.03650868783014838,-0.05199188871799021,-0.03339461438417213,-0.023770278427203473,-0.039073370494519866,-0.04384707232208784,-0.05635064346951024,-0.008074679621179137,-0.020693783715415637,-0.030280926389373963
2021-06-22,0.024935712405723898,0.011986990399100783,0.008360605728460868,0.0029312616718675244,0.007580978506324332,-0.014482601975976284,-0.02220013609757543,-0.005957602296775999,-0.017449476148775456,0.014174051699342716,0.020892197833298765,0.010871554040513098,0.004715096372393868,0.0034591665321237475,0.008062208987764441
2021-06-23,0.009027614349562452,0.0028714747369191773,0.003257275083559996,0.015437492301802136,-0.006065630245679743,0.029308467971438157,0.04197750230998132,0.026445709808233797,0.037323037310379226,0.006346147887610121,0.016421393886797198,0.00019711560681967555,-0.000668603967861281,0.014445883944982585,-0.018626810127408855
2021-06-24,0.007779185412512657,0.027201130847029464,0.01770954368876465,0.020369017611409745,0.019584733469816484,-0.011388726801391913,-0.01572449670993281,-0.0073078530067938186,0.050941565421319224,-0.00567845627364072,-0.021810368024175686,-0.001322200858610234,0.013643098340199389,0.01603932881338266,0.012294503132234569
2021-06-25,-0.009086121211391296,-0.005574863368706495,-0.0019576759857757864,-0.014971744819615385,-0.01264743183201189,0.006311233422408247,0.002445525337170462,0.0220041982943191,-0.011508361042921411,0.007817670954647582,0.015832702862561332,0.017982060956259316,0.00653492972779568,0.021473579839914825,0.0016005805140468787
2021-06-28,0.05012868008984506,0.017052079393105934,0.01503814578358953,0.03524511352121307,0.02608524872588447,-0.0002484886945500753,0.010088743177944837,-0.041168646952391086,-0.014881840753911968,-0.015457774573401029,-0.011926015634243892,0.000357731091880531,0.008546248724467187,-0.014697680683090741,0.006388439016710157
2021-06-29,0.002089163069221689,0.028020151133501203,0.020755987287708555,0.00659575187715622,-0.000610699159543926,0.01028022225990699,0.001790367875684984,0.006242865859140467,0.007325225441199512,-0.00010002458493296729,0.0009801135941827077,0.008954983316949106,-0.009866176331648102,-0.011187646435749987,0.005853012365757637
2021-06-30,-0.0012107920865516153,0.04926277734004958,0.0021734006304203746,0.0033822776847962643,-0.018246828471133236,-0.002148819705781624,0.02666607837351509,-0.010979377298935944,0.007719867847231221,0.0008232310847369195,0.0006151278944210858,-0.011357179190880085,-0.004999095189830882,0.018673627608584598,0.022873999354288133
2021-07-01,0.01047356601574112,-0.0066006892852940036,-0.014902363457899082,-0.031249759306830494,-0.016689790537868787,-0.001286723141193491,-0.00521027805430907,-0.006865804374723505,-0.01863627216932684,-0.008196797561910607,-0.02318705933454701,0.007815926455337685,-0.006635284631381966,-0.022742568262620777,0.008197231111322312
2021-07-02,0.013605904798675184,0.014896575136823742,0.012641965614921702,0.0015222589026968603,0.012114824875500974,-0.01060134429737869,-9.819008510103533e-05,0.006801326174427302,0.005572933949220538,-0.024998652165475366,-0.01718715798298409,-0.002428055938430318,-0.003726625920246307,-0.018505933491004045,0.048710879322908074
2021-07-05,0.0,0.0,0.0,0.0,0.0,0.0029793502493415946,-0.0021118195947746887,0.015707557313662246,0.0011887715893261763,0.003932122657677839,0.010142081361161459,0.003665866704603893,0.007348186498865594,0.006427990103799575,-0.020030740696147742
2021-07-06,0.010323481272873414,-0.0024286772434086723,-0.009748900136726468,-0.009988424670213547,-0.0024287893411438777,0.0005890050321326612,0.0010701023039743074,-0.009863422580956183,-0.01098057951269138,0.0019744831160197762,-0.0021317714143094246,0.0006455914487561998,0.010245409822158047,0.016557085572752817,0.00171934218302483
2021-07-07,-0.015786116633226155,-0.04160051079066274,-0.008640835799770263,-0.013964065309431395,0.0062841802044373285,0.005964498414742225,-0.0028595179769504986,0.015885811792532234,0.013704763782240725,-0.0012210353219580528,-0.005414908663855189,-0.029923010761480517,-0.010219013584453873,-0.01725561282822463,-0.0010686400992085954
2021-07-08,-0.023021975923432025,-0.008835907263842424,-0.012002341955794416,-0.017349940788121465,-0.023892382672720647,-0.009557810248240761,0.0038221770124371446,-0.021297222453969034,-0.011532535246713604,-0.02318416155838887,-0.023113094788119848,-0.011003379589578643,-0.015508477078971183,-0.0205416310820542,-0.03548693083590804
2021-07-09,0.007410868870921572,0.012926272450667131,0.022705554913982073,0.017882720913944494,0.02622850636685059,-0.009587812913901539,-0.003888163887718954,-0.011707545815233145,-0.018315709159808402,0.01134622184341505,0.015083042393681856,-0.01058201709528539,-0.01125151059165952,-0.021403271076435915,-0.0021113635850907864
2021-07-12,0.023054746250481095,-0.0009901426377812994,0.0073537058700861024,0.014084555170742918,0.023793793089521342,0.015738153861197812,0.017737941114001954,0.01383975225307954,0.01725718401119014,0.015151594930913337,0.01618960177271256,0.03116008627971012,0.005506311101582062,0.005912888390898763,-0.009977489218213953
2021-07-13,-0.012797162018322816,-0.006056551449727832,-0.00905467300056928,-0.0037284735207849806,-0.001963746658937615,0.02330838463761875,-0.009916054266484897,0.02636562394630415,0.03521254230918491,-0.007627092987752215,-0.02886180268768479,9.413143262038126e-05,0.004071505030804445,0.027883493815304083,0.005775781757960674
2021-07-14,-0.020173013774659188,-0.013405706357577873,0.018203744103598485,-0.004695761603384141,0.014283248020274142,0.007722065886424767,0.0021690054347140997,-0.010780854629156567,-0.021392630674598512,-0.0028713188888144225,-0.00032132553194619273,-0.019040040155517857,-0.010350613503960826,-0.0025781606557980785,-0.016857345609940455
2021-07-15,-0.04411187600823707,-0.02380688011150134,-0.01593026791549146,-0.01806118525828837,-0.01754338043770809,0.0035152089793422103,0.02450382802484241,0.05000597369218385,0.0018807004610685851,0.0027367304780727686,0.013019865361046046,-0.0033706657010369456,0.018526865259737235,0.004626439189842069,0.02406127790968071
2021-07-16,-0.04245689292394528,-0.011963659402695503,-0.012370958267694743,-0.037687648688563224,-0.023467832198927563,-0.03772671205434264,0.00944593471336419,-0.02614056534638709,-0.009075619238330224,-0.014370079958528126,-0.02027035442434799,0.002998191072537404,-0.0070685074103853385,-0.013355158832386027,-0.005898680371868359
2021-07-19,0.03407038480882929,0.008033559742805174,-0.006585157844928635,0.0034327642193900942,-0.004975183897345747,-0.015144818912978919,-0.04287638453786147,0.005255724858960198,-0.006644339703544833,-0.021734724425622298,-0.014854839857702418,-0.020705346718046802,-0.011221885277345911,-0.021760366824937427,0.07528165237793605
2021-07-20,-0.008932765999724923,0.0061214918929093365,0.005476063340399184,0.026045804836156483,7.316433707371672e-05,-0.005461909692946243,-0.002666004647851161,0.0004889596053472278,-0.0194040702508973,-0.0007237243466116094,-0.00018121598626374968,-0.006623809049473683,-0.007451673975756967,-0.011622025461763164,0.018346336275819164
2021-07-21,0.0428756050127026,0.026403432850906183,0.018774492679964228,0.045692041391207194,0.05401658667951037,0.009696549880468197,-0.00592713419407942,0.015540317215167576,-0.002924192068742504,0.005919027366427354,0.0008541273633979607,0.01169972091282867,-0.004086269705007695,-0.010429857462305292,-0.0030881570543956904
2021-07-22,0.00947969757628453,0.020131924266166834,0.001899272560979215,-0.005942043108176809,0.012371551144300774,0.011611339275317656,0.009026728648983795,-0.015417658066336437,0.004786003127306371,-0.0030384027283830717,-0.0030384027283830717,-0.0030384027283830717,0.01421702112762091,0.0202918578695932,0.04983125480706474
2021-07-23,-0.0018373720817985717,0.010305914382650938,0.01712965225282881,0.009112053882993632,0.02496162521316303,-0.011358049353076605,0.013997466001920644,-0.02246881524813782,-0.01034972161954395,0.00104410626844742,0.00104410626844742,0.00104410626844742,-0.006074476566571785,-0.009420384242752378,0.026970393367482526
2021-07-26,-0.013498343057276596,-0.003581137553882896,-0.009524933926060353,0.0003613609079149427,0.007952962730206847,-0.00934631845723144,-0.011516039139354728,-0.0008065538353582147,0.02685272785507653,0.009022047349494633,0.0072105952416192665,0.0025637238586255773,-0.007349511890605287,-0.01369618739499634,-0.050626609589060734
2021-07-27,-0.004457273341680779,-0.008603800023448183,-0.017909614241208183,-0.025852019285822148,-0.011258374331055365,-0.0010304111375802893,0.01520426750567494,-0.0010304111375800673,-0.0212117142735615,0.005507283190859802,0.023816198527014,0.010387857226434871,-0.004360716650636087,-0.009097763307302387,-0.005774806584281311
2021-07-28,0.015358236091974176,0.07579920486001579,0.0107149226131793,0.017123791281199452,0.01912542001074935,-0.0008944058153824708,-0.05038399739875665,-0.02092580693048418,-0.03470760983717325,-0.020640091861957255,-0.03048727595835521,-0.00868558098899308,0.00734306069068924,-0.018774822673888192,0.002370397581426209
2021-07-29,0.008152564934492013,0.05126107043217365,0.06002506082403958,0.00211353202665987,0.007698828513553302,0.011416045170900224,0.05300787317411726,0.02679857411318065,0.028336125547870905,0.024218501060689235,0.07247408066693617,0.00885358357060717,0.001075953596149981,0.003610569153439158,-0.03181096515963855
2021-07-30,-0.008290138513490142,0.03147164244009604,-0.007881473266161176,0.017672573246522605,0.001344852793027762,-0.0032159992903356693,-0.02276005398598735,0.06728324479241521,-0.015495858548935315,-0.008179901053699035,-0.01607171959807241,0.0007409260266590945,1.3428706212792463e-05,-0.006859060437016118,-0.0004353087397380717
2021-08-02,0.012872403349619033,0.022977632130275705,-0.006274840808544679,0.01486474328623788,0.0037954182430675054,0.014359322515202777,0.02346609378698261,0.02158765334181667,0.012472077647173396,0.033481256709854135,0.01493475523843335,0.0284756265407613,0.0024582362656737633,0.023218232534526484,0.014006224453018357
2021-08-03,0.003291155512010313,0.036177855146287685,-0.00611298000266447,0.0010560816873308454,0.012837224496990318,0.00689535430189081,0.004397834413679247,0.012068212330234696,0.005929105844159732,0.0027053051050280885,0.022477852364998885,0.00015987433657493888,0.027705215648497594,0.03571565870898974,0.0025283747337763174
2021-08-04,0.02316425154097579,0.055170568755920746,0.0018250729817428368,0.00422054110722736,0.020460898731918364,0.0059101746950060985,0.015360520561901847,0.03411096430801508,0.0349870638670271,0.0019036782134513874,0.002550668264165168,-0.006520898748693771,0.019296548916586387,0.009193789705784328,-0.00715343360659626
2021-08-05,0.01790474620704474,-0.054054040165034456,-0.00937839242607974,-0.003432300254677889,-0.0009173780346825033,0.004892679081255791,0.016528288010761116,0.012563478202889389,0.001516737021240333,0.017148695359966215,0.011073227964572219,0.001145471148387589,-0.005737451637343516,-0.004346389987256338,0.005300061380048904
2021-08-06,-0.013131631366846364,-0.019937675960765566,-0.0037455797049880113,0.002671076786837645,-0.014432592420041357,-0.008807460040091475,-0.026425557136709577,-0.02313962081615195,-0.030746084732507395,-0.003923124752650997,0.004871135825972095,-0.01712755223912954,-0.006491988289784367,-0.015858063627548713,-0.009924690728682406
2021-08-09,-0.0034863549113242076,-0.022977011763444022,0.004375119175398234,-0.004556714057919131,0.006894187496571558,0.0032979480705446207,-0.019417155931249597,-0.011172093219251278,-0.02192297686566902,-0.004598298296109582,-0.004598298296109471,-0.004598298296109471,-0.0015722048344285477,-0.018494699204442355,0.016039120519100836
2021-08-10,-0.017689066028541922,-0.010224934517556017,-0.007146637182086191,-0.027746294581744713,0.0007734845393623235,-0.005410714112870529,0.002407825775212924,-0.010413370990036253,-0.01995876342595948,-0.004643750485529119,0.008402562804745717,-0.001821661701787769,-0.01678407122255121,-0.030993349992324726,-0.028822619767713942
2021-08-11,-0.011888207847920218,0.011269692997845304,0.00555294330724565,-0.023468044907184016,-8.860452874948077e-05,-0.0031487846567180844,-0.014455068877169408,0.0024877593672854026,-0.03759446525885757,-0.027151429899248458,-0.03465665943252283,-0.004313735740163582,-0.02679368381408287,-0.0675843561060615,-0.034360110469810023
2021-08-12,0.010457726416909896,-0.010958398048212747,0.003203981388505195,-0.04153725476880121,-0.01032661376311006,-0.005539251109820897,-0.00535317877442143,-0.010577195500192649,-0.008776314213689851,-0.013205528509396713,-0.020125975365764548,0.018589661146302783,-0.01942285815065148,-0.047699407395697,0.013798957274657742
2021-08-13,0.014217300770074992,0.03802819766908749,0.010125852112287781,0.005262669086708804,0.010101437986979933,-0.008710613421536229,0.00645626454092052,-0.04399675054718166,-0.029251779045360138,-0.018784654292272163,-0.0475266774993911,-0.012108605649300497,-0.0414244035319542,0.0019460963757396144,-0.05490414101277652
2021-08-16,-0.011788959137359556,-0.0277702361834119,-0.003431192875879674,0.013779844316962109,-0.002040695780700874,0.00474745048808467,-0.010299730943668095,0.016246208980487342,0.02822026581640058,0.016837753542393807,0.0027604337388000832,-0.011991178294530558,0.0005855565861976331,0.0005855565861978551,0.0005855565861978551
2021-08-17,-0.024661731400904663,0.0007442705541653716,-0.025112968112832257,-0.02194538082272468,-0.013704061706049653,0.000658553724050881,0.000658553724050881,0.000658553724051103,-0.050007611765358395,-0.004374690307397788,-0.014394805275291134,0.006413054398235252,-0.005360140797821322,-0.0026792572925612435,-0.02892452741061413
2021-08-18,-0.0214822129591431,-0.03830415777894669,-0.015442368178481214,-0.01110266970557261,-0.005292757061613473,-0.02098785359523725,0.008228636686731683,-0.028425386888419335,0.039895056279017016,-0.008231826285159172,0.014310556761847337,0.005441011821544439,-0.014159967597343504,0.01422259639495338,0.0017323287452037928
2021-08-19,0.03981102107317458,0.0025134812519287397,-0.011041963307923286,0.014367551434228076,0.011728933192469926,-0.02413181118483254,-0.024315374490906927,-0.027417759276802123,-0.005624189507196786,-0.03674500360664512,-0.0395507232616672,-0.012869708093253607,-0.0051003960926186975,-0.008718744796193834,-0.053902872079884534
2021-08-20,0.05141910126290394,0.009161085878439001,0.01052545620658285,-0.015479857877849001,0.008534590485429261,-0.018718362876380956,-0.023060339710953004,-0.0019727843668332357,-0.035689980055410575,0.003478783005800956,-0.003833128600181368,-0.00017827849998375278,-0.010303129139206835,-0.00485792874393931,0.00769909924767509
2021-08-23,0.0548620648961049,0.03936927909330867,0.014427293216862314,0.03372648491544328,0.029739693061229033,0.027085441287049594,0.045281370791616427,0.044856318575468235,0.042863449191283154,0.026108564503896536,0.004996900500124024,0.025478601314567584,0.009240409392763826,0.005862180346416057,0.035280757470569135
2021-08-24,-0.00751444714299343,-0.010296912308113915,0.0022201553826783904,-0.00038007070717449576,-0.007405156872195451,0.013129112626076411,0.0003007740583687024,-0.0057835841859552595,-0.006437768987247572,0.021465514863401758,0.01950138375461319,0.0009220286390141386,0.0372346934011516,0.025205829367432653,0.0420281768792663
2021-08-25,0.01927209117926565,0.00603810047993969,-0.004084167759670243,0.01234750122777828,0.002805445533428763,0.02302397731696737,0.0024912795375762187,0.021129849691386537,0.09929075064349058,-0.00536363198480172,-0.008205096732472938,-0.007676576665595958,0.004885349302307329,-0.01077814735508864,0.016686271145630815
2021-08-26,-0.0065277076005605394,-0.009510677559253167,-0.010356703700241998,-0.0024845592321919296,0.003800177142214922,0.015683430256107078,-0.024960295709926195,0.00845972426220265,-0.039483484487051856,0.018498696283852256,0.02442931650361113,-0.008921941877007455,-0.014412258144141155,0.004951992607544975,0.0001203567807299688
2021-08-27,0.02573854045702606,0.03850102556220647,0.017348122892875573,0.030643674769206042,0.027104206364847894,0.007272185971577638,0.007863188710788505,0.027172424241784565,0.032930386438509984,0.008096608618127332,0.006933024595082493,-0.003743909568098003,-0.009699114236164763,-0.010481310854934534,-0.01568662301457502
2021-08-30,0.002297338349157796,-0.0007181492814980484,0.007524809012373401,-0.0036616676279904725,0.00800811986677008,0.011596973140896916,0.019449382574794782,0.01733685765288384,0.029876960076947068,0.012317139693920565,0.0070566417365460765,0.010984754696351295,0.01153313891480856,0.0074656163824160515,0.003085193674567943
2021-08-31,-0.013181145279675954,-0.005389853357581242,0.005139368586885906,-0.006762238802053733,-0.007801597388948589,0.02013871874882356,-0.006938134936610996,0.0012898269810217577,0.001731776253517614,0.013657950626173143,0.01853963906456313,0.01630841445208797,0.024463026597556725,0.025295195345158117,0.002215119633523832
2021-09-01,0.0025017442363353126,-0.006593238338919893,0.003013615473841158,-0.012357968605412606,0.010960103606601601,0.0041836157782231265,0.03484661870108052,-0.009833038880147527,0.0023534093950869917,0.004057746884878366,0.011574695535922608,0.009682707710638283,0.007440629703325596,0.020299833483639507,-0.004063208159638121
2021-09-02,-0.0020053270972634207,-0.007182479596970381,-0.009081939346614165,0.007417396446411928,0.022691243781953085,-0.013470053872236765,0.0027298712921290935,-0.011594354809697616,-0.01865707489891888,0.011216170367875478,0.020375969461694066,0.008872432670292918,-0.007735474468482995,-0.011217148182601,-0.0031545369652505872
2021-09-03,0.01995906183601792,0.006593417956269665,-0.003376393472329209,0.010264068220367406,-0.003680580531731148,0.023080555686917803,-0.013401098273418177,0.02557223235584538,0.0379877839457925,0.021388365937023757,0.0319031275492887,0.04073810320049098,0.00628321248273811,0.003088622413489839,-0.0001304988624584169
2021-09-06,0.0,0.0,0.0,0.0,0.0,0.01846451728558396,-0.024334935583622874,0.0022514479031292556,0.018801701181809793,0.025979683590916958,0.02733221252878515,0.010731388638133721,0.011218260563582216,-0.007304186221437803,-0.020010742735887765
2021-09-07,-0.007923823919040451,-0.007005064191166865,-0.006084274698906933,0.004859120206980538,0.004265261019531952,-0.010028274616059818,0.010517652415632961,-0.021476963146406347,-0.02847592735488713,0.009050755956161227,-0.01492570791827652,0.017965844301662814,-0.016196964357540478,-0.014824821666823862,-0.017188906093875245
2021-09-08,-0.01425295305890939,-0.027301908522896823,-0.008556782718181277,-0.021466782494713343,-0.004386369836949622,-0.008512817537161377,0.007839987904347812,-0.018531918121976187,-0.01125022518137897,0.019072886808416234,0.02968325613240963,0.0014572397517662594,-0.002087018687091824,0.009583606659464117,-0.010781004885985102
2021-09-09,-0.0072520214570234165,-0.0001883455157886127,-0.006595422259839889,0.010781396101400498,-0.005233127936343562,-0.0028730822911539056,-0.014899842114274753,0.017987216608604584,0.02709845028974489,0.003602850985032102,0.012980581600176677,0.000958342917251942,-0.0177509259244768,-0.03287497355446156,-0.018466231383279852
2021-09-10,0.013572900223699724,-0.008949642618753195,0.007769359998761827,0.013630023449502815,0.00629187499906636,0.006341379079999099,0.028164216897635486,0.05074106099923048,0.0340836806734055,0.05321406554728725,0.03860097291223297,0.03743832632671862,-0.0022581018684078025,0.017115354450551346,0.0024041987897329697
2021-09-13,-0.014503040198855732,-0.0038022234609110805,0.005116406337132284,0.019000130674742044,0.014402444839394901,-0.012001513674820052,0.0014046927924369346,-0.03198223616555951,-0.027909134301884686,0.01379478338969986,0.018576418958419216,0.017187037361044766,0.013063616243675247,0.014069040869091332,-0.009514036680732918
2021-09-14,0.004062632743746519,0.008874048455098649,-0.015828773604311563,0.005020178457052049,0.01931747586952759,-0.0028517541236030564,0.021985140903567624,0.004435402869269911,0.0004015594224444641,0.003613117827506507,-0.002483897299447868,0.016650215793305723,0.0024487557537506977,0.00789838701967116,0.0016480438683756926
2021-09-15,0.004451037428158777,-0.0012295931020981365,-0.02054698032166702,0.00777802132408989,0.0014185594611584307,-0.009651647029823796,-0.012535700876812994,-0.00387903064495565,-0.007684824594948347,0.01801000491059712,0.015814081819186976,-0.008051134348476485,0.0054883188096714886,0.00026472199394578233,0.004946103137156044
2021-09-16,-0.004431313485976918,0.00587123821534874,0.001157271918477809,0.020250302460883995,-0.002271168143001212,-0.006210107305848367,0.00189971355178975,-0.01934868011445734,-0.013822545750591497,-0.027480475390149417,-0.02934206196303768,-0.00096136470719832,-0.006955661360540155,-0.027924966151378072,-0.006132757738800176
2021-09-17,-0.01537629549079278,-0.022029786672880136,-0.03468198411922674,-0.022832818104517316,-0.03094765083389217,-0.0028996960419331863,0.0013613877459206503,-0.031622743625355776,0.001658508230572453,0.009503757698891446,0.02141775256903622,0.009906030723287218,0.006507872400976833,0.02078648402709682,0.012414615776114912
2021-09-20,-0.03593605514552023,-0.02242967138299079,-0.0062873675398192885,-0.03742914169497391,-0.02222489956564011,-0.003203469724118224,-0.003203469724118335,-0.003203469724118224,-0.003203469724118113,-0.0024734081909549843,-0.0024734081909549843,-0.0024734081909549843,-0.00566411383293719,-0.00566411383293719,-0.005664113832937301
2021-09-21,0.006299236977637346,0.012506121170859252,-0.007607802490824711,-0.0025824465282899833,0.016640325607490514,0.0005762025463236231,0.0005762025463234011,0.0005762025463236231,0.0005762025463234011,-0.01977549505649323,-0.017254295053415136,-0.003366703681441985,-0.004391699687590456,-0.004391699687590456,-0.004391699687590456
2021-09-22,0.03271209395294261,0.015172121797548233,0.00956344805385223,0.02160087259844401,0.01171118477217803,-0.021663084770843777,-0.029193697039216926,-0.015268061759932006,-0.03703635944547523,-0.0012555167157050073,-0.006394304133935269,-0.0224868169522483,0.0028741607356745913,0.0028741607356745913,0.0028741607356745913
2021-09-23,0.02465699938688748,0.01695731288595126,0.0067665602918245416,0.021795689438166566,0.01739247749803341,0.00394518653892173,0.004923779397531414,0.004843204690419212,0.017107519869096643,-0.006128066595023962,-0.006128066595023962,-0.006128066595023962,0.004194934564412778,-0.012440747333223645,5.9359543063353115e-05
2021-09-24,-0.017836327039854494,-0.003297206491662319,-0.0002241346645879272,0.005740317964051389,-0.012457711027480056,0.017701212974725378,0.006150941933150467,0.009272238259115717,-0.006306964234222834,0.005966308792778152,0.007195939962347575,-0.009154409040971645,0.0040897105075863305,-0.008906035836931614,0.003839513994629451
2021-09-27,-0.01906611286452553,0.022306243310759033,-0.0029876841837072066,0.005777988058988548,-0.038569401706792794,0.005164005225837487,0.04081221946749136,-0.01851019481271876,-0.012049827859130335,-0.004320522857330089,0.004099798060433146,-0.012689479215856614,0.0013386962392112345,0.0009731756088457999,0.014631778302689025
2021-09-28,-0.04436750680940427,-0.06139059536079783,-0.02682052481468422,-0.0690062312159263,-0.06601143425835687,-0.010691394291912126,0.0005416048085600256,-0.023410014311787464,-0.013998917206224482,-0.012259417139962037,-0.037388638478416336,-0.01652143032133968,-0.01614897688154393,-0.007684502260299153,-0.02238541897203905
2021-09-29,-0.008792684025920705,-0.011524805039729302,-0.004772903611094836,-0.03476597740366083,-0.038132834332968324,-0.026522524260938485,-0.04886288398672445,-0.06062761154499796,-0.04146226880131931,-0.04614750276349877,-0.05679048402787379,-0.03081201718007831,-0.03238088333352773,-0.04189987131043116,-0.04840129659072501
2021-09-30,0.009699253548845377,0.02541109208302994,-0.0023205094754734645,0.0035862575180909406,-0.007075951365110189,-0.0026714977422396258,-0.0114104437979059,0.025554811090753304,-0.006420900432736798,-0.029628304122753746,-0.02121042114055205,-0.028322472654630615,-0.00045479652532987025,0.029531580987987693,0.006014733691403817
2021-10-01,0.0012550010435274928,-0.004373222263981624,-0.002093204997317799,0.003107295522655873,-0.004428788675004736,-0.011204985801491651,-0.02294939733549428,-0.010035827389085594,-0.036058795235095364,-0.011306771413118089,-0.014762338400384878,-0.02097786600792262,-0.009049344958921957,-0.026083265552611645,-0.016218827691490523
2021-10-04,-0.04869349345364471,-0.020595418967338186,-0.01577210963892761,-0.030434527782392307,-0.038918422977904155,-0.0005184640231346016,0.010909225814080159,-0.03881436792435933,-0.03756148170748308,-0.031320294890784806,-0.03824780580339382,-0.0059995058091361075,0.003152517545021105,0.003152517545021105,0.003152517545021327
2021-10-05,0.03643838779877928,0.014650202056545325,0.006709996111767147,0.022923404829914507,0.027954726834164667,-0.004601475336999172,-0.03249932207923012,-0.033453728750769685,0.01298039158856823,-0.02203020580709647,-0.01504848786059021,-0.012803476282595927,-0.01681065183176733,-0.024126127186049784,-0.05221647041867905
2021-10-06,0.01217541411614187,0.017974677093980818,0.00415569154734885,-0.012102736111602397,-0.0005047909032207532,-0.001343796327205271,0.005020762066968887,-0.004571596626853358,-0.012951184938231775,-0.025373767698619876,-0.03254195425996287,0.02133433331437362,-0.015285571416741472,-0.01711501288448447,-0.054431978848071605
2021-10-07,0.018115919613786557,0.027113060354517993,-0.0017178837483498022,0.010749195655375798,0.019549268993352964,0.012854555351312413,0.04293070856223946,0.0071091450249529675,0.057856781334477914,0.016839701002535623,0.008429648694049607,-0.004482700759999236,0.0006590466051275001,-0.0117945565951314,0.09430114322503491
2021-10-08,-0.011577753068639174,-0.013057768243283974,-0.010090658418906662,-0.012980732784242943,-0.02216042315497113,-0.009240943642705446,-0.0017226110749729573,-0.04812079003950731,-0.0031752759316898693,0.030166543646672928,-0.002229948806218629,0.009173092666857174,-0.0012038917820310635,-0.01757415049107447,-0.026302102420248552
2021-10-11,-0.006528479447860391,-0.003616954713957954,-0.012722266187007225,0.0101408128828544,-0.011475272163425365,-0.002905493830593908,-0.0029054938305940192,-0.002905493830593908,-0.002905493830593908,-0.017380604383627096,-0.010885983318607684,0.0245532615368782,-0.003705257534798001,-0.003705257534797779,-0.003705257534798001
2021-10-12,-0.0011598509797452472,0.0034390581706347234,-0.015927657682994756,-0.005803775926313759,0.004377488604346835,0.00024961557840619264,-0.02503151908473422,-0.027823882880419704,-0.02149462581000905,-0.015782660858649322,-0.0427187027282665,-0.015807731466830788,-0.03514260907041489,-0.026774776263725708,-0.044393552919833046
2021-10-13,0.01296476692130466,0.039223178890633426,0.016998894732508818,0.011438992685718796,0.02671511981911845,-0.009982121230780905,-0.03114567042087324,-0.01477540750214168,-0.043446359570095905,-0.017898001333112257,-0.014867972872515067,-0.01663775213318308,-0.0038065523633868947,0.004548812549328485,-0.0009106649792151034
2021-10-14,0.03854090930044585,0.025925193355801124,0.02895057217576169,0.0301068503603652,0.04549859077927487,0.008132948252966399,-0.021025653371661956,0.01766119550854439,0.01693249283894316,0.053826928835364996,0.04028066746967163,0.024919829729733722,0.0173744301897798,0.028311396316618165,0.048060137777047096
2021-10-15,0.005334391832306995,0.0011608615527489707,0.011969499665965389,-0.0036346236163075085,0.01427494995416656,0.047517253036926554,0.020624779954570238,0.028166924680559813,0.027306946988711722,0.02489600745975773,0.011999005862006085,0.02284298225781667,0.013999648550145904,0.05310470120796751,0.07950869118999049
2021-10-18,0.01646653069071724,0.03844093340182453,-0.0006145293166994747,0.01284306811329583,-0.0014948417058736618,-0.017056190839128682,0.01126744936600299,-0.017021740391669593,-0.020047876280289256,0.004957840824986626,-0.002097516594904869,-0.007319561440740974,0.0017145411462033966,-0.01292758354658119,-0.007676413865280063
2021-10-19,0.003060256931186389,-0.0008588720592543897,0.01829104380836455,0.009903936789278811,0.01616320254362802,0.018797218068900667,0.03763801107501474,0.04205970154542449,0.031282785403291324,0.01894372162344027,0.01789088390446225,0.004671700403440671,0.0023983739385480263,0.0028782510395026772,-0.0192796189703085
2021-10-20,-0.008389409218720334,0.0005157530959285506,-0.002565952021442608,-0.00460623286631312,-0.04152535256725309,0.0010686060024460708,0.007772175062659814,-0.0027285924211633006,0.0044166853165690245,-0.00186063168031525,-0.0054778119474256926,-0.012877518993793968,0.004246149340976002,0.010595961958246303,-0.0029850648385888467
2021-10-21,0.02664777567967591,0.02525992316198722,0.006734058484032968,-0.004777118338573194,0.02586962143277205,-0.002616780905034144,0.014058223976285422,-0.01770718201111343,-0.01096693738792831,-0.04483046165355431,-0.031129799679124548,-0.017387182986713046,-0.0005213765086868882,-0.01545548739473157,-0.004052490146766896
2021-10-22,0.0014984782738338698,0.004106241986514547,-0.01074793227860038,0.019424258315184018,0.01702725842683339,0.006258960586754458,0.0137831836988338,0.000593006277430197,-0.0017628249368644155,0.04896675815288276,0.022695994757533366,0.003684644199017706,0.0011783969037200137,0.021141268962141302,0.011578832795978045
2021-10-25,0.0193611618126881,0.021198472058058693,0.0023554581914655426,-0.0012507131924970327,-0.015643496443151217,-0.012323335584461304,0.012285791978505767,0.0034993018745974602,-0.015128566717512393,-0.010600490412908115,-0.0038610581964892976,-0.0004586765825761452,-0.0028325234772508256,0.015237074793023497,0.003281849174141982
2021-10-26,0.06695145682335069,0.004658382575849718,7.583282101997213e-05,-0.0276957696095681,0.003538460605497118,0.011236871273992977,0.00964583547985165,0.017723515932296152,-0.006911901046498192,0.022630242310080373,0.01455084861435152,0.019790957995002856,0.02104768993353634,0.028285321372894856,0.04101445481833932
2021-10-27,-0.010761869727453632,-0.005287574426627084,-0.005608711872462369,0.001211983382016557,0.012347953922908994,0.0003561315386590991,-0.00387385058991363,-0.007809972636341755,0.009780840430435589,-0.0017629305044755128,-0.010201921064906694,0.019054821461891525,-0.014292658509842848,-0.005131771440722743,-0.0033900276785456818
2021-10-28,0.02004022412819184,-0.009159266669678146,0.018978570356195767,0.02920714126555435,0.015218462815314915,-0.005468609856474016,-0.005159577352146338,0.027998981950154267,-0.00412238887030747,0.02392415388579794,0.054131808754670496,0.03258383721982483,0.004394740899254845,0.04492834563507109,0.02743565291141059
2021-10-29,0.025099008076140628,-0.0076758028810346435,-0.0048619735152662935,0.0046314004142178344,-0.00038108292147998046,-0.0070008899060900465,-0.02319352784608497,0.0014139668719506115,0.020207153769439046,0.009045192654863587,-0.02675646406486165,-0.010559795897013946,-0.008670414521054992,-0.02888712930008297,-0.008227370347679175
2021-11-01,0.010169336684162422,0.04158695716872107,0.013304277911808216,0.02092937361081093,-0.006679924300203921,-0.003357660970317977,0.006466878097937334,-0.019335950962110382,0.022869860279835397,0.03710322687656298,0.054268298675115734,0.00463862094259504,-0.00454501417783304,0.027808630024460212,-0.02915804555396284
2021-11-02,0.0222250690282626,0.019164687631955557,0.00311543639023526,0.012186072082397859,0.008261829293846557,0.003952554209497139,0.007072426614812777,0.006674687649160571,-0.01098385695699422,0.003424764697876226,-0.002804914054170271,-0.00585111381741521,0.020985817075307445,0.007510702066977792,0.006085616337386357
2021-11-03,0.007461776188850022,0.02272194302504582,0.02403346368220305,0.010905525595142018,0.022167111968652398,-0.002060403493744367,0.0022410315254042246,-0.00711085481735696,-0.027947292338739382,0.0011583140565514238,0.0011583140565516459,0.0011583140565516459,-0.01661314576904782,-0.019829033207200086,-0.02175945090315523
2021-11-04,0.12042266248766231,0.05339769620689383,0.1273108593369645,0.05169874235157468,0.024661924418096115,-0.005983903282696046,-0.0018195122927419094,0.0004433382587731849,0.0078225474624678,0.017503856677441476,0.02035284934033288,-0.0007009298898222882,0.0017353223106753024,0.003631605885453748,0.011786851004962795
2021-11-05,-0.0016443093951851173,-0.008436390269886407,0.044327258151737325,0.021048435328338444,-0.004103364655843045,0.019044128639270852,0.009856698593647462,0.013225255153022974,0.02073363184367416,0.008281657395351694,-0.0019375452727548037,-0.0014051401544117326,-0.011107559831904146,0.003909566932857711,0.023032585406391526
2021-11-08,0.035358873102552035,0.10136429291056093,0.017297677802368128,-0.0021529320813067354,0.0034592594666813525,0.004919560865349171,0.044201582012695306,0.05984763452361208,-0.01785461548194911,0.015774499680462073,0.008196146468989474,0.0021993277636347397,0.010238622513585094,0.009208739314245928,0.0045149987756776255
2021-11-09,-0.004772123175977416,-0.008257894665175458,0.005366184459490775,0.021770368851306898,0.00014102356926537496,0.016005383873323842,-0.001003548275863242,-0.0037048533347414647,0.02877272620055349,-0.00014672167132467884,0.008916289901454544,-0.01612640104339569,-0.01752894772251834,-0.0024067700997606467,-0.014612228716117115
2021-11-10,-0.03907741220581662,-0.06077090493575521,-0.04162152664464358,-0.03768629219013109,-0.03788017230126617,0.004161325123851478,-0.017980756346925086,-0.0070270998636453585,0.023111522494201786,-0.017842020090122257,-0.021700745366159735,0.003281307725484517,0.01465352904004269,0.014315207590925416,-0.009359623378518922
2021-11-11,0.03160328044546423,0.04389790236643787,0.028911109125591583,0.0232713094928767,0.01900109827005747,-0.010791772238395003,-0.005169146778001732,-0.015406635743554609,0.004028570550548949,0.0004870083921895141,0.0023078065738380005,-0.006223255358834945,-0.009856963139866504,-0.01477254825650598,-0.016673830817123703
2021-11-12,0.0,0.012875864348618205,0.003162454247398694,0.018973290687288147,0.021886646708537683,-0.004831482073216931,0.028815821473645142,0.013075863041652092,-0.017781135105405577,0.018405281587140276,0.007778877307157872,0.015085310192472834,0.010893492079237843,-0.008439616469924971,0.036271147842508844
2021-11-15,-0.012010627754252878,-0.009466454136603186,0.021644281463756077,-0.003507281618475133,0.005976721934370932,0.007361879946312655,0.043492031424953614,0.015167981344924364,0.017285841490068288,0.01026652537834094,0.0025271903838912646,0.002026662245132149,0.014762364848860177,0.04578928024864992,0.07350537084013187
2021-11-16,0.005928240684891284,0.04068531115835228,0.07892735867600931,0.010174780166793518,0.004470531181459458,0.004330620553085307,0.010804028075464212,0.0010377103487124728,-0.0027209268874465176,0.012578243862927607,0.00954296086516604,-0.006248726338125676,-0.005113176971622391,0.005257696826505898,0.002066020969695881
2021-11-17,-0.031188869171554945,-0.007281079911916399,0.009515329836396136,-0.011909215449977695,-0.0012667014246641184,-0.0017337225781793864,-0.006556391797227112,0.007728437488763618,0.008299173635922141,0.026110353234459982,0.025354003931546965,-0.003764704143053299,-0.008867215119968685,-0.013842853042158376,-0.0018984636896883789
2021-11-18,0.08249887466884309,0.02431616243966417,0.015146492971891634,0.017694523182387734,0.022874970045721366,0.007091462930301606,0.05567662567652132,-0.002541993307253354,0.007148786801352225,0.0006394028177409972,-0.020453573227426802,-0.0014550770209069697,-0.0047017428125650795,-0.002148268032368006,0.021218474232003404
2021-11-19,0.041357758136901124,0.0025158004057526107,-0.007084604596714672,-0.05486973015671681,-0.024968137055109474,0.005774499335136518,0.002234514432653434,-0.0023627844776460405,0.00010650246700483201,0.035628463034168556,0.014761790899028737,0.006907819848314567,0.012813085793343504,0.012205374106856848,0.014168913757212964
2021-11-22,-0.031196094838316424,-0.018595967579615014,-0.019459346176538217,-0.016530002402764143,-0.03665560593396899,-0.004374356238987298,-0.00869657654808964,0.005201298553285438,0.04247779648454575,0.00476794949135062,0.010861392772669731,-0.006902795568659359,0.044259492505117404,0.0638970302688413,0.07031311792920403
2021-11-23,-0.006571522699829524,-0.017046984203271998,-0.002536261344665447,0.009285150812863296,-0.022125337124819677,-0.0040361188657916935,-0.02232161051043091,-0.013250198168836658,-0.011012290318824336,-0.00567994095344504,-0.0056799409534449286,-0.00567994095344504,0.007140645334046125,-0.002400969441501144,-0.031948248856932815
2021-11-24,0.02923185446677623,0.05256139927331449,-0.0012707495987915873,0.002219625160041927,-0.00630334983284464,-0.014063006477598061,-0.01357494233129164,-0.01840781932031965,0.022249165768946977,-0.020919020706852365,-0.04375944798629905,-0.021924432443613417,-0.007015553466197866,0.0038220152045040923,-0.04325744816553179
2021-11-25,0.0,0.0,0.0,0.0,0.0,-0.0005870202177841177,-0.0053918578258729255,0.009116122612363275,-0.007625147268345733,0.0036490560596746935,-0.0023135163736683895,0.013394220017290959,-0.012989059423628602,-0.015022930986700822,-0.029123436283134296
2021-11-26,-0.035838774769302306,-0.018948069932440692,-0.027502797993541495,-0.0383867714038959,-0.025386808185425713,-0.01150200702288351,-0.028880702015242288,-0.02393297953061746,-0.04481398957526761,-0.020243463696800634,-0.0258514944532815,-0.034163109956778404,-0.020924421495802092,-0.0189538650452169,-0.02359970924683341
2021-11-29,0.05945442130660217,0.04586271051925017,0.045521650262576374,0.055342172807192336,0.04218558234694436,-0.008219820427751157,0.02159349858550752,-0.00811284376048016,0.019003363343082835,0.007879933401260919,0.019091651741763638,-0.0002123525348228794,-0.003674851794534084,0.000638223473904409,-0.022806688269089714
2021-11-30,-0.02097307951027494,-0.021864050798921175,-0.01730681474351292,-0.026649767728643248,-0.02883396487145895,0.00898205557696774,-0.01558985632784704,0.013842917301871482,-0.009465753346973194,-0.013278812271269702,0.010378373993656043,-0.0023220535556855992,-0.010626375478767103,-0.014047257086238996,-0.01488083967452103
2021-12-01,-0.037860975279330966,-0.058470637067229214,-0.023626861506693464,0.030436755839233554,0.01577988670776409,0.01280375587310445,0.06083675544431366,0.025778418849132123,0.003582810594673136,0.005967825762397183,0.010489980909389462,0.0026069590204207405,0.050429976434574586,0.028737634174452298,0.0715081481604507
2021-12-02,0.021981926333759727,0.010529086305433921,0.007971250144264586,-0.034153074237276426,-0.018184179301346304,0.024042154614696942,0.013136748318449465,0.00867166074850756,-0.014452089395429413,-0.002167504410320764,-0.010287612131473556,0.003164925873719193,0.02379392533960978,0.035074588749872904,0.057011410534955065
2021-12-03,-0.04460581455917034,-0.0442659841595372,-0.002937417125753683,-0.004505400284117944,-0.022625264332091666,-0.014032429704376459,-0.021149653394615275,0.03531249959150773,0.01845955771806529,-0.005932400849116393,0.012870876707145262,0.018257011089994224,-0.002350365196725157,-0.016382641430467304,0.007140200470676206
2021-12-06,-0.021372741911591553,-0.0343725931328136,-0.006004980301331786,0.010628830082430873,-0.0196106937930417,-0.012390853956950054,0.024380754838341456,-0.026766998764964023,-0.007776370706129132,0.012636951536826535,-0.010125345183323975,-0.0030225833162822457,0.0038254690986589956,-0.0011695193549643434,0.01897395768414656
2021-12-07,0.07956858491609875,0.04163676575991748,0.0471355185401896,0.06452686351411097,0.06560110280487907,0.011593567383047398,-0.018504362692220888,-0.018938917934608446,-0.013618184596485894,0.015078992643894118,0.018362877988813198,0.0061572112787176,0.016633526348441174,0.027557306371616574,0.002185366204715322
2021-12-08,-0.018534178268295065,0.0026924361285129983,-0.005932847352650206,0.0025495514734057423,-0.0025928847493614793,-0.011218800798731832,0.025078213568868746,0.02575321325219959,0.0032172022008818413,0.02750245140644081,0.02201196925140425,0.014560282203104569,0.0031610863681403867,-0.009223693976115777,-0.03280892532650559
2021-12-09,-0.04197827792242126,-0.04916000495458872,-0.0020259243279746597,-0.0294997273737867,-0.03894676379991546,0.01405717893698677,-0.005119412400121592,-0.01940923604486322,0.007787147793141047,-0.005843337923848724,-0.010040370833167,-0.004684383943311721,0.014023722680444495,0.032923039634688456,0.00365005373941818
2021-12-10,-0.00957685863592117,0.0032584860851119224,0.008888506813413244,0.000524364150095824,0.011946597086408994,-0.00690769897860577,-0.011181499200512146,-0.01630868530557128,0.0029514120208304906,-0.010559689920160875,-0.015414740918084369,-0.009116030392550267,-0.020608114056281823,-0.028244422544753456,-0.015025951426260953
2021-12-13,-0.06745479062916526,-0.03428365135600575,-0.0030453526019659227,-0.03686236748152727,-0.022216897881061293,-0.004828482545618851,0.0017947822322841311,-0.0030682587194255095,-0.009295081074596978,0.013271704073965385,0.02321375817932214,0.016730916647809346,-0.0026899612997199895,0.0068962508400987055,0.033379380406536985
2021-12-14,0.006249961401768367,0.01345293729972119,-0.0073098276806259355,0.004282539948512243,-0.013185546703122553,-0.007275447775845323,-0.00859371392804087,-0.008819707581024128,-0.01511067422367185,-0.019001024186058424,-0.015124058211902325,-0.0009215949702920945,-0.002581554928966723,-0.00926655103839702,-0.006511520586706898
2021-12-15,0.07488441026557568,0.08038343219662858,0.040114315444960136,0.04014102313077017,0.0501465184607528,0.0002885146095135127,-0.010711382935638336,-0.006273603285060658,0.00238989663557021,-0.0042178606187032175,-0.018069214422305913,-0.005241707745900159,0.008532517742920742,0.021410818148735133,-0.010054912232517532
2021-12-16,-0.06802606397606958,-0.053651881299328075,-0.058801672217331125,-0.04529475953833917,-0.046981798019644305,0.014600923009598255,0.029951544925248985,0.021340276569404626,0.030472548260096932,0.027572352936395372,0.05010299236674243,0.01600791168356408,0.002433248144373845,0.003904479844864195,-0.011041269328595948
2021-12-17,-0.02064324197098788,-0.0064194993765622765,-0.007577957117976264,-0.0037490172313984216,-0.0067949739713106805,0.0026553419254298216,-0.014401059051348586,-0.015131965216757637,-0.01890715586897529,-0.027734520094868542,-0.01859576663340301,-0.016810675164421585,0.0010916289925642086,-0.017580587909466594,-0.028982854225378163
2021-12-20,-0.0029493848871660067,-0.014156057700487779,-0.0007352858063812695,-0.007800255535703626,0.004014093846593791,-0.017287589288680794,-0.021055769552089654,-0.007387139200269677,-0.00744788787081585,-0.02601384292535791,-0.013233743251406027,-0.022368799347326385,-0.011738428372127241,-0.01249482286031589,-0.007283016178389223
2021-12-21,0.04891946680669368,0.062223834744846274,0.016471171765997772,0.04420370581972621,0.04005958977680102,-0.0012483343737480501,0.03361377574826219,0.005352315628912363,0.00042425298012527257,0.04263716987252231,0.04475284850238892,0.020551903119960135,0.00979529087531783,0.02995690828220665,0.01961905150241372
2021-12-22,0.011177990109889402,-0.0025649574848353174,0.010023456487294968,0.005943744547557195,0.01159582651588531,0.00811290785972174,-0.0015287031993613809,0.012906494786481204,0.008075241836261071,0.004459142494894097,0.011104858688847807,-0.007480349078078596,0.015664074500484126,0.019095396424986477,-0.0037523618105906875
2021-12-23,0.00816326185687788,0.01570749534430904,0.007498285743702038,0.020811589162781585,0.011727967976626896,0.010700021439386864,0.009915678875842326,0.005550719994706688,0.05035510476777216,0.011954859062947243,-0.0001897368275718403,0.012934252609732688,0.009262647606669727,0.006895288993740589,0.012765932634408728
2021-12-24,0.0,0.0,0.0,0.0,0.0,-0.00018689242413805207,0.026026308504652373,0.017661917955100304,0.003124012008590249,0.008989006494398932,0.0007383359880188678,-0.006715160977992074,0.009438307617298802,0.005844074010594946,0.0019148203553351895
2021-12-27,0.04402826923931258,0.05624744255531566,0.01964520252007329,0.04649776073482137,0.01250295453620387,0.0013324064556172743,0.020304886107792353,-0.001972584615755668,0.011004076640549032,0.021968824349461125,0.009382060489209865,0.0003330860043933015,-0.004079443649504522,-0.015973775824514425,0.013491335573037055
2021-12-28,-0.020132476540046573,-0.007838861810590347,-0.008103748603357497,-0.018928208553455672,-0.008207689598734635,0.014689999616521954,0.026037729816958288,0.0046022514469115094,0.017341329138473416,0.014069201155028743,0.005088942970011168,0.011390693109104788,0.0014750028741816745,0.012135156695689986,0.007059793186110275
2021-12-29,-0.010586311519333425,-0.03192947818825009,0.007466576771770761,0.008394081345577398,-0.0034669572403339677,0.00703508366752259,0.013957038376400277,0.010165407197246568,0.008859254902275904,-0.009568138826804629,-0.01611212215390745,-0.006071554177382477,-0.016074065817488048,0.006389409206772001,0.018799329901951545
2021-12-30,-0.013832928661499766,-0.020976667513691094,-0.018635833233071386,-0.01863595888682168,-0.0021944165707826757,-0.004601998967319276,0.001223327774960259,0.0017191746100961858,0.01182929394944221,0.0005911962008491312,0.00031326524818720003,-0.0015223877347729786,-0.0028363568832864283,0.03513843957575369,0.026585325137070903
2021-12-31,-0.005914891629653529,-0.008611781278416442,0.000766106690098356,-0.003924332980209888,-0.005098616289651914,-0.001493263453697491,-0.001493263453697602,-0.001493263453697491,-0.001493263453697491,-0.0009995001836019535,-0.0009995001836020645,-0.0009995001836020645,-0.0052273492730861015,-0.005227349273086324,-0.0052273492730862126
2022-01-03,0.02414058179800227,0.04405845632794425,0.018264214124527722,0.016331869236326124,0.001695522794314952,0.02440887971356198,-0.0351275642536224,-0.01094154422834226,-0.020680767372114328,-0.0006860637486670873,-0.0006860637486670873,-0.0006860637486670873,0.0017764108669275913,0.0017764108669275913,0.0017764108669275913
2022-01-04,-0.027588759733549795,-0.03873806650308964,0.005478069863743551,-0.009816853299894346,-0.022946772370362245,0.042532166236852076,0.01588185657253338,0.017059664809080832,0.01892035099992695,0.030622475383911496,0.034109302436809985,0.035225204501649676,-0.0006965983942416321,-0.02474926923546794,-0.02153614709532603
2022-01-05,-0.05756219089858228,-0.05726356721585413,-0.0038993792601530464,-0.029173861401351253,-0.04301922563435323,-0.005213945701227685,0.012586495406869291,0.041500308921729845,-0.0028379289264238716,-0.021211113553496697,-0.00816157856439148,-0.019538019698241205,-0.01801430430193829,-0.024831847295368026,-0.03502694699647968
2022-01-06,0.020794139445716286,0.0005876006951239798,-0.0029488144591679477,0.01691157545104982,0.02340158896267175,-0.012134881967593159,-0.0368742179917696,-0.02538811338292657,-0.03269471548030267,-0.035935940150750856,-0.04394755777868664,-0.030988860307799126,-0.008738450629018124,-0.0062680055749949615,-0.03000708106118899
2022-01-07,-0.03304001911553489,-0.03105039903252349,-0.02979300862695855,-0.035371432259604596,-0.009198735072896924,-0.016369405087568012,-0.031665317923477376,-0.019271958994836913,-0.013861198681281661,0.0008821288955116469,-0.004238464524419117,0.006074108162066549,0.01269145317891418,0.010497784934236254,0.023000986415115943
2022-01-10,0.005615251465151738,0.0,-0.00404622910771657,-0.008089990602170083,-0.03826236591983112,0.012802090992765969,-0.005913032450962974,-0.006062185050880964,0.0034156910571663257,0.002136359875050564,0.002136359875050564,0.002136359875050564,0.003576049022834482,-0.012395478936734983,-0.013552154553788331
2022-01-11,0.015218866059442782,0.04022725423177076,0.03183429236140367,0.01911891905171781,0.0027367201261425667,0.014609825505702778,-0.011586518463081341,0.006868381838873061,-0.019384362071805383,-0.03057490255472528,-0.019525588984864672,-0.01980473084463552,0.010516653885184413,0.02707425572447497,-0.02368198651660358
2022-01-12,0.006542845981356127,0.0011652732135625232,0.005501368163586484,0.04657272395992074,0.01784237876059036,0.01279360749179137,0.0036078865207980204,0.0036729547679217323,0.06233299492048183,0.03697347691637076,0.02722576705534352,0.03718116439922148,0.007280724143766681,0.011215328161821025,0.03213368889500079
2022-01-13,-0.050859002430382994,-0.03440747570770164,-0.01357128675303465,-0.014854325092414467,-0.016289874134798876,0.0025459353034118504,0.014867916668600545,-0.017681792144554564,0.014804655606183825,0.009273732715240568,0.02161030066748104,-0.0032793079262237734,-0.009718285109689084,0.010798952841332143,0.021462276007715886
2022-01-14,0.013809950951664929,0.031188784227236255,0.026102493455518294,0.062476297324347785,0.019792419584558685,0.017843245857153356,-0.030673119866518217,0.005950218302610111,-0.025998590183927917,0.003188913336259258,-0.014426200955387714,-0.022087134570574207,-0.008312751923685524,-0.00833239607101044,0.03274403911119372
2022-01-17,0.0,0.0,0.0,0.0,0.0,0.017402847919905762,0.048012939816454825,0.0247374400734508,-0.021098781474468864,0.0027944418141760963,0.004874479006686805,0.0017002243541910378,0.0006057542005986072,-0.013626511695863264,0.0007098332047499323
2022-01-18,-0.03856413862121344,-0.03616315042704099,-0.05209610027297351,-0.08766478112308884,-0.039353760407619065,-0.026707030595138126,-0.004838084550966459,-0.000480878865727119,-0.04478678949354431,-0.001551321341047518,-0.003237532789736486,-0.009744938630341315,-0.0073699406611181795,-0.004857879507016993,-0.01835779209187005
2022-01-19,-0.03227442007477843,-0.027741898025528955,-0.035726065797772044,-0.0609740273783006,-0.022943538055674395,-0.015405353114029463,-0.007871406594364916,-0.026539318617749497,-0.009590553383040934,-0.060415867461033224,-0.0527352629313097,-0.025217687713649184,-0.011516283124789806,0.0014954148049701743,-0.02970312848297396
2022-01-20,-0.036581838287407464,-0.04973886856088816,-0.03461466220047227,-0.02739902423382956,0.010932379626946265,-0.005721911424934389,-0.010220281347502191,0.0036166578498366686,-0.013704136846826698,-0.0027442114815648955,-0.013888952872322724,0.01617499643539899,0.00668844378392186,-0.0117553078448287,0.04636236633266999
2022-01-21,-0.03213242892967949,-0.025268700028529656,-0.009429780301611346,-0.029393071411178195,-0.016603762308563086,-0.01778910369793474,-0.020769467550602272,-0.04028713503996917,-0.029151752849278845,-0.05906706010145624,-0.03681895137306945,-0.017639374939837915,-0.015303598730340706,-0.05140917557111213,-0.02909579533418538
2022-01-24,-8.560667290524737e-05,-0.019190293966401595,0.031164981766215627,0.03131954448137453,-0.010521993805294061,0.015943042412132957,0.01591421768898904,-0.0027265155566502663,0.019464224612972147,0.01802874405310595,0.018438410066181854,0.003702525994768502,-0.005838342179109168,0.0007805738236990045,0.006317555177521861
2022-01-25,-0.0448400678108688,-0.04634001186343695,-0.027165451053842715,-0.0452291349678593,-0.056515786961581105,-0.017407872795980217,-0.0036047344158380845,-0.013806036594246618,-0.01439338381961397,-0.02879441945103489,-0.038606730548039314,-0.034202104679691536,-0.018075356622850203,-0.01185328818167608,-0.007591475636561595
2022-01-26,0.020067896903889215,-0.0037793411259388066,0.009368637091682785,0.01947495440033631,0.007231389361282092,-0.009021681799301073,-0.010436529034364539,-0.013216340696319606,0.001366527515251903,-0.006903626374092697,0.0033131628658094048,-0.0018421225405625963,-0.000367813239051773,-0.000367813239051773,-0.000367813239051773
2022-01-27,-0.03636038769127936,-0.07325445467815028,-0.03473037874887375,-0.04005020069294385,-0.028472695590453845,0.00121096250628705,0.00121096250628705,0.00121096250628705,0.00121096250628705,-0.055413435234525577,-0.0765540953280549,-0.03098223326107552,-0.04012206214742309,-0.04176474340308789,-0.016157212906725893
2022-01-28,0.0408315196422957,0.025730988585875414,0.03480120221482563,0.017671907924264207,0.01624493541781047,-0.0033145735411341803,-0.0033145735411340693,-0.0033145735411341803,-0.0033145735411341803,-0.018624312975371815,0.035168918080399125,0.07031697933229974,0.02563306239868446,0.05917733525186941,0.029740695218557267
2022-01-31,0.07206636932887811,0.08561385708021096,0.05365375332036981,0.04326180181542094,0.04997149820836033,-0.002533489812645562,-0.002533489812645673,-0.002533489812645673,-0.002533489812645673,0.03403315578097854,0.04443518286541459,0.0031515862315891763,-0.003519056841015833,-0.003519056841015722,-0.003519056841015833
2022-02-01,0.0062075195030861785,0.02214440944679974,0.007794707177983362,0.0031120102432895536,0.006319850322447751,0.0020381619467504386,0.0020381619467506606,0.0020381619467506606,0.0020381619467506606,0.01293278079986604,0.02005659338529142,0.0049058420400227565,0.0021491352154194843,0.0021491352154194843,0.0021491352154194843
2022-02-02,0.024515164173014803,0.05120742780820908,0.06249664020769985,0.01551074984643086,0.007733404768562879,0.0010128597854033305,0.0010128597854031085,0.0010128597854031085,0.0010128597854033305,0.02383221101882227,0.00850104537072216,0.047984058617842384,0.00217879011824329,0.002178790118243068,0.002178790118243068
2022-02-03,-0.05126373262785,-0.021831217485657084,-0.04835280856686597,-0.0301931858823572,-0.059439368394328174,-0.0003062666935450542,-0.0003062666935451652,-0.0003062666935451652,-0.0003062666935451652,-0.019985320924757466,-0.03477718898997284,-0.030324900760392515,0.0021167698466502127,0.031224075117689987,-0.001956773600787498
2022-02-04,0.015491874435087372,0.029313762403325283,0.0020658545522875826,-0.006885712581551573,0.010651268058963659,0.00024866294682834855,0.0002486629468285706,0.0002486629468285706,0.0002486629468285706,0.010139565390144156,0.0002739490566940894,0.01124215258881578,0.009238766030958745,0.0037226822690175077,0.025534209347697345
2022-02-07,0.01681791698147128,0.0005663405800031551,-0.02440509230580934,0.004130650593535012,-0.004258502394190011,-0.0035873825743952814,0.021190858892376818,0.01010328541084915,-0.06803235227066051,-0.016025404112032793,-0.029679839828054222,-0.03487810226200805,-0.010843756576615515,-0.009374179409875283,0.013345226487412543
2022-02-08,0.0153673126628866,0.03687230230540117,0.019989729575542237,0.0192463734791386,0.005291994365535846,-0.011947527096615618,-0.005475515032270173,-0.0009344130080819468,-0.03701188776257247,0.005384940910382552,0.0024853282115990805,-0.000712333574106272,0.0002005182264028793,0.00020051822640310135,0.0002005182264028793
2022-02-09,0.06360515288032231,0.03602909248935071,0.03001250274108691,0.039279311863666067,0.041164849435612716,0.00871574125155794,0.0327353651133373,0.02076283956277747,0.007958193238775335,0.007436214032335853,0.007818434831747156,0.000684285804990914,0.0004095675552295841,0.0004095675552295841,0.0004095675552295841
2022-02-10,-0.03299023815802793,-0.053293256568859526,-0.053709932821387585,-0.03072127367129629,-0.03452540788523606,0.0261805933544903,0.027453958810080392,0.015600913101874392,0.048133968829259466,0.017546811048144928,0.027206235346347585,0.004377345975998814,0.03489240297448193,0.05489988693728187,-0.042755161981757106
2022-02-11,-0.07260649794487295,-0.10010333683653394,-0.05417374636721162,-0.05208553393313564,-0.043600006427552684,-0.00010415708551969605,-0.01024880243609616,-0.006465454850178465,0.0024492699446327926,-0.0038346506679065584,-0.0038346506679065584,-0.0038346506679065584,-0.011037573082074759,0.01478365314333363,-0.039991476767934575
2022-02-14,0.013278114456834356,0.00963064441554673,0.0029764005504810953,-0.004755324235456659,-0.0005251963160347595,-0.022795291808836993,-0.04187118381127175,-0.03189539495639648,-0.024559043215205856,-0.00600806876233051,-0.03259871784478918,-0.014640289259392536,-0.015931041544101632,0.0038799179416439955,-0.059742880029364454
2022-02-15,0.09181182321433168,0.06300870560210692,0.04765916048948804,0.060518724718091166,0.045388593291737056,-0.004702844371349046,-0.0029457510438786194,0.0015864336985518257,0.0015864336985516037,-0.023631454181613165,-0.0039106569850558826,-0.04011320017031761,0.001570125029909386,-0.04000431818016792,-0.025745472240053968
2022-02-16,0.0006040363535535498,-0.031118784401992894,-0.0023119711803963883,0.008009498209570198,0.011349556118369186,0.02204479275284954,0.02879036352192177,0.026514116585141467,0.005655702165625387,0.04817838805402097,0.04687724140603411,0.028840749215283568,0.015374742035750844,0.028014093676711482,0.047192486861532545
2022-02-17,-0.07559153556234821,-0.0452034971914701,-0.03360365106012175,-0.031853323181781135,-0.02023016967523339,-0.0011925633040030803,0.0003559458630346679,0.014995364717322879,-0.006571579052231047,0.007165992401461541,0.013572525775092714,-0.013530546801349685,0.002740716601540072,0.019225320960073677,-0.00142118637176758
2022-02-18,-0.035295900263187296,0.012992783205365344,0.00503593739727437,-0.02286214010422949,-0.003997130145216299,-0.013322156168819155,-0.009771760244732475,-0.0009304223085382368,-0.003717301924350158,-0.019792453771993235,-0.016049021408951925,-0.007577026765491102,-0.010911863027577517,-0.012853939158337657,0.004358208161240551
2022-02-21,0.0,0.0,0.0,0.0,0.0,-0.00903451080582185,0.0077230701766324295,0.008408967231226416,0.005789847073788268,-0.0301983048234018,-0.019639155776603356,-0.029374161394151388,0.003004081812761683,0.003004081812761683,0.003004081812761683
2022-02-22,-0.010659077264183914,0.015988752223033753,-0.010438941219723108,-0.021410784014532558,-0.011669674393970597,-0.005856920217199635,-0.01566477943036193,-0.017016070178347276,-0.018805588167381093,-0.03749552501185094,-0.04505027762006175,-0.016119354994438506,0.0003263573179395074,0.0003263573179395074,0.0003263573179395074
2022-02-23,-0.04288175793489579,-0.05092952280100438,-0.025740153290712997,-0.018424868625956048,-0.01333835320775234,-0.004085031520363658,0.008102874488635559,-0.010598089180833714,0.0061880105594707135,-0.004231246167355374,-0.004231246167355374,-0.004231246167355485,0.0016768956551063141,0.0016768956551065362,0.0016768956551065362
2022-02-24,0.060794324284316525,0.06240887701167419,0.03935169286396434,0.043485186374933926,0.03974795775058304,-0.03482378746150805,-0.05476996974244441,-0.023786908975602317,-0.035026386248202535,0.01289372001192346,-0.03978173423469056,0.004931173360460894,-0.03745911460868723,-0.06822222503884123,-0.016065445995906202
2022-02-25,0.01722269636074869,0.038161366306065814,0.01756140056920774,0.01723863300747741,0.015650785288565894,-0.006929796043518288,0.01649182384281489,-0.010913996410728988,-0.004034770024644141,0.05178307618731437,0.0708305439337189,0.012929379140627084,-0.00574551874999818,-0.00724128080633224,-0.006809617373184751
2022-02-28,0.009438250070905596,0.018833626509808354,0.00620160248181989,-0.01119929442988743,-0.0009143533168731732,0.003733554516335058,0.003733554516334836,0.003733554516335058,0.003733554516335058,-0.01478351524843613,-0.016388069120234605,0.006428819151292675,0.007022465467909189,0.007022465467909189,0.007022465467908967
2022-03-01,-0.03723612988274094,-0.07710389808009444,-0.04825865142847319,-0.034202701659772794,-0.04846119171243968,-0.0004575493287060084,0.013360762652459668,0.0367862045896894,0.016976398202186882,0.038263965714182335,0.016587086070953827,0.02316365571486223,-0.0027812509815238196,-0.0027812509815238196,-0.0027812509815238196
2022-03-02,0.03182393123680516,0.03909335743354214,0.038279837738349975,0.02754422756450392,0.0333639261897376,-0.007493063254612742,-0.02067420188067437,-0.007380666192434049,-0.005388528836088979,-0.017856948621390756,-0.019699440546632974,-0.00900125616520775,-0.006454908448073282,0.01251677595926215,-0.0066710089793534655
2022-03-03,-0.020891854860590087,-0.053263404526395663,-0.023042995977803904,-0.019072189857190835,-0.03750512526805172,0.0043961526722078315,0.0027278620252664254,0.012510677523726033,-0.008764533264650654,-0.0013640624241010313,-0.007045606424812001,-0.011802177220233245,0.018612215170161095,0.03390406202339058,0.022936666742083167
2022-03-04,-0.03280764128646918,-0.03188068929990051,-0.018687812520892022,-0.03750745821448154,-0.057816756300086425,-0.014446413557489879,-0.053632721244533665,-0.01730356970753666,-0.030309876781931755,-0.037856276683966184,-0.0408747746040562,-0.031552740503100085,-0.0023548834097375515,-0.0023548834097374405,-0.0023548834097375515
2022-03-07,-0.06906190807530244,-0.05036441776060496,-0.0749412772343252,-0.05185304745408126,-0.03361808371027697,-0.03453118938485544,-0.05425279431375085,-0.045705681991892844,-0.07105466003893923,-0.04439049672076678,-0.05150988468748574,-0.05906946275741287,-0.046880414550727334,-0.08180522503626009,-0.03800613748705561
2022-03-08,0.007587175194113671,0.025060727610820344,0.004396974706699419,0.04135213217859324,-0.0022636164344796983,-0.027751511674936058,-0.014511545225934452,-0.020588695340119312,-0.0212165150378284,-0.007503614310436779,-0.0024394353789365386,0.004716712095952369,-0.021102384213404934,-0.02504457564208118,-0.03662328091900546
2022-03-09,0.06972215728670106,0.052307441829932744,0.042120304044737544,0.03600478791883455,0.0842874774897433,0.007900929636966758,0.0021405969824053184,0.020859300083454935,0.021770537447425964,-0.0028230047177749684,0.008020878946795928,-0.0033239083949949677,-0.0006568242355174947,-0.0006568242355173837,-0.0006568242355173837
2022-03-10,-0.015468817927810963,-0.04133276759250393,-0.015276074788579508,-0.028378064883994192,-0.03423256493663984,0.03474485166498664,0.031310583221406896,0.024703231628582012,0.01876237337207276,0.04643414088006548,0.037253289194895345,0.09560216383984432,0.008076980650054466,0.008076980650054466,0.008076980650054466
2022-03-11,-0.024626891034531195,-0.020383225508235125,-0.015318802380606678,-0.0106427243906696,-0.023696910966775286,-0.021574917176265584,-0.03327903058332349,-0.0011554338177496293,-0.004277121453605592,-0.028999716341326254,-0.0478853278501421,-0.031551742330581,0.0027919702898326904,-0.004370824697946474,0.012661636858875225
2022-03-14,-0.03484178662615611,-0.019560848572431233,-0.07253541087993842,-0.028388868184798022,-0.01416763400088894,-0.009079224952533105,-0.023535582308369274,0.01098509725475294,0.0023631186749175637,0.00143638222519904,0.010345735561285707,-0.0034546188438898673,-0.0038642852927810445,-0.02353792193131765,-0.03404084216322345
2022-03-15,0.07702768316739439,0.0692420716973563,0.02066706547673869,0.03562827419298675,0.03315724481918392,-0.02789722049555754,-0.04573184099168337,-0.03379292439891701,-0.05938551555383875,-0.006014152946403173,-0.004634798353907232,0.006763521726747657,-0.004154449480160638,-0.004154449480160638,-0.027641289735155783
2022-03-16,0.06629525442958162,0.055245594204423654,0.04326996727731913,0.04879000629331576,0.0903804596222737,0.004674334483891096,0.003040716458287074,0.00882058266990482,0.04591478719164188,0.031714783327692064,0.019745421899526994,0.0061921920549286025,0.0031478170293886,0.0002979794320459028,0.009962646192757107
2022-03-17,0.011022323594615191,-0.031897375553150975,0.015819472930265643,0.011572946085949054,0.005332949709135004,0.04815254680898251,0.07251585116722437,0.042186692761896794,0.07625763236848204,0.04346091020638676,0.0372349708966595,0.02098521597954206,0.015273960515893359,0.015273960515893359,0.04280133071758563
2022-03-18,0.06811729906252051,0.01584740446214039,0.007589971489869285,0.02386512814651831,0.03938278594595568,0.005402793810124873,0.0081737382378817,0.016863905606495422,-0.00028321211832071924,0.01173571943998497,0.007765069214593856,0.011523160381213815,0.01477387074506642,0.08015583204567922,0.035573081469361556
2022-03-21,0.010622600683266814,0.02168164202646561,0.010390245645381269,-0.006955519543202171,0.004485907919124399,0.002274407984909965,0.002952179221789475,-0.001522766612358617,-0.006277380383596598,-0.006515016594123457,-0.006515016594123346,-0.006515016594123346,-0.011347708855357519,-3.308001905333313e-05,-3.308001905333313e-05
2022-03-22,-0.007855138382664939,-0.00983436342008015,0.012982908976895802,0.00953799367385777,0.008537052055467953,-0.00701033380133631,-0.004962335956023467,-0.006653516220539002,-0.001900702127193954,0.016370381266584078,0.018497635034300464,0.0018591367073530485,-0.0020362477679746194,-0.011715922726886263,-0.006211149085150969
2022-03-23,-0.03355442303555478,-0.007492599925926102,-0.030074299212484834,-0.02996753950826536,-0.033946026511190386,0.009966214870165357,3.0799524858293736e-05,0.007533761094854263,-0.0034970093072060893,0.023059880878826267,0.02785132735498763,0.018277005348947828,0.006831539219353422,0.003975536704488247,0.003975536704488247
2022-03-24,0.09815086273567064,0.05802318044764032,0.036566984243120215,0.054558048732712194,0.037844250626535736,-0.0015423229024181806,-0.008332974722959019,-0.007955911284233563,0.014541210014426431,0.023662675221644003,0.011258747726512919,0.002548500533641418,-0.012416036279579767,-0.026742746936861628,0.005033044796620256
2022-03-25,-0.01627008245923167,-0.007135158210084369,-0.0030920879255644795,-0.011040047755548565,-0.004605020715687025,0.008602124449042181,-0.004229548072255174,-0.00795065247721849,-0.023576559586494183,-0.0036864923448493014,-0.004796376167881755,-0.0016394020699176393,0.0003777757948781879,-0.020376836301202572,0.03192109283353983
2022-03-28,0.019030861918313713,0.004763096043667758,0.0030384762498421036,0.004377774757685637,0.010867469710105881,-0.024007406332088643,-0.007815111728188495,-0.010173869199330388,-0.015504330535638933,-0.012459419590118648,-0.009769021638677655,-0.022321300457109783,-0.0070033580423928266,-0.005578297609769578,-0.0026831290141777764
2022-03-29,0.015485919687410643,0.024866978927858163,0.01653534298289916,0.027458872340572205,0.020595291521678716,0.004542580874092428,-0.0577118427164115,-0.003984905124256977,0.0020423705214149823,-0.006822150332487897,-0.005015420261866077,0.0016793396782182057,0.0077663764862476725,0.017547543054100112,0.020919511415457226
2022-03-30,-0.03370996750483368,-0.03254079385696007,-0.051779011566448596,-0.039875472784853705,-0.034661943738766965,0.024205449542260338,0.008735636922958978,0.015142438355320698,0.016011819560182827,0.0030528939458218662,0.02966472214564142,0.007559897800827997,0.012900911257788694,0.023007797079942938,-0.000939214391646459
2022-03-31,-0.014590211379990836,-0.0828720414498435,0.000589322294690886,-0.029454864243238177,-0.02429285592206465,-0.0014177714975729394,-0.0073682570354202115,-0.006003499985277272,0.0021066025822131795,0.02773389009653293,-0.0002570707199559541,0.008242786535642477,-0.005369612408415603,-0.02584862946601174,0.007554110087826471
2022-04-01,-0.021036469539854608,-0.010517595893551834,-0.03814944036412715,-0.03330833101486019,-0.0002994961971313215,-0.016506830250839877,-0.00865602804998955,-0.003148597988064661,0.002794043404417801,-0.02269951452209118,-0.015441958599350492,0.0008431036883895793,-0.010502690292776062,-0.02023559683893672,-0.003342987726430713
2022-04-04,0.024258816409656214,0.021628581986195217,0.04639755156838432,0.01593267072449467,0.019618497421380443,-0.001824316340445442,-0.001824316340445442,-0.001824316340445442,-0.001824316340445442,-0.03336902013943188,-0.01950869667830124,-0.008552791555819672,-0.0006278255925079579,0.005078639829871667,-0.003511732383196464
2022-04-05,-0.05222980808260558,-0.03356553990270705,-0.05428775281605014,-0.05971867609881709,-0.05048230261979392,0.002780845478168814,0.002780845478168814,0.002780845478169036,0.002780845478168814,0.007192881405982732,0.007958870784236849,-0.013344058204686315,0.0025714140068795466,-0.0002704187000334146,0.004020104444077299
2022-04-06,-0.05877108473153958,-0.02948887413291701,-0.0424857998770265,-0.019554591731606563,-0.027766654814194047,-0.020891515557078355,-0.022212873331949434,-0.01671825627404,-0.015561502027161667,-0.04292254227422776,-0.03621431463152802,-0.024550950580864983,-0.014054894100374304,-0.033902952033261435,-0.040974597161686166
2022-04-07,-0.008153421232512836,0.00048232905026512896,-0.00043088136401780996,0.02572706875834485,-0.00510725984208793,-0.023222512764758507,-0.03870332150221001,-0.02402781124535991,-0.0070066299762086,-0.05499226022392878,-0.05491884250693757,-0.024999057045613227,-0.006361655984868042,0.0053735802138941136,0.009854942112228926
2022-04-08,-0.04498520352873603,-0.02622446190407679,-0.018172448463546376,-0.01993474539179374,-0.02298096203949629,-0.0007829773361164305,-0.014280206439454601,0.00445088370874025,-0.016085135154696673,0.0011492938889361426,0.0038780446115083134,-0.0066587194151345175,-0.007067529481869728,-0.01729980353866223,-0.004138565465701793
2022-04-11,-0.05199187766644242,-0.03594056686552449,-0.009730332872081582,-0.031010238522754974,-0.021589970822929128,-0.019017148242751802,-0.007941342849820843,-0.028982750380064037,-0.03977513026602186,-0.008624316857938852,-0.020566704644927047,0.004449882313653619,-0.003074876066372245,-0.008987031668256096,-0.033821150730257044
2022-04-12,-0.018843695479757172,-0.02331317868367444,0.005393148897685718,-0.014452901051306144,-0.006256932511656599,-0.006605850600756802,0.0023199646856018052,-0.01803721627186461,-0.03325594973659518,-0.02990476283025134,-0.04443916106173018,-0.03846726878262974,-0.01869579249991593,-0.009973694291179891,-0.04167718560225553
2022-04-13,0.03250528421464005,0.027760246393346177,0.03240522018255776,0.020076763894261385,0.031582372892967836,0.028476930102190767,0.04487879110768289,0.025632596412256348,0.012827581750529893,0.03386276648702058,0.029445017152165187,0.012908568853460034,0.03075660044883377,0.023362604754454175,0.03686158652287097
2022-04-14,-0.04256184523937079,-0.047882140448772925,-0.02555173468646854,-0.029950283459042604,-0.02429948282943495,0.005934204210997995,-0.015784871867877914,0.009994546338534471,0.01080181476383446,0.018632512874570795,0.017922150296639128,0.010042231976696847,-0.013065306395820264,-0.022187081778724527,0.05654188425176487
2022-04-15,0.0,0.0,0.0,0.0,0.0,-0.02256587480463823,-0.037001092971640115,-0.019460281455633166,-0.037027318332801706,-0.05594194303810118,-0.046468490050093014,-0.0150845398157744,-0.018932031223531376,-0.023753019089028604,-0.02296685426896472
2022-04-18,0.02469686222731271,0.008918996914137,0.01760286733237537,0.013320518065635722,0.012895506514224886,-0.006744664418688595,-0.0037782335667715383,-0.004974071170816385,-0.0082796661596094,0.0020814641286783786,-0.005862676490653418,-0.02283934053532377,0.0031406022683222456,0.010910910330760304,-0.004272774320047357
2022-04-19,0.019051456203966977,0.03237832501107163,0.01241760717714091,0.019064846218591613,0.01910560441002751,0.003579129832519623,0.0024556675414331153,-0.0014900475506636202,-0.0018648364995550448,0.01902367702435459,0.02622997126112292,0.016263927193823857,0.0030656923512097922,0.02604455986161458,0.0059228366451851144
2022-04-20,-0.032255073902939135,-0.030021702805606898,-0.005033839934418749,0.00709045979182088,0.027157011848802037,0.007480661146421763,0.020093438380286655,0.009840756343964197,-0.036251379979559184,-0.029516110263751227,-0.029924020015394626,-0.009697701491392152,-0.0019477873098918685,-0.0034285253982768715,-0.012196149450569349
2022-04-21,-0.06046927996056317,-0.044352247583842375,-0.030141168698167298,-0.01866163362880502,-0.021974795584638218,-0.005706327634247943,0.017154876969054822,0.006126539981511581,0.02384640557047435,0.0461235741112338,0.03305549433155908,0.027216669105889935,0.008935908612144328,0.008929101660975602,0.00743683113896032
2022-04-22,-0.03309717022735392,-0.019031709666252006,-0.02424500636002369,-0.024980439504130758,-0.019952181552565174,-0.016621065640742172,-0.020344879809050642,-0.008287812328840127,-0.026150305581199462,-0.02401031518998009,-0.015783234856532102,-0.011696731656735126,-0.017030607249618357,-0.02873506165631612,-0.030200051994795363
2022-04-25,0.019830927320641845,0.0289312805697306,0.02823562433040805,0.01480499955317316,-0.012820550387131258,-0.020449020804982454,-0.020641864825989953,-0.04612511694286214,-0.052525097061789316,-0.00405135047628713,-0.023798067315871307,-0.0034982970925626633,-0.010980940673718909,-0.023150964813126174,-0.039792770714179526
2022-04-26,-0.055974331128556876,-0.060976939358555415,-0.02240756673593458,-0.04848443575170969,-0.06566958173635251,0.0021824044894396266,-0.0007802501522766736,0.008263274483711447,-0.02890056630506077,0.012015660221796676,0.02970284473894025,0.006172275548395723,-0.007845006511687735,0.02280002734357156,-0.014231166952129892
2022-04-27,-0.019852892792121102,-0.0029356504139188555,0.011985036320901754,-0.0010097615362950618,-0.006334688535214461,-0.04014801748993668,-0.033554144654860396,-0.03721295857158802,-0.06557172051753912,-0.011220095796982354,0.015537098425250973,-0.010967644865845894,-0.025611427906263473,-0.03143880727979065,-0.024850138489665108
2022-04-28,0.07423282588057822,0.055705988971118,0.09689088159874526,0.05348767809940691,0.06044409702323428,0.006962492397366571,0.022170938984666932,0.01051984267084305,0.03353436864776982,0.003514303156167964,0.0337609461609103,0.0207267886900806,-0.007462046112036602,0.0047773847921159796,-0.026880015797798418
2022-04-29,-0.062430687815457686,-0.04596165522796514,-0.05735842651640011,-0.03733766088209467,-0.04533153186173433,0.01049967639678595,-0.00023923806892955923,0.02523453212419957,0.005082997484378904,-0.01847709566152589,-0.01847709566152589,-0.018477095661526,0.03520978792874252,0.02254392495438351,0.005130463778401317
2022-05-02,0.053162710059532436,0.05051449794665608,0.03994542665713374,0.023742762794476624,0.012983890087069794,0.0006353076709384453,0.0006353076709384453,0.0006353076709384453,0.0006353076709384453,-0.006360176695842545,-0.04197189108968025,0.0011185350443276842,0.00623541983922804,-0.01018481863016385,-0.012028938826289304
2022-05-03,0.003532078711375286,0.014358870971850957,-0.006952666059744539,0.0073470248713378705,0.006149641879559908,-0.014705167973925848,-0.013743587805422508,0.001416511773721707,-0.003635913744058916,-0.0007762383575973253,-0.0007762383575973253,-0.0007762383575974363,-0.0003693203457389993,-0.007840834186535695,-9.146629566525455e-06
2022-05-04,0.03734329328653607,0.09096895825064255,0.03320404291276513,0.044024572597689327,0.03848064884810243,0.007786057622248599,0.013123103921005352,0.009439067650149013,0.04846536840005,-3.072491328426352e-05,-3.072491328426352e-05,-3.07249132841525e-05,0.010464612228696213,-5.398317918814399e-05,-0.0021625248614128845
2022-05-05,-0.0732763375983344,-0.055823732896596145,-0.049714793124875034,-0.044945591516743155,-0.04803948637197375,0.02130251734084254,0.020793203600707466,0.027060578185246653,0.054407995311845925,0.006910457600694642,0.00691045760069442,0.00691045760069442,0.007638880218737487,0.007638880218737487,0.007638880218737487
2022-05-06,-0.008968407970692316,0.0156598865270845,-0.007483650546036613,-0.008548623019520862,-0.02334397195987592,-0.037896336529297914,-0.02060602532541156,-0.03942991741552637,-0.038421192073210486,0.0012784087610295813,-0.0027025180317868935,0.012560783707311396,-0.03389601878467663,-0.031574565315854564,-0.04324932803725179
2022-05-09,-0.09236915657009459,-0.0941891763422501,-0.040261948171868345,-0.059999947994736735,-0.06958259087368046,-0.016589633996144326,-0.0266034416594938,-0.020202412556756033,-0.048323271044719784,-0.023381883548866944,-0.010150796808359841,-0.017386064157806635,-0.001125911288954562,-0.001125911288954673,-0.001125911288954562
2022-05-10,0.038052726025287864,0.027443292378786177,0.014008304729620225,0.013522414371873515,0.020891032919236885,-0.0072279294961584695,0.005186061740726444,0.01037323625056974,-0.0052823986115067,-0.011206497000376792,-0.01708654185779057,-0.006053511434511605,-0.015695661663224114,0.019459593242272977,-0.017452102392627844
2022-05-11,-0.05484508065849114,-0.009128875885757393,-0.03296537062846794,-0.030416097441511192,-0.003954906631455146,0.009500277119081524,0.01470333509113586,0.012104024837845673,0.01511455319663213,0.02770758529757167,0.018102768932961588,-0.0006409486283590615,-0.0013239304468429802,0.0032151872968153583,0.009151710879381936
2022-05-12,-0.02736024921797653,-0.009781626800071108,-0.004005924224758761,0.027328598841183993,0.0020333991103924642,-0.032254329939710336,-0.012432215217983655,-0.034803991666673695,-0.03718366763629066,-0.012844115453714111,-0.03251243497569711,-0.006155577963773751,-0.013413132786258886,-0.014809390406561707,-0.035810634427210664
2022-05-13,0.09465234627604246,0.09257989218944873,0.023980869675137795,0.04777093271015809,0.04969729560864633,0.007385157756603755,0.023480910308671943,0.009473110821233588,0.07690595855156901,0.06560505477764589,0.05146145888473752,0.02885104389600701,0.014650956742293442,0.022034953854178196,0.0008859948843993326
2022-05-16,-0.0249633802433864,-0.00925152289111053,-0.00755933642189055,-0.012336817029678704,-0.024383403681702887,0.018962170347659013,-0.020054244817988898,0.005573716427903275,0.010331132172396007,-0.005998009444322494,-0.004199755827411167,-0.008176982507684283,0.007277870008878695,-0.007644806333150567,0.02464728286440665
2022-05-17,0.05288472713129533,0.0873302583137856,0.043163456391037025,0.057566655283488366,0.04987359509939737,0.021635461633387587,0.021798951342531403,0.029879355818408948,0.02558668189778457,0.02190715212128902,0.01096878753507835,0.004506924481013863,0.0177914479687582,0.016285951558713707,0.01217959382833933
2022-05-18,-0.0681633451996202,-0.06040794737646216,-0.0661466531685917,-0.04707285287858254,-0.0593449154326241,0.01873229596501491,0.02029035293311532,-0.0005421313123380456,0.005332210660066838,0.024381990384914953,0.013187980203158256,0.012796665741294122,0.017886564845375652,0.019394716337128193,0.04873915664376183
2022-05-19,0.01098175378421784,0.0040506792126413504,0.0009200303091432271,-0.005388774579254019,-0.004353717784030486,-0.03412444843986551,-0.01616218474294362,-0.0168469495435547,-0.004519116006933888,-0.022542867072672612,-0.008685123797043781,-0.01702646576874589,-0.015741739817133893,-0.028865410726664598,-0.023487979245311208
2022-05-20,-0.025111269267498626,-0.03279195437042692,0.007888413944452832,-0.03864909129332206,0.013004088210056608,0.020117361181001048,0.005908423470992075,0.023616898348823634,0.002972127564963012,0.013309944253490968,0.012263538771064564,0.009658774550161286,0.016998580620243287,0.023162971520165332,0.006110217551189789
2022-05-23,0.012220031300659961,0.016791440586355177,0.003951302135968948,0.03259456681964923,0.0408563790795371,-0.007545611242558037,-0.007318845499853843,-0.0037861959258498334,-0.015935171761830236,0.004751138942994615,0.0005922030638851883,-0.0005551014876552518,-0.009046495245085051,-0.003176351906501673,0.009233511798821814
2022-05-24,-0.04402894931517787,-0.041127548598569263,-0.02717228779802694,-0.030383182261047748,-0.014749309561966073,-0.0077041343864761025,-0.007975851782752619,-0.0017386228522077163,-0.040417146114932634,-0.007564555759958069,-0.020205503027364458,-0.011560575281242214,-0.009422742486796865,-0.028846826994544106,-0.015540106638848306
2022-05-25,0.05082366172712516,0.01634486401835078,0.021006691905169905,0.02069031506514518,0.003019794336391879,0.006269380305360839,0.014228474907222344,0.015127664468924884,0.011532695576301322,0.016289404468193824,0.007314817982847055,0.009920123393558633,-0.003222278621375918,-0.006321171023097039,-0.005139766740627438
2022-05-26,0.05160488120998452,0.06583916215497587,0.027509052589510752,0.06025990719406593,0.021876305278264452,-0.015024854340216165,-0.0077734444830939164,0.008228199294316063,-0.012383596443511946,-0.026798488570573986,-0.03924491016453757,-0.016792619768620454,-0.011925866609379332,-0.05052054283367957,-0.01811397008577742
2022-05-27,0.05377885272565841,0.03554432543018193,0.03648756711001,0.03832472697015343,0.041619933240593765,0.034540546590836385,0.024989419825662162,0.027730521390812557,0.03874195299243621,0.032992072124996774,0.03249918657719553,0.021454395937128057,0.015285010097910057,0.035428935550418705,0.006124411861073709
2022-05-30,0.0,0.0,0.0,0.0,0.0,0.03267442087710437,0.032325962682715925,0.020393689870951803,0.08501002885768538,0.008750813399635238,0.03460185954703898,0.021053178785782833,0.023982859684787083,0.015321867279974644,0.012841966271253114
2022-05-31,-0.007389435276287326,-0.003911612727584557,0.024757032415661184,-0.018329558970916926,-0.012153170192663265,0.040277533517212305,0.04737605186547378,0.030926530856335566,0.04977508762708882,-0.016741892563588046,0.00856042750973729,0.0007342779245391728,0.007987197861402562,0.021936271930757645,0.008970478541919125
2022-06-01,-0.018851757342493114,-0.006283127683227141,-0.017196658567916634,-0.024128296750957845,-0.021916506719427797,-0.025070154761916097,-0.0055361563000166925,-0.019810818575211164,-0.008723515753680466,-0.01799740762801938,-0.005164467677505669,0.005868757912853129,-0.00448559789719849,-0.004485597897198601,-0.00448559789719849
2022-06-02,0.06943227437473021,0.07281164817532204,0.04413645267574107,0.025074285259115925,0.02994731445330001,-0.021012883334112997,-0.012394763485523597,0.004966820834255481,0.0017041919605411682,-0.007090927866272079,-0.007323954921993114,-0.01437903569688126,-0.01452041764213119,-0.01339868767490593,-0.011093512673987616
2022-06-03,-0.044507934755480316,-0.0210884369035913,-0.034063064045146585,-0.020199467201056476,-0.029093737422084875,0.0009381080079347015,0.0009381080079344795,0.0009381080079344795,0.0009381080079344795,0.025514904438663333,0.0217133181903153,-0.0024879015878477295,0.006430780034726524,0.004924072015623171,0.04357489975601436
2022-06-06,0.00352562842999804,-0.006114783699135207,-0.0055230857184458415,0.00034783126520099295,0.014264250301112114,-0.008855291997593828,-0.0011293629278098516,-0.0040902134004043855,-0.021521580355745362,0.005733338045747827,-0.0005929200516646693,-0.0068451712061237124,-0.007748765123226087,-0.007748765123226198,-0.007748765123225976
2022-06-07,0.0074524672286429006,-0.0035021556198595594,0.010324633856871879,0.005826171037952355,0.009305652919030072,-0.009943487949548246,-0.017254029019811545,-0.019816467224160306,-0.01686094779848557,-0.03197726969522696,-0.03588987085088646,-0.01567730821556701,-0.022548494878187775,-0.031097932760653424,-0.01321789988184019
2022-06-08,-0.014480582490454252,-0.032104837505779305,-0.020649880970917134,-0.027751430088050255,-0.0165854529845344,0.016002618019987702,0.04410175344027878,0.013816404910367064,-0.004092919599041789,-0.01493523429625676,-0.022837906083850834,0.006887390044241881,-0.003132838259817472,0.019149449199565627,-0.010282907289717036
2022-06-09,-0.0321750830685269,-0.030421966905798348,-0.016191711007633836,-0.04641648311658331,-0.044110445725356495,-0.006656786559241956,-0.007592399620556578,0.008456114870986964,0.030168973396056398,-0.03345596684994501,-0.036509173266950024,-0.023492662164377287,-0.003247532597622671,-0.006427380412517225,0.012003366880665611
2022-06-10,-0.05950778806306667,-0.040283433542492975,-0.02567489743858864,-0.0499813343868839,-0.03849453714786022,-0.025196643928850015,0.001496132524055005,-0.004965178252136271,-0.01770163539009062,-0.03208191473931776,-0.041921632422272315,-0.011910586947708857,-0.027108049203402595,-0.024607794127237237,-0.025981235336388964
2022-06-13,-0.07817847689092061,-0.08257753486875508,-0.03408385316681428,-0.05457395690682243,-0.05359254911441447,-0.02826431465957624,-0.048048151668585004,-0.030416564226935394,-0.06660594702996858,-0.05542382916168753,-0.05272968465263406,-0.05082292251258724,-0.03750433336323378,-0.05414887002486812,-0.06932301616582737
2022-06-14,0.012079020970696241,0.0,0.012435812211742503,0.0031146454497172904,-0.004882665497909611,-0.007377677444549091,-0.009452276588231667,-0.0015729730288833732,0.010539505375176894,-0.01504064475970912,0.006963384358906088,0.009921194380418719,-0.013652824770634897,-0.00946650695524276,-0.03593190253581102
2022-06-15,0.04363474358295383,0.02655483670209824,0.005911292804270163,0.008279714470986965,0.028829005127450902,-0.004073819690946667,0.008315217025307131,-0.015928434883828557,-0.009997103802332097,-0.02152324897338309,-0.019319294625287586,-0.010189941760342491,-0.017621696517724605,-0.010331478130239158,0.013140218334241505
2022-06-16,-0.0560296567213695,-0.08118700730388484,-0.07792119906348405,-0.08037364670740899,-0.07357561478913155,0.009350095697312044,-0.0066432275610525116,0.015931761617857365,-0.025560415289190508,0.0006812515296172883,-0.010784564138778263,-0.0014135385585973825,0.012180255211604374,0.0037041483712796364,0.0013278226862973863
2022-06-17,0.017883544988304356,-0.005850132103356609,0.0014070244094672724,0.002679035255036988,0.011107666726965837,-0.023443625610020002,-0.05743782240897655,-0.04411322101121229,-0.05948678234284477,-0.03825760886494278,-0.02862774569055382,-0.03747735639596317,-0.02570005251562546,-0.01796578712256003,-0.004048468891354018
2022-06-20,0.0,0.0,0.0,0.0,0.0,-0.006188933593457957,0.010625940025482228,-0.013532650710884941,-0.053021651226266786,-0.07204658284219123,-0.03860928988046375,-0.08365803656960613,-0.020159425927049446,-0.021471723280916732,-0.07283084133512086
2022-06-21,0.04319913092854932,0.02721590326111012,0.028101430718791454,0.0594455802127265,0.04436456110365139,0.014022372633743396,0.03329863908974828,0.03322938535879261,0.037813876159462856,0.026906861344023758,0.025241954231044028,0.017831575064625627,-0.004856980471982242,0.0059419095585773185,0.022703878347871242
2022-06-22,-0.012435239733353476,-0.0004773948572655007,-0.017927248753407343,-0.012924122894069412,-0.01790243070829889,-0.021484179409019477,-0.07093331637877986,-0.030866355589045047,-0.03906725078441842,-0.046883625467154966,-0.031728104468145446,-0.030120174138939193,-0.014789880112907938,-0.03092755012455728,-0.08212323198977023
2022-06-23,-0.00825169491149369,-0.0157611903859608,-0.01694509820049961,-0.007025939852212226,0.0,-0.016469507585688437,-0.05965200277719096,-0.00862916999836838,-0.0062354427029275294,0.0026936115820543893,0.0018011168135758648,-0.04977685057257819,-0.008141397201666067,-0.026275657691585907,-0.004685344517404655
2022-06-24,0.05553114303577922,0.05641151896959218,0.041718837956257415,0.043739262547605406,0.06129772437112746,0.004042587056108715,-0.025651810297096955,-0.0337310054917489,-0.008101356223061074,0.048961464572120805,0.044102355198571086,0.052305243004769686,0.01575440653662885,0.013856932707425829,0.028355063841890793
2022-06-27,-0.015006139194565837,-0.010564976453838582,0.01662659114920073,0.0025678665192216954,-0.014012304805455789,0.021874307332385268,0.009183240181938945,0.022207423280427685,0.0520039967256285,0.02057522377476384,0.03618304008155104,0.04564330561493235,0.01585278824982428,0.04639162832240595,0.08881659206217218
2022-06-28,-0.052581605815079646,-0.06244202244827046,0.034753932727644044,-0.026534260791772124,-0.0347019353533099,0.006946611491587706,-0.031209838119695577,-0.026338189050578165,-0.04157516754152302,-0.007346756495761331,-0.007954834982607184,-0.007518010523651197,0.0118456041327486,0.00478827726376041,0.0209614083696259
2022-06-29,-0.027531129448395975,-0.03453826389809744,-0.010410498685540559,-0.03241414715306823,-0.011806493194591705,-0.021081651036633953,0.007113808201077765,-0.0660265291494111,-0.04333109157858428,-0.03276201727968153,-0.016241085802194632,-0.005454123420946755,-0.022031441143710362,-0.014991272120932875,-0.01205390057985034
2022-06-30,-0.024642627963524122,-0.01948963565458084,-0.01911990663407992,-0.010441633191150324,-0.018034863027680537,-0.03035401449204722,-0.014929416882319968,-0.03393870742873384,-0.047125964049778424,-0.044930356047350184,-0.040955926125698205,-0.0237483109932346,-0.024564523222569856,-0.039128586308130875,-0.04912351194168196
2022-07-01,-0.04195538529262499,-0.036615705597762616,-0.03295755875761919,-0.05176950740558217,-0.0547408344707373,-0.0469700213592954,-0.05961307013565664,-0.024563475650206446,-0.03612167862622828,-0.03132555291374339,-0.021797496438691555,0.013145784749666767,-0.003300439698256441,-0.02799284481896669,-0.009249570183848643
2022-07-04,0.0,0.0,0.0,0.0,0.0,-0.03433702086390045,-0.006334839674312587,-0.011388248751745045,-0.018389757755040925,-0.00039054345775413335,0.006926230410312817,0.025076824507533013,0.008045194451182791,0.010298803776040089,-0.011876812847468332
2022-07-05,0.030365477947296604,0.02076827497386624,0.018619027046128833,-0.0031297181982864464,-0.03874791009722256,0.017255234327895108,0.010140173905509808,0.014419668197129143,-0.0022576977184455282,-0.0021166762131271666,-0.0016488258014840662,0.0001444774893153422,0.0034599420663672387,0.03993011899583565,0.046680231878358125
2022-07-06,0.011093290137437872,0.0019947012229555305,0.009774921246597845,0.0065115688723842435,-0.008140424773694477,-0.026516546731502166,-0.019256216437623763,-0.02570390139039791,-0.05079695820870356,-0.010596341818566613,-0.0061166437802456786,-0.0004999371987468582,-0.023765849352925805,-0.01419988695815011,-0.04472614136440134
2022-07-07,0.04811644581542196,0.05242209233744499,0.057768135974564094,0.04840569600334721,0.05367480547997161,0.050259405589347717,0.050982133976406496,0.020269911137368313,0.03900926054145448,0.015703078020084638,0.012300843973078512,0.013486727532417309,0.034928070392377775,0.022520754067918425,0.035403271804732794
2022-07-08,-0.0012613235259305577,0.0006304592741395165,0.01197903050756155,0.004848522034663683,0.0023235259571032785,0.02200016259095916,0.024823323072625803,0.021341395311391897,0.024851362582418268,0.017444911276316644,0.018579011894875208,-0.002419185653392497,0.014187203717276997,0.015186501601345492,0.013435095525556884
2022-07-11,-0.04331345134505726,-0.030245766503217197,-0.027718407057131245,-0.028182915646890905,-0.030665768215866862,-0.010706690568803912,-0.021505434755598074,-0.00394210595710931,0.004613494632889736,-0.016584729716093705,-0.005586030516422702,0.009321371621841656,0.0046922067980572635,-0.008654556418552839,0.07713399900023177
2022-07-12,-0.004620014886679624,-0.00766726915255711,0.0053688875626474175,0.0012413310186978332,-0.01040849128297483,-0.030679187334898272,-0.03969573665242221,-0.030010509075281355,-0.059654892289917605,-0.03655431874963788,-0.031142773288560743,-0.033672494782338025,-0.024771847801242197,-0.01723531060184691,-0.045206140302843645
2022-07-13,0.0054369380421499525,0.015191147504490576,0.020233310540717975,0.003944437264372436,0.02881525410511987,0.04665548662056174,0.03251085925910413,0.032457985688854274,0.012330671752326161,0.01857389323433134,0.0062590972897300645,0.01823554278651729,0.0021242477048442066,0.011383493622608043,0.04520930505146303
2022-07-14,0.013716795958542027,0.01393191276861705,0.04615144222528733,0.02907509307503986,0.022124775537130326,0.012922130431334056,0.02231644307694114,0.03229330956715781,0.03648339836778569,0.026576483479329394,0.010236819305905698,-0.0034427707922980444,-0.007876225137129378,0.0007510292271799557,0.004350811033277946
2022-07-15,0.025370820697779628,0.03193387003762971,0.017406778834384795,0.030544152680154424,0.0409937010808179,0.03155019449642649,-0.002023682508591085,0.00504828639319066,0.026723477242426297,-0.024369509995349925,-0.021980602005529648,-0.009326077524771326,0.03449577436983109,0.040961088678641566,-0.04058866749816803
2022-07-18,0.021507528040847657,0.003945255731922392,-0.018563435856383426,-0.01407857483420305,-0.004520228900652512,0.006350265480429496,0.020324302057004084,0.0242535613570245,0.002554240996760715,0.004721141025706199,0.004721141025706199,0.004721141025705977,0.030148377022567896,0.02179704969144791,0.009623029521600435
2022-07-19,0.05533790808307826,0.054648126385421936,0.04008753800933795,0.05464897740575858,0.0525467850129504,-0.006057667574783543,0.004569183469240956,0.021603725102695037,-0.010736077486821927,-0.00031502710675124224,0.013245374642557373,0.015605178129205921,-0.016744588928559012,-0.010494018429374252,-0.011581457003080331
2022-07-20,0.04796382888539852,0.04133678580918354,0.02944963831549474,0.040720853120219225,0.03222584487237312,0.009297334910098431,0.01475207217671115,0.010837730389156253,0.045326620544296814,0.049125635363128195,0.047379382673846226,0.0371857400095561,0.003636536090108944,0.030477370442282936,0.01775543685468195
2022-07-21,0.01364628405174173,0.018561959376609538,0.02735509614347076,0.015748765928136788,0.05413895370149624,0.00891352641232257,0.06368233937388013,0.024321198512739617,0.031204236901661186,-0.011215636943613938,-0.012040678328498533,-0.007692612646318708,0.0157532305850574,-0.0007390365140987898,0.030944686545237854
2022-07-22,-0.040498524797749735,-0.03282465675680113,-0.013858736926079862,-0.0208974515845729,-0.014771555006075632,0.004005365133471717,-0.015349936292632926,-0.005820965043279225,0.027970744491840005,0.023022191681420612,0.017557639420227478,0.003134212252198454,-0.0035213209199863593,-0.019896235233469062,0.02598108457215198
2022-07-25,-0.0170334799027263,-0.006356385565185252,-0.002927943432275759,-0.006589964366515599,0.00881609604500877,-0.0043156893143232455,-0.021516822006307446,-0.004400082296199148,-0.032998510903624045,0.00043300486937658533,-0.0009031965814961795,-0.024739014213514543,-0.00514308485632764,-0.001886453124101073,-0.02614608507616134
2022-07-26,-0.028841203257944592,-0.02615948014139391,-0.021402633584086228,-0.020693089981004276,-0.027459766007182695,-0.009906039514309573,-0.0110702141786847,-0.011533709361207123,-0.033413634262804304,-0.011968836229315771,-0.006208032600549029,-0.00025344085167844366,0.008987658865658776,0.004171496635153815,-0.015047426721725099
2022-07-27,0.07602946199572647,0.05360703454339255,0.02300431772597178,0.04600136926683307,0.04199023722135253,0.011012984340028176,-0.008940550086383725,0.013589852628049348,0.027090738189482044,0.0269402073734355,0.01879386967352037,0.007163037247123638,0.0012387817718937377,-0.005354498751721004,0.0032273447425865687
2022-07-28,0.010904735676728672,0.020596732135456763,-0.045430551645854966,0.01643148968258834,0.026602744322532956,4.670180903576515e-05,0.009443645997491368,0.033835189066173,0.0009525485124213251,0.010038134748803884,-0.004254008205448745,0.04851029752808911,0.005414728546023095,-0.002232522482685795,-0.01065267668825387
2022-07-29,0.009953528106588339,0.030544377742841133,-0.00949141621735583,0.007797745657937893,0.02448681653251783,0.014076394835375705,-0.00039855233138985646,-0.017777619732369243,-0.01273488618609353,0.01143420893547309,0.05439178602782491,0.009182957809938719,0.00019382864072525763,-0.006877599937094581,-0.006381505163325474
2022-08-01,0.015305953943403283,0.024452180890705,0.016337869419527973,0.00396295722994866,0.006458587173611807,-0.012694421462194905,0.013158963644955168,-0.004053899692324503,0.015768336098108238,0.020339342825311357,0.04463768141324098,0.03622996006690138,-0.007094767436057414,-0.013601741800066569,-0.012841931131157391
2022-08-02,0.00460940870922788,0.025935132960214657,-0.002713264937316162,-0.013251803539803597,-0.021707061444446674,-0.02918116212803934,-0.021265447633735834,-0.026245080473063953,-0.02162941160135967,-0.006288762129459169,0.00398157370025487,-0.00029336164420101785,0.003082162657063625,-0.009578755930612082,-0.0182948986633501
2022-08-03,0.01980982657236874,-0.012085855237907062,0.014486920755123478,0.03828945435052322,0.03228414504925681,0.02514680498655708,0.011152746177031325,0.024601833956730657,0.012262374853667879,-0.004043826643536308,-8.506196002255884e-05,-0.014694859789223802,-0.012438086084646804,0.004306524843517456,0.009066509911370035
2022-08-04,0.017043293153864214,0.05933334225205367,0.01240306861237106,0.018805390568487512,0.010294127668080355,-0.0011862120630602435,-0.002106081678156624,0.017103762527235222,-0.019970369681348132,0.02652581779352947,0.028551898302147327,0.0026023517713276156,0.008826045749389388,0.0055454420083853595,0.0017933745931735245
2022-08-05,-0.011761470533289353,-0.01539799872126335,-0.0052979917954993905,-0.01296583762162995,-0.01894781650078048,0.03166585505368724,0.04790593010599187,0.008826431411550706,0.061040303968533216,0.038158316809310255,0.0412287418609012,0.007776131985560042,0.004070448057724718,0.014368637270632423,0.02663394734755231
2022-08-08,-0.06298400537480253,-0.021894222629481264,-0.015977522509940667,-0.01632927461356115,-0.007898652277927298,-0.0075297610322566655,-0.01093617376441225,-0.0031781958815292333,-0.002931567317546402,-0.0011550210940405314,-0.01916550809704376,-0.014338830069050568,-0.011882884924472092,-0.02283050820695398,-0.01881247140710729
2022-08-09,-0.039734600889380745,-0.04526830012103189,-0.03585684364827846,-0.07576738567367303,-0.05524226321550474,-0.00575565010703305,-0.022973930651428387,-0.00412781122154926,0.0002490201310316742,-0.08101835891112052,-0.02951088716268291,-0.006195432300333037,-0.010339552509578742,-0.00964048632746961,-0.03082196279386018
2022-08-10,0.05917083016719449,0.03673856083938998,0.03143641414308851,0.05408388276393872,0.046090458222041164,-0.020499388941406682,-0.038339025767088586,-0.008883660611425759,-0.024045941525497105,-0.028596299196622543,-0.03810481031062296,-0.010980275321499477,-0.021425869167640443,-0.04099766673684513,-0.048717726741822176
2022-08-11,-0.00856452519403983,-0.009389200166806777,0.005714742310314103,0.00456923304004464,-0.006430572918336153,0.032042024718638595,0.006937549511988772,0.032780359431360706,0.04179564799116697,0.017744444752052946,0.017744444752052946,0.017744444752052946,0.022025039114213607,0.02485195735901824,0.02057338129723818
2022-08-12,0.042748751925377304,0.027619231640992448,0.02340508090085347,0.0459586280870008,0.024092974998541017,0.00453014956520259,0.019569449904119463,-0.0012988742431805367,0.004923587394048967,0.04397113735528535,0.03812713558603842,0.021033234146838664,-0.002782121164545126,-0.007751586069694061,0.012014327482934961
2022-08-15,0.01726452005014112,0.0017851859754736132,0.005552427133328264,-0.005436100595298754,-0.0017712684570483361,0.011818250470435165,0.03238101040329333,0.011385981277312496,0.021886626166569112,0.004887621913553186,-0.0010235121644963652,0.014686725259332123,0.004187824579620525,0.004187824579620525,0.004187824579620525
2022-08-16,-0.0080391703778534,-0.008019059210550683,-0.013803873023614632,-0.01175049280686613,-0.014366563176684055,0.0024950900232951767,-0.001324082020055184,0.0008828292609726063,0.026921413374796588,-0.00576335995150612,-9.569883719395822e-05,-0.003995565474774643,0.0041837933353090495,0.02712811851355479,0.006498792149238097
2022-08-17,-0.028815436018171825,-0.019261480678215093,-0.0099982202864064,-0.02295159645958822,-0.01658770196257009,0.005113479274819532,-0.002955809282720434,0.00019519826565206344,-0.010504000615893294,-0.011435000749116075,0.003303123115301787,-0.007601573516249127,-0.008189410100285066,0.005806373631557449,-0.0060422705668097265
2022-08-18,0.023889238058402595,0.022082078685945916,0.019188211472537686,0.02141522159307918,0.007213357610744486,-0.013015856875298604,-0.0011522286341303367,-0.012978056887677947,0.0062363146364061706,-0.012896356753568039,-0.024750938829320446,-0.025526297404883658,0.015245807081213814,-0.01728897803039864,-0.002912890778804411
2022-08-19,-0.049219825678130436,-0.04470335906038436,-0.024970402067025388,-0.033619825124111324,-0.02857630307071002,-0.003188304657191665,-0.014072051855787082,0.005435187098204786,0.01452238184174992,0.008448643225097863,-0.002704926564987664,-0.004541552744349087,-0.018771215889590964,-0.001856045083549418,-0.028307337654738474
2022-08-22,-0.045660572682132416,-0.032412722347757605,-0.04058277980883285,-0.03650951695755855,-0.04619830465233865,-0.017692159160797583,-0.027251875991071817,-0.017538706652736158,-0.02363438088997405,-0.028655166208725436,-0.018529184721780334,-0.019682502419514525,-0.02064584878383513,-0.018329677757463303,-0.033458765390030454
2022-08-23,0.008629737321589559,-0.0037699104688380114,-0.006284761969207353,0.011109987997110382,0.010921864134306958,-0.016595324972383918,-0.002461327079051223,-0.025736053906908474,-0.027745099322551203,-0.011523348117394194,-0.00846167405840359,-0.011234955597840601,-0.021232606831157685,-0.023027764056817945,-0.018445397065462665
2022-08-24,0.0023864368725068363,0.002594934573547869,0.004192971502997134,-0.001868704168832891,-0.0005898094185805558,-0.0032512059356626377,-0.014566179144495872,-0.005882612920325547,-0.004323658335443126,-0.016028707734491054,-0.0001286210011850475,-0.00026894572663460625,0.0014988586232891343,-0.001090930162207293,-0.005060499610820557
2022-08-25,0.04012263851854048,0.047988749996194846,0.034958311288739274,0.03468656592384778,0.027215409225725296,0.00877001654123144,0.003333912782045312,0.0011588451888551177,0.023352729341507228,0.009611896535665077,-0.00011466292452855242,-0.0019480493546305544,0.01116975671426923,0.008963451471282413,0.01175292382916604
2022-08-26,-0.09227926931665098,-0.06174109879767553,-0.05381183237067266,-0.05904747105896979,-0.055211916433595576,0.008441827878172825,0.012510101793012707,0.013301686028567294,-0.0014339958742508596,0.02616407806267773,0.01717694369987477,0.00824759298883282,0.009212588160706137,0.014837975179118779,0.008281974733109765
2022-08-29,-0.028228770278507453,-0.029502110467239717,-0.009394300147661294,-0.022874715535109336,-0.01972777891406219,-0.029357582955717332,-0.03983115192940612,-0.03839079969411907,-0.06089314648540012,-0.057617657489675844,-0.04853366041523943,-0.03854910776565923,-0.028241417903696386,-0.032227834473993355,-0.05375887916282429
2022-08-30,-0.02107444154198912,-0.017516052206821175,-0.01947783101951539,-0.020923871037558328,-0.013723336888089355,-0.007865426478577797,0.0032431382675071063,-0.0005021937925653308,0.02042275517834291,0.008648370160459828,-0.00033100913409667143,-0.004442901265218402,2.0354472528794076e-05,0.004160906611249349,0.0180056723100277
2022-08-31,-0.024179166213033176,-0.023809519630728193,-0.010399305739279274,-0.004760697149166382,-0.006247098048719479,0.015847124638842747,0.012929150856010985,0.007177812556318219,0.006022888377486213,-0.003026509583666681,-0.009660195261050442,-0.011596622567318082,0.011952311158584195,0.018085111573983514,0.009260216899040996
2022-09-01,-0.07665275684131789,-0.029928135187077487,-0.017767042669906696,-0.024024893444447026,-0.04086217404333847,-0.025382811458130705,-0.02515476788456561,-0.014195847345069179,-0.026509058179442935,-0.03741400831185926,-0.04387322394258131,-0.017464749093336396,-0.015996411067208727,-0.02367755052656173,-0.023309340857182392
2022-09-02,-0.02080801725502779,-0.025385690766459024,-0.01108373200273538,-0.0062085275934893325,-0.005809573670094603,-0.018188357153504975,-0.04995942097290629,-0.02125640715734467,-0.018636972355249193,-0.008865476736905187,-0.012077739421962663,-0.007148363760505538,-0.02474025797914936,-0.016979374592877572,0.007456728171483462
2022-09-05,0.0,0.0,0.0,0.0,0.0,-5.9254815389819804e-05,0.01558761904472461,-0.006943255598972908,-0.02995466913342537,-0.002186961797868703,-0.004196827833605643,0.008588820210149173,-0.011631745030902363,-0.011220235601177797,-0.0214356022450648
2022-09-06,-0.013336245085543208,-0.01894312915669616,-0.014087655363403284,-0.010411874216682326,0.005843522041889759,0.003779251914813875,-0.005541126748504377,-0.0011667093620664204,-0.004581196360275097,0.003460995263448785,0.013534607211693528,-0.0014403903543469543,-0.00022033089433548536,0.007461863201295049,0.02541508941952153
2022-09-07,0.018795087765695495,0.011305886380174046,0.015236534981250216,0.018274346700012378,0.014385441811421096,-0.03727812281686993,-0.01949922231095269,-0.030260651287774,-0.030110786605962003,-0.04542814530961525,-0.03806871343550278,-0.03351870062746065,-0.030864372926784123,-0.02689786335644151,-0.0035931511765094903
2022-09-08,0.02012528218991272,0.03981909489563695,0.001943906257175776,0.02012186612455258,0.01273387830566608,0.003691026994393276,0.004860124369517882,0.022061471294844148,0.03925241536575741,0.014735028379907256,0.005029743220994698,0.017764371573090187,-0.004397576035013784,0.0027649704912302564,0.006908746515099873
2022-09-09,0.028377518239306676,0.03225414602945209,0.024835035257787075,0.029000978254697385,0.037804167194396276,-0.0003532390381860706,-0.0003532390381859596,-0.00035323903818618163,-0.0003532390381860706,0.013219724626776008,0.012354367521957066,0.0061723591514686316,-0.006283399426066483,-0.006283399426066594,-0.006283399426066594
2022-09-12,0.008201920257298045,-0.009479199385862724,0.0071943788981923,-0.0021759845321286386,0.007844352848749514,0.024499187288209656,0.006704433594175496,0.01124721966856379,0.023214200503259397,0.021056061157360695,0.029690692378584682,0.025088045231997924,0.002856975939298456,0.002856975939298678,0.002856975939298456
2022-09-13,-0.09472597738582589,-0.08991021579901237,-0.060676913501115926,-0.06137085762436467,-0.06699930969708712,0.012277945994419337,-0.002661791344854336,0.03383401672051556,-0.010663451984531114,0.010434402670476572,0.015268156934006516,0.004564304700992672,0.04743242975162021,0.05114984196376082,0.03948675378261157
2022-09-14,-0.00022842274133472174,0.005452397450357971,0.020811926671411296,0.002765957169047484,0.014858795406295533,-0.03374361969888251,-0.025013030807552128,-0.044544737091187,-0.026823814727380824,-0.049033717171244384,-0.053225447213895105,-0.04641173936568632,-0.03476495664002477,-0.03142001420879159,-0.04401706774323044
2022-09-15,-0.015158558764719499,-0.010200042830998957,-0.01999547402986268,-0.018976142343980595,-0.026040577126604902,2.5580302796202048e-05,0.0032282975231749944,0.007655304849808475,-0.009406901078336749,0.021832582943735357,-0.00014863270429221753,0.008492932011902266,-0.012461694928679212,-0.009124654885614869,0.026276626168440176
2022-09-16,0.020805974673402172,-0.001956711697276514,-0.00024011534537593526,-0.0005622303638722626,0.0034360834561102394,-0.014297993379217333,-0.030747051882191512,-0.00011627582812845372,-0.04470445518783728,-0.04621433346007198,-0.03583334811162331,-0.020945577942310112,-0.0017742685703341365,-0.013975704905797137,-0.005326606140198975
2022-09-19,0.01394141168840246,0.003398176703393707,0.013605457038059043,0.009564355203370623,0.008261022865860834,-0.01182743322136215,0.005410704026380886,0.007115227776234745,-0.0024034757830219133,0.004202753518584901,0.004202753518584901,0.004202753518585123,0.013266729295777768,-0.0036117149679658622,0.050060542636745975
2022-09-20,-0.015393759206192015,-0.019799357946223006,-0.014844071351756027,-0.017833143122492734,-0.01942213353877742,0.018355357694735064,-0.00029511223761302663,0.01107567684323052,0.0038349042246144105,-3.0301688768830104e-05,0.0035738767197939225,-0.004452209709504773,-0.014111565746547372,-0.025654793545234478,0.0003220898660107885
2022-09-21,0.0064509615672423415,-0.01023251352912169,-0.0012020671418009332,-0.011688699275445469,-0.015239380960112348,-0.01207884762279332,-0.0005424614053896049,-0.0063940082989752955,-0.027025773760584015,-0.01843563973835627,-0.010715018552915234,-0.013005493681615188,-0.010668446994582137,-0.001723523994248688,-0.028497141614987176
2022-09-22,-0.052786165546898633,-0.06686362959823888,-0.0075429360799539324,-0.023538801789103614,-0.030511002582122027,-0.017281068220272422,-0.026588298968451052,-0.007050649810883325,-0.017680452619879272,-0.004454628117808723,-0.004947402132800538,-0.01381477881741211,-0.01982956305855721,-0.026258692363700487,0.00030926014689902637
2022-09-23,-0.0035825078375911756,-0.02215828655435026,-0.02013263160584,-0.008819439510733829,-0.011110077850253641,-0.023194616338568452,-0.02136007650898919,-0.009872043036693312,-0.023150799573564695,0.014309780017335072,0.014309780017335072,0.014309780017335072,-0.0025154366206313616,-0.03328919751599824,0.007367756644438783
2022-09-26,-0.023010592219757875,-0.024426074971712564,-0.011964741490722797,-0.01601611476478082,-0.012220783319839112,-0.026481697104305257,-0.02676357485695091,-0.0398360835844469,-0.07116769157995495,-0.050531004050212824,-0.04769515177799788,-0.05633412913731495,-0.02363409380370529,-0.024588640478406365,-0.08164215779479855
2022-09-27,0.015129250276938455,0.013122097694449941,0.005010943348183083,0.014588962442422915,0.005756704260853285,0.0023507382921954534,-0.002761274657942736,-0.003463088687513438,-0.011466265663317765,-0.015033469153742485,-0.0009338135947103421,-0.002540476878178488,-3.241491657957063e-05,-0.011594087824740917,-0.009710889558225744
2022-09-28,0.026021145743710505,0.017716279199727847,-0.011716845534457065,0.02198450740316016,0.01832481058829849,-0.01775321471068625,-0.036009630904341616,-0.03125303252611089,-0.03785342318052631,-0.015394123801925175,-0.015665279208494365,-0.014016271994658824,-0.02158332532375884,-0.007319049496072538,-0.03528857164846988
2022-09-29,-0.040515101586355406,-0.06173202432745595,-0.03439005708237586,-0.018372183136212028,-0.030482868762545023,-0.00672378397897877,-0.003543948013942755,0.009078842449525615,-0.006780548290678423,0.002489553261961097,-0.0001381606470671759,0.01068543185088977,0.0041954503062089366,0.0017913281548174176,-0.018773943036795582
2022-09-30,-0.006628522809342119,-0.012160879119415102,-0.016196309685726273,-0.029495289936205427,-0.029057202404617177,-0.028643180435480975,0.01603211909936353,0.01650889963537927,0.020776677996682702,-0.035355592217678256,-0.03201315208914046,-0.018381449545362583,0.0037036346728331893,0.02255399547525494,-0.04551771001503779
2022-10-03,0.030727516076549444,0.04340277735967568,0.037528834247490206,0.05272802202128313,0.03931638853544772,-0.017207997573388534,-0.010838959858148312,-0.042673957776114824,-0.025776773554699872,0.04315769260663993,0.044975608272949996,0.04049250472111554,-0.0062949887414703865,-0.0062949887414704975,-0.0062949887414703865
2022-10-04,0.05234952568963025,0.027076098910927326,0.04393432766940708,0.036637584281940416,0.07744153886131389,0.029401656616689475,0.04625524607754983,0.03564803002826933,0.04938335641444436,0.028891064900732788,0.020611649610269067,0.01646591544969489,0.043819917362510674,0.04156710331187097,0.1296229903744739
2022-10-05,0.003189900697805337,0.0005891150902566089,0.020593259235075045,-0.0021250306740153713,0.008987142242372403,0.042402568103124594,0.05052135736724206,0.031368146463551794,0.026275722357858466,-0.0014630004921983852,0.013525198417418505,0.0302759649627673,0.026531473989307885,0.05412599278419905,-0.00895333445190194
2022-10-06,-0.005980624906515408,-0.0013247566095214713,0.003122755575313274,-0.012329064375248389,-0.015235749732007253,0.016842759609035918,-0.01678464949018099,0.014340532111177584,0.013752542863348927,0.022857116038881076,0.024409859774472187,0.00021953402178853665,0.00519411756096555,0.0009510058439226032,0.05024957382609929
2022-10-07,-0.08027433760002167,-0.13868828384721643,-0.03488190983655859,-0.06264186154304474,-0.06032815772761302,-0.029302032454657012,-0.03624900443214629,-0.010148575711599994,-0.037796059417372185,-0.011955992906491408,-0.014805802555410308,-0.01458812304947743,0.004113308897137236,0.02044604559209695,-0.014217867875310097
2022-10-10,-0.03362045924330348,-0.0107802407293357,-0.052187456793677534,-0.041283183902200205,-0.028485142772086025,-0.005424013200770017,-0.005424013200769906,-0.005424013200769684,-0.005424013200769906,-0.003045003370984012,-0.003045003370984012,-0.003045003370984012,-0.005317892484879794,-0.005317892484879794,-0.005317892484879683
2022-10-11,-0.007197859724217381,-0.0031136533627370566,-0.03987781604848095,-0.03649464344289899,-0.052928610259986186,-0.08569189634524543,-0.025482002567543294,-0.09258464854147652,-0.09191461171588944,-0.056100174586361296,-0.050299546346232016,-0.028457827366010324,-0.02277184892364259,-0.019530302652279397,-0.032938008097249116
2022-10-12,-0.0074227156577933995,0.0038174111040851777,-0.012632957130158773,-0.0038008096928895396,-0.003078322033039149,-0.01097375998831085,-0.008247094005602973,-0.01976874302277354,0.009247218612912,-0.045153974127227214,-0.029958548103607208,-0.01695286181618727,0.005495428001843994,0.04034400171316799,-0.0017123798983611493
2022-10-13,0.03999989371270818,0.018841835459606715,0.038843875904256864,0.04486250535855385,0.01774911572725557,-0.004691096027240382,-0.007513952794194645,-0.009338331432086178,-0.028964106322721617,0.013072476171588354,0.0043549491879439906,-0.0018784794131642135,-0.005958751218971381,0.014466721114485548,-0.03719791613401868
2022-10-14,-0.06128758060972117,-0.050899220731242645,-0.025784212633636838,-0.057919948999508586,-0.06480026499705471,0.04060134780291991,0.07285558168501205,0.04451547598145256,0.055998109790531325,0.021298093125357243,0.022403382382184533,0.016337333238800822,0.015363695974656588,0.001819660137639234,0.0563872935547296
2022-10-17,0.0588759239751484,0.036110127053153196,0.014915937795541012,-0.005479634686815116,0.03452641636807385,-0.0398262944602209,-0.015471337736136959,0.0017103506126903145,-0.007782037395598351,-0.007387053881545369,-0.016057077571290823,-0.03777099633369885,-0.001970170811093741,-0.010378722170588328,0.00499604033975265
2022-10-18,0.006645676739593265,-0.0006901469316630271,-0.003405253143534348,0.011019653046701716,0.017260865081616394,0.02435548351522243,0.016474177665313006,-0.0021241563532056196,-0.005076953297343367,0.011309915936725812,0.012018413975508846,0.019414195044036076,0.005638892489090219,0.013768179652134727,-0.004866824316883456
2022-10-19,0.00701905915306078,-0.011912960091889913,0.014746716323948972,0.026984192879847324,0.06273356655447726,-0.029135809719302297,-0.01959628751836462,-0.01666006197478065,-0.022314796230018752,0.007525166417958085,0.006865909268265469,0.006370660341123324,-0.008834081399211047,-0.02678043631629301,-0.03357039726530908
2022-10-20,0.011866076601123599,0.00943562676649723,-0.007709108138098886,0.01812062659899416,0.031248275068441966,0.0008367615488600322,-0.016279681503087007,0.010425702939087733,-0.008560111980789653,-0.02688793175263271,-0.02361260401371279,-0.018865863290851936,-0.012300555985301664,-0.035822776083332286,-0.04515546689308525
2022-10-21,0.022306199518246084,0.018175510277660623,0.033577149809961515,0.04780087090874563,0.057081605169313265,-0.018354914723705318,-0.0034653927474491697,0.005761691491602106,-0.004068477367002887,0.043576372437436284,0.016163664274496226,-0.007707634086203341,0.010517039029039443,0.006622805537819687,0.003285966664106299
2022-10-24,0.010669098535899257,-0.0020401042588805707,0.005529812101451537,0.030574859589263648,0.023235088647563185,-0.009073724254427762,0.034265602312939514,0.015627083382227624,0.0017405999224031632,0.03632227591350645,0.04729267142372606,0.03919807183850277,0.03020700153993139,0.01592720965971628,0.06385861950101734
2022-10-25,0.052543526615601355,0.04718910428894785,0.023972983670669024,0.030492146534791376,0.02757054077917287,-0.0452391756492605,-0.04640776711655603,-0.0091904844713121,-0.018688210766487523,0.00017911558838146213,0.003633042090477989,-0.005539883187142269,-0.00753657403228436,0.007338386346442682,0.017990546607747016
2022-10-26,-0.02752410842032804,-0.028306517714542734,-0.008894630848352514,0.006968945501659718,-0.003950721563768633,0.01612809674075022,0.03110916506104555,-0.0025725385203615447,0.020546339399751146,-0.0007569078198084167,0.0034209334872066233,0.02166404914165576,0.04174906528089939,0.016263942371777196,-0.008633137624255549
2022-10-27,0.021712101251658122,-0.018918484459658935,-0.028871560553744402,-0.018152909788644145,-0.019996264873806124,0.033737513297418475,0.025676770736083654,0.031863173578684956,0.045168298868708545,0.023228998243975063,0.027664621070107254,0.00902853794501235,0.011780618632102335,-0.031872187276227315,0.010080139942464816
2022-10-28,0.049939400387434496,0.05819112519120684,0.03931999808460729,0.03674598374024529,0.031133391875673322,-0.018025211659908225,-0.043145006651864826,0.02284969351248889,-0.013770973837515466,-0.016350317042600704,0.022956080011744318,-0.0038763707214607424,-0.04237075551454694,-0.07852549578711288,-0.04273826128294522
2022-10-31,-0.024360454376902263,-0.031446492517724245,-0.01300208446622686,-0.015938341525142508,-0.034261447012995605,0.025396010466572694,0.04193917757065191,-0.005920029417968431,0.022021227543359112,0.0025425247645152194,0.010157960670384103,0.0015177854984389505,0.03592003380985864,-0.00909083800259669,0.01652581513316198
2022-11-01,0.0034083542956484525,-0.00666003191363207,-0.002804746387894297,0.0169895821239614,0.006265723403064971,-0.0003158007073754687,0.011044741291385662,-0.009100656612398006,-0.0013681325607439732,-0.0009344118809365698,-0.004954650610927813,-0.0007833392833640485,0.007959837092374578,0.012359870385917793,0.0021084536356628103
2022-11-02,-0.02392381810864097,-0.01726447840984291,-0.04116601970748057,-0.02260844317342825,-0.06110905360960972,0.012825035148996244,0.0038506781881826324,0.0038506781881826324,0.01222767430712679,-0.015465765687795563,-0.008497544243030952,-0.001521800775324711,-0.0010078858335355045,0.012888924609470553,-0.011276971692887994
2022-11-03,0.015281109391666936,0.02524304136574873,-0.07662219743907661,-0.016636277231606544,-0.011393532955769725,-0.03157126262743615,-0.002166513912514878,-0.010055870225010866,0.02227671679087706,0.0001554850524905227,0.00015548505249030065,0.0001554850524905227,-0.011248276352272546,-0.025772147230331055,-0.0045674935784632
2022-11-04,0.05476469830680686,0.03460319406483636,0.027050458931100918,0.0625724294952732,0.06555754028865013,-0.002191279806142421,-0.001982638626479627,0.015649582993104705,0.023255124241960523,-0.026964895891268825,-0.026493833838847403,-0.007230451669861471,0.002990721984643896,0.021370825225382584,-0.008966812522994694
2022-11-07,0.010243047837789065,0.014311034314181015,0.0318679814089422,0.03642303317096429,0.031209966489516683,0.02575997449408196,0.04342677109338533,0.05464283750477539,0.012661312635156019,0.04891491411547633,0.03590020259234916,0.03182038921013253,0.029037419461400704,0.039394767694625354,0.032944775313455965
2022-11-08,0.021047544859303935,0.012206668051923497,0.022254538842620075,0.02546289475139285,0.041788285955790094,0.027863124595750355,0.004678184177773881,0.0034892737477421054,0.027004413469406963,0.03453232854163346,0.031124933236656327,0.012903635139109415,0.033514450798449946,0.0207233043841466,0.03246106748139166
2022-11-09,-0.05656762639822566,-0.06155051525598143,-0.018748846512327333,-0.03160281703533252,-0.028058599300184506,0.047091841734048456,0.05037238874000027,0.03038341488185714,0.030079976065640945,0.025515392263661063,0.03185260357007502,0.02748357911638788,0.01677914679081205,0.0308338689832921,0.017704457353236336
2022-11-10,0.14329259860400456,0.14269030896247625,0.09281893637564154,0.11029895270157342,0.14573216292580926,-0.026523711477509204,0.011496513024436661,-0.007272301977700901,0.05068766117137269,-0.01658538586429792,-0.007466112430328242,-0.02184546946699506,-0.023247542861664194,0.001502624583181733,-0.018088689303541683
2022-11-11,0.036635045613887085,0.0569592734971307,0.006214786889720214,0.054776111436381614,0.027906647497124792,0.10103167135425961,0.07783126979464705,0.062060020740287936,0.1025254756947307,0.11854604281269787,0.1250082361747491,0.09929143639288096,0.05773655178025794,0.06585385277948475,0.05426706637694445
2022-11-14,-0.0019597980544728832,0.01602868576331007,-0.005188202092201499,-0.026418095711229328,0.0023944111953924097,0.017826374768040276,0.00549333701144783,0.024342782190445833,0.017504451660133702,0.03920523144077537,0.01334863275829834,0.03201429873556494,0.011338158466666082,-0.0009004706535372664,0.04856407206349478
2022-11-15,0.022767702997836592,0.038623745606327864,0.043211938373874714,0.02648453640730053,0.034006842785301084,0.08590110903093007,0.04282967091091905,0.018797079308031428,0.0838267928882015,0.0014734678107450883,0.021756903935293836,-0.0031485016188192994,-0.00033526125589666833,-0.0007089023063517885,0.031162808520021068
2022-11-16,-0.04536190536653273,-0.04805559337896048,-0.04197757079424824,-0.056491134036683155,-0.03476309378467002,0.008380572681381704,0.003522524266860616,0.0024545726826674663,-0.014080595509486704,0.024840842121440332,0.020436776229441067,0.028632961164605897,0.010777310044612687,0.004842915316877194,0.01364946055128824
2022-11-17,-0.0146448618891174,0.01650625348018986,0.01764284885268874,0.002207113108885661,0.021380416335469832,-0.002694738589755108,-0.0040768412771731155,0.0003478413750970244,-0.016789827808664115,-0.03201274481838734,-0.03390116615894023,-0.02258452833971214,-0.03551316450360531,-0.055995751725431364,-0.033817040038824575
2022-11-18,-0.017095329054963138,-0.004465518595951901,0.008057908411100545,0.0023934809108618893,0.007011460337545294,0.004447282245465312,-0.00381704425508389,0.015300442207593079,-0.020260381096532387,-0.01745818141439992,-0.0022134266436465433,-0.015206017047501352,0.001777303779729289,0.0032376061656760324,0.0030087990079816773
2022-11-21,-0.005970373092543557,-0.015087679964060907,-0.0294712510256101,0.004202540007606892,-0.02169748643443814,-0.013012255652449012,-0.005536241082938487,-0.010129645508062057,-0.004869000646888444,0.00472601413489615,0.015610435298434977,0.015685007562981523,-0.0037123915264708485,-0.02104358385460947,0.01049177369198917
2022-11-22,0.047071868119741955,0.03850401532954484,0.02870234981483022,0.01807119567144877,0.027434756724576514,0.01802765470583889,-0.010348885898260218,0.005732524787377402,0.0025231029630079504,-0.012101724670712688,-0.027053205901276023,-0.01043877808616489,-0.0280688341926556,-0.027790202304859957,-0.04154850220934192
2022-11-23,0.0299912390790662,0.015282412304038706,0.012131021886506277,0.008334663575213952,0.012814007987394849,0.0028031023892207685,-0.010463627875332504,0.011321731528253665,-0.02128742675407236,0.006680659069864037,0.006680659069864037,0.006680659069864259,0.011854203193875756,0.005219273373475719,0.013103333324808286
2022-11-24,0.0,0.0,0.0,0.0,0.0,0.009022262540809178,0.033537656831108764,0.007153479711208277,0.04061965016880653,0.04945399101693404,0.05969745891104372,0.0291176784114191,0.018514376619325423,0.032068878902753006,0.03550261143182154
2022-11-25,-0.015073581651197543,-0.016492174228604828,-0.013583843816100227,-0.017182127578561857,-0.019888936344876873,0.009446416170080685,0.0040115645385054854,0.002263626863579171,-0.003945588646765086,-0.0029297923494627787,-0.0047510992325244805,0.00684979779533057,0.007747964487193171,-0.006654600140709621,0.002785690652903794
2022-11-28,-0.027228038897550544,-0.025951516689935228,-0.03167275466892017,-0.02220752025924233,-0.014361867307014275,-0.035623982138168864,-0.03349689195527972,-0.016102021261212962,-0.017159368996880975,-0.019162512865553705,-0.008924301359315212,-0.011410136956620187,-0.027060704596260643,-0.03569908503543695,-0.02008732763411314
2022-11-29,-0.011878489523126978,0.002732571957519747,-0.00970381555491806,-0.002126014380992025,-0.007748524048355909,0.010990839164803035,0.011686378346126958,0.005932707457540598,-0.017296199661246403,-0.008099772201832778,-0.013496632988292845,-0.005486511559257834,0.004136151258227194,0.0030415504597809395,0.0498895938432975
2022-11-30,0.08237927333374784,0.057773510001794204,0.07532096039402147,0.061501129383629616,0.05061997170295962,0.008114277111238355,0.030047139670190237,0.020846685781803487,0.012715725682712398,0.006059902408775297,0.002007551991026313,0.0029521606298164027,0.03782541314033283,0.026833164719091362,-0.0037406276548357376
2022-12-01,0.012527569136647765,-0.0019321641348862828,0.002529848843919602,-0.023631365223607648,0.005163834032634762,0.02290003194194279,0.016432089685498585,0.04993869430660758,0.03968671313522121,0.050637479427114496,0.054344090663866584,0.026187263182937626,0.042266823754323335,0.03195213163729882,0.03174284410792616
2022-12-02,-0.015115654799990108,-0.032266389928805816,-0.0090687362712506,-0.002803711245096152,-0.009079839203580908,-0.005892637566714987,0.003502317101584884,0.0012614314469356902,0.01242944087260378,0.012877471123576845,0.018477819610689394,-0.002729293624924023,-0.05250467229734512,-0.05045637520839874,-0.03270497913767578
2022-12-05,-0.015761739334087976,-0.018138177506840547,-0.018780814880543395,-0.0026238407533552,-0.00812271944196108,-0.005487498898938736,0.0016307212417290273,0.0016307212417290273,-0.00553840941159911,-0.00874201487338322,-0.00655673449571248,-0.0030138765904293985,0.0014793886833610603,-0.007883080967951317,0.006954610106369108
2022-12-06,-0.03750751214703252,-0.04550402035500001,-0.028548242077509833,-0.01616088133664595,-0.012883186075712483,-0.023294417784221477,-0.019747043597211245,-0.013678800065641483,-0.01934040285689942,-0.005684649499270722,-0.0065489225307472365,-0.0193290149942289,-0.022155831563166695,-0.003986561475149308,-0.041714282720445306
2022-12-07,0.008319402571875134,-0.0018499681176631366,-0.013107248006976158,0.013370234208436305,0.013995549927533713,-0.008562992367993516,-0.014686618544462848,-0.00930630041997027,-0.03266151877763246,-0.03942936596753821,-0.016374894345482116,-0.017564696920154832,-0.016632424655635747,-0.03724825931986664,-0.023297573861860266
2022-12-08,0.06507438749723882,0.004704902109015308,0.029946664836610015,0.023560536814531297,0.009212761723811358,-0.007481852355747165,-0.015475557796609807,-0.020313861180870973,0.004214213506437359,-0.0057025984490871595,-0.0016415189308276457,-0.002776296806227929,0.009384214491027665,0.0029962107224952295,-0.007734247767191671
2022-12-09,-0.009785016992301943,-0.026678087842294196,-0.022176549899802667,-0.011693287479854209,-0.015142953011937688,0.027041786995591233,0.03994865364543276,0.03163217420133391,0.0035444223719851564,0.027523624549477654,0.056011664304238096,0.012741052680061982,0.01830980872366461,0.03227649832031565,0.03832360564920401
2022-12-12,0.031409724095594616,0.030325148594674056,0.018143547192029263,0.018912109553635537,0.020562072580242674,-0.020914132399251217,-0.030660440397174193,-0.02148086701868679,-0.012875361268235408,-0.010556558109166336,-0.007796798112447156,-0.005080548754201386,-0.004725997472277865,0.005370076213175423,-0.013167348127470446
2022-12-13,0.03062458819697822,0.013867318272610785,0.018810320481419174,0.022858188819768532,0.029967964246323753,-0.006925183346258024,-0.0037688076428722406,-0.017910173664428708,-0.012588480603985985,-0.004880927469342544,-0.005759775716748461,0.0035431643894550113,0.0012484850871767872,0.012659449551798874,0.005814067376699095
2022-12-14,-0.02202305221815315,-0.037962333046436925,-0.014414094455701298,-0.019933994362456908,-0.019752626528563355,0.02171883329559976,0.015308241477233864,0.02028033571840382,0.03787602720502137,0.03341863635370701,0.025532705205454587,0.04471489432844766,0.026718583134946794,0.006986940203369318,0.04106337950057659
2022-12-15,-0.040851190066568344,-0.03481795321707981,-0.041656489101727256,-0.04633345797260957,-0.04793308741959157,0.009606324220662765,-0.04790104298591691,0.005876703772407232,0.005961645743052024,-0.0052023764497274305,-0.006334988125686225,-0.0010734408380151939,-0.024903244398297497,-0.024629689739119387,-0.012794284190978389
2022-12-16,-0.022475096752102908,-0.016834437663269974,-0.01808992032444101,0.0016259796482347433,-0.020499701172566942,-0.030133466723729074,-0.0410821437693355,-0.030722415001395276,-0.04414665795377681,-0.0613948466132237,-0.04839900353213422,-0.03379265490835892,-0.012945027943472076,-0.03834201136504212,-0.020061187844095163
2022-12-19,-0.019129793941986106,-0.01253642070492289,-0.01676405558441707,-0.007065920617588595,-0.009942409097302152,-0.008292264905514601,-0.004794592446581758,-0.002889352626070485,0.0012739294904327014,-0.007660390075553636,-0.007042398339993428,-0.00379819129354364,0.006295547519669764,0.013996715826718908,0.0023952226031771495
2022-12-20,-0.01039740888831564,0.007121949836639496,-0.004528952120180896,-0.004711861201399659,-0.00958492358506724,-0.019767234116372934,-0.015720384400236043,-0.024480755942319576,-0.026815955475304354,-0.03740653115796433,-0.03197885371929243,-0.020462290536330863,-0.009427157861165103,-0.0031255712385118706,-0.017695025463939862
2022-12-21,0.02586249773422855,0.04043039400513759,0.02221239560306776,0.02318837722607192,0.03160750506760035,0.005293445809487762,0.014416986002655063,0.021298264004799172,-0.0025104906741024724,0.023206593453282798,0.023868685187242056,0.03193787784948032,0.0034010225796425875,0.00989699913273756,0.009742073800827367
2022-12-22,-0.07041981190804703,-0.05644207561464931,-0.03412159789820979,-0.07837592330810705,-0.04304938563122651,0.021103235050090152,0.012185722498313067,0.022483847555161196,0.013942620522627402,-0.010177344586976611,-0.012487590520894987,0.0014273976016945245,0.021248786365509975,0.01765998439972427,0.014267747665012154
2022-12-23,-0.008670732850385332,0.01033504582534972,0.0014456486029035265,-0.003893372679010465,-0.008238280952981958,-0.02970690544249699,-0.0034940571572370516,-0.03788416488743951,-0.027660359410727753,-0.03676049936140291,-0.04485005334744441,-0.012628777600495411,-0.024105766922486782,-0.0248565615217764,-0.04262199875052741
2022-12-26,0.0,0.0,0.0,0.0,0.0,0.0031303458930460604,-0.013800114620403314,0.0019659444232245082,0.005573672175529731,0.01886083387588533,0.008465548159270142,0.011678364807425679,0.0050957809776912555,-0.0018033930482258542,0.004434131108646655
2022-12-27,-0.07135336618147847,-0.019373779453490836,-0.012450358332106726,-0.01933775867237897,-0.025735810108816537,0.001945888818840169,0.00853658941215829,0.00617333294322675,0.00541975061245914,-0.009539212669529618,-0.011434436741258547,-0.01752783179995232,0.006688496571041647,0.003223189271544191,0.011480073640344202
2022-12-28,-0.006019537790199481,-0.011063707252645605,-0.022748118509056114,-0.011642475370594485,-0.01031329011388804,-0.013228690051397929,-0.027537055136528488,-0.010681873733214609,-0.02737081955089926,-0.015184153597490702,-0.008918917468034304,-0.011090336603863493,-0.01753057124425461,-0.006906744359668204,-0.010235883814147306
2022-12-29,0.04039627002527091,0.035959725283267296,0.026829973132376672,0.03088192073037943,0.03729976294806403,-0.011276370073842634,-0.014296055342527647,0.0030159215706064835,0.005647853859022112,-0.008651135208214256,-0.00761611214056046,-0.020652013569925853,-0.024532400956933098,-0.014737623221122154,-0.03516040299606382
2022-12-30,0.0007531928157917811,-0.000771413946208388,0.0009103746416887493,0.002470722827199179,-0.009193851433174305,0.007175429806777656,-0.004807885742268314,0.0026290209335881887,-0.005418082385386658,0.002480896173453928,0.013190444703860216,0.006240763634068447,0.011156377584378152,0.011156377584378152,0.011156377584378374
2023-01-02,0.0,0.0,0.0,0.0,0.0,0.001053877970963235,0.001053877970963013,0.001053877970963013,0.001053877970963235,0.015827881280803036,0.015827881280803036,0.015827881280803036,0.003099223455750977,0.008813207107073673,-0.01789788957134386
2023-01-03,-0.020459980466087213,-0.01157943552372076,-0.024922818248797607,-0.006674890976055448,0.005801847647642244,0.007656200221011211,0.027974937250504484,0.005083700711182804,0.022149992032726162,0.00038988692579189355,0.0003898869257916715,0.0003898869257916715,-0.009024280886021141,-0.008547229510666776,0.03229935347344659
2023-01-04,0.030317967052142514,0.009996986138740782,0.04039177981572584,0.02667201583006218,0.03868483670294598,-0.005466415749411091,-0.010173121871942858,-0.007258065484043397,0.01371899236436791,-0.01550570628677106,-0.028137503475155423,-0.02864133567496141,0.03599660464427212,0.06390622140433577,0.06903725668603045
2023-01-05,-0.03281586133083736,-0.03603466902399921,-0.019097906081069094,-0.01399641176002031,-0.00965262245055043,0.0187692458903026,-0.00908053749091342,0.008364811389226734,-0.0023727054824483895,0.03224463383408094,0.012854554131709106,0.004062953837430161,0.013257775747972822,0.01126329474618104,-0.017570897992731038
2023-01-06,0.04164047680363381,0.02615108624312379,0.05429612413642326,0.06484869788561087,0.054004640578495744,0.002122605093367813,0.048179033135876015,0.025427768946077123,0.02280862234681802,0.022335988430495002,0.0002688024627282015,-0.0008288468780196512,0.011279137352226298,0.018400789915271165,0.02179946792570764
2023-01-09,0.051753148714625,0.05128203293069067,-0.006328989893526593,0.021290906963012945,0.042762650926786216,0.05118412558798657,0.0247852018703969,0.04548810689489402,0.05380177451741841,0.010958481818640342,0.010958481818640564,0.010958481818640564,0.04630426756956729,0.05249191142498,0.02504045576278502
2023-01-10,0.01798065372777513,0.012046478490814083,0.020067881170731106,0.014555486602359613,0.019409964417272496,0.013695324934627884,0.031506464977856474,0.008233072255236173,0.007553880864392903,0.031888371851398256,0.0198297904575806,0.0348631830872459,0.005977625687791255,0.016851804294598205,0.03872627380571814
2023-01-11,0.005782691327817391,0.014841946532577754,0.012659396321726302,0.018696598696181788,0.01782468829703321,-0.002123475213124504,0.019716130626893813,-0.008895797409723571,0.01587396615722092,0.010107049168141202,0.0006346146708617884,-0.003414450322289153,0.0009447136045186433,0.0085322747069414,-0.0007095897775761806
2023-01-12,0.0318729480494615,0.025195562622019496,0.027029289917145816,0.001272202126834987,0.012223074098312914,0.004048900372696451,0.011235732744104832,0.0048960027356010904,0.008306376857161624,0.019446913183620795,0.003811027365426156,0.005418509560145335,-0.0011597466451064298,-0.0068803454182420065,-0.004972139712615564
2023-01-13,0.02349968366188504,0.0028248155313777,-0.011102867136573269,-0.002087044875630828,0.010925997831953138,0.031460001001845095,-0.025865917555328855,0.003610788804736975,0.014043270158293986,0.05216993796105851,0.04923934562617216,0.01563650353001189,0.006961902215943949,-0.010704643819656523,0.005832391178071106
2023-01-16,0.0,0.0,0.0,0.0,0.0,0.011541282921855744,0.015956972329178143,0.001525788163255326,0.016981374701753538,-0.01499135630264814,0.006699066651805641,-0.004400431986840814,0.006998374145159358,0.003223203337561431,0.009703386572109007
2023-01-17,0.04751754795491925,0.008309807575924255,0.0003327625967184389,-0.005092329742105828,-0.0022735355153040704,-0.005592687242739203,-0.01723802727446211,0.0033037149359376183,-0.002650105692203586,0.017645968912277654,0.025600857220051898,0.010472657574855049,-0.004951889069786608,-0.0009973757892396407,-0.0033206754575213493
2023-01-18,-0.01835950894186633,-0.014806503880664734,0.014632515315791128,0.002650398513751151,-0.008964083068645823,0.0017406368009174056,0.0017406368009176276,0.0017406368009174056,0.0017406368009174056,0.017466272229975432,0.02752390593275078,0.021082664154407738,-0.006866259652630435,-0.007497372883844111,0.010597613949588025
2023-01-19,-0.035218964527765184,-0.03998298232853492,-0.03654547968497135,-0.032269619021265905,-0.0337888880596835,0.00302471313469721,0.00302471313469721,0.00302471313469721,0.003024713134697432,-0.026918709653516837,-0.0051787423714779734,-0.011422197020342084,0.017488000366429945,0.003986002152966961,-0.000710896758442936
2023-01-20,0.06406194781276486,0.034854536143285264,0.045245794285773355,0.03287492784166357,0.029512098255062735,-0.005076015438842285,-0.005076015438842174,-0.005076015438842285,-0.005076015438842285,-0.0004822725144443263,0.004508867886337642,0.0013165564702404264,0.009526551047084553,0.02930128724553316,-0.010481275301918336
2023-01-23,0.07590137295494737,0.09219350810058335,0.06615136098028729,0.04113064028296076,0.04188990790518421,0.0007026017781714966,0.0007026017781712746,0.0007026017781714966,0.0007026017781712746,0.01739811894445653,0.014469340532560437,0.012477100206300662,0.0017479446540760168,0.0017479446540760168,0.0017479446540760168
2023-01-24,0.0037511736407305207,-0.023912215604918408,-0.0025185333316438685,-0.010248678966887081,-0.00890499054654259,0.000815375347179792,0.000815375347180014,0.000815375347180014,0.000815375347179792,0.010696118959140133,0.021274552073633934,0.006084893795012425,0.0006101132224762829,0.0006101132224765049,0.0006101132224762829
2023-01-25,0.003010675872302526,0.0028113349725127357,0.003596037849614264,0.008496192594163787,0.01719386358925523,0.0008424661414501156,0.0008424661414501156,0.0008424661414503376,0.0008424661414503376,0.0001611111960204692,-0.008336982243926316,0.006492536553052153,0.02146325795522075,0.04051778677591189,0.04445639755960329
2023-01-26,0.024789088844440643,0.0033373379759484845,0.021269952329274755,0.014304704594733986,0.003477417934927507,0.0006578825401266641,0.0006578825401266641,0.0006578825401264421,0.0006578825401264421,-0.010498515610056103,-0.014777824378503057,0.01409666896106998,0.007956192533762119,5.6846446359282155e-05,5.6846446359282155e-05
2023-01-27,0.028431472469356178,0.0031931592878635673,-0.004180314566646359,-0.026648411059421617,-0.024141021744718993,0.0012844334782096123,0.0012844334782096123,0.0012844334782096123,0.0012844334782096123,-0.005649393357460841,-0.021932392921429344,0.03642887454586563,0.013147397418346252,0.001695437550413903,0.007164451831099816
2023-01-30,-0.05907178692408588,-0.03912472835460368,-0.013268135384715496,-0.038221970475926015,-0.025592237304326804,0.07783868570498598,0.06471447473189351,0.032868874261601455,0.07337350659737174,0.006397628750373308,-0.003588946820063166,0.05036891888969364,-0.01781153776126565,-0.0064039219650725565,0.0059888188726391345
2023-01-31,0.019570004159102927,0.037267145498509624,0.01200319529056193,0.03040654529482234,0.01619239865962907,-0.033531003504497,-0.023219163110129393,-0.04252414871577215,-0.00792853618259548,-0.01826525710844784,-0.02803278346039284,-0.013068463420065068,-0.03202435387503466,-0.026276285118159604,0.02312957814978911
2023-02-01,0.07196571926382722,0.12628074079947327,0.03941161894504175,0.06744997192174229,0.026768820187099918,0.01748935994460421,0.010505571553468318,0.022173812231243817,0.009795643536595344,0.024149391641927087,0.04316745120255705,0.012299377177841686,-0.007038857988741154,0.03222346252510766,-0.0012308604355568686
2023-02-02,0.036575446174111015,0.04336009210078218,-0.01885034329637414,0.04411391651744667,0.026557577396922438,0.03604850350729105,0.04916606424527714,0.02683165913960628,0.055453227809273864,0.04117256506032385,0.048564503135801296,0.0055272261919394605,0.049673174576515766,0.008347373992204421,0.030360541714771427
2023-02-03,-0.02805281268247406,-0.025138730405129373,-0.006109541575648247,-0.03444396158608798,-0.024305603774697593,0.003364104459318673,0.005014478553922785,0.02877796245122366,-0.009476234404330985,-0.0005424274978896859,-0.001970232074261835,0.002168629812429268,-0.0024084196125301327,0.006323289640833618,-0.0003458046460173003
2023-02-06,-0.0005212285247739867,-0.027993914917314733,-0.015479326595145282,-0.019086550099822963,-0.02385626535887675,-0.04321329559103626,-0.0403647874656794,-0.0373615734358943,-0.046851173189720985,-0.04381307144004609,-0.04440096524727133,-0.02598804030408186,-0.04692250912391027,-0.05055874614684086,-0.017525546890665766
2023-02-07,0.051401283198680314,0.026649179598481343,0.02783426086790919,0.024046325736604146,0.02530326145422146,-0.006780566755516526,-0.02021468655386871,-0.0010834353981615807,0.0027293149825671215,-0.0016373042036226249,0.010747003522283416,-0.00047675249567247224,-0.00506173504452645,0.007379696728970764,0.02999068753823586
2023-02-08,0.001442978579212495,-0.014200921530646005,-0.032642920458192504,-0.037918907771886556,-0.0234706632408066,0.031514398785191355,0.036661933916863454,0.023172338110321933,0.02563121710836125,0.024198316177893142,0.04080493723085499,0.011013567371382038,0.022508987098297517,0.05004944316003468,0.02059970473618078
2023-02-09,0.005944774093425087,-0.017475538012382885,-0.012408494080134336,0.0011210796476193163,0.002021779233811971,-0.0004793529661917262,0.006237692644184056,-0.0004793529661917262,0.005073642414602064,-0.023936428652297503,-0.014428932026757546,0.006189082196635942,-0.0009053009044815985,-0.004061973102247984,-0.006650510698215872
2023-02-10,-0.04799234990418144,-0.020790719223332976,-0.011797948011023518,-0.011285251156280762,-0.011714739137262509,0.010554498243376287,-0.010748152003018485,0.0012831994074078423,-0.020844583337117806,0.04240298847386503,0.013951225746998253,0.006461011167266051,-0.009525182396429854,-0.01793118152899764,0.007812715681963178
2023-02-13,0.024594445836172873,0.020250292446066354,0.014342134851113686,0.015334968012975292,0.01887712598399638,-0.013187578216219187,-0.017981660863611415,-0.02464798744050678,-0.02086846659809527,-0.04415222416521203,-0.01597187248704457,-0.015584696997228975,-0.0018312425884298156,-0.03279051984057624,0.014890718512574619
2023-02-14,0.054296046040607227,0.0339227690123407,0.011464504731196978,0.016390654988444053,0.013069535205756377,0.006087209864898524,6.903294704341256e-05,0.0035043281635456225,0.0006124950463777257,0.007845937822173576,-0.003953251902911958,0.0010319046991609238,-2.1752355722326477e-05,0.025989321895858453,-0.016120948796202184
2023-02-15,-0.009011344620656225,-0.008958658178080947,0.005516110943042163,0.008611856099385085,-0.0009887851338818976,-0.03761119440240912,-0.03097491959320664,-0.0009487969945198849,-0.0219212099894599,-0.009596266456491698,0.005003382677371437,-0.0018376227420173752,-0.015289070957228756,-0.017668850016461568,0.02555582270022594
2023-02-16,-0.033473795474719625,-0.059873191545541715,-0.02186823174654251,-0.034070002271666344,-0.030333556326524236,0.003944949250825447,-0.0003529430281953294,-0.00653528140268933,0.009916366246335295,0.002146318296062155,0.002993498936736838,0.003404465053120642,0.014965277310038605,0.004034142302519195,-0.018231994643564398
2023-02-17,-0.027906681687923207,-0.019730292144448547,-0.01874599645566344,0.00043336084118239526,-0.006628416180417873,-0.01735023760015786,0.018524442605554636,-0.0176421632682614,-0.0022402316818385115,-0.01827857246893838,-0.018848313518940785,-0.02008571585129182,-0.02126358942210782,-0.013713680875254375,-0.043047555859750064
2023-02-20,0.0,0.0,0.0,0.0,0.0,-0.005883563781938328,0.00017232593823579556,0.005804321200727047,0.003745632104594554,-0.017079571107372016,0.00025182951514812757,-0.005101221053964378,-0.0022419362859646963,0.001580443268134113,0.000748196288641978
2023-02-21,-0.03427146587587848,-0.022038259323994835,-0.031475232135282916,-0.03603596560556477,-0.03397582596169113,-0.0016450756343925343,-0.001087947610617701,-0.004565882338174787,0.004129613171445667,-0.0028536535087628767,0.0017697320608083267,-0.0022976723128964593,-0.011242891969216462,-0.01571968828432546,0.005492459545904271
2023-02-22,0.0047929542490983135,-0.0020840958670185206,0.0020210617800253683,-0.005494584153710402,-0.00884429702124867,-0.02130950320301328,-0.0204230379882977,-0.0039364541242138396,-0.026790664581073043,-0.021636409018319314,-0.003755160358852261,-0.015125096333483468,-0.02342678877704918,-0.030298328021387655,-0.002931906949590557
2023-02-23,0.14021386061662056,0.040986808048976364,0.018152403774773784,0.022642949074779928,0.02223589788078506,0.02200465509261229,0.04519633026003911,0.01006091654192276,0.02770758891346503,0.0003260241205831349,0.0003260241205831349,0.0003260241205831349,0.017066706330567616,0.04279950572163216,0.01979608358451901
2023-02-24,-0.015973635577898104,-0.020815092941810387,-0.014738533947741717,-0.01417050622541749,-0.03088886826173498,-0.007249269697954808,-0.02336785378312145,0.030658050788159086,-0.018569074079369363,0.07373546960416366,0.08462185995718197,0.010975622921986172,-0.007672430219891391,-0.014746578615213113,0.010673320887521598
2023-02-27,0.009233008355403971,0.00870790545607747,-0.0073989241714385034,0.0068277395153015785,0.02215434120428128,-0.012193000531574905,-0.012193000531575016,-0.012193000531575016,-0.012193000531574905,-0.03155115205288961,-0.028306993160620464,-0.009601978584778847,-0.02478557565346129,-0.02274851904525721,0.0005781464239371648
2023-02-28,-0.012127179514511477,-0.0024120200597779196,0.0008911860026126206,0.0364057779776743,-0.02270283466390821,0.001928243749758085,0.001928243749758085,0.001928243749758085,0.001928243749758085,-0.0028434202252580754,0.005221709266721497,-0.002033495190524537,-0.0018800365897495563,-0.010170149390369643,-0.009114878640752111
2023-03-01,-0.022312209238921743,-0.0036905180551005667,0.007330268348010538,0.00955646739653937,-0.004500244472630532,0.019926470233143867,0.09233908305900629,-0.0015662941173724132,-0.0015662941173724132,0.01817993152386732,0.022894130263969137,-0.004143010290946991,-0.002459140481263389,-0.0024591404812632778,-0.002459140481263389
2023-03-02,0.027139213894513015,0.02746201942440507,0.0008084152867440242,0.01014845401547082,0.014993138192671784,-0.002978574996608363,-0.01749914992316326,0.02170508935466753,-0.0050497495726637975,-0.014442843170193176,-0.00882622642460762,0.0019181838001032236,0.015494533373376473,-0.0025639286942013007,-0.004968681272499942
2023-03-03,0.02470613700636526,0.013426083650940335,-0.0014541569001833565,0.004305651269744137,0.021163989817506668,-0.007105984453338543,-0.0013332710878378728,-0.0013332710878379839,-0.009196781409992028,0.0026441069797122907,0.005360191002864001,0.0262698244327344,-0.008979652248036318,-0.013109382605793973,-0.011682575567674602
2023-03-06,-0.014064455366903483,-0.00441600828976052,-0.009627750764687915,-0.00353051652833003,-0.0257458975560666,0.013096629318429143,0.01502590678668092,0.012664367423396161,0.015318860292850678,0.03760396949315847,0.022610640320780195,0.03768797680716385,0.02931041818407021,0.04041083918245669,0.031433324027293486
2023-03-07,-0.011125348500571008,0.01170523540384849,-0.026305060512063605,-0.018306125755434888,-0.019099166751197716,0.003244857916959054,0.0025903705617396078,0.011228341307464529,0.007280567145740768,-0.011094011786098923,-0.006359408426149349,0.001194711165813267,-0.016214533979165058,-0.012138329797645064,0.0200047066072353
2023-03-08,0.03834575803233431,0.03970286337836759,0.01686381129496528,0.019592703848569704,0.016893559810083447,-0.010620960766048904,-0.030179769004300305,-0.013929243192355,-0.0010596711055136376,-0.011571977231079278,0.0005025041249215878,-0.013784398548418952,-0.02083624569674969,-0.03762427736891105,-0.0179848929079075
2023-03-09,-0.030809310759412623,-0.015696426428178922,-0.03283820176460894,-0.01356950080834074,-0.02366826962579316,0.0019683181265257588,-0.0012533218047605654,-0.004517738639685853,-0.005754175922369709,0.013707052552463406,0.01893852393689688,0.017023916243547488,-0.0022190120818763592,-0.012738465058764303,-0.021805516071898068
2023-03-10,-0.020097188544081157,-0.016184703440536463,-0.017317970215775746,-0.02264192569587742,-0.005837084202323317,-0.020083105377164956,-0.0171918136178818,-0.021187114128993212,-0.022290559637651586,-0.006524998199911702,-0.001788108857426196,0.0026687574787622736,-0.016779756968112958,-0.03354985773307295,-0.046464883105425625
2023-03-13,4.35591336853669e-05,-0.007983501237850188,-0.006597757230618506,0.012676116106414614,0.005938075752791372,0.005364987534601795,0.010097031429254333,0.01353189617676298,-0.014362301912472453,0.0029092711476872424,0.006051161332488952,0.0060468524780898925,0.012996192381144578,0.0166139114133681,-8.07544006262706e-05
2023-03-14,0.047766328394297286,0.06633330899047052,0.018526665113181684,0.03884670252824618,0.025662087367437136,0.0005000520555145105,0.008295548718469936,-0.0017239650959764985,-0.005041828656022984,-0.0068282152900632775,-0.013677601473578105,-0.0008867416076567824,0.00090066263927846,-0.020772617389456238,-0.03471323453416508
2023-03-15,0.00685707902650301,0.025500325154424353,-0.009094940723248124,-0.015456118672095509,-0.021940879753022058,0.004467407465183149,-0.0014501143372729342,0.016555475516586426,0.0004495844443306307,-0.00827352994182129,0.01647089657476486,-0.004867481191688561,0.007188687988898934,-0.030791323823832983,-0.012530950936076146
2023-03-16,0.05419330976637693,0.07716322642057283,0.043467170612538686,0.03671504792871261,0.03934464538247662,-0.010985248284591242,-0.0072465111958955886,-0.009206889625200887,0.031111531692883387,0.020342967765568654,0.020859395804559533,0.009542335788037537,-0.00379539439263743,-0.006715918535610266,0.0322823984752858
2023-03-17,0.0072041285612260975,0.01283641701197058,0.0018253783930026746,-0.0018724677130627088,0.004963812347834828,0.02476877781186504,0.021516410409895048,0.012926490744616714,-0.006884205338883009,0.02586182951911642,0.029816069853837224,-0.0042796027545849435,0.03132895128018598,0.07155837023422751,0.0923815681715523
2023-03-20,0.0068028513335320895,-0.010527379577363938,0.009028453642680567,0.011745504761092151,0.01994658452411069,-0.013810473469182294,-0.0061258246254297655,-0.0022535842991655564,0.005696578684414755,-0.01796549485317067,-0.013982462661558226,-0.004561138909022211,-0.022473127831432294,-0.008166317307026438,-0.0008809343122021529
2023-03-21,0.011544292974522863,-0.009089941902801435,0.016253621708692156,-0.02934544640876202,-0.006498210279373251,0.013472959871454693,0.004974830587699097,-0.01924357492657902,0.009622057673388529,0.006788832673356282,0.006788832673356282,0.006788832673356282,0.0037413536846753193,0.0008794957467062048,-0.017253836146214896
2023-03-22,0.01026758727547561,0.017200057548523606,-0.01478205427860002,-0.012790660850485414,-0.0027408898184937414,0.031823583481736195,0.013830899633269667,0.01955720032244601,0.028377888502640225,0.015234748012791233,0.020258368953657513,0.028197181335828603,0.01443296159942431,0.04066992802695957,0.02719590342395395
2023-03-23,0.027315935476160513,0.027669572633507666,0.01787326552613977,0.03297993415856659,0.0371506407081752,0.013708068076002888,0.01971736200279528,0.01810718169946801,0.010047561519903825,0.02413807502110954,0.028444320249884525,0.00010018808271250457,0.023716279548487762,0.02248323779909822,0.015794777738650012
2023-03-24,-0.015152031077056871,-0.023234960704204943,0.0049133952318436425,-0.026470027645069005,-0.025039198505573235,0.008906132712190873,0.0032246833649314244,0.0115909605246578,0.005119777338379317,0.020773246299432335,-0.0025672772399600863,0.02472394461338978,0.020638431904015597,-0.004387590569581601,0.230159030825402
2023-03-27,-0.009260744438242319,-0.013680412247472518,-0.009297854016999785,-0.00552168488975302,-0.005374407193933228,-0.020788465795747557,-0.018617187180740014,-0.023944647238677064,-0.0003557269836115262,-0.024858301714377418,-0.005664478582597998,0.0037368394980850095,-0.020786974300073036,-0.027077936461454066,0.02877658704936481
2023-03-28,-0.0045609363065597375,-0.021219366926886862,-0.01828476198671991,-0.020779051070241694,-0.00673871457992703,-0.006120189032170487,-0.012804610581856446,0.0098494590498317,-0.015704253698199833,-0.00622137893664898,-0.01043942348381044,-0.014841206207545699,0.010564504759993154,0.0315521720634675,0.019453388629468105
2023-03-29,0.021734109795586987,0.016180190554138107,0.030904812267964488,0.029639232725587217,0.030341932637515612,0.0034689846139248637,0.0030859784696597448,0.012157542656230813,-0.01753349908065982,-0.004137710223524382,0.0022690602099404433,0.016900334108119974,-0.0025494107536587762,-0.01634681132754734,-0.0017387978624717748
2023-03-30,0.014786761791209635,0.01862837947493512,0.018466845479617744,0.018856830149448944,0.026641622344155902,0.003777456754926245,0.00082833534822635,0.0033146476641356948,0.0021802527216854273,0.0014535799775312608,-0.007362610195517427,-0.009159231269181278,0.005939200515230114,0.017441905754695952,0.004019125197762596
2023-03-31,0.014388434037591713,0.0013282068498214894,0.0014127735453279833,0.005896415364418539,0.005955655835338636,0.0016445848146349196,0.017033956834090924,0.005403316707920824,0.011260143795697175,-0.004071257821233187,0.01876618442772604,0.022576577513496066,0.020961037134722416,0.005928179651536913,-0.020201067329040034
2023-04-03,0.006768260213488864,-0.014794455117154937,-0.02226045291481893,-0.004152051823297587,-0.009872237301993603,-0.0056674967356374895,-0.0056674967356376005,-0.0056674967356376005,-0.0056674967356374895,-0.021645953502761994,-0.0438111828500386,-0.022825378401440832,-0.02084451506282181,-0.02257142807899737,-0.00687868110051415
2023-04-04,-0.018308800178691076,-0.007145762525449739,-0.0195606869728826,-0.017985631541813096,-0.007878242885598574,0.0015223819623613188,0.0015223819623615409,0.0015223819623615409,0.0015223819623613188,0.014016579817496044,-0.011128487861706615,0.0014140283872310366,0.0059435099518865275,-0.03286721583793761,-0.08007188751373995
2023-04-05,-0.02083543831816692,-0.03452597364305687,0.006050670608978681,-0.023310002343201797,-0.007148493727657468,0.0030705593394568798,0.0030705593394566577,0.0030705593394566577,0.0030705593394568798,0.004599159567765243,-0.004382230688564914,-0.010034228743467377,0.001379255195434581,-0.0021425672442824117,0.017572631134890715
2023-04-06,0.0058031711275725595,-0.0009723027254149308,-0.00032514108812642384,-0.02446313812148948,-0.010212455823925382,-0.01069123437921693,-0.048073636944135134,-0.005091563138674093,-0.01661555555340022,-0.04129296321853215,-0.015342761307413522,-0.03165639042778712,-0.02785390314659908,-0.012316036908460837,0.004791004705980928
2023-04-07,0.0,0.0,0.0,0.0,0.0,0.0028848058710064794,-0.004321089871883177,-0.016799051446442004,0.00295137939963408,0.016530644568165442,0.005187680270392514,-0.0028073416060240275,0.041969163535293896,0.06185026996449272,0.040405219854410035
2023-04-10,0.020046833089546245,0.03255112032545915,0.01048779919205689,0.01791188924163367,0.006878709745231415,8.207091922418641e-05,-0.005519101983118224,-0.009764385388120522,0.015603874550995878,-0.008094380847427973,-0.013029599887056986,-0.0004662271830674358,0.012682477224394972,0.01988413959623725,-0.020643504555866166
2023-04-11,-0.014866453946934866,-0.015186473886224738,-0.005792825685328462,-0.0010301821390785726,-0.002826410804037449,-0.013644914480512416,0.01455492242731582,-0.0042329839674905,0.0015228729129448393,0.02620940462623267,0.00935435531643014,-0.011278201498780449,-0.001079289169037767,0.007967034467687428,0.05866134822607938
2023-04-12,-0.024807854363715354,-0.018079304161561782,-0.026705749842771076,-0.027667881816109796,-0.007745380990230477,-0.0062564131136050305,0.004037185346354555,0.0013877758827993691,-0.006285686064257501,0.0025223635689477497,0.013197859051676142,0.025302353247854237,0.0006009159571451761,-0.017240236497200634,-0.04322937687861983
2023-04-13,-0.0012076038984277782,-0.002599431261825602,0.00715075635716933,0.0027394449140414334,0.016420957215651066,-0.01815486087763518,-0.009468816590482487,-0.04941704963531446,-0.0008357058611231372,-0.01191422574333012,0.011701004219820899,0.008023614832220582,0.0009548212185788163,-0.018267948252453814,-0.0030149467100700766
2023-04-14,0.011147483224417831,-0.0036920007754494,-0.008007970134655817,-0.005023222771280866,0.0011870979604011733,0.011615187661294879,-0.002813867990514307,0.0191731385299323,-0.005949588919150428,-0.013407038466322962,0.0019068361910912213,0.016328574893382575,0.0010660984137915719,0.02331883187032502,-0.004586550312644211
2023-04-17,0.009118831399218541,-0.020490433279759857,-0.0064912973457189604,-0.009831841502193517,-0.04076844556295134,0.005935035474813111,-0.05384801180610488,0.0029277942506942267,-0.015396963694633392,-0.006586209634978357,-0.012792282066400706,-0.004849763144111452,0.001571422355030716,-0.010441196422272814,0.00955376509865924
2023-04-18,0.02462793677426167,-0.0010014906479857144,-0.00854416074083475,-0.004651600924759358,0.006713180733611601,-0.008331331293649047,-0.02836117195024368,-0.0034264886777908288,-0.017465459927837657,-0.02622538424501142,-0.03368313383920296,-0.01129283901549416,-0.005092291315769937,-0.01971356555507997,-0.014569388675826578
2023-04-19,0.009541872541167118,0.0017821749196356151,0.0015208843616436596,-0.008357999880804101,-0.030668646722118775,-0.009233948580959161,-0.018424874058847074,-0.018487106624043403,-0.03270226407907173,0.0028423255502629807,0.021713007772536264,-0.002510103333080327,-0.0013954995308118612,0.006979182841674092,0.017631309201034506
2023-04-20,-0.02960870238299873,0.001890128578282635,0.0008435377975228864,0.03670446054845233,0.01598803565784035,0.003062809333827854,-0.00575769358466538,-0.002803107596322185,-0.0007300563889258704,0.012529460395763747,0.016980490391747427,-0.018005700631176458,-0.011213868385702708,-0.01380804037745309,0.030804890114295436
2023-04-21,0.0005534686807724398,-0.018643882963005898,-0.0074173582115986125,-0.008129899338758295,0.001420369250499487,-0.004609226614504802,-0.012591977574693325,-0.010368236953552934,-0.011079389101642856,0.0180171093451027,0.04248418402672538,0.01447683619725626,0.008527696666805973,0.0183893509849109,0.023714898739539914
2023-04-24,-0.0028392344140580894,-0.009725213246451037,-0.0034816210547506943,0.0013222824325442861,-0.01117445752478241,-0.009956200952627836,0.014360482417247633,-0.007012927730259189,-0.0021453234614158267,-0.018986904134442928,-0.022981118581460458,-0.01198781958140771,-0.011925134077990451,-0.02557970992275338,-0.06427136877529926
2023-04-25,-0.029620641545719972,-0.043051235082843475,-0.028120977538610425,-0.026406315694734617,-0.034460859562923774,-0.01604881502818256,-0.03679458067671393,-0.0031767971696504693,0.004883759977014623,0.001043045241002627,0.009268711484795578,0.008248487591128395,-0.02704301163612588,-0.022011598608323912,0.004804094472336873
2023-04-26,0.027247192625635686,0.025536984626679526,0.0009643497869948892,-0.002712138902622896,0.005513646297867325,-0.016965341699553327,-0.005497432062386287,-0.013778272288695659,-0.00812817862933013,-0.0011378086435998025,-0.019981888752065413,0.00032582260966917964,0.001698718022490775,0.015971706045952105,0.04734608794449491
2023-04-27,0.010016498345208014,0.01745403720488259,-0.0021023080806616967,0.012419585132780853,0.03306521833529552,0.0062131511450358445,0.022209000909370724,0.007121172307281709,0.013702439756531293,-0.0020959399603966977,-0.09040927762607887,-0.002598457104445173,0.010188425063319517,0.01842598445123289,4.3935002887129926e-05
2023-04-28,0.01920971355396106,0.022072281007415206,0.025281131938408308,0.012087972024069638,0.01210970249372667,0.017273695179093274,0.004580897639038239,4.8949808634901615e-05,-0.002025717498343904,0.016840464463008242,-0.003464074886441404,-0.046692221340024376,0.01275091037338294,0.006708765035975839,-0.04529944258990726
2023-05-01,0.041839205685406444,0.0035806163700320415,-0.008219368557493278,-0.0007077107990419718,0.00031187479265337714,-0.003876919003565682,-0.003876919003565682,-0.003876919003565682,-0.003876919003565793,-0.018629719817323864,0.0015311723657391862,0.007973746325963038,0.0016602007449815215,0.0016602007449815215,0.0016602007449815215
2023-05-02,-0.024213142853105385,0.0024529068426200062,0.002330848956248577,-0.006994295417084295,-0.0018105529767034056,-0.001433542095468865,0.009587252184706685,-0.004393623215872,0.021361282737652587,0.006462896777724492,0.026771255504285385,-0.0017565002796081641,-0.0011446978469179525,0.003603003083092249,0.03458117022140561
2023-05-03,-0.014462802227313998,-0.0922033208527272,-0.02824912897563281,0.01007485357648652,0.0010884204892718241,-0.01081699338019304,0.012556173959989314,0.00909653848083547,-0.03849175506145941,0.007730809500956948,0.007730809500956948,0.007730809500956948,-0.0042027139524732915,-0.0040710184748576905,0.08704775281126587
2023-05-04,-0.008632690127960196,0.0611369480011259,-0.05539301627167548,-0.00741456607566493,0.0004884346049960353,0.007570582714227836,-0.014185185504979603,0.01835437073275359,0.008833662066222603,0.014285267121793233,0.014285267121793233,0.01428526712179301,0.0006835102413922378,-0.007019129112300293,-0.05970259882401319
2023-05-05,0.040563341299084676,0.03729356546330531,0.020641776919433585,0.032103083228338436,0.024045210447378063,0.004635531407889193,0.011102561576633363,0.000617081749475723,0.009043393578600956,0.0027202877562031436,0.0027202877562031436,0.0027202877562031436,0.011422910863013946,0.011422910863013946,0.011422910863013946
2023-05-08,0.016422511167833553,0.05788073007126315,-0.004320794063628175,-0.0026709270538001206,0.007181169305659152,0.009644957961737699,0.0016318940537602966,0.011356431506931886,0.0026774814195666963,-0.010068175616087305,-0.018235185900342787,-0.011767697827590573,0.014740806058753275,0.002422293441853407,-0.006816410151293417
2023-05-09,-0.019896331375485854,0.00021040238713987414,-0.023451219234407628,-0.016501039393743255,-0.01822931897639657,0.011574045277954692,0.0026349895427681957,0.004479208176615623,-0.005539065886533301,0.018795302811736025,0.04453066812463513,0.005965270776283393,-0.013188563490687089,-0.019840073862406493,-0.006437422927112579
2023-05-10,0.010990109436046058,0.02061854759952575,0.0065235948342632355,0.013791264544386284,0.02191116891961764,-0.01571426507037399,-0.01528336731380353,-0.021116406446017866,-0.01456960352956016,-0.02284518198005614,-0.0059300904249771635,-0.007832438900596372,-0.01343525289311176,-0.007314081103977466,-0.023666395721206324
2023-05-11,-0.010628416571804133,0.0008245911546360674,-0.022543555220848277,0.0004332909359023862,-0.01057613156200976,-0.006805093089981673,0.0011562690197344239,0.010923602382607811,-0.008408812141682875,0.025417649009296994,0.03451114235396169,0.011242458122539434,-0.0001598757107629245,-0.0008767677223813219,-0.020279950608829478
2023-05-12,-0.00832814011684424,-0.01894949914320565,-0.004228346739191813,0.005456206186182255,-0.004121715113295066,-0.008715777803669278,0.004744661435949649,-0.007537850726726414,-0.008064536123058463,0.028951921191432195,0.030062464326728877,-0.0060601800723902866,-0.010439453289378786,0.001440287025305409,-0.013742016017977421
2023-05-15,0.021630255965944034,0.022464826177392316,0.0256705723022721,0.043242354100546665,0.01263280090560226,-0.004642760370768162,0.006724929774324151,-0.003638386750755007,-0.0014911831900543682,-0.023035980121733912,-0.008931724205160085,-0.012242418255164256,-0.0024905229658747086,-0.01777131265847043,-0.045211950544997825
2023-05-16,0.008980117277252342,0.04188913518621096,-0.02342872762111381,-0.0015687161817088402,-0.005551280940564007,0.021393752361782203,0.0021793395360991674,0.011909191969881938,0.024809328464916236,0.040640687495617334,0.053459872771084216,0.00869739069323483,0.01860039473070474,0.05109114461514386,0.015346313222697638
2023-05-17,0.03303327735547135,0.022368905872836686,0.009827556324049747,0.0395302281715213,0.028295575740986623,0.02656074980691958,0.006213778101173961,0.013276244544624394,0.0009699455590952422,0.030299081441279352,0.03220782134803679,-0.003071118928858807,-0.01132107765405932,0.011269280946248905,0.016857886099962194
2023-05-18,0.0497051202466301,0.04028915956795931,0.02051343127786165,0.03357206335538998,0.03792672717589696,0.020746874453895447,0.005398492518735143,0.032722255646164156,0.016343337535341673,0.04546197754249137,0.07064810873964023,0.025599357303639048,0.024782338543383187,0.02481945240987371,0.06086431140980553
2023-05-19,-0.013068991339246327,-0.019549713743958752,-0.010284336693469398,-0.02286025380087231,-0.002773326781658647,0.007076852460907057,0.01639634587496941,0.0032909366214566305,0.0032909366214566305,0.001389358719331213,-0.03568078458168977,0.02513056859029894,0.032775978449685494,0.039070521966686034,0.21491950047712027
2023-05-22,-0.0028147061066653434,0.02060102354434612,-0.005478782038083718,-0.0031509233770132816,0.006685876886503683,0.00041170423888181595,0.012347616244385629,0.0114913522967528,-0.0028760204953615087,0.013802745237630587,0.037137369331578185,0.0055613399644480754,0.009425588077161207,0.01727507266737338,0.01572024714200637
2023-05-23,-0.0156532337436861,0.0011111365424261166,-0.01633740267554329,-0.016278012692902744,-0.024604971551368204,-0.003217649910186693,0.014244762360611007,-0.001337153380544076,0.017310078051960165,-0.03260862450916102,-0.023696787981704714,-0.003111886573444078,0.006429141101121916,0.004821467535059298,0.025245057175800723
2023-05-24,-0.004887740170865351,0.0013872909052354832,-0.005214396818587597,-0.01965049834246424,-0.021512827233245213,-0.014077243801349226,-0.011637982657401458,-0.01826011879891354,-0.002660412088913544,0.00438614509629609,-0.001596530598774848,-0.006937905566114844,-0.003098218436599409,-0.006587199377982245,-0.006424816427684332
2023-05-25,0.24369628020347145,0.11157293992424155,0.009706806207160357,0.07179836232579495,0.06252341891511692,0.03418481047969957,-0.004316324763447343,-9.732255256977851e-05,-0.0011135252128798845,0.025070766560244095,0.15644663069499432,0.011225936075238252,0.0053849074783169915,0.06042608023113294,0.029277991109943446
2023-05-26,0.025434627641752083,0.055504780971078915,0.06085381217112373,0.042845009471992546,0.038744962690878904,0.04400436819683873,0.03270238531859482,0.02004234244352876,0.016863626441472546,0.038939860785507596,0.03372029479644656,-0.0029405085258739083,0.012305337875514244,0.04526585798863936,-0.014738001898836672
2023-05-29,0.0,0.0,0.0,0.0,0.0,0.005980017444775276,0.01342355935278361,-0.011170119698451941,0.01850881758300993,-0.0017595278976240136,0.034327131719646964,0.010227957877777971,0.0063972842372721495,0.0063972842372721495,0.0063972842372721495
2023-05-30,0.02991304681997775,-0.013855011832978992,0.051200681325418884,0.0037483854645201653,-0.010422248214485008,0.0013410391044932357,0.038919910557059456,0.027927204383971116,0.008843476619648127,0.0025531919932149094,0.026903937500223574,0.0005558151433733283,0.02677221096496729,0.008426226816133031,0.00020800316248537065
2023-05-31,-0.05676728451739543,-0.056358248166238134,-0.015538195037437141,-0.023943583690010373,-0.007318881495732565,-0.014950463827649307,-0.006066070767247411,-0.0008278764118132553,-0.010642998777798396,-0.015491130794622388,-0.005354031270550341,-0.017088031721875008,-0.00885634983997896,-0.011831582052834522,-0.02034709935929857
2023-06-01,0.05117090344252295,0.010659014854826898,0.02133858186603632,0.011477635254931284,0.005311835188574143,-0.015270806512243995,-0.01721317439120762,0.001711365106484175,-0.0027605796078216116,0.02662862858886106,0.009267994410371738,0.006884385442877505,-0.008467896835395283,0.014155291673949577,-0.00899711096514444
2023-06-02,-0.011139327711859437,-0.013476191461464282,-0.0018130494876007486,-0.0014835397975448972,-0.0029171307849691352,0.022068293319635668,0.006082150823693455,0.04232468348591589,0.004051513414752961,-0.02064111131782187,-0.011760281072234702,0.016237694809331238,0.025231486336072972,0.006771538876305883,-0.018063449352979433
2023-06-05,-0.003966712160849428,0.0005939224033744139,-0.024995709123028953,-0.006684861722678792,-0.003380922143841336,-0.015167105003323411,0.00787753983568762,-0.0027456192616900355,0.013052520936583711,-0.002961620358173711,0.023082631935819276,0.02655665090642345,-0.001058986257449046,-0.008684137654841106,-0.01561980948869679
2023-06-06,-0.013198289172034139,0.0534215469808772,0.03220084019026204,0.0015701386811792784,-0.0077125767612524765,0.009707046221981042,-0.0019450245277928824,0.04364003539181183,-0.0032096452676652065,0.017048401954434578,-0.016039345400164384,0.025687573648745854,0.00411603060890986,0.00411603060890986,0.004116030608910082
2023-06-07,-0.03040136294574236,-0.05151735774723143,-0.010140927128048594,0.00798904351750207,-0.008958589187237243,0.01474952722602807,0.014994671431957318,0.02927669315881909,0.006330607786224185,-0.04275112974067741,-0.038918150280106256,-0.01877777304316275,-0.009312780204754567,-0.005988546187824517,-0.005512691901923938
2023-06-08,0.027618505462210674,0.027327515663794877,0.010157969341545003,0.008814175700699423,0.013854967729582501,-0.018444363773793104,-0.002640599339042815,-0.02258766234822318,-0.01622322123039166,-0.003454183558243118,0.003122556770764673,-0.020476718202847355,-0.008384786622678386,0.008644863546679815,0.018832339674711207
2023-06-09,0.006751473142412978,0.03197021907990205,0.023721538532769815,-0.0005874697506974558,-0.005819019611450926,0.012946950996499673,-0.0030301591601047395,0.030823512934869957,0.010096231320237514,0.013355344430716398,0.03649410832790356,0.023750002307981743,0.024923549601927553,0.06170593472161645,0.046644893657939335
2023-06-12,0.01836483977366088,0.034181911103505325,0.025438621466245204,0.02857770323221409,0.019989965951104027,0.015425432091480396,0.003429025970592914,-0.004462036140524428,-0.0044075854487264365,-0.0012740763659248033,0.02510133976730944,0.008905724729279862,-0.00650099484717892,0.0022538146322035324,0.0037045892478337894
2023-06-13,0.039005071222018906,-0.036070930985723226,0.018749089576747258,0.012713302299431462,0.009723910906401567,0.031409109580424754,0.013982006395436564,0.018249782707131512,0.01601491440698033,0.04918483182528899,0.047248536823854215,0.035567549027325285,0.01575034662129915,0.04265061390643754,0.005422282275443946
2023-06-14,0.04814489572716263,0.02248456660406961,-0.008277719187002708,-0.004372487224285182,0.003987676811445295,-0.0007216980762020375,0.005648630893546169,-0.023103561459182798,-0.007274093263242909,-0.005114927764666932,-0.00795819388278085,0.01625800504755137,0.011971921382060158,0.007443193337257847,0.003855067008367463
2023-06-15,-0.008000549073828633,-0.024267681794154616,0.0017016960879794318,-0.007508854739783355,-0.002053586934378182,0.0013650690087301243,-0.02284766906065483,0.010995749541363065,0.0027850800025495115,0.021558184451492934,0.020215350930661957,-0.005385169602743933,-0.010535767669757723,-0.003324875050035425,0.10073047837524185
2023-06-16,0.0009142989099570897,-0.03348354881071658,-0.007523561627256314,-0.008422110333179078,-0.022756496293627304,-0.0008482559891830332,-0.01708747204176353,-0.005380666228352982,-0.0032841695946244087,0.0028412525176799708,0.013749170866935279,0.014498730690982287,0.007311072830516574,0.002259077539091381,0.001381663412228118
2023-06-19,0.0,0.0,0.0,0.0,0.0,-0.011949796854613393,0.043411110056574165,0.006172644662040705,-0.0056731067393698265,-0.035504800167505124,-0.04412916276046486,-0.030653926738824944,-0.01322033159056446,-0.039218291937343164,0.0019343488404273135
2023-06-20,0.026140711866801558,-0.009576961262016681,-0.02331276399305804,-0.00295124166984162,-0.0020363026658060113,-0.0027214831032972286,-0.028031352905579676,-0.0027214831032972286,-0.010527831360551021,0.004798566807895144,0.02320681466944796,0.00019093435613659615,-0.002606558574498652,0.005862645318113646,0.0489123009437229
2023-06-21,-0.017416941858298673,-0.05734465380748355,-0.03388401481712999,-0.013355189267951317,-0.01819791207450927,-0.008630262804697697,-0.0023381347584745527,-0.005217567377377552,-0.03170595226672068,0.0321024459145125,0.016508428456852187,-0.011060019901269702,-0.0159026280396386,-0.011924353416142175,-0.058172167097830685
2023-06-22,-0.0004645604582244056,-0.012576965965863884,0.005528571340464694,0.01646298399870183,0.014293837864277403,0.0009798577127679842,0.0009798577127682062,0.0009798577127679842,0.0009798577127682062,-0.048097491681879156,-0.07093051085422464,-0.021256442586015778,0.01068789156749439,-0.010202579951733792,-0.005785626768546548
2023-06-23,-0.018965768749707235,-0.006233015637157835,-0.02551537891289435,-0.020515256447732333,-0.027209092979129768,-0.002284291558533713,-0.002284291558533824,-0.002284291558533713,-0.002284291558533713,-0.0015566360463485918,-0.012590435497136676,-0.025387874317288395,-0.003396042511468411,-0.011054014321450478,0.036839681436284355
2023-06-26,-0.03736168498505765,-0.022725206358092165,0.0282108921596389,0.02741225590771479,0.003367287080028314,-0.012150038528762841,-0.011646294234569088,-0.004055430483375422,-0.004155549371304912,-0.011874130149434392,-0.013540551351023056,0.011494718377116131,0.0038580133122567695,-0.008108467237926797,0.0025788019763426373
2023-06-27,0.03061622466730829,0.026788179668795875,0.02709455861973309,0.048283398935352606,0.03547346638582893,-0.003709373890796619,-0.006063838662950571,-0.01609527497116836,0.004859616961354174,0.005922023613975869,-0.024333143702532367,-0.002025540646563573,0.00661900157301365,-0.0005761635254943887,-0.014167557855538582
2023-06-28,-0.018125043133049856,-0.0019929452116996815,-0.018782869615464937,-0.01719586841314935,-0.0012273182071536048,0.003836531432920731,0.020903921088951005,0.0003387792377866905,-0.005736197329250348,0.02361840607427701,0.03425434702868868,0.030489699470433784,0.0060578659266816715,0.016232029944884818,-0.005339554541114899
2023-06-29,-0.007174549221858895,0.00971226025785521,0.004423921770446704,0.0013886697517559998,-0.0011600500608675013,-0.003767376875943862,-0.0005926308838686278,-0.014100697036671161,0.012199184368087312,0.022828592114585655,0.025044170767212437,-0.0018433755704569954,-0.008645386369209085,0.009634757004266525,0.0038151153611867272
2023-06-30,0.03625514278983499,0.024002210082830766,0.008300899462249545,0.002149420747947328,0.00193557583899584,0.0032716096651925763,-0.013425734622849461,-0.030101479364623818,-0.003958104993985856,-0.013021399099548137,0.003852176296804455,-0.006658911648414034,-0.013359723065805684,-0.01914107674896559,-0.012264733522359683
2023-07-03,0.002623966037802239,0.016767588195155003,0.0088204558789442,0.006434107773250153,0.01259729242801777,0.004281889371110736,0.0034348586903858447,0.0035991945741424836,0.001088837783891572,0.04214632944318808,0.062071296432522294,0.0438614763698566,0.017053138627436404,0.02686375816418196,0.040938887928514855
2023-07-04,0.0,0.0,0.0,0.0,0.0,0.012254209494029666,0.014921148910658433,0.0018721439895550418,0.011931175367942526,-0.00035180029803827395,0.004621411382644158,-0.01858871576564114,0.007043927275214967,0.009612921245115702,0.0167270431917923
2023-07-05,-0.0022635317287794665,-0.016145767151695134,-0.024648207747924977,-0.022066305961343624,-0.024813111218368045,-0.004814418983904223,-0.003971705256344826,0.0048212730995240705,-0.005650804709746549,-0.0022779687849961983,0.014481046641633855,-0.00923554652765346,-0.005628716862988492,-0.0020792630983822447,-0.01582222147446255
2023-07-06,-0.005056979202367806,-0.004124559928878946,-0.01630652854743808,-0.013215202720023966,-0.02285975700751286,-0.03375495189972699,-0.014678324552539368,-0.03146213023070876,-0.017621463769836643,-0.03972615429114734,-0.018943508187670655,-0.02790486833078487,-0.011256755456817591,-0.03044067529665817,-0.054233869110219324
2023-07-07,0.00950035585304132,-0.0027318045366390153,0.006248828058684985,-0.005770087245561606,-0.0036751005570067052,-0.0032783705235127636,-0.014834394597030287,0.0013148308892565463,-0.00832762258549058,-0.00974063554122151,-0.012336295541165665,-0.017213918253333294,-0.028403519855398462,-0.022264613212858664,-0.0013713292195883797
2023-07-10,-0.007599430280755715,0.0036229006692860555,0.010177733515606802,0.00709327000452209,0.018787528438534373,0.0021721648897634616,-0.011053097680694401,-0.007022028294148441,0.00013120209695505203,-0.0030306303321155914,-0.013094639248729778,0.010928367670724581,0.0033590982682691894,-0.00440554235521462,-0.006338363347037745
2023-07-11,0.005334251941671919,-0.01989788783057178,-0.0021345860856436527,-0.02134338355332077,-0.0068045028449158496,0.017949812527301656,0.01603350504883383,0.01062346616708476,0.007967593566547082,0.017328451665875155,0.04935943303739565,0.0049199778505346625,0.02705927472171199,0.02638840676832155,0.05360097830417998
2023-07-12,0.03530234841526014,0.029284963574986778,0.015487490349864963,0.009668780844373615,0.028170271315537843,0.00476086568534595,0.0015604255931789268,0.007602574401476714,0.042495605997471486,-0.025174483777895773,-0.017168766962565973,-0.007424570444408585,0.011846640047876278,0.02396387625349039,0.04580644421512514
2023-07-13,0.04726463533036429,0.011694853521353687,0.0374114219385111,0.027071703918278844,0.03570346582907824,0.01966700003433841,0.00011239844043520186,0.007466020562547859,0.005509826542012819,0.03361383512529037,0.051693163923143715,0.04738704033037755,0.013187463118905729,0.0017739528837750207,0.3168241077579548
2023-07-14,-0.011049073243267427,0.0001725696409327071,-0.004548483629023825,0.0006309794140639813,0.004369049588121898,0.012736741649697736,0.0201453339653197,0.04802108618767775,0.03756051798906013,0.019410214264861336,0.05928684612453483,0.0010939398373817077,0.027204269667877368,0.04060515112576102,0.14297913066218926
2023-07-17,0.021817083897419653,0.020527835115587312,0.006853834100515543,0.019335973467212497,0.0006231753431753528,0.00025199186970348286,-0.012757083571728556,0.0002519918697032608,-0.0035084440253515536,-0.004376990941682868,-0.004376990941682979,-0.004376990941682868,-0.002551488126206203,-0.007962163465982441,0.05643304499062407
2023-07-18,0.022233680307905734,-0.0032961408946444726,-0.00437596839314669,-0.006804497000718501,0.0033665630096020305,-0.016920567734717062,0.0,0.008695678737430823,0.02264148734790017,0.009563701345740805,0.005644468888158949,0.004164332696227735,-0.015491939700701951,0.007414801976302732,0.0032961587493665068
2023-07-19,-0.008780002609210857,-0.01271940978646946,0.012697344613816108,-0.018891202255647888,-0.05448922711135218,0.0015209165840022187,0.020583621883376813,-0.02869740791219133,-0.02763130292397642,0.014251058958527185,0.0003684682540718853,0.00659269249285499,-0.0037652273082176,-0.002144396205187249,-0.12174491538280208
2023-07-20,-0.03307360163940343,-0.05307910580586894,-0.029738110907890802,-0.054591809812973846,-0.05539415236170475,-0.007946364104675085,-0.010240731475097187,0.004329224554982192,0.001256968196524877,-0.017305201220737865,-0.04569082742229291,-0.026226380396859872,-0.009880188607983564,-0.005224441848874384,0.0561965417572492
2023-07-21,-0.026603739816097205,0.00634917866886342,0.03313448636082361,0.017606664438786224,0.025483284468265754,-0.032643674678982326,-0.01427610989461503,-0.026259181607065307,-0.017133541429208865,-0.05802947969223404,-0.059676385633787854,-0.02286201900529694,-0.020168089491138574,-0.02564891855378726,-0.03087081484399834
2023-07-24,0.0068383756531493756,-0.003064410520436822,-0.0049711119978133045,0.01429650882586575,-0.012807257782565973,-0.012612604109761616,-0.01924444918284507,-0.009073515859973291,-0.014891091780316335,0.01046757006486665,0.01388812505478132,-0.001304037195330232,-0.004224538270734657,-0.015142223991487347,0.042974000421717395
2023-07-25,0.023917317957871775,0.02160744396040415,0.007816349966835334,0.012360091423606834,0.004119927365110021,0.020429996871474287,-0.014122322206000293,0.03692741765515928,0.030251248750011284,-0.0034566350671094703,0.010730127554247071,-0.0014527109234977464,-0.0017063289498798762,-0.0012858705116742808,-0.01514582434838363
2023-07-26,-0.004969360111831689,-0.025752244797428103,-0.008395325364103146,-0.007425403896006433,-0.0043649802127443404,-0.0009953712732726494,-0.010802634906539654,-0.0044716091784721135,-0.02834501296486225,0.014280814125030794,-0.012576093269349942,0.011805235728999719,0.0021594247036782477,0.0014858847763850047,-0.04923632118419363
2023-07-27,0.009856569936508297,0.009174331636187416,0.014755662792975022,0.051215340290225564,0.03480937228937919,0.003754235100430714,0.0030351951011944323,0.002860671167171258,0.010301697861595072,0.03118585147062669,-0.012294001738181182,0.005855166957620117,0.02637466084248552,0.0964415670854597,0.047082320664605604
2023-07-28,0.018518570887228636,0.01674167989106512,0.028843803943772617,0.03961943268867718,0.01447506094706763,-0.00613513335093685,-0.002629709704402239,0.027991330865190678,0.011006113986046895,0.0360941031704507,0.009040027829110286,0.001825807921390643,-0.02202158995249981,0.02525509920319502,0.02026423855176418
2023-07-31,-0.00044930200174575496,0.012747897070443548,0.020775613114898395,-0.0022378622776645374,-0.0027285389515572245,-0.005345307014975598,0.046719169503233404,-0.02730968559939373,-0.0114405365089848,0.0023498095049931944,-0.02715779620192771,0.011180975468162657,-0.0024035614130086813,-0.02723182354612108,0.037920805394784374
2023-08-01,-0.004750836978506534,0.02797200092273,-0.0006810467900936201,0.006860627306219946,-0.008543329182876369,0.002088899971575353,0.03183926157267991,-0.00580638131733302,-0.005331338773297722,0.016935355278495656,0.0287666236775046,-0.011841721297714547,0.014208730766595234,0.009381558423604774,0.09625772582710823
2023-08-02,-0.048121787475430944,-0.07015306213473704,-0.021274934654496036,-0.03472450898990487,-0.0361926010167819,-0.016723208839808823,-0.01178183517453113,-0.03671783566847808,-0.03143969188038198,-0.03642453791510947,-0.049128086467991494,-0.030077645184194868,-0.025358595326109956,-0.05300456543777621,-0.08567142198185884
2023-08-03,0.005556931534105303,0.034750828575979664,-0.0817669049653228,0.0032580082145101663,-0.0030012326442313553,-0.001109732078366621,-0.001109732078366621,-0.0011097320783665099,-0.0011097320783665099,-0.013693775457523594,-0.029086178712850796,0.006149556628917585,-0.02053879238516032,-0.0007151575333576021,-0.0038685512478610073
2023-08-04,0.0037066180112304004,0.02359697863843735,0.023589000794351556,-0.014545430338372634,-0.004361165401988831,-0.012802104987735041,-0.004558551489922791,-0.013898897150996792,0.0036779567316334028,0.014125213289474248,0.008691182129089148,0.0030436856946474133,-0.008056159603935353,3.8053533146342744e-05,-0.048423960218485274
2023-08-07,0.016495228541681506,0.008547728081316652,-0.01777786324827413,0.032404074482245804,0.02268302410770806,0.006854010768966301,-0.000363367626077693,0.022564073602549417,-0.012335006267217175,-0.005393258487671582,-0.011353131711238973,0.006842644700808087,-0.002190167789977049,0.009807619027115244,0.00019420260073488294
2023-08-08,-0.01657975592140748,-0.030648011955178522,-0.014077321014558608,-0.015760026097937696,-0.020261862485326798,-0.01117429671641812,-0.023079712609474723,-0.022838299474842394,-0.028697103252094736,-0.013130060646544761,-0.046468709308440825,-0.02275194047365592,-0.016685307247419345,-0.030568111106401896,0.0069612146062763
2023-08-09,-0.04724164060019209,-0.02437518373579961,-0.009264122366897332,-0.01925552655782603,-0.010127007731116855,-0.0004801618213152725,0.011788345064345673,0.014184982608272723,-0.008229586084747886,-0.0021382255497598424,0.02398618820494458,0.0048855556274838285,0.012325781187059626,-0.0076120031940295485,-0.0265559255706157
2023-08-10,-0.0039009334088004888,-0.0021725161683491256,-0.008235234591019713,-0.0037888442884415063,0.007910999218913917,-0.002702154189569983,-0.008715391685185092,0.0027279374576831827,-0.011925737943222381,-0.01800982738812751,-0.004208645786650145,0.007162017762924799,-0.010785926287332104,0.002306590285837018,0.003378625703448046
2023-08-11,-0.03616590746298254,-0.02413139418581045,-0.00864986401692358,-0.03996948669892464,-0.023649752573617122,-0.010089045995011148,-0.021205436474500572,-0.005523767161552673,3.4245605401883594e-05,-0.007780239903458885,-0.007780239903458774,-0.007780239903458774,-0.010884411498935376,-0.030465773861348855,0.018798533779725846
2023-08-14,0.07093379562245694,0.04099659453956073,-0.005147991300146759,0.02204134870706964,0.007207800381863194,-0.013895124816645787,-0.015041331552913983,-0.01378793910492293,-0.02373789677736582,-0.008548733939223507,-0.031343067412697434,-0.011698908709432132,-0.011421426687769354,-0.011923475190014021,-0.055106763057303554
2023-08-15,0.004274024076167615,-0.005626048079355517,-0.020522556254821134,-0.012756527111720373,-0.022278689754513747,0.0015342586041302564,0.008612371323062806,0.004251345240649851,-0.012175887896947013,0.01243916159643943,0.014778103235804974,-0.0016351376997939537,-0.003843448851721054,-0.003843448851721054,-0.003843448851721165
2023-08-16,-0.010332495164258826,-0.037359641578097236,-0.013699946707456445,-0.013063740129610535,-0.008071515386828487,0.0012270158984124535,0.01747101107928728,-0.016977092734797083,-0.014075612323147246,-0.012563235352102575,0.009850139204175878,-0.007966120986949266,-0.00743235228088579,0.004821693601226196,0.05276607086926899
2023-08-17,-0.003265211021494019,-0.02565537771587645,-0.0006354892460680439,-0.004774222002904782,-0.003248318809816575,0.0021836251320130895,-0.02323891269700118,0.00312167776329475,0.012889790695765457,-0.0005592285200772817,-0.011472047174411082,0.009549371263001705,-0.007879060126391724,-0.012022920577435925,0.00900170935495459
2023-08-18,-0.0010382705942091341,0.009670571459461375,0.0001817469865266208,0.03684875004597332,0.01705602527228578,-0.008681632430978858,0.0005141452738459673,-0.013317814883647694,-0.0027662668028864967,0.01111792721384064,0.019697817978109544,-0.01017963381262288,-0.0028422314263882864,0.02414613190983239,0.1894040228799072
2023-08-21,0.08471335046832018,0.026268414913473537,0.005267936350595637,0.042829033000765016,0.01097158818327526,-0.003885647314997076,-0.00759258662194251,0.009168645583673918,-0.019908855290582395,0.011818617617241234,0.002814850565616478,-0.0018359108403096513,0.004457386352731962,-0.0068927849801280194,0.03280250473725754
2023-08-22,-0.027657872167618613,-0.023655493713892195,-0.010932418939987198,-0.006183975583248902,0.007546947127323511,0.007000691662395919,0.004037360283634106,0.004182586486189743,0.0006731617159780878,0.012737228717487836,0.039322306547187935,0.005965692345657914,-0.0004254155979644958,0.0004333726258818338,-0.06572429751574749
2023-08-23,0.03170735581295814,0.035680451565405,0.015529166480769518,0.0031859130647893252,0.014381597563370097,0.01839281192858211,-0.0033866819354231303,0.007297770258906766,0.02597855517525205,-0.002659680419961008,0.004296583043313262,0.00040033725035004686,0.007545044192600825,-0.004254608789076686,0.021543541327066595
2023-08-24,0.0009974451305920784,-0.06972491302329908,-0.023927100885426378,-0.037027146473355144,-0.04327154845225312,0.025626259446775546,0.03372428415092421,0.03588970422656579,0.005986739794052731,0.040297830622541664,0.023675679923324422,0.012405841241253546,0.025510330202685783,0.051589906786059236,-0.017582012170762717
2023-08-25,-0.02427763154795337,0.00442040210954997,0.016680401453539773,0.012910488808504095,0.0049242776803648525,-0.03064588449197403,0.005658047628782414,0.03232475017919367,-0.012807533629208279,-0.06828783465747335,-0.1085387725132052,-0.02817428239724029,-0.015268754338091495,-0.03555099783693927,-0.018962784194262006
2023-08-28,0.017754059903671182,0.0035207883652963456,0.012327863981888454,0.007342581282107075,0.012257936664150426,0.005560806053327649,0.010153169400828554,0.021526722801799902,0.02316975381037767,0.020950124895702915,0.017395148995694054,0.007499785786548863,-0.0022070897618181595,-0.002887912772958967,0.013328659784433317
2023-08-29,0.04161412789856467,0.03225804053118608,0.01880363760837933,0.03135751495905725,0.012928916930343926,0.0052750206907332675,0.0126477120090287,-0.012791291723426856,-0.007713997628195135,0.007618981200970598,-0.007020931775335915,-0.0013080161353289377,0.0005972385468757668,0.02390699940326879,0.006055006104321858
2023-08-30,0.009839226121740596,0.006325511523108673,0.002566817618188999,0.006467769480436925,0.0030711475509987984,0.0070490078939817735,0.00019485092706372775,0.02291620831748231,0.005946160610442952,0.013005618337724734,0.010256874144938921,0.015673782892781984,0.005821726277970507,0.008079016760102142,0.0339174631370438
2023-08-31,0.0018473867447850179,-0.008162070992381087,0.01112381980329391,0.011990636196794302,-0.013486501578134358,-0.01180021339760784,-0.006636183996192813,-0.017649998980694526,-0.010699015736882256,0.011666286058162667,0.013633775670557124,0.01603261115313126,-0.004457729465151328,0.01858924903834569,0.04573394356744176
2023-09-01,-0.017141149223782515,0.035281835834945374,0.007509088032846778,0.008051767674320143,0.003012599240756586,-0.002103927502945302,0.006807174005290628,0.003953128069982714,0.017141274124597983,-0.002213723338756135,0.0010121501754611906,0.0012852353928247684,0.059995657914200695,-0.015975672045417055,-0.022928136302949764
2023-09-04,0.0,0.0,0.0,0.0,0.0,0.01466248135913939,-0.00032633737352971703,-0.0059445471725746435,0.013230782421586929,-0.0016752415216927385,-0.0075458375606346495,0.0015765238160703188,0.00828206665823572,-0.0012531111588977017,0.0002938015346516387
2023-09-05,0.0008040035220013841,0.012151684496470416,0.010052900374823759,-0.0024677988881546264,0.00156986890747568,-0.008814737209825507,0.010010006357406231,0.004401260245196159,0.003328446927011841,0.006425495616205978,-0.01619625727280638,0.01930154864120026,-0.007391490892612929,0.0013053377017986367,0.009933664824357757
2023-09-06,-0.030549686599309234,-0.013540350392929668,-0.016044697636865335,-0.0027991720375801776,0.003737347853097095,-0.005081795497787978,-0.009807897672000965,-0.0056769744747355855,-0.006713579091265798,0.012944910891033112,0.02360152406097371,-0.008996878870621616,-0.020146090499216895,-0.020293607210856823,-0.03222755208557848
2023-09-07,-0.017424203279992168,-0.02461568879442444,-0.0722010223250582,-0.0323150229690089,-0.04241484587011446,-0.015452806191271762,0.006095350687496337,0.0033126923180009094,-0.011481850810045713,-0.008608936904093034,-0.0677566743237531,-0.015442906701584214,0.004409644348806641,0.001237420408126022,-0.004771133933351601
2023-09-08,-0.014467696787943796,-0.004690871725100743,-0.0024435960430007064,-0.004722290124089534,-0.015569555888373277,-0.00856183968019264,-0.014167488241052184,-0.019870139608211934,-0.02221606888514882,-0.035783838369466636,0.017083001021299893,-0.01450656988110155,-0.001839865298621568,-0.04090915201403289,-0.05449835707012096
2023-09-11,-0.008645779609935622,-0.007257957108547819,0.03900500253883976,-0.005558208223646721,-0.00023864774619397622,-0.007227179498769387,0.005369693120220287,-0.02737856555382967,0.005941977671876764,-0.02839197408834182,-0.03311122639427333,-0.007192684006349648,0.006132153835642029,0.01835677261275026,-0.01756246228878222
2023-09-12,-0.006817399269024138,-9.496901119876444e-05,0.008614520060429953,-0.018676416099694282,-0.014194735165416028,0.020603235127651498,0.025311960759248242,0.023314154104716156,0.012117225391606423,0.014958251006674583,-0.01749686226074121,0.017206078832289196,0.006983866343797551,0.01824929682553922,0.001782485680142054
2023-09-13,0.013706270670302612,0.022789873530702165,0.012676485693379425,0.004237096864459611,-0.0028276082017868465,-0.0072974160564037716,0.0036920448846560205,-0.027720142025178363,-0.011442406042860287,-0.009270574867397907,-0.017402132890798838,-0.016142356313813666,0.0028936913236765616,0.012617388307125221,0.002901833172093582
2023-09-14,0.0021107337061430087,-0.010026941233261755,0.012428904965718912,-6.898729135518256e-05,0.007859841384399102,0.024513210200227897,0.0035294093466653464,0.02888453546745806,0.04020322369949647,0.02901061024250362,0.018906587263592955,0.01092772117987284,0.006971492195857465,0.026826528059106236,0.008862550828564464
2023-09-15,-0.03687963540365935,-0.04820406566674351,-0.007891806327629869,-0.04371595067111478,-0.04058552662845538,0.015373250296816687,0.041776735300034895,0.005148362355562597,0.010227776796730703,0.03012982840389422,-0.003021059507385404,0.01350709991924437,0.006234793577337472,0.003682106635277238,0.0076297117333337106
2023-09-18,0.0015034679326986211,0.008670853299196368,-0.0034471803086135733,0.014611139362024295,0.0017934200785296728,-0.03253434388170895,0.02460924957454691,-0.021831028860671675,-0.00028546208209745405,-0.0026104471338793678,-0.0026104471338792568,-0.0026104471338792568,-0.02599812751298114,-0.02877306168437843,-0.07119218182824183
2023-09-19,-0.010144243880698789,-0.007424070683204498,-0.018004376878552053,-0.018250507165310625,-0.006625162515156213,-0.00434402184359528,-0.012144240018848063,0.0037597273972882483,-0.005815250576877262,-0.05060641465432658,-0.03859081862093339,-0.010777668226991666,-0.006625270509689085,0.0007465011780705133,-0.015829176487635044
2023-09-20,-0.029434586134298613,-0.012498811778685837,-0.01354774901586775,-0.005373770986412452,-0.006551312047651248,-0.008110186415676068,-0.020613515606333954,0.0018263613487607966,-0.019155388857461264,-0.002130994844553924,0.016292636234556568,-0.016621814906030985,-0.002017089235730074,-0.00922505911204119,0.003880448462304953
2023-09-21,-0.028930686082666024,-0.04215662628982697,-0.011536230323356489,-0.012995335296672406,-0.013155414801163001,-0.01584294131583308,-0.018015197623677426,-0.022717150458954505,-0.009360733609272254,-0.01471770942967654,-0.030294374445026695,-0.006952422799974434,-0.012888322424756016,-0.015535117497801343,-0.027938615955229618
2023-09-22,0.01445725565008038,0.000936388901457752,-0.0025935677103096078,0.007248785989738327,0.00855502484392412,-0.013466584693628936,-0.004017076283498788,-0.004017076283498677,0.008738245334775074,0.00017482004497204606,0.00998984350862342,-0.0004818015852753321,-0.008025748363938878,0.00023784598746212637,0.02109644773542918
2023-09-25,0.01470818668448648,0.012266115827536339,0.025538672352933167,0.003084657787479017,-0.0016520543144054045,0.005966220266423905,0.012284753908356372,0.004683055874611375,-0.0008361943880902389,0.020507297045617046,0.033187472610925584,-0.008391537024065476,0.013641327959738714,0.0023076983702712273,0.004877653933517134
2023-09-26,-0.007365754382031242,-0.014582031310290233,-0.006429534173008733,-0.01837606915622636,-0.022895969625515766,-0.010560028036669222,-0.02298354574929562,-0.030259972104536792,-0.01495809999364306,-0.039450145631517386,-0.024900890567897682,-0.004959223177001926,-0.009172578482930405,-0.01735753658462924,0.009182507672166995
2023-09-27,0.013289958567419546,0.021988335040459495,-0.004830429096791433,0.007308679089836456,0.0031780861650037018,0.0030618714089041266,-0.002702775407978919,0.0018719965614713008,-0.01232304664289452,0.005114311057566656,0.015761869711267806,-0.010642447474182082,-0.014184367883236848,-0.01388128647388931,0.033817174902320835
2023-09-28,0.014622714776657109,0.04782300862649813,0.017492366779421342,0.023397073600322615,0.010651985470312875,0.0007964883665481093,-0.0038276597127976375,-0.001117095575179361,-0.0194947404208915,-0.014260488051969666,-0.009434760729170044,-0.026031892999991757,0.0006874926064541764,0.0006874926064543985,0.0006874926064539544
2023-09-29,0.00951528438789051,0.0005838610095998398,-0.0003601623725382197,0.0016641154514343004,0.01379504752413796,0.005146500477241744,0.005146500477241522,0.005146500477241744,0.005146500477241744,0.026952970923132646,0.030913103604044423,0.006640753305247271,0.0036873322648274254,0.0036873322648274254,0.0036873322648276474
2023-10-02,0.029494865921418034,0.0043765507642268275,0.0003602921362089173,0.007656126617914705,-0.011008232446956812,0.013298679078303621,0.007815206256521545,0.007907821229312217,0.015115943121553954,-0.014060393587291609,0.02730493331683692,0.003011707436958222,-0.0030252570362394593,-0.0030252570362393483,-0.0030252570362394593
2023-10-03,-0.02824800579722553,-0.030889851028438997,-0.008190775405586881,-0.0199984360599883,-0.01989065239373411,-0.009403184004575627,0.03425936135969887,-0.00640879702240249,-0.004068689459750474,-0.012212903834062039,-0.014836645692778427,-0.014200661951330185,-0.0016615099043369996,-0.0016615099043369996,-0.0016615099043369996
2023-10-04,0.012041406529337273,0.039868083440936175,-0.0030855291213809366,0.018870638771584014,0.03550664494939593,-0.01716237465412196,0.010209470512511087,-0.009200017515201386,-0.018546996610962263,-0.026507445308053934,-0.04573268161815225,-0.017028033412505805,-0.016809736979041756,0.0023795764486715942,0.024656959487143526
2023-10-05,0.014690799190119952,-0.011146305718424343,-0.0004551241768108172,-0.00014365186306619648,-0.0155199731865856,0.01602917473069332,0.008332084327457023,0.02348046806694848,0.01718336351218408,0.02195102020483941,0.05266045652247908,0.01837919346503525,-0.005957449435439632,0.04780771879154244,-0.014451062011510363
2023-10-06,0.024033304560156843,0.042075542197793414,0.009835848111244161,0.007251545038867713,0.02693897353665098,0.010313409770821957,0.0027170079342506703,-0.010712277871104181,-0.0005456663226458547,-0.012611152253381386,-0.013177262443623161,0.0012821983369701861,-0.006745668765135604,0.005459079461365146,0.0037888172621847183
2023-10-09,-0.010685901918534024,-0.0025176860168292237,0.00829741031694109,-0.000998133817473601,-0.010027664646819368,0.0026683164794849557,0.0026683164794849557,0.0026683164794849557,0.0026683164794849557,-0.004672876163001827,-0.004672876163001827,-0.004672876163001827,0.002009940203393068,0.002009940203392846,0.002009940203392846
2023-10-10,0.011596534496932875,0.019070775846009136,0.0045617148710233035,0.008919343822745507,0.01822885226756421,-0.0006005032879898842,-0.0006005032879899952,-0.0006005032879899952,-0.0006005032879898842,0.03975722080979871,0.03768954632885846,0.02653210964283037,0.0034237423544534185,-0.010076257706345348,-0.0655439828387302
2023-10-11,0.022009735205023917,-0.006421471093651765,-0.010595714774091936,0.005516352651552481,0.006709389769858243,0.02641455274676585,0.03953082499794536,0.04919263977440114,0.029987020754671523,0.02081407196322904,0.02325470335465818,-0.002253780169233055,0.03093567744857051,0.0012061095945303801,0.03903299337054844
2023-10-12,0.002969577792441669,0.004431754849536507,0.0030599228548839896,0.01983399455052104,0.017436857275873185,0.0096827271394202,-0.00010510731191148981,0.007314467514655254,0.01878961378791333,0.026607809050952946,0.0374965397820779,0.029461744168237214,0.01300416181983155,0.04477265170059175,0.08448718201790939
2023-10-13,-0.03161139232786481,-0.03401052069582822,-0.02512118656587614,-0.026620533208168817,-0.0275799087311962,0.0019979016855695697,0.029576908056514695,-0.003437992107310217,-0.003437992107310217,-0.0029181959891463327,-0.009369212728888465,-0.009447939804505534,-0.02044032883789826,-0.003480131136903819,0.021034650021104495
2023-10-16,0.013945922080282003,0.013036471541754802,0.0170254971725865,-0.000992011897075873,0.0067530820800874025,-0.015235029771676567,-0.0031529983758186164,-0.005068091088088256,-0.0070117958095266,-0.03698523760175654,-0.046495177039163615,-0.018585919703848597,-0.013024526775988976,-0.007556986297895474,0.016385590266082106
2023-10-17,-0.046794543772494146,-0.012399020347321654,0.01529265153616488,0.01219836639620464,0.007999481998893554,0.011272996593131746,-0.01760087591283821,0.0002609778396391871,0.0002609778396391871,0.02369821825381857,0.01186991917468272,0.009014178431872244,0.03450104933281328,0.05089215889508014,0.011786863931240399
2023-10-18,-0.03964679516613112,-0.028248061993003337,-0.010873344090911674,-0.008898501177476259,-0.04170061610482456,-0.02416265360061365,-0.018767741345570577,-0.004284615942896863,-0.006367658249505692,0.012902670679639128,-0.0023426947591286273,-0.004584434339714782,0.011923190403679618,-0.0038654982716052055,-0.010630464051844535
2023-10-19,-0.0022512825797047498,0.0022511829407421136,0.002703085857274523,-0.04962896497136693,0.007681365211123614,0.008916750930521244,0.01869460243664589,-0.002170100352863691,-7.82583219345323e-05,-0.04688119662701051,-0.03399680933246374,-0.012775263492158628,-0.01532686839138353,-0.034197608960102155,0.0022557654745709588
2023-10-20,-0.016959393820586643,-0.005761757407162227,-0.023813782975810716,-0.0023059922177545156,-0.012982332476381475,0.01979462315427072,-0.0009600800338579463,0.023035995847618507,0.005643053729339931,-0.005106242978195841,0.002187841947778102,-0.016197897547181817,-0.011290868699682544,0.002741492961638059,-0.004634279781372541
2023-10-23,0.03836965027488137,-0.017679947603646218,0.000276319363780253,0.0008201353095440567,0.01325649455799982,-0.021089408039228652,-0.007954247754496713,-0.02904662545189285,-0.016170838770005247,-0.0015156769933969416,-0.030324148447685384,-0.010289738232484136,-0.0007374477993389306,-0.012415553923650569,-0.04815584787106619
2023-10-24,0.016009213905386455,0.016598300142556255,0.006718058546767436,0.004991550518956611,0.022048734763623568,0.002978057798887823,-0.0031302585607225764,-0.005743517172423496,0.008290433170305533,-0.0015031356859508405,0.007038269453283341,0.0033282394963081163,0.01264400778085184,0.033998563326864684,0.06957247250893617
2023-10-25,-0.043148646244381084,-0.05517852573410509,-0.042142800173536,-0.03550772665313229,-0.028980546191313405,0.0009937118614655738,0.008354081723873419,0.0009937118614655738,0.005212842969630316,0.01665565490105414,0.028276313827447774,0.010443848305333292,-0.014096084270150522,-0.0013643347724145993,0.008406110587097837
2023-10-26,-0.034778231655263836,-0.024880277434846,0.008016843282327324,0.00561052555675845,0.008331363851167728,-0.029211632015528455,-0.011494239376543591,-0.02289292059570569,-0.03466553057034982,-0.05187530105614613,-0.07023752240709757,-0.024310677673067604,-0.02567317383650336,-0.06511348081481749,-0.030055246136178493
2023-10-27,0.004314816820260026,0.029465166971098578,0.00795293210264969,0.0035159587937918513,0.0030600455222320466,0.004430346055358969,-0.018935492519749353,0.014063028288502144,0.01688826104905905,0.012153608750970823,0.0074883401567149566,0.01882145766651311,0.010744203844924582,-0.005780191378028876,-0.013784384133245231
2023-10-30,0.016320978361385352,-0.0025925541761776527,0.012868755283283129,-0.0020566289279748684,-0.0018981069553677399,-0.0035729825698268547,0.0680937655464342,-0.01489334486177285,0.02272643816664721,0.013957463410371407,-0.0005176257358930902,0.04834638758088472,-0.003600895049001296,-0.003600895049001296,-0.007084831441602657
2023-10-31,-0.009256328431563987,0.024121435719099082,0.010757789337570545,0.010074426487860721,0.01686248735850815,-0.000504884704327635,-0.012430145133220272,0.018625167560742506,-0.009449734669799481,0.0018891854677161035,-0.04275020800670415,-0.0009713066172997165,-0.0006714253051092189,-0.01833028928481739,-0.07406224597909228
2023-11-01,0.03788636309598581,0.09685280117286643,0.017432663226473633,0.02221358174267185,0.018400141617248122,-0.006677333559684029,-6.79036726353166e-05,0.003972427384639321,0.04763850020347182,0.01725106735569537,-0.07255563733222814,0.018217562653190633,0.02382365297869704,0.03279249088721792,0.0022556226784316014
2023-11-02,0.027903061584796385,-0.001943716056026723,0.05834608433284161,0.023800790971333585,0.03800940547050202,0.03682004229202307,0.02683166613186616,0.013917175337674781,0.013829660027585344,0.03779120757123766,0.10525262834530569,0.04613262904556148,0.017784081546356356,0.043355572296914335,0.09105890064342637
2023-11-03,0.034454992371588444,0.040990430250297694,0.018404847754650122,0.008952149661336506,0.017453478880122386,0.01045346791648094,0.009092420129462875,0.01979118269687752,0.014731175776458993,0.0005183022438166596,0.0005183022438166596,0.0005183022438166596,0.0091670970749409,0.01465005451731094,-0.005228778155667135
2023-11-06,0.016575870133093362,-0.0044543429844098315,0.003430531038736584,0.004365155524905351,-0.007736491853835181,0.0039945474028699746,0.015991848203661396,0.010698037233800584,0.021819384610928916,0.028529669565214855,0.0891238561151031,0.013717603334304496,0.038805217776529455,0.07812221258787311,0.055855489824907734
2023-11-07,0.004459001938177831,0.015212500655411132,0.006587254198824555,0.009831904184319118,-0.0017726501969301811,0.00869485846683804,0.00640766650242286,-0.008828029126184411,0.0015298471060518626,-0.017265396114136133,-0.02179728577840312,-0.000922907619182789,0.008272221006641711,-0.011438219444169118,0.07893752255042807
2023-11-08,0.013469719007742631,0.0012340184523080833,-0.005467413468322135,0.017567212005135557,0.004683071164951036,0.0024825611702792294,0.029978649684064607,0.0006795778935393404,-0.01660664377267751,-0.0005908155168362628,0.01655949703465942,-0.017713862567568572,-0.019727254276125206,-0.027053189254993115,-0.0342931723368648
2023-11-09,0.008073151372346432,-0.0008803457817150306,0.0003332837243608111,-0.007349200593174565,-0.00786784066824886,-0.002424227390477429,-0.01402053865571451,2.2116335906208207e-05,-0.0003254495398206103,0.024329080853391805,-0.006134358767184489,0.004617555169174281,0.002977795369475622,0.00039729535496402235,0.008752618373125909
2023-11-10,0.02949948780642675,0.04493786739024341,0.03422153669276318,0.05245489135368708,0.04260069172841208,-0.0011627354122298872,-0.0243401819941933,-0.005395109596219139,0.0007804863682696617,0.012537893335998529,-0.007883139987237442,0.003006174108559634,-0.0025536501262616307,0.014042997549450487,0.07224546402712995
2023-11-13,0.005896361179310139,-0.015178307428517557,-0.0028983616032982606,-0.006238312537234392,-0.010101508863685327,0.022209467040998243,0.021962431484836342,0.03957832594192934,0.010700043695181405,0.016544215476532287,0.014521989968839355,-0.006566825846869628,-0.004762944054609752,0.006578731487913547,-0.1311251591998701
2023-11-14,0.021307912920750294,0.02645771310615519,0.02834084335576681,0.028983786186019822,0.031790307410881624,0.0048984842716022214,0.0020343854844191434,0.011330535116671037,0.0031415989821952373,0.027813369971065427,0.03525119984822456,0.0006990674070797009,0.006101202151271412,-0.0132457959126,0.029841018727385205
2023-11-15,-0.015466110082891782,-0.015682326463886898,0.012248550401815272,0.008371999968442179,0.0038345933136707533,0.02103817985439882,0.008553926749625296,0.025570410574984548,0.024478887138296157,0.04610614481994246,0.08312983080294667,0.04321266877926866,0.03136936930833323,0.043267696835721514,0.058964465686696776
2023-11-16,0.012109167803242338,0.015508490093683713,-0.0017064275918368121,-0.00360422279457262,0.004233019053034859,0.005586582186851041,-0.014418058181831728,-0.005816524662020317,0.009671795324017518,-0.005859199637985979,-0.022876310661531063,0.024254703490965257,0.010153738262552725,-0.011619301481503475,0.0034362390690361178
2023-11-17,-0.0036781866006183606,0.006592680492829794,0.005982956005411877,-0.040178346270216325,0.00766687968629487,0.00021627661242695773,0.017774328232663228,0.009411477905176158,-0.0021129675794766545,0.004425314778078837,0.004875327786780348,0.02406837851557042,0.003129651447208115,-0.010991871941924303,0.013737744134393104
2023-11-20,0.022536217261288405,0.00754432110755876,0.0003089358624883687,0.02678529287816911,0.011980930590103744,-0.0019652336762572276,0.012101726862619788,-0.0087670709177613,-0.008090999619280947,-0.0036639159555588163,-0.01046617420633078,-0.011765061459992565,0.0011705999441926629,0.00994529001321709,-0.014302425387901496
2023-11-21,-0.009224484751516493,-0.019501317707502852,-0.019226359958552597,-0.021760503710256285,-0.014244437984869407,0.022457564123959495,0.023956198364158743,0.03287384141473648,0.0199788297253638,0.021853211831597497,0.039593885584660704,0.013587585136288771,0.006312058388268094,0.009518488692867866,-0.0031747299939857143
2023-11-22,-0.024587547047316805,0.02811344722362019,0.0037790538748414537,0.0036928073010344953,0.0005550492947021812,-0.010720078146122303,0.02032646007132577,-0.0009527085097652543,-0.010201238649582112,-0.007904816450083563,-0.041976680389244625,0.004513630175075889,-0.005435432107003368,-0.010709780809275427,-0.0022010538816060743
2023-11-23,0.0,0.0,0.0,0.0,0.0,-0.00284386602071951,-0.017249435724942197,-0.0006342666484941972,0.010599799310619051,-0.008751598135009808,-0.008751598135009808,-0.008751598135009586,-0.008251401608162068,-0.011885856160829489,-0.03509690797711096
2023-11-24,-0.019295417383428215,-0.0016325571312481024,0.0019607931099474563,0.005753379337896325,0.009316712646868508,-0.008211078349572132,0.013043377625542973,-0.006961714971870814,0.0007040977049455055,0.0013335309713959909,-0.009474616180872086,0.005180432597834628,-0.010727070249396453,-0.017193215145860585,0.017336658894229195
2023-11-27,0.00975387123793725,0.0027798542561681128,0.0035224954394659225,0.0031263861028909545,-0.004050978312297282,-0.012860769204488642,-0.01549981228795716,-0.00464522262364786,0.0030403103928391406,-0.0020728386509143437,-0.0013382465258903187,0.0006193073391582704,0.0024315979302875768,0.02931919811863737,-0.010182252742961695
2023-11-28,-0.008726953044170482,-0.00521809524407868,-0.01255858884928418,-0.018234790901186404,-0.017998754799717687,0.015888283273105097,0.015377797602254217,-0.00046122134775306023,0.08387771155377477,0.005223739086984258,0.00887413720211061,0.003681194730144721,0.00966239669655966,-0.0044777228070267405,0.021733500191464028
2023-11-29,0.006670749506594742,0.015080700808743241,0.016853468524923088,0.008779951058641933,0.01718961656331519,0.006337154047894922,0.014511303645080353,0.020139237953226585,0.015042511390262137,0.012191334942352361,-0.00013705672344632713,0.0026571407332529606,0.011650213710503898,0.0039513941941260455,0.0034387116429015485
2023-11-30,-0.028458636307912122,-0.021719780744073214,0.008912591379861778,0.0028119479728714314,-0.00559909310285478,0.011794542946463205,0.0033485293778818814,0.014459237814843373,0.00653381548794818,0.0030858763023449143,0.043406336516098376,0.00828836166788216,0.0007306635032369169,0.02617905999332626,0.040245995472958374
2023-12-01,-0.00010692212184415517,0.0018982809556564728,0.004804156257651071,0.01208435218168602,0.012343483614471573,-0.006289009043775939,-0.007625620100879749,-0.009721434940894946,-0.013112839091555029,-0.013723432099561061,-0.019008796736856293,-0.008964566190112544,-0.017320023482061297,-0.016047824176940173,-0.03139728146985021
2023-12-04,-0.02683632260237423,-0.02323090624436308,0.0021595224097754606,-0.021900906566322376,-0.002716020341939296,-0.002755192883651336,-0.008939576077889533,0.02164935238668675,0.018030596912968155,0.005036104955494336,0.0035335457631993084,0.005331216087981705,0.006369950036232419,-0.01323744064441712,-0.037362054012180956
2023-12-05,0.023293725622989037,-0.00160244953947275,0.006156046735540821,-0.014298397834761611,0.006098677834467159,-0.01438228903145522,-0.01172086841764397,-0.011283179733551862,0.0009597350098675683,-0.04573404408569459,-0.06806446941603028,-0.030940943483340533,-0.025740616799110883,-0.04598690790643967,-0.0398082454148414
2023-12-06,-0.02282790803358914,-0.013177881354856202,-0.006041851410765298,-0.009921195663739835,-0.0035277212768857202,-0.002931891811285947,-0.005078492000023194,-0.006781587284291124,-0.01468165876959282,0.022944744643859982,0.03097279755066462,0.032530361766431426,0.0027519841027825453,-0.00661372386703396,-0.002518179370501916
2023-12-07,0.02402028143323931,0.09887001757007385,0.022930115209871094,0.025500925820344245,0.010938219495545631,-0.0061692912187587545,0.0051730311093416415,-0.01854209339552193,-0.01960621247385741,-0.035876589356228616,-0.046924878264788306,-0.033640883075952366,-0.003055065911357291,-0.0002664004458653446,0.017000134619122642
2023-12-08,0.019529714686127297,0.004284514081781543,0.0002256279647165904,-0.004515195975686392,-0.004602329175209419,0.009057149521888519,0.014890819151244239,0.025738274478006806,0.008946224399742464,0.011274828669291415,0.01772652093903071,-0.006447767520846304,0.016127050596777437,0.015869780408677592,0.024517760769374508
2023-12-11,-0.018502861004169646,0.04258459177116647,0.023539301190296902,0.050230257852580174,0.019829549924889722,0.007578551520518895,-0.0015649054416052577,0.01214659091821968,0.01783801996655776,0.02936752299559786,0.025600881591998803,0.001236375182831928,0.002645524553026357,0.008100660293130613,-0.025999578483978825
2023-12-12,0.02209025533251885,0.02380772904587225,0.004261564819027841,0.01340721161253322,0.014530315625636891,0.009588142672107614,0.00047062427491950665,-0.008878603987833134,0.0587744348207766,0.007124369292883959,0.0018256236850511254,0.0027335996347006564,0.009064443188981697,0.018527713001903923,0.002200038564561968
2023-12-13,0.009043627555652023,0.004214823257627787,0.015510545449008095,-0.0014629369522641822,0.02044253063505308,-0.006332202879050897,0.012350477422645056,-0.0007671203316278463,-0.02381400522601862,0.05292141037881892,0.0617357159153078,0.010390827360269306,-0.006892833809913679,0.0041867774965487214,-0.002450752242174392
2023-12-14,0.005448363224850095,-0.0013749362330810477,0.019452425800304818,0.030256829859504952,0.025051301180646135,0.024223972998774546,0.021780610082117846,0.03734160541709519,0.015113412744604648,0.0004926162219225372,0.025473062747929376,0.05297052089151055,0.018210891771323512,0.056541236621994395,0.02441498877233994
2023-12-15,0.011168777506195493,0.00833328910495923,0.011519714582899798,0.0012983088332787496,-0.0009950897408550485,0.004274844462954341,0.030153295193252827,-0.019585630645560403,0.023572921273020908,0.017458351502402714,0.042190977589145806,0.05874641608394948,0.0028058145213973873,0.024211890123799096,-0.015134159966668337
2023-12-18,0.024278689762252004,-0.0017966224287869759,-0.010340531496428551,-0.009817786823758445,-0.014476337646903148,-0.005215671779145614,-0.01220715236598402,-0.001418835467155266,-0.008383707286003683,0.0003764093142246683,-0.017778493935913797,0.000859901331027757,0.006580882415688771,0.012103749870180813,0.012103749870180591
2023-12-19,-0.009445274938632675,0.008999280453039882,0.011154196621381729,0.012284766625606514,0.003584806174807831,-0.0008669545451009952,0.0021637639582965384,-0.0008669545451008842,-0.018423805859034914,0.033732065307982007,0.03798330465486921,-0.011258739351330593,-0.013588915376271271,-0.03290410450065273,-0.010225477074778055
2023-12-20,-0.030098385219193724,-0.03339274262999914,-0.019479200631239424,-0.033327071193251956,-0.020289695305479527,0.0033578362871518053,-0.005745221209269014,0.0033578362871515832,9.505992576119837e-05,-0.009091344519449374,-0.001904919503657565,0.03234118689947807,0.023133436298868437,0.020692618185969236,0.0005746851744272696
2023-12-21,0.01827018480827114,0.03277480181145598,0.01424097098659094,0.028485775248228373,0.03516960003109704,-0.014935342500346893,-0.008389432419465326,-0.012669698432468901,0.0003516337364020128,-0.019481678879965214,-0.020774295899189665,-0.001893741920462766,0.003276942344213607,0.0006014196892947243,0.009124420055742988
2023-12-22,-0.0032660181015535805,-0.002215692591520546,0.007371697783432607,0.004089633921779967,-0.003627593724984224,0.012448742899867637,0.018148844285271082,0.015332447644395675,0.0004811074699191398,0.01861164853502162,-0.0005595564238894957,0.04009324572224959,0.01612876277258235,0.004794553510495625,-0.0060966084739843
2023-12-25,0.0,0.0,0.0,0.0,0.0,0.0019114038627014995,0.008704711917468133,-0.00018024860015719568,-0.002923658653624872,0.002898419922535478,-0.016826149385285594,-0.0072629191141594385,-0.004355016709206905,-0.004355016709207016,-0.004355016709206794
2023-12-26,0.009195108668080376,0.02729224492847493,0.013729058460577148,0.01376100390887558,0.01348762576413054,0.007319099600624712,0.0037429789153833326,0.010160042088996901,0.010222573969380866,0.01178504205816866,0.017024338486957058,0.0037462067017084433,0.011389715396465494,0.004285700822447502,-0.014954034881976885
2023-12-27,0.0028003994639629326,0.018548243457106706,0.00178768445883426,-0.0004259837597951899,0.001770079074568054,0.01600803454852162,0.0459388318484335,0.013300748300343779,-0.02208945620259417,0.011006248306126176,0.015559872908585959,0.006168876125573819,0.023620262240580114,-0.000913155076403549,0.06825285009396254
2023-12-28,0.0021249060070884784,0.018415739356036687,0.0009606956385692644,-0.006638045405166215,-0.008088772499508567,0.004848705130932496,-0.011314157497269939,0.01818297446561079,-0.01362078078004647,0.0014151884685247307,-0.0148740115166478,0.02536568612883694,0.005757479207119998,0.0071808498797463205,0.002601202320721141
2023-12-29,0.0,-0.009074958957897339,-0.008432923746515275,-0.006436721996646022,-0.0012270755298964264,0.004811367395248789,-0.004991610540870273,0.001103625554246923,0.003102596905750765,-0.008463897907740492,-0.0002191232566699508,0.00011899651907953945,0.013241129091193127,0.013241129091192905,0.013241129091193127
2024-01-01,0.0,0.0,0.0,0.0,0.0,0.0005182063173552187,0.0005182063173552187,0.0005182063173554408,0.0005182063173552187,0.0033912029644609376,0.0033912029644609376,0.0033912029644607156,-0.012129647647292074,-0.012129647647291963,-0.012129647647292074
2024-01-02,-0.027341448816919134,-0.05990096744922868,-0.03042257319131325,-0.04751050550995939,-0.05284575324953733,0.00044019660456551257,-0.03307208036587539,-0.010675839215412042,-0.011490119515310093,-0.0012330202920715072,-0.0012330202920712852,-0.0012330202920712852,0.014004849806634745,0.006352702566409407,-0.01459430516675142
2024-01-03,-0.01243553691593735,-0.02352427813365343,-0.018754680278534996,-0.018915563184938144,-0.018900270305018396,-0.031936133107990705,-0.035161537433260226,-0.058890842478202865,-0.018800548411207152,-0.007238519278638278,-0.0072385192786385,-0.007238519278638389,-0.043079143955423116,-0.04966981789584457,-0.03191898391910075
2024-01-04,0.00901847177461712,0.005098929539399277,-0.010392506514005695,-0.014130225288226828,-0.004378945655783006,-0.001805950500918807,-0.005676363274681684,-0.0013159365604444861,0.00516848474314946,-0.05510513820955365,-0.04361855391921832,-0.03815955317969444,-0.006645998015553767,-0.004378434807706166,-0.00984972563405706
2024-01-05,0.02289676526728024,0.018895724049820428,0.0041125240572310595,-0.002076207890756465,0.004355397215512147,-0.007283395027305017,-0.007929744408257666,-0.004325136625242365,0.008242549327239113,-0.007467003920269333,-0.0019251477810254825,-0.027382685375065607,-0.001311703110104867,0.006742265730768748,-0.0046970430063026924
2024-01-08,0.06428082859000295,0.05484190174850667,0.01682135243167715,0.017181416487079382,0.024881168219005767,0.01548832416227408,0.002206109196308814,-0.0006701430924910268,0.006731446748658332,0.0003385663680759432,0.0003385663680759432,0.0003385663680759432,-0.002735336678644007,-0.012325127460606988,-0.013319428172829606
2024-01-09,0.01697512579402427,0.021069927386615506,0.006185832937484648,-0.0034969781475034933,-0.006783603630887147,0.012703570344048787,0.016280218021877957,0.011517357995765032,0.012677261351500713,0.036232956459937515,0.0640496491829603,-0.0117600437400045,-0.022539029675608835,0.011318252870732737,0.011351334386830114
2024-01-10,0.022770008121063556,-0.004823805756405508,-0.0041461079894781205,-0.00807783386783989,0.0025698041668842375,-0.014324852580576586,-0.015212444465443786,-0.010949365432968206,-0.012628587793330537,0.017671615034821286,0.00488943728356106,-0.0013709118412617016,-0.02069068439009969,-0.034266412250283595,-0.011133745252036475
2024-01-11,0.00868456674295115,-0.0035006667374100076,-0.002010029460894902,0.014284702914221015,0.001031109616916881,0.0015962030460769938,-0.006143216765926107,-0.009712858653694645,0.020246378272191334,0.01817159592353179,0.007170757373304415,0.0006774366290869249,-0.0037060530875900888,0.020497439101451187,0.012029933696803718
2024-01-12,-0.0020429619397207555,-0.009863577028276227,0.008415482719408063,-0.004606832866625332,-0.0073902014781614955,0.003806567640869618,0.01381305770432828,0.011257083785692235,0.002216467186969995,0.011292547439845313,0.004743241842950718,0.028938708632730403,0.002827962463986422,-0.009829643291063506,-0.02813891796688328
2024-01-15,0.0,0.0,0.0,0.0,0.0,-0.0024393008080098033,-0.010138242980343382,-0.009788907761512755,0.0024683877963229683,0.002335836156414528,0.004230563232073603,0.02226666630064833,0.01028156676933012,-0.0006550522661041835,-0.016406517199949344
2024-01-16,0.03056099787778499,0.08310595071960769,0.0065622132992819715,0.01659516006114803,-0.009422029429813183,-0.014027238808719478,-0.032999546475960484,-0.003827537284248561,-0.02365187675137992,-0.019926840161031745,0.0010611425712450107,-0.0006946999165559076,-0.02269789770968711,-0.020034800807070874,-0.06715195419589293
2024-01-17,-0.005835081614709914,0.009008395025177363,-0.012755236618545163,-0.0025365845172665713,0.008167039924503294,-0.006650594153498446,-0.02608800482237794,-0.01231113655016014,-0.03185092729202765,0.008092929502119706,0.00021466238499612267,-0.04261365403474149,-0.035255688641791516,-0.021729343361736153,-0.019130513274071115
2024-01-18,0.018803632173331808,0.01560841623637299,0.04285077813819349,0.045445700876404205,0.04529185756499632,0.009337154497654376,0.01774397748159573,0.013278281557505434,0.0025065328180655655,0.0029652484633120313,0.030511047898552857,-0.010072964354471026,0.005155738308028068,0.03485224044089663,0.06752370807109265
2024-01-19,0.04174609201868873,0.07106410333015312,0.045908616272001934,0.04739949179602365,0.017863645229830194,0.06334128806159045,0.02440369128277986,0.030251555682401676,0.016254812826250964,0.06021011964518408,0.08196769124677616,0.015963761844779212,0.04681812517109529,0.04240081225396253,0.03159494106091887
2024-01-22,0.002739950856173623,-0.03472423348513887,0.005988100288985221,0.002143597413718945,0.011678041131581773,0.0062707584408796535,0.008458231156633023,0.03315587444215917,0.01837372280419558,0.016696990845864068,0.035282019509325524,0.018255250169918025,0.008710263054803269,0.012568850329847336,0.003337863781829542
2024-01-23,0.003671204670220307,0.0014270751790717018,0.004121350263768697,-0.007427359379280851,0.015273817086546959,0.0037002052052370615,-0.011432811081119376,0.0005037132127916344,0.014092923496801912,-0.017560926950786926,-0.015154554685198551,-0.004398721421849161,-0.002804688680442591,-0.016701479757921245,-0.004130771723571902
2024-01-24,0.02486930821330935,0.05860346291707419,0.005667690793569546,0.042442568840682204,0.08854161506326164,-0.002451158688445698,0.026558674186123454,-0.004574370129345362,-0.00922812641777937,0.005465849591232308,0.01162003806563816,0.0009739036184845951,-0.014514643653611436,0.0064450495955117315,0.02750079885659762
2024-01-25,0.004155673471530674,0.011442081001416193,0.0006477896382490744,-0.008671421521585732,0.025692976030816217,0.02729390228262174,0.010794917234756563,0.02575335745769536,0.006681156690847789,0.014383943452021875,0.01657192089984183,0.00618675389771961,0.006539158423522151,-0.023944443294053985,-0.020288190126143024
2024-01-26,-0.0095104524285341,-0.01707980812832377,-0.02427659273454863,-0.033192450541708274,-0.0015303276678862998,0.002378377738225579,-0.00815223080524774,-0.0007344951866780081,-0.017557124450057637,-0.024777365437438026,-0.05589475413678935,-0.022520715382503664,-0.013999066925254766,-0.014737979535945356,0.01265563738375608
2024-01-29,0.023496329007395955,0.0032722247168106566,-0.00716578794349465,0.009466881011142458,0.017136352435698887,0.007559420590742105,0.003479515911797515,0.0013398299145450654,0.008198334804729424,-0.0013888595459212727,0.0036399389924739456,-0.018276540840303168,0.013070608639610182,-0.007895056728359329,0.018183028986592742
2024-01-30,0.004946708250172183,-0.03244674246780166,-0.02445868162030196,-0.013295356095677113,-0.01653026506178268,-0.0064603119809313325,0.0295528377069032,-0.004494704159931695,-0.0005859410835113987,0.003660321428236024,0.021494469795079407,0.034954978723021224,0.0013150921299371898,0.016774333548149167,-0.0023672653645852026
2024-01-31,-0.019864860115431426,-0.02539808891778772,0.01733126240544225,-0.011669889983159654,0.002062035461650513,-0.020993728939766365,0.003948999679812104,0.0008312142338842143,-0.011124047720531993,-0.0036190785176848372,-0.003946689605976217,0.009781342595345022,-0.01667389082917914,-0.01118264495482224,-0.00854470618800618
2024-02-01,0.024379491609974435,0.016637803360445957,-0.049828158689090074,0.016250722072898904,0.023821023916623663,-0.0027492801430208935,-0.03991383744533228,-0.02474746395383154,-0.006194077031436596,-0.005557702544992882,0.02319766051021821,-0.008554363994142444,0.006846834520967793,-0.020231755430042075,-0.027490653237438045
2024-02-02,0.04970877036754229,0.042116424885682235,0.004110148251706303,0.007246879621680913,0.00013472059932428948,0.011502584580064257,0.006806045282801376,-0.02597284536982236,0.003819719273795874,0.020425928430781726,0.03648631617453901,0.026179750432318682,0.025552687553149322,0.020372843911558913,0.03870554382832192
2024-02-05,0.0479445676850605,-0.019306584846715547,0.0165148779324793,0.017302958130454904,0.010612933167193361,0.014341676677191106,-0.0018652685685387471,0.000919186972020869,-0.0029305138214247295,-0.010119619165034122,-0.037426977888299184,-0.023766245235892103,-0.018452926097304867,-0.025710232413685752,-0.016598028327027947
2024-02-06,-0.0159956035791059,-0.036446025371295265,0.00048609537140054115,-0.013969397977092846,0.007066952248668157,-0.0004626523833139995,-0.0004626523833141105,-0.00046265238331388847,-0.0004626523833139995,0.014119136367287233,0.028586454983683396,-0.015207378531930216,0.0046051376172908665,0.046478788556199246,0.040791564065791874
2024-02-07,0.02749796288591866,0.018227290145302,0.012421907550094202,0.013041016577796327,0.019162576819710342,0.004432406368326536,0.004432406368326758,0.004432406368326536,0.004432406368326758,0.0002925499722543634,-0.002917851850027242,0.011112687671131605,0.0130790708810955,0.004974393379227449,-0.004910602154058696
2024-02-08,-0.006533584567523842,-0.009301487745301928,0.01569671239725756,0.0174957434264591,0.0007698936831759262,-0.005253983265792961,-0.00525398326579285,-0.005253983265792961,-0.005253983265793072,0.031661835136686856,0.07360534388035833,0.01206346852270479,-0.012617764856241775,0.03413577473762519,0.2988563171996492
2024-02-09,0.035783972828226984,0.018482370895872346,0.01903107681709293,0.06872149259033167,0.028886002999575888,0.0020285225182024025,0.0020285225182024025,0.0020285225182024025,0.0020285225182024025,0.002927030308987888,-0.012384359425692493,-0.008866308530795286,-0.0028915226558992035,-0.0028915226558992035,-0.0028915226558993146
2024-02-12,0.0015939515987353214,-0.0033046850623192903,0.013907184498630487,-0.0016144542905170978,-0.021472211735750313,-0.002056213756237768,-0.002056213756237879,-0.002056213756237768,-0.002056213756237879,0.0006167264520000604,0.0006167264520000604,0.0006167264520000604,0.0010600364248707361,0.001060036424870514,0.0010600364248707361
2024-02-13,-0.0016607309561962325,-0.002152349299601064,-0.019986836345490144,-0.02818804153090193,-0.027862433938795284,0.002537653163382725,0.002537653163382725,0.002537653163382503,0.002537653163382725,0.131449726328974,0.02570434121080778,0.013121812313006798,0.016036603228929858,0.0516538673432938,0.03305889840124432
2024-02-14,0.024567462036106713,0.041739558950351086,0.025992987724783756,0.03261079089887531,0.02338037735242149,-0.005729494912981359,-0.005729494912981359,-0.005729494912981359,-0.00572949491298147,-0.014336407213721203,0.017776489300562526,-0.015701261101347064,-0.024977424420101535,-0.01775369663085724,-0.03363126837653774
2024-02-15,-0.016806700118777274,-0.010856197395281098,0.013251884185818685,0.00789514456877849,0.005841462164784428,0.08320178330553207,0.04144382021245052,0.04641765905469031,-0.03767099145623576,0.051359960515374725,0.021347172112664126,0.03317725477511835,0.00022238420115283652,0.012514049619951617,-0.04004382882599378
2024-02-16,-0.0006194831224470843,-0.01634984996300548,-0.02109235951873123,0.06346567029089845,-0.0009679118137255749,-0.01750331299761354,0.0005726648640553833,0.013735032358134225,0.01528156189165042,0.007980057690910147,0.000425295520178004,0.013965943928730962,-0.006707876882120267,-0.015336209867367279,0.004076355063068915
2024-02-19,0.0,0.0,0.0,0.0,0.0,-0.00955407377001083,-0.00945024166109798,-0.00953280183055627,-0.005800712830607568,-0.016509787347021576,-0.03284413736019798,-0.004350523947501794,0.010752053094015057,0.027619782174762353,-0.014845146404153242
2024-02-20,-0.04353199780144823,-0.047046603240932794,-0.0047808104068685076,-0.052262306384746715,-0.020851786934633076,0.01105104719780936,0.017492627006224337,0.005142616406356604,-0.0021940938828981515,-0.005496515449391559,-0.011332138341019982,-0.009598144591667745,-0.008086254735589438,-0.012540949927326572,-0.0013200007580529416
2024-02-21,-0.028508784464387094,-0.008449569283871083,0.00032882083541974083,0.0079972084385862,-0.0014951445004873776,-0.007966044434169262,-0.0002446977352621449,0.004426953215469931,0.00434856402471584,-0.001552400749435412,-0.017607046115058145,-0.0012281686378362577,-0.004398908300534243,-0.004316897422306676,-0.0392215316774297
2024-02-22,0.16400878043250233,0.10694508516789725,0.018025170486166253,0.04938768971406482,0.04805052711597502,0.014584605844001342,0.033061660727335296,0.005718111364793499,0.021552693420800795,0.056743914407377805,0.07194252861151273,0.03055608230133955,0.0020310268717198543,0.05102905503840294,0.06774349970093274
2024-02-23,0.0035522499073177283,-0.029363226217797966,0.0010339596890216463,-0.012867360859515453,-0.019540897224637255,0.006338347526714028,0.082789498170871,0.020760977129215208,-0.013043907471661842,-0.0008506341579551657,-0.0008506341579553878,-0.0008506341579553878,0.001547146692823853,0.035739115655137876,-0.029882677614940345
2024-02-26,0.0034893099263675342,-0.00288924627963294,0.013685350217884862,0.03241023376462615,0.015365738096293047,-0.003255166417732158,0.00888923143400322,-0.004683210340265753,0.0075830697465057995,-0.01595399676617726,-0.0026389743324950476,0.016858669261666126,-0.0034966360246302397,0.0003452913139343483,0.0506052796289973
2024-02-27,-0.004943816927814426,0.011306207347712816,0.008087548291402902,-0.00338978267758816,-0.0065640777268991535,0.001689418252838859,0.001689418252838859,-0.023087369793927448,-0.03315190581831906,0.006767372231639257,-0.02165836953010869,0.0007946764280220009,8.033773217075435e-05,-0.050671380264610266,0.06297544127691546
2024-02-28,-0.013189098354517648,-0.008202284909366253,-0.010476169478031205,-0.026225095033405865,-0.0019864426722102646,-0.0008645769190762653,-0.0008645769190762653,-0.0008645769190762653,-0.0008645769190762653,0.006817928424319497,0.0006163312055493808,-0.010118501813452419,0.004062252684388978,0.02725418116496936,0.08942275804316768
2024-02-29,0.018657501695381384,0.09057440863979038,0.012447790529446001,0.020654045156237588,0.012964308270312586,-0.01370720458528829,0.020098674104713776,0.004958200279624014,0.003121193645357012,0.00933403022227175,-0.002656359877085346,0.003803226150672634,0.0015364911326178898,-0.012571368723398813,-0.05994581894185935
2024-03-01,0.04003190571409876,0.05251130044383867,0.03358896747557183,0.04280330377317121,0.041253328230801856,-0.0004069585895649652,-0.029689848274148334,-0.0061581114657364155,0.004631816572046699,0.04484533762130627,0.034096718217953015,0.034697026108545304,-0.0013630514946207928,-0.0013630514946207928,-0.0013630514946209038
2024-03-04,0.03595083488543116,0.013422824856374582,0.0212766331507368,-0.00361463362477632,0.007164981149930583,0.05410349184365182,0.042557465175146136,0.02716881933478632,0.023228046561995397,0.0236421401294844,0.036593483487173284,0.013449994990109237,0.02373300735073869,0.06938496507236835,0.1286346964563838
2024-03-05,0.00857634684416797,-0.0011199636095416965,-0.030679629626441773,-0.010024325288933156,-0.02925740411751332,0.00849424862727255,0.005941476465453954,0.02282192986820175,0.006839924923856877,0.0016632132389502452,-0.028758700019515415,-0.01510649409338971,-0.014570159257239146,-0.002735473187689186,-0.004823704658786343
2024-03-06,0.03182730169420123,0.026812264754451975,0.039888470774883444,0.023048304039896772,0.036218638351145804,0.005853440951856026,0.02928378119263564,0.030121768913088376,0.0007481679517142847,0.006592087943291247,0.01896877348605086,0.0023224857288850487,-0.014185482402187644,-0.020799340950732215,0.07076236478315656
2024-03-07,0.04474621991992955,0.0035607462498863374,0.046637737448751215,0.0020738451915760514,0.04328991317824271,0.03652754913279832,0.0361266347713467,0.09998341678045164,0.03723805855167117,-0.03386666808598848,-0.03979693882168567,-0.014314160289416455,-0.004870704420029792,0.017113448828766753,-0.021976951172190673
2024-03-08,-0.05547693682230814,-0.01887598354147113,-0.02930788380478888,-0.033159293314230176,-0.050659327996175896,0.03253735164334337,0.0009289547990376512,-0.023558578338393366,0.017722932915357648,0.01743163204345133,0.00310583027044653,0.027453528672227945,0.019776769100393166,0.04711325848990411,0.018721052385324954
2024-03-11,-0.020039248215528382,-0.043396499476769046,0.003224320073395681,-0.0203834634819251,-0.03184058030559056,-0.02352457717126566,-0.004641273308893745,-0.035041497161903745,0.002719948100182945,-0.024324917770100263,-0.04066587350029871,-0.021365946070543207,-0.008375356171344883,-0.027002376875151612,-0.023128163304524163
2024-03-12,0.07157178800823649,0.022027295380976364,0.011454202552101389,0.017728511353819698,0.022458441763649306,0.008132142384881691,-0.005291823651153549,0.02568827305254806,0.009493083702675875,-0.016945954221653237,0.009381263453236421,0.009530707931896698,0.016633469062004247,-0.0012738207095336351,0.011367564895658377
2024-03-13,-0.011151931003105742,-0.03930756281626557,-0.022128619702957097,-0.02137205330900327,-0.015757643575178282,0.01050905578440986,-0.0011656532426712607,0.005176171542298436,-0.0060620412129498424,0.017949401421932798,-0.0024263216346187555,0.004944797688934965,0.010443732610772916,-0.013132716581858661,0.01991272544779976
2024-03-14,-0.0323915737007221,-0.03968374143421338,-0.004726719972382498,0.0009473958071677391,-0.009289939777980427,0.0061686130500464564,-0.053732991577333133,-0.02863253897958251,-0.02815599387360057,-0.004560302050477083,-0.02350572335081491,-0.011373464795314758,0.0007908762508346268,-0.012274452004808367,-0.013868369412395887
2024-03-15,-0.0012166146014758183,0.02138351359032309,-0.007420586757044156,-0.010460752265325945,-0.020390129817942526,-0.04317840495010283,-0.016781426678579958,-0.010256224111623302,-0.030711902478760433,-0.052960035394393645,-0.018279888026231594,-6.913511470085787e-05,-0.03300553504708981,-0.01055285893487612,-0.03338553642856723
2024-03-18,0.007035863366345652,-0.0021459419415288394,-0.0016747594158892376,0.010470676354205732,0.0012018941868232602,0.01683983139857581,0.028302625360440148,0.030140869912146373,-0.002458622472538474,0.032969702253693445,0.03424796740550873,0.02173871745018996,0.0012953897220537858,0.013541982155236498,0.016126057318539777
2024-03-19,0.010660858076010804,-0.04841330198285032,-0.016894309244121497,0.0030389367835872427,0.011228616238563305,-0.003793682546548549,-0.01825271941952289,0.011464386603747823,0.02830027087774889,0.013955706982726968,-0.012769226388142485,0.007006788274060316,-0.005052055005783873,-0.029880291473514342,-0.054647663067556085
2024-03-20,0.010895001241144397,-0.009315414278818657,0.02175508582414709,0.01847609195412936,0.019970397943705143,-0.008052001610167725,-0.020159886195550425,-0.024630748450590878,-0.001135901031076969,-0.012520319289408333,-0.012520319289408333,-0.012520319289408333,0.05558373492542734,-0.023775696202176122,-0.0039054159975855374
2024-03-21,0.0117624122802793,-0.0058421135966061355,0.018965720679715137,0.0279919781515241,0.020465103787321137,0.03326544879525439,0.007839530068494582,0.021340568336902566,0.020862565361583707,0.056615574682573166,0.022742946905682127,0.02786490147647247,0.0365667619658534,0.09190517264267739,0.012752984912884235
2024-03-22,0.031213390630405735,0.005428706405105066,-0.0043897900064985285,-0.0026092642764404816,-0.01093063482829093,-0.0025183610568974,-0.016896722999936165,-0.010015192377218152,-0.028407098014845644,-0.00601003197061023,-0.035376875626070836,-0.004888709541406078,-0.008451155998862592,-0.004596505671316309,-0.003424092797872036
2024-03-25,0.007561888767160019,-0.005677645690651101,-0.015167410888827226,-0.008513498905095007,-0.0010510754231196628,-0.007987321451746188,-0.0060655749663797165,-0.011046887557345841,-0.0016283089602624479,-0.013375634094745181,0.03049065062085532,-0.015910225974343772,-0.015451877889434806,-0.00897893031069441,0.03148591021540592
2024-03-26,-0.02569401332800003,-0.004254659042995601,-0.0026862493132234766,-0.008586973294670175,-0.007794323472129938,0.008914119492505979,0.015318912633819126,0.003139239035216068,-0.03956297613456927,0.004971978879783512,0.0029661909490490412,0.014062708559387405,0.025149663398751798,0.045982664321017275,0.15888628267320226
2024-03-27,-0.024967353422765015,0.009669990824309194,0.012330057801704708,0.006435633783952399,0.002790272704859653,-0.008563186617187024,0.02608127617490874,-0.02376281293610516,-0.03469100918630985,0.013846939325812935,0.006507264264780099,-0.005266493553024221,-0.004174018029063586,0.02304531145541233,0.013913238379849702
2024-03-28,0.0011743632543057547,0.005011465970410134,0.0010051242310757935,-0.008509678788380493,-0.0036346887025313634,-0.015741659908970584,-0.007221596240907235,0.0035318699919362206,0.009793758901625926,0.0014785693743353256,-0.011970986910591841,-0.02251287691913495,0.012053768357875638,-0.01984416691958102,0.16547990360607567
2024-03-29,0.0,0.0,0.0,0.0,0.0,0.007882939158531332,0.020316809131409208,0.01167897459976408,0.007789412746988411,0.007132470982608163,0.013612663648210566,-0.0022200871153752466,0.01980198019801982,0.026935891152901625,-0.0022387762315508875
2024-04-01,7.747248100598014e-05,0.01579029729064141,0.01429414866866785,0.01192829577578447,0.02316419060097319,-0.005118673744934021,-0.018518863301875355,-0.04206985921200068,0.008004638075701953,-0.032071308792178455,-0.04566481113951382,-0.037016907553616085,-0.0015329583066179264,0.017044324204385397,0.06787523518900596
2024-04-02,-0.010081540016716573,-0.025308167788424374,-0.003959949859867917,-0.012362890276140681,-0.02642621402197043,0.02337825327429477,0.001769224141532355,0.020744271081685195,-0.011388444805705,0.03295530306070793,-0.00783417810600695,0.0011513240906799727,0.02876986709152818,-0.003259205129272247,0.014778690321249677
2024-04-03,-0.005455349653640806,0.011583700948905484,0.016779700447906887,0.006161918521006893,0.014026786555509707,-0.013397890649219035,-0.005037612415019765,0.0057605391074855294,-0.006121391631632722,0.0005230397829578681,-0.021170410976485643,-0.011197977713175211,-0.007072241156990899,-0.03469240594673617,-0.000584749634429782
2024-04-04,-0.03438477042396959,-0.08264646837585021,-0.023862783909020857,-0.019240124133600434,-0.027400643974415884,0.002199058923538777,0.002199058923538777,0.002199058923538777,0.002199058923538555,-0.003803146396461843,0.007663848473127732,0.011165955283480855,0.018711033827443213,0.05370199895742833,-0.04829985624174393
2024-04-05,0.024480714209737187,0.027678925931429843,0.01042652703200786,0.021928409427198536,0.027417456477845326,-0.0024744110686212295,-0.0024744110686210075,-0.0024744110686212295,-0.0024744110686211185,-0.054174403145349825,-0.04668638707537409,-0.029252004905663043,-0.014158197589015153,-0.0323510833391194,-0.016421985661505434
2024-04-08,-0.009942509593299564,-0.003051310163408316,0.012184232904458803,0.005725216497586727,0.00322604158017592,0.0018704891812550972,-0.01057182451014016,-0.011657708785322463,-0.009161137132677077,0.00781285515222363,-0.014839291129582377,0.001256988157829042,0.0008072206333151755,-0.007952450750324358,-0.022793243720510503
2024-04-09,-0.020417103036256212,0.005179546288557546,0.01123156147861959,0.006553759843265228,0.007245202970306952,0.04722920684961496,0.009903299936792953,0.02082861617831533,0.0011972370063031423,0.034272887824731146,0.009538106784751754,0.04335990678895896,-0.013536641964399077,0.006437665807389692,9.340916388400622e-05
2024-04-10,0.019741426865504952,-0.021313967769448827,-0.02682681596482339,-0.005513082494068677,-0.01537627692389909,-0.001565508114990788,0.033607855357307814,0.019413845440831246,0.0069765827118384305,0.00813253859248153,-0.009849725869588544,0.00847916453111397,0.004211911753523978,0.004211911753523978,0.004211911753523978
2024-04-11,0.04109651155009475,0.02010291146716159,0.024991049952452826,0.017825594829502522,0.018027521927624246,-0.0006427609453876215,-0.0025805789977930704,-0.003603156354804904,-0.021105558634723187,-0.017104121926730165,-0.008425047628595417,-0.00456366595468094,-0.005246234291010232,0.01857520693194714,0.05431590828354893
2024-04-12,-0.02681634614015682,-0.04234604821526755,-0.02192662552337543,-0.02403988752476116,-0.030579034463856458,-0.0037237557654820064,-0.01793315570377718,0.0081339476449509,-0.0012878428886130555,0.013391765620013318,0.0072162718817641025,-0.002709718607279643,-0.007724829416610235,-0.008274718024614547,0.023754397541449368
2024-04-15,-0.02477719173244708,-0.018128316249433007,-0.008465114358601644,-0.010487809869486275,-0.007298420563617958,-0.01557131353867458,-0.06018242652091721,-0.0040270781953940515,-0.0009147041350801022,-0.005906912892046257,-0.013715450781337402,0.0010892302641671847,-0.026299523455993956,-0.004298866604688811,-0.003080145213186336
2024-04-16,0.016441643796901273,0.019585823641451894,-0.007418662157263611,0.018475414660664047,0.023145651042352444,-0.02640129675453795,-0.053505321079039936,-0.04772987829779962,-0.02243416530756437,-0.047223596308947235,-0.04331542987354875,-0.03986361200499455,-0.03241687533078341,-0.05388030108994446,-0.04658164369475437
2024-04-17,-0.03866617612115131,-0.0577511443391211,-0.025269992646743344,-0.045780179131131304,-0.07094758329747874,0.01687937734178746,-0.00808033522317253,0.016185046146557136,0.013408804509006389,-0.012973892311369584,-0.04783232076144017,0.0034439609469012478,-0.013515400576329828,-0.001996054209246756,-0.028279194226181636
2024-04-18,0.0075682956586968775,0.006882207045771915,-0.017526798164184232,-0.02786520107236945,-0.0204711571671522,0.004944549582510227,0.004944549582510227,-0.02726520419993017,0.010486564246637187,-0.012476627568782095,0.052982043346720076,0.008135812571312018,0.01457610621849259,0.025913459182502097,0.05213687923579213
2024-04-19,-0.10004599820154425,-0.054423538443086006,-0.023600095196447235,-0.02341491381311822,-0.033171055405722405,-0.06940609688059107,-0.056558523448493436,-0.035436140270833305,-0.05164461655459485,-0.08895271801703408,-0.04542404334338279,-0.043854353379353395,-0.025026575057543243,-0.04927281227719538,-0.043381112258833454
2024-04-22,0.04354324270335552,0.013638843482845608,0.0161771097580361,-0.0016335663859683436,0.014554246101421198,-0.013348083202705086,-0.029827020284180605,-0.012956549516511484,-0.03531417752619592,-0.032397779740745536,-0.03939129950224329,-0.0023146259855549856,-0.015425753241511297,-0.0058673669924397265,-0.06447203026886927
2024-04-23,0.036532665559790845,0.02442145383287242,0.007304391167147317,0.019951335647514945,0.03385126154360085,0.013708789240634678,0.0037716565044585426,0.0010272389670360482,-0.0004412458402599517,0.0004216901686158181,-0.0056673978291335025,0.013908239792153054,-0.011417082863502626,-0.00704490189499718,0.030150222829511852
2024-04-24,-0.03331606042461721,-0.0034806512407298262,0.014130754671921819,0.014593311583639856,-0.010259801576119276,0.04100145330731708,0.0416360388207504,0.023186046573728802,0.04421452678344351,0.07155442099267129,0.03668709007355253,0.04460205829087904,0.04741005802231091,0.05787602202979958,0.09185590032335456
2024-04-25,0.0370873078916254,0.01331217174473398,-0.0020167798576289364,0.007344689673914662,0.011419644702837406,-0.0254232866107873,-0.03239818062507527,-0.023987629389219944,-0.037950003931783716,-0.03796175288092907,-0.020371548561526565,-0.030071497880325482,-0.03383735910036456,-0.05564015648817566,-0.04728864574607128
2024-04-26,0.06175590433412381,0.023673253900165836,0.0144519893920938,0.029772266884251497,0.020355553519284753,0.023909719521140405,0.027497503686386926,-0.014332099407110999,0.010873168784075071,0.01653702143536151,0.006606779260213136,-0.06576238507195797,0.00910456791025993,0.04620821475565262,0.00898984062743513
2024-04-29,0.0002506717498245159,0.017789092505297477,0.021369061098073905,0.009243740008276102,-0.010011142594260503,0.015749934247137665,0.009081718887342438,0.030691855325949424,0.012826934100924392,-0.016603036944970895,-0.016603036944971006,-0.016603036944971006,-0.0039140613774110156,-0.014558374011476305,-0.00463998551319833
2024-04-30,-0.015440328413389715,-0.011360749688513971,-0.01979902443873971,-0.03220315805269558,-0.04099944258241317,-0.002459602952422757,-0.018893450970545733,0.010682828171684866,0.011605700684319764,0.03853724169824213,-0.061598436328268336,0.06175016306200609,0.012231086849427086,-0.007899458230025025,-0.013562364131786575
2024-05-01,-0.03889977618052998,-0.0890895326136133,-0.0104915795073669,-0.023458244526375793,-0.022499179434840477,-0.005513063201735946,-0.005513063201735946,-0.005513063201735835,-0.005513063201736057,-0.014006730060879935,0.02003540372197432,-0.028284650481775753,-0.0078096419919208016,-0.0078096419919208016,-0.0078096419919208016
2024-05-02,0.033429305005143295,0.013100432062641998,0.0974348038446784,0.020207063681041193,0.020449141405005422,-0.018638523997972056,0.01234188319020224,-0.019505817786164448,-0.011147584820854317,0.014990011209276899,0.006065640068958489,-0.001214888063828412,0.014107883794199028,0.004136686069239115,-0.007320269539009661
2024-05-03,0.03463181051607034,0.03037768425123044,-0.002554070685588883,0.03122637351879276,0.036022867336005016,0.014423547139554405,0.044179773635594444,0.028337780772473842,0.015739103049798864,0.01737395284944876,0.01737395284944898,0.01737395284944898,0.002424702200804596,0.005269945691898981,-0.015135836934227709
2024-05-06,0.03774128986147329,0.03439570030442596,0.012302316813077585,0.023372144785602345,0.016958298914619085,0.009849620183020713,-0.002677089183301673,0.002140832099859269,0.01948557954655028,-0.0033926527565650844,-0.0033926527565650844,-0.0033926527565649733,0.007077204143571159,0.0070772041435709365,0.0070772041435709365
2024-05-07,-0.01721302355237453,-0.008666106779396388,-0.00934853031580063,-0.007373340329439926,-0.0094883590564806,0.018250211785325376,0.010096856157708167,0.020709924091319776,-0.0033515581511914805,0.04769285340182772,0.018069682457960923,-0.0186477209847159,0.04991182834665886,0.03916011916084705,0.05223631147664487
2024-05-08,-0.0015679796304272076,-0.005245079304603162,0.0022204533891359013,0.00019275120671680135,0.0035782682131451082,-0.0006224121304074792,0.044583289699147155,-0.006415478583453704,-0.03148876788578214,-0.018452813389190914,-0.01704437661379654,-0.028460170613278546,-0.004095023755399385,-0.012967096785836407,0.02727777727399494
2024-05-09,-0.018415712728660827,-0.008006742394443989,-5.540599270514868e-05,-0.004967141279321852,0.0022712596236069693,-0.006535852880506954,0.0009525829817287335,-0.015674640315937793,-0.014687392937768107,-0.03368279534891916,-0.012824319197659029,0.0027772610768659334,-0.02271041402198859,-0.017652877516771137,0.0025731046171599825
2024-05-10,0.0127440210630132,-0.003084199898848783,0.00853008403296096,0.016478493377692693,0.018335213904612013,0.007357049868030208,-0.00017929979184716505,0.023465126559010008,0.021642193666484566,-0.005772449344825792,0.002347734760900666,0.0012287104989274766,-0.008791896630372276,0.0230566297433612,-0.020144659707419188
2024-05-13,0.005796831876077935,-0.008952084167610064,0.011698196895779,-0.014780851765477498,-0.014027791847061488,0.01851356865253395,0.01558906277549621,-0.025669342999412814,-0.000691104568727452,-0.013010424815662391,-0.0008042367260329142,-0.0006902230199402615,-0.013503836961027194,0.01816643160870446,0.0008610199631680082
2024-05-14,0.010586301614173621,0.01726890373057932,0.025839995946138394,0.01543807956944021,-0.002409561728875409,0.00895975031581453,0.03755447341137841,0.008389585012141154,-0.004201513886329722,-0.004096005888423515,0.023215965691199658,-0.004886751537971357,0.003352735988001676,0.012833063849690518,0.019735890424196656
2024-05-15,0.035837763401757705,0.04250453350208727,0.02984590119465369,0.036555151075865044,0.024469146870268688,0.01878870905345842,0.0017886059274148103,0.015235474141617633,0.0017886059274148103,0.016777836846116,0.016906367853300353,0.008634004553362606,0.0009100511467021732,0.0009100511467021732,0.0009100511467019512
2024-05-16,-0.0028636662074722485,0.018475587036212104,-0.0068855564562916305,-0.01590875914362655,-0.019073556695787697,0.011221427659100947,0.03938657932428735,0.0021355164175087538,0.016682470480175793,0.06014366626611678,0.04446476608273331,0.026480287371791533,0.005326311694516361,0.04844106844386631,0.022939298793834606
2024-05-17,-0.019923956673522758,0.011376252361725125,0.0030528195475398867,-0.009110844693479114,0.005905074247010367,-0.00999350233654317,-0.02382741571653124,0.0070917344942473814,0.0009778307780612394,-0.026746465784255324,-0.0029206549289967354,-0.02213011654304997,-0.004671209484179206,-0.010535925553568748,-0.023693641285969735
2024-05-20,0.024881359810429826,0.011309056949878826,0.020117606399823407,0.037108681285249245,0.015643796118362863,-0.001249940699274199,0.020182524416355152,0.002046328107602413,0.008372041012224551,0.004502844264004269,-0.006009135105248031,0.03910168601629449,0.013843862295210174,-0.004383504606072175,0.004521955267890121
2024-05-21,0.006393767138171302,-0.010040270249269678,0.015624910641785172,-0.0006819819204912925,-0.015083434233608473,0.0058787115919578525,-0.013886458216303188,0.011842920671320867,-0.014639326247005702,0.00400933392058489,0.010496342574394468,-0.02244238893251138,-0.011282912331336159,0.004967682533676854,-0.012723448626916656
2024-05-22,-0.004571048362423169,0.0052228871081305694,0.010356017546652163,-0.005697396974078561,-0.003177456797113898,0.02642392850841424,0.0076032417405798025,0.008831846027166579,0.004897839435185736,-0.01153285093778289,-0.007280374761961972,-0.02237172688083333,-0.011298327511362727,0.027225475357919082,0.04812976843435357
2024-05-23,0.09319667226926964,-0.030751640075486364,-0.005765541903244187,-0.0009168012459290775,0.012923719363525432,0.013074047619493046,0.01722167449266765,0.038936593224744076,0.0003382144973624879,0.015023148898078986,0.05059957831901141,0.017625935626381706,0.005958711741070877,0.009863490016532861,-0.007849095402698403
2024-05-24,0.0257225773822205,0.03696321264911151,0.04262496161977847,0.013489331143391459,0.0235162488386913,-0.009047523080947584,-0.008203191520231301,-0.012288876870454768,0.00971267489775407,-0.029903260627048955,-0.04640023420864392,-0.008087164808403768,-0.03193419542820408,-0.008314052999070842,0.007544635084500095
2024-05-27,0.0,0.0,0.0,0.0,0.0,0.003296933240359179,0.07637587750198871,0.03864251963393084,0.0028943869369648656,-0.0038167338336486667,0.014616704281039672,0.006578583386356085,0.018550157551100677,0.016021104239325012,0.031908254084312304
2024-05-28,0.06980438342142836,0.031558066727209066,0.012930112090655088,0.0019467493306097872,0.037261366384224726,-0.0009093659483511152,0.023238218907931207,-0.00538643697250385,0.01134347388096879,-0.00348994524883528,-0.00901483830125216,0.00520315205871702,0.00871188709415982,0.008492450482408431,0.07472072187510492
2024-05-29,0.008112293628007139,-0.037701772610522655,-0.02262057408599094,-0.01025671403265438,-0.03424916599332917,-0.012444964170330253,-0.018444200467976568,-0.00930408908682856,-0.008868498321857432,-0.00602282685357769,0.005871239282116969,-0.017664308416240115,-0.03222913495979762,-0.0013428307563869701,0.03664285182431759
2024-05-30,-0.037665971074175464,0.009749307353167369,-0.012583749653130583,-0.01145863156754623,0.008602170011742905,-0.028307287231443712,-0.006275982522872647,-0.033710113860316304,-0.01758962912177442,-0.027013687559595323,-0.06313806992592585,-0.028457974914392503,-0.028161607928439247,-0.03907323042871769,-0.028602488659382308
2024-05-31,-0.007846062050445024,0.0008995136220952826,-0.003662091427881764,-0.006742281285925578,-0.005972189168447439,-0.019662655637815885,-0.04202621421728525,-0.008833084999956387,0.012160183781946499,-0.02114928828203244,0.003040536539441474,0.025363571670646845,-0.003685571820021827,-0.03677721403897871,-0.025383889156671557
2024-06-03,0.04895411849547471,-0.02007184522010419,0.009115563973965068,-0.0040450029180566505,0.005341754412585997,0.027003749097313623,0.024900067063410525,0.022047293021445258,0.00989325775419947,0.015777515205119164,0.006073665167030118,0.015269555773127275,0.025102908449657013,0.02161459576530378,-0.09701790491998585
2024-06-04,0.012495637174341434,-0.02176702838377287,-0.007479159113108369,-0.009289979084796562,-0.015194428217662814,-0.0036493238881459833,-0.019068654484769576,-0.004696638980922541,0.0027821316594867085,0.014432820217247677,0.0029345216059011303,0.006058302079898992,0.0029231654931731743,0.00357806407277228,0.021309103303016608
2024-06-05,0.05155588184426674,0.03862736710791159,0.03684490956617137,0.052539755978731284,0.09521349782600552,0.017421856030438665,-0.008509299380009772,-0.0161154535695347,-0.007949844965926989,-0.020724439706092723,-0.009716497014169545,0.005967829156315663,0.025695956740244608,-6.78850155719779e-05,0.04621603217940096
2024-06-06,-0.011777244854157654,0.0036709431129160475,-0.011609097206723873,-0.007252506096134481,0.010822653771822788,0.049331211212870096,0.05127793626305244,0.021535024126243307,0.009960745282686867,0.029244531666978046,0.03370553861469361,0.013911100057947934,0.003638368502623557,0.003638368502623557,0.003638368502623557
2024-06-07,-0.0009091192993535557,0.006535533912151115,-0.013464578636934066,-9.021969579126043e-05,-0.02298096006424777,-0.01546284123362196,-0.010305426259861639,-0.0017910486852782403,0.018246241126893104,-0.0054367876417802385,-0.02790070519024601,0.009918266612433557,0.001261061267330943,0.0739824504921156,0.008991244538821608
2024-06-10,0.007461372263806165,-0.04485613271174693,0.01321262346261265,0.02899926846261769,0.012922674150898317,-0.006051483876679087,-0.006051483876678865,-0.006051483876679087,-0.006051483876679087,0.0019755891326307395,0.0032620753516918732,0.008189887625138281,-0.030498372818027253,-0.0076213201272054,0.010197014440860075
2024-06-11,-0.0071438000172242555,-0.008606646223911163,-0.003964574505780805,0.007933084432809157,-0.005471855333661235,0.0067565498314596795,-0.0017344272565154029,0.0053374424103114215,-0.010747678457828425,0.021079053372664802,0.014368054154189958,-0.0034100271284813743,-0.0029247515790357115,0.02541947063062988,-0.0006864984877349434
2024-06-12,0.03548074907766785,0.008052332191963885,0.032946456245538824,0.03339559544367776,0.031708161621308406,0.030024629424332705,0.024198751578618838,0.016196986192199336,0.015524910572337847,-0.0021004803029581742,0.0027144359745805424,-0.004448945708784291,0.014775998333383056,0.009267167801924936,0.08895616283351382
2024-06-13,0.03522364692035662,-0.002121889572040736,0.011235385690497868,-0.0004206568532962862,-0.015109632129635897,0.018526961150637344,0.06918275081254821,0.012828746826497817,0.0035650911074232017,-0.014706880878540218,0.017390764483607102,0.009417480563894465,0.03266158371877448,0.037794652591962574,0.09234328352912491
2024-06-14,0.017514078577135272,-0.001688486704049863,-0.011386089432154467,-0.0021891711894946875,-0.02356745231315116,0.00022037773705751995,0.004164077373405073,0.009124021382301173,-0.019558433848451684,-0.0009440613057959402,-0.0006445352096128287,-0.013168339790984751,0.010267800319677445,-0.006917597558415256,-0.05045542133235803
2024-06-17,-0.006824273312649676,-0.007705387137155739,0.031997401372884315,0.024596073192882262,0.023903015819312978,-0.0026284966567007295,-0.012281735798289062,0.004469184484459321,-0.009024692358156394,-0.027479896919857194,-0.03937206525409587,-0.035438205203767614,-0.024905974948651988,0.0028157161140245357,-0.005073322676407255
2024-06-18,0.035119710099421164,-0.02380043660945841,0.021915195944610666,0.020464541878276288,0.00846577890428768,0.025408569825798644,0.01962904134099186,0.02547369672984301,0.005265232277116727,0.02599247203469135,0.011939604213025756,0.024238695819107647,0.02415274483272789,0.05402472413237147,-0.0010044023473688712
2024-06-19,0.0,0.0,0.0,0.0,0.0,0.038801502297939994,0.055420095351467635,0.045278868994454324,0.013578393955428147,-0.0087891734853488,0.03956819133819134,0.0008839608262076748,0.017876056041754795,-0.003939252303262308,-0.013605587701940536
2024-06-20,-0.035403432552407965,0.04623936927314376,-0.051169113071314776,-0.03163460321541611,-0.010024642185127997,-0.0010283406876557821,0.009062237148365515,-0.006609295946881644,0.00452154238619995,0.004053776173099433,0.036755378286444484,0.012382513447948051,0.003077873694905753,0.015259989509115224,0.01113126416929977
2024-06-21,-0.032191457891383,-0.003399697465124474,-0.013644530105919928,-0.019084119559041657,-0.013457352814920776,-0.009996295239455222,-0.005444273662531307,-0.018456445077467465,-0.004301103939008177,-0.005267664259324456,-0.014807479562574777,-0.023319088723448345,-0.027123594770608772,-0.022289980776280638,-0.0021316330151303076
2024-06-24,-0.0668405039818688,-0.006078246936104592,-0.05500400691984908,-0.023660926993980813,-0.033368693200672817,-0.03158658946976456,-0.054334635180313784,-0.012133330726582514,-0.01918567470691046,-0.0038245026563517026,-0.0032397738023687284,-0.015306007910616204,0.009988864715033019,-0.044654217344305525,-0.02477364829392903
2024-06-25,0.06756423841299286,0.0,0.006622145672828816,0.01927430295435517,0.021287309988173853,0.00661000276810797,-0.016469144708050165,-0.019031849134184653,-0.0024945203631366875,-0.015784553511609234,0.0035123049720549027,0.018725960123015195,0.004130484615418872,0.010628140489358007,-0.01263160028869792
2024-06-26,0.002458577154997643,-0.01691111833926484,-0.023940147747360085,-0.008964090388650092,-0.006586257302860332,0.011117969465781696,0.009692087487803258,0.015932284997582036,-0.000910535968417503,0.03633705256651987,0.07017546234939176,0.015020367739837504,0.002730132735002444,0.04971343100040504,0.03633356986520497
2024-06-27,-0.01906649813518113,0.012250907812754175,-0.011047623733458134,0.0015506695906364332,0.011223588544927221,-0.003339205226773445,-0.01043296995450127,-0.006228038785868195,0.01170469896181725,-0.02952530807267495,-0.003264567740780211,-0.008699469761671907,0.006365062660764087,-0.0026303780365877216,-0.03565290499843754
2024-06-28,-0.0036293265393503304,0.017181949408603625,0.020650786198991522,0.014879827568500259,-0.005136091446402924,0.008115620581728988,0.00544501894383953,-0.018532483969822433,0.003716191972249261,0.002461839303268709,0.029554421812405973,0.005878000660781257,0.0034048845219218915,0.004636110845603891,-0.0034611737318647195
2024-07-01,0.006151871465324588,-0.02786513831069659,0.004267518449968533,0.0060171701320839155,0.010520828474274824,0.0026252922646747834,0.011273879482423865,0.007920325807818651,0.048818051738555246,-0.0036563010549025554,-0.0021442475008303097,-0.0013672570110327964,0.008523816210049384,0.0005761992227930612,-0.003922718280709447
2024-07-02,-0.013113410762866429,0.041981070547876476,0.0006499384640323846,0.014531803512690233,0.013933340795078797,-0.008804203500393237,-0.004075950625098468,-0.033960720121015586,-0.004082332482927664,0.0028347454472505973,0.005564927742292447,0.00615602725594111,-0.0022625123125193936,-0.017090788271707957,-0.015113976898080361
2024-07-03,0.045732354982504386,-0.0024953056308284483,0.01823543813343198,0.01017192593735916,0.022445384494131027,0.018191917628297416,-0.005109124334296666,0.007850455364996956,-0.00688877614195238,0.026013533889555074,0.02381607657338436,0.02227288872891431,0.0,0.017241355761170807,-0.010676109231679054
2024-07-04,0.0,0.0,0.0,0.0,0.0,0.025025218362811907,-0.0011984912147919857,0.032723932842688264,0.03595111160073294,-0.0037804417111738653,0.020665502893583598,0.003931031094766002,0.032476028176823046,-0.027076472415026753,-0.04119707970180764
2024-07-05,-0.01909869038163703,0.048810251970190066,0.00951868035571124,-0.0029592160389483313,0.0028651439332054718,0.003534626311842759,-0.014711464678897612,0.01864806845864364,0.005261855805823057,0.016158297908330566,-0.019804083694032082,-0.002395144742532107,0.03366827172729847,0.030190645825661333,0.03658862741134006
2024-07-08,0.018834695604926344,0.039499760244382065,0.010400906067930205,0.01525202183831964,0.0027084191066657493,0.03346223819840133,0.05554055457023588,0.027328975362721275,0.0224735538948162,-0.004632014229408954,0.0035732864962265687,0.004793810608770155,0.006126935193211169,-0.007948217214763909,-0.014906892120101989
2024-07-09,0.024805228596282314,-0.008898071051356093,-0.0037038108211622234,0.021032112218916987,-0.016168780719515996,0.002417299571254361,0.0256992070591604,0.040971708872743706,-0.024271898193395924,0.036323234705919694,0.03994073435691026,0.02528556246577618,8.673640953693607e-05,0.016848167347442544,0.0053328506688024024
2024-07-10,0.026868670600911804,0.038735179977023027,0.008111257789159776,0.013918236645395377,0.03677466508705729,0.003679366842322951,-0.0182268566146484,-0.003897423514411247,0.012654855041395408,0.00825894318562126,0.0006749299531190189,0.011826493158280105,0.00023868002792104548,0.002335622036134133,-0.010123352281424802
2024-07-11,-0.05566688415632004,-0.01098067079114029,-0.04286397870670844,-0.053771123779637,-0.033167974372461884,0.030974673268334252,-0.012863995652940163,0.07536782212890514,-0.004133046936657392,0.004363120240261198,-0.013674643829844957,-0.0018564955442039732,-0.0026891782349139914,0.007952662732904514,-0.009029296402249254
2024-07-12,0.014442865038697184,-0.0018137948039269602,0.012909582909871098,0.008870094804300788,0.021421127370302884,-0.031087283706472735,-0.036336193453393784,-0.07701974005650947,0.007892520021179683,-0.04156094013503786,-0.03536313350997,0.007229584584916404,-0.028295055634048216,-0.024931953614119595,0.005414741531345912
2024-07-15,-0.00619020642132484,-0.009801215645144468,0.02840487234887945,0.008833237216540946,-0.019930564896108782,-0.004952730594450783,-0.008610918393948785,0.006259064372994505,-0.004952730594450672,-0.0007074561736201135,-0.0007074561736201135,-0.0007074561736203355,0.02512815708210403,-0.014915727287547309,-0.01823280942791794
2024-07-16,-0.01619431032947849,-0.012678634021473623,0.007013233103356331,0.0011811053934769333,0.0042870364156937235,0.013613414884030561,-0.008172531895843105,-0.0035815692561551593,-0.007595516320699991,0.011743483521370779,0.011625437388430138,0.01409068997048446,0.004530637902989687,0.006029722099956114,0.057227171184564884
2024-07-17,-0.06623938129338913,-0.10205581562673571,-0.08605227848207597,-0.10482423740584135,-0.12743995313415346,-0.02337601356438168,-0.01454606882333287,0.019888109757015604,-0.013374559558558818,-0.0757782155260196,-0.02686824637548635,0.01505936291222687,-0.010651756944751845,-0.05292944956235701,-0.05103482007826787
2024-07-18,0.026273390318410916,-0.022956711857619605,-0.0007306974571397173,-0.010996679483744387,-0.008486562942008447,-0.022094505973001333,-0.031806576817203336,-0.033464412090475126,0.0022314667097478313,-0.07183623214227441,-0.03293670689430739,-4.688819302545166e-05,0.0052077123321765395,-0.033492077772151574,-0.03422676933076485
2024-07-19,-0.02609611104688403,-0.026898647534716713,-0.027420901230515993,-0.03395350923535456,-0.031142115804379755,-0.039208400616067896,-0.020094750126796068,-0.03282073893991777,-0.041540094272804584,0.013443439739289964,0.006245414418560635,-0.004733440426132662,-0.033389269569522706,-0.018807722789634607,-0.020966463013237013
2024-07-22,0.04757048811986997,0.02830184215800635,0.04704362670063578,0.06282693958202579,0.05125259439142282,-0.03615208302565809,-0.03198902701560391,-0.045090105182887585,-0.05008851562853278,-0.027349177595699103,-0.03699152561614916,-0.02322641646139123,-0.019115603676630344,-0.023995074353793555,-0.03956135257129645
2024-07-23,-0.0076897312057196965,-0.011997146184431373,-0.008308917000252825,-0.017093922854990118,-0.008977335230116568,0.041724704034089566,0.03994381936769087,0.05094767513543541,-0.014314250618369107,0.016599902829040225,0.03216866905206861,0.0062782238686278635,0.01208968149047318,0.001232847695127326,0.00192148066488107
2024-07-24,-0.06803172827731163,-0.060844124137581224,-0.06351172273483352,-0.05973147174665283,-0.06438618533425189,0.0017464213445907983,0.0017464213445907983,0.0017464213445905763,0.0017464213445905763,-0.0022831951634016967,0.0037397898278352937,-0.015505024240315968,-0.020860028692829435,0.018931639458443117,-0.012632085811324911
2024-07-25,-0.017242928617437037,-0.043628551099797575,-0.03136911078433158,-0.02038436996712334,-0.011595470655267559,0.001115673072808132,0.0011156730728083541,0.0011156730728083541,0.0011156730728083541,-0.03661977219999768,-0.04895143285808623,-0.023538670983490828,-0.018150783250238,-0.08746372712619344,-0.05377854150721095
2024-07-26,0.006946994259762862,0.012073438985806817,0.026569268988273498,0.020512040030337797,0.029862229519212802,-0.05410382096115851,-0.021381534497987964,-0.09656793603955882,-0.009545080034365605,-0.046540113508999004,-0.03434676231041367,0.013155129597385518,0.007107493211736093,0.010365214999372263,0.015656302902902652
2024-07-29,-0.01300201412935409,-0.0017144473444269392,-0.007831042340653238,-0.00435891568107083,-0.018265661155408064,0.0168168529567303,-0.008723071150069428,-0.01752680867395473,-0.020461366440900464,0.033769121077807274,0.038068203527381606,0.08254674222461111,0.003229001865534542,0.01932527559603403,-0.0012044281829630687
2024-07-30,-0.07043639304958693,-0.009373864462209336,-0.06549482535029982,-0.04295378186640286,-0.011843101022298907,-0.005792372777363997,0.010516272473918287,0.011447284072167996,-0.010583720029591959,0.010385869951447857,0.009157669037648697,-0.011772599784496851,-0.0019358154648478898,-0.03374306619720158,-0.06282381268680759
2024-07-31,0.12812098358547086,0.04362895969096203,0.08392216712629219,0.07858087446057183,0.08888217114339314,-0.0037200732768787326,-0.025283188084967545,-0.03278462765812562,0.007759433780203606,0.08228184896528523,0.05248217056480442,0.007319074105809342,0.03420026693299105,0.02858118769461937,0.01784819043606123
2024-08-01,-0.06674067091210467,-0.0826412153549807,-0.09367221868710096,-0.074929231576366,-0.056570883379992276,0.0338075987246258,-0.027168750206663206,0.029277543455390465,0.03825411323131411,0.01033724405206482,0.16057425225269095,-0.020044986299544987,0.0017456255934324982,0.004633031837372181,-0.018674615546025786
2024-08-02,-0.01776400222708774,-0.00030174504420321657,-0.02859755753097193,-0.07381567034116143,-0.0841452466027568,-0.06352086041056493,-0.08034254868879709,-0.06926695783728132,-0.021908268403372677,-0.11667329053888897,-0.07679216914766773,-0.08378841532186665,-0.04285259861287838,-0.10467062669420579,-0.09417524327133275
2024-08-05,-0.06357780612063368,0.017509489239386777,-0.00853675853919822,0.00043998609296180824,0.013591067118334577,-0.09391917382906034,-0.08726591297371245,-0.09052966315682098,-0.0938814805777185,-0.1645555060578202,-0.13749391853286808,-0.0921615635397216,-0.09521593730326239,-0.09089371658723644,-0.10318841008093982
2024-08-06,0.03782979986758184,-0.03441636549743743,0.004874766167405342,0.0078069574642523065,0.027622398920231772,0.07677768551179343,0.0817719611895995,0.0547762088182,0.029093202551970343,0.16430130674914634,0.15364715977461074,0.132810915601296,0.007809343010428238,0.04084123033069953,0.04088701511734061
2024-08-07,-0.051223008666704595,-0.0115992824688248,-0.016380856999213433,-0.026185173637904957,-0.007900315453618023,0.042297006426153416,0.06653658898485082,0.05498577517692915,-0.020044563003320803,0.004372147200285115,-0.005162329960758272,0.008833617301077012,0.028156651794533305,0.03201247843985611,0.0006585144304973589
2024-08-08,0.06126777693368868,0.05945449027852545,0.056559070446044135,0.06744715797222733,0.048185833732383276,-0.0222689147340972,-0.02663383528223484,-0.04782815644326277,-0.03423083185242426,-0.009912450207667511,-0.04972028382742988,-0.011853047950496132,-0.020989292397470605,-0.03837210594146612,-0.031351924763022065
2024-08-09,-0.0020957683454991827,-0.015038167118654577,-0.0028494982505611333,0.003306311391017447,-0.01836549305725399,0.05012350590332648,0.01643402701546437,0.06214895780303853,0.03241346916093657,-0.0035131218779579365,-0.014546087745426317,-0.010129869157537552,0.018874126830208393,0.05077123954983631,0.035500423710988604
2024-08-12,0.04076359583233513,0.018619199526701324,-0.009666770576211903,0.009990406777751426,-0.00893626091475852,0.0056543012941912,0.04364565432184264,0.01983802213394603,0.025646778693811267,0.0042640801241524695,0.0042640801241524695,0.0042640801241522475,0.018061058118253204,0.03957674572960235,0.060190248717720385
2024-08-13,0.06530912967977365,0.03187833935916218,0.04039534594035876,0.03992974365744706,0.01949907746167634,0.007150005418103289,-0.0067638465861568076,0.009467237954089436,-0.003635685345929396,0.062037539741628844,0.07726993924474157,0.04212702533996637,0.003751941101363121,0.023406399268012468,-0.01288215644034063
2024-08-14,0.01670403569023815,-0.0026925874701700936,-0.01368981918808243,0.004133400187210423,0.011604546396634552,0.005380634874777579,0.01946450336923511,0.04484072047138876,0.048773773555124356,-0.006312534190661689,0.009855926942592852,-0.005898101078857132,0.019943357075474122,0.03194137896862137,0.05248354817641099
2024-08-15,0.040481015477981996,0.046962704158803215,0.03703275202526135,0.05058767957260124,0.05533326799232041,0.004363587087101939,-0.01587267434888573,-0.022672765477926293,-0.01008847128609991,0.012565790095217189,-0.011899234600697195,-0.016664426024922463,0.004765092235027302,0.004765092235027302,0.004765092235027302
2024-08-16,0.013999724771981636,0.008143301732301156,-0.006691997781902881,-0.018552710924572446,-0.010331374548103955,0.013397612647734203,0.05024575972895007,0.0025342447886029795,-0.006534433460211098,0.03450173247533783,0.05422731962442895,0.03755211044047946,0.03291718151017742,0.06351154639685563,0.07147250031451247
2024-08-19,0.043506248146185866,0.045234257748642426,0.01208031095983797,0.014622638591156756,0.015773146095243273,0.013720632843825076,0.030072656179982005,0.012841692173814145,0.02746808015365665,-0.022792039456055457,-0.012186815913002857,-0.02322259599298193,-0.013174668203119078,-0.018585287332202993,-0.01139143676154486
2024-08-20,-0.021153826958250077,0.0072127455306034705,-0.012337776725787952,-0.022660534896293716,-0.007469457812676938,0.007051042504219174,0.0030388645931178626,0.013590384073819184,0.011182552363883547,0.02115090351895943,0.029593245921939237,0.01754733506648365,0.021366876354255604,0.04391915340332786,0.0184691805555377
2024-08-21,0.009822999103346497,0.00901536903538891,0.01225943411487429,0.014357808133548033,0.018819284284411264,-0.014937729111665465,-0.023525647777852376,-0.01565099743688636,-0.019953020547682776,-0.005088783985396694,-0.01039918107230775,-0.010939262235850844,-0.0051375286085850735,-0.033155990529797674,-0.003105822307168271
2024-08-22,-0.03704280116811565,-0.03871744949544764,-0.029962065945829508,-0.040820328160313,-0.03804535323469682,-0.00104278766523902,0.014558550377154145,-0.010186687760231905,0.005260863456831855,-0.005397135702976841,0.013388334655719536,0.029126394305600378,-0.004558941536206285,-0.012311536657551692,-0.03726176215297139
2024-08-23,0.045498645613678335,0.02162161400976137,0.026627275868539524,0.012337708090421451,-0.0004957186356618903,-0.012694104128541994,-0.014635211428622119,-0.007315468575863626,-0.01061339641664949,-0.032403186906590054,-0.041216647715228816,0.010931763297449715,-0.012018695559862125,-0.03356507675358367,-0.028310582678050533
2024-08-26,-0.022493641367210437,-0.0321976408048662,-0.02311245876106116,-0.03177592717341604,-0.02639818055466092,0.009896411509398684,0.0005979867884449153,-0.007924590041489044,0.011992573482634272,-0.00943041818936996,-0.010162230537537176,0.02768096964374811,-0.009006893265448235,-0.02035323337281303,-0.008785616720881184
2024-08-27,0.014550161715409793,0.00340018993371638,0.026196208501882978,-0.0023440574018583904,0.007437933960287246,-0.010120106358805225,-0.005821568004226396,-0.00845849343641758,-0.01729533774333003,-0.012801949273048008,-0.01910469038489282,-0.006034685385174932,-0.006014287712443056,-0.027639565970432267,-0.004674661762159693
2024-08-28,-0.020966498128261124,-0.027508301592348405,-0.011958857218744123,-0.014711267553890295,-0.0019665906151554724,0.027035389891743478,-0.0046973351224139925,0.03773266667421127,0.018449106958697836,0.003374324037301646,0.045710531099822926,0.002668854941520138,0.00812818176342045,0.02478773449057825,0.06712355820825411
2024-08-29,-0.06384848827359224,-0.005944213675590615,-0.013732857237808926,0.00046668146896888807,-0.0004729451951775987,-0.03059280062924974,0.03228658640718507,-0.009004787186872809,-0.013133952450756214,-0.02067916068699316,-0.00020286243328482279,-0.003634743694640785,-0.03889867033053618,-0.06085588012486154,-0.10146053913872011
2024-08-30,0.01513736026912249,0.02110105127168982,0.03427928906929911,0.022178429127921895,0.01820411751756268,0.004988290086222147,-0.00410777296402598,0.013830824683775722,0.017575437713237774,-0.0002484302027456753,0.034383406783401904,-0.00655743272789,0.006924027291022261,0.026496778659479192,0.032619472843760544
2024-09-02,0.0,0.0,0.0,0.0,0.0,-9.401859188507e-05,-0.016357514411632024,-0.0075563072038359325,-0.0032855416797069603,-0.02092580980269565,0.012916312090051507,-0.013576611046416609,-0.0014261026098865148,-0.0010457742735868747,-0.029767475807044752
2024-09-03,-0.09525003766340101,-0.07821752361435275,-0.06879627758510365,-0.07041463684286042,-0.06469955671298044,-0.006420387467942046,-0.00205430785527827,-0.007788244244755216,0.0030686543814453238,-0.017176875741112596,-0.024785073445743988,-0.006532977785217442,-0.026244433959904945,-0.033460114773472216,-0.02584176529986404
2024-09-04,-0.016574087384834235,0.028698646164131647,0.012803224154334991,-0.005398998543464817,-0.040111587703406726,-0.05573397381089917,-0.07112673134474423,-0.05428616197660163,-0.06017402245572179,-0.07689095444043148,-0.06868487967310977,-0.07627052657344968,-0.03654292905287715,-0.08217634637746885,-0.07196585852328274
2024-09-05,0.009415393266049898,-0.010151151596134111,-0.004742182394154915,-0.011733682601163364,-0.019569198700071122,0.015448703083279058,-0.021230688377309348,0.0008136747496347851,-0.016706047824340042,-0.010982220386333896,-0.015462215383299394,0.006157564728846765,-0.007324222149101889,0.03698786002718024,-0.004902771628271352
2024-09-06,-0.0408544883335239,-0.036503128576962585,-0.03365916735504837,-0.030459361859257794,-0.05380850986264052,0.016084924329355266,0.02985571774449891,-0.015539278594537853,0.010604915309785357,-0.01942417152065945,-0.01425609484865309,-0.009464184066340309,-0.0027828532225415703,-0.020131056535588998,-0.03435749429740276
2024-09-09,0.03539821957804978,0.02828423982385897,0.0163095326225573,0.01602288077641978,-0.003945246964869198,-0.02127504970627836,-0.035504051038050655,0.002941249436545723,-0.008286498290311806,-0.016506351233168126,-0.00015138849954021705,-0.0159238556556367,-0.023966340618237436,9.938738249837265e-05,0.007633889445382236
2024-09-10,0.015309448822849125,0.033948625759046,0.005660037471144408,0.0028161252374721,0.0020804813487425022,0.0029904996857292865,0.020009482015076907,0.01500358834731319,-0.00255699234399287,0.030352080228740252,0.0069519621244744645,-0.010860884074194721,-0.021818427599980983,-0.012138500680175968,-0.014872464471530344
2024-09-11,0.0814986300715983,0.04914592867851231,0.03018334053906413,0.04431339760197894,0.06489386717814738,-0.004868224472669547,-0.019226380569615342,-0.018828903258578444,-0.0026616929056337835,0.004368874720116489,-0.0165777473954013,-0.005833220137455353,-0.02114811514358883,0.009374640471649709,-0.002576682118968665
2024-09-12,0.019161749990630916,0.006072358590705429,-0.00948626428501853,-0.014682292642333561,3.740839580435029e-05,0.04960229461866805,0.04219345022283072,0.04038244871511942,0.022709683820471893,0.04555954318042299,0.08923980193390757,0.0448049561943209,0.024744993519989933,0.0771268129839906,0.05623036207140486
2024-09-13,-0.0003358162294692102,0.010214188780878652,0.016668784030079875,0.02871039762482419,0.020233320730369986,0.0132535352171117,-0.020359846235870838,0.002354469681673299,0.005763809979490775,0.025024908572777615,0.020841162450273787,-0.002602758434593122,-0.026119523957271573,-0.033024749722118774,-0.016173627041752847
2024-09-16,-0.019479398424273597,-0.0015100501032480063,-0.006677396696022964,-0.004722260474248174,-0.01631636560597849,-0.00046964085971024083,0.003972625751747394,0.04712696600050337,0.0017032609587890324,0.005035866663819943,0.005035866663819943,0.005035866663819943,0.004648277632535169,0.004648277632534947,0.004648277632535169
2024-09-17,-0.010190111185763628,-0.008285076878389752,0.012544272356136643,0.005384357361694514,0.003300073583970553,0.0023537913424225287,0.0023537913424225287,0.0023537913424225287,0.0023537913424225287,-0.0523648067896616,-0.056313726228637395,-0.01191727146809718,0.007884122271495597,0.007884122271495597,0.007884122271495597
2024-09-18,-0.01920578191337563,-0.016775055796457772,-0.002371045626069157,-0.012991198901929457,-0.022154944992779813,-0.008715750214748685,-0.02446595034708421,-0.01211210335730073,-0.011051128818061806,-0.007521540503716118,0.009336237686146998,-0.012670131023404974,-0.002887581507925785,-0.002887581507925785,-0.002887581507925896
2024-09-19,0.03969302819451159,0.05698302373462605,0.03339272222139389,0.05678533152100673,0.05117775728838336,0.025343895427304863,0.018693729240158774,0.0017553313950295912,0.01714629524119493,0.019714736072860672,0.009914618963662525,0.019055658841788725,-0.01968984027021181,-0.060949600915823576,-0.03267592996599922
2024-09-20,-0.01586490531965512,-0.005040248291661165,-0.028748882228895933,-0.023130580471224627,-0.039702330346705006,0.01389257634748109,0.00481210657273623,0.016799280722345378,0.00359059680472007,0.05212348684990098,0.011660094718167091,0.01842196174168964,-0.005608058001094429,0.023998273846796314,0.03841797131903246
2024-09-23,0.0022413654136228534,0.005129868979884211,-0.017523111038939554,0.009783531448456673,0.010336021397721495,-0.0028260442997787294,0.010746294878454687,0.009160863792856633,-0.0069086457586342576,-0.007958085270103776,-0.007958085270103776,-0.007958085270103776,-0.009252209411474421,0.02817761264889973,0.008013568761790824
2024-09-24,0.03965247738536104,0.010015995688795742,0.005965376698018332,0.014120888747464644,0.013067741226644003,0.01200694691790849,0.045498381398929144,0.0017536640738202713,-0.01551789182340868,-0.006755858511095392,0.00573318391363431,0.004942469773356883,0.007979746281892686,0.007654910079073707,0.03976461687332744
2024-09-25,0.02184165433641705,0.023370368728350854,0.007906543289449397,0.0026933305288614484,0.005135086039472103,0.025721338753026624,0.03263930704373097,0.016974536829407194,0.026127490069996373,-0.0023893414520372858,0.04163291881597697,0.0076282834351319995,-0.009337895133729068,0.017670878510247068,0.016121305553215892
2024-09-26,0.004291112163702371,0.033761270685467304,0.02608896696683738,0.06233841956025987,0.0418733846818653,0.004783613973110334,0.03143100262294807,0.019991824856726126,-0.01154113325919981,0.06724382342156443,0.04138875494918537,0.01594609929539703,0.032276915141148166,0.08604552931558151,0.06314175887599727
2024-09-27,-0.02128340222345626,-0.01874738364479067,-0.014653017135589308,-0.02237500279478155,-0.012786743551183366,-0.0021576059533184866,0.004835048047464374,-0.0090044087818687,0.011712632581060589,0.0747429350588289,0.04482946813912503,0.05324958609645014,0.014364982237230706,0.03457338936787879,0.0058794287370627085
2024-09-30,0.0003295017620266183,-0.00164286134733016,-0.00047014901627251415,-0.014005402445018467,-0.009851032256637415,-0.04648554790723958,-0.07085676050652367,-0.05377336385557241,-0.016610013767392795,-0.06474469975120223,-0.04990215631260153,-0.042568725835434584,-0.03912949495319762,-0.04715215490712876,-0.03866495419549831
2024-10-01,-0.03656139114179224,-0.026389576930362812,-0.025110230244708487,-0.02400396041999009,-0.013081299878332953,0.015513205452235113,0.029624274423953212,0.003152404844378509,-0.005651857574561436,0.0230142270834659,0.01551055565046866,0.022639579521786413,-0.004584330493505262,-0.004584330493505262,-0.004584330493505262
2024-10-02,0.01581215842061856,0.00018778578589584427,0.0153214845130063,0.020030289361522513,0.011965715423637446,-0.00573009292634985,-0.00573009292634985,-0.00573009292634985,-0.005730092926349739,-0.03704041189421592,-0.048648119430584114,-0.03300965416226975,-0.010406820913456905,-0.03845270975767556,-0.010845164452385925
2024-10-03,0.033655791555120995,0.01921396512500495,0.0035645036385316686,-0.007755359428641362,0.0002642584959366978,-0.0015717698974437866,-0.0015717698974437866,-0.0015717698974435645,-0.0015717698974437866,0.0071709657258085535,0.026801483435216156,-0.003594697237821909,0.0006117206600422254,0.0006117206600424474,0.0006117206600424474
2024-10-04,0.01684978676440796,0.04943191581983597,-0.00011837919725266044,0.011924478612099776,0.0007089855429505132,-0.0013229605185046678,0.009988644218224207,-0.009712989213254142,-0.011923225633199586,-0.017451418196680057,0.014092762913527679,-0.005554418393646565,-0.01910911549893246,0.021559539865369626,-0.012376559974858092
2024-10-07,0.022414399979764132,0.000409639126500716,-0.011604497147957082,-0.009110215829453705,-0.018907734590879355,0.018417122457443647,0.006141584672200606,0.0162696345917841,-0.0187570907457717,-0.001824770916837526,0.017396874088690062,0.006189863146107699,-0.00197794926620265,0.05298233657972018,0.02286527710702635
2024-10-08,0.04047907598237832,0.010703642849556827,-0.0035939698074392012,0.003747625612425365,0.008577640155763122,0.011801858959842093,-0.013342846390127727,-0.0061979544236501205,-0.005622640023652314,-0.0028914976126900305,0.029555096407434034,-0.009515837506523184,-0.008890666972186656,-0.03480020344883972,-0.02815136986398825
2024-10-09,-0.0018058437153170015,-0.010300918679750914,0.023325560929557287,0.02080835922402091,0.026253924639862092,0.008387889423717043,0.014803803435454066,0.0050278505117544725,-0.0060317626927791634,0.01208721907359056,0.03640836585156304,0.011965246181329992,0.00079022483775959,0.00079022483775959,0.00079022483775959
2024-10-10,0.016283377091003803,-0.03999538899427524,-0.009986960911384402,-0.00536428632416619,-0.014103377392938654,-0.0017842756946234717,-0.0017842756946233607,-0.0017842756946235827,-0.0017842756946235827,-0.016539798312771303,-0.01984390973400174,0.0036612077819959676,-0.024460849548052832,0.0475409609353552,0.02941394941074349
2024-10-11,-7.416712582342111e-05,0.02259719137150662,0.00866350345692557,0.0053932170848174366,0.008057882862707366,0.025528191612902873,0.04521462707463275,0.007493983848919639,0.01583199903133492,0.007194425932760318,0.03766429332555532,-0.007785363002243972,0.0017785698308550035,-0.008709422764361818,-0.015764923414179455
2024-10-14,0.02425818596855467,-0.015605426926632249,0.047417395044185406,0.04306061879632539,0.0375643106975323,0.002038541857248166,-0.005669489170556985,0.021432776114258978,-0.00021324009244505504,-0.0042187638739835664,-0.004218763873983455,-0.004218763873983455,0.001045763444886827,0.0010457634448866049,0.0010457634448866049
2024-10-15,-0.04686030433050681,-0.05221761154301929,-0.0221859480190314,-0.10692419276927212,-0.16261018113574888,0.02322295459142998,0.007062446790354393,0.06572604385055314,0.0015664912853932123,0.04254106740035346,0.03140596784774208,-0.002244929105811866,0.021892218633453142,0.030265570258883656,0.01609390370616537
2024-10-16,0.031307072782547074,-0.0032558382841110234,-0.014992289539792925,-0.03366126237851241,-0.06422234209102806,-0.02394141523187221,-0.019810141676595783,-0.021349884676569175,-0.005082372656512235,-0.088416242752694,0.0025843237209242087,-0.013048262997686133,-0.028818986704163052,-0.02601403296806737,-0.03367205289155861
2024-10-17,0.008915174084056288,0.0007685589792785219,-0.0022160867762076597,-0.007313390439912859,0.024988222150463812,-0.008459772000053656,0.0011203707693627774,0.00415404353286597,-0.00904903281471603,-0.03517219156363549,-0.009255792752793313,-0.016760050971384,0.0026111781905320264,0.037909297717841905,0.06911731374934194
2024-10-18,0.007814355082992996,-0.0017919921875000355,-0.0010518382956585803,0.017026656838124987,0.03234366490094631,0.050499200113951925,0.02566783321544741,-0.01002060167001595,-0.017335507401160855,-0.004761569142520461,-0.007725156724405213,0.0017086899119505006,-0.01260944325051594,-0.0484683766550279,-0.10786696850585786
2024-10-21,0.04137678680206358,0.012374127464743978,-0.011175002772489506,-0.01019525023392287,-0.012664938424755245,0.0008114654737869653,0.01998410614404955,-0.011430871572352785,0.007793828149875948,0.01273530357239605,0.030163531775984298,-0.0028740536105557046,-0.0026212057309427106,0.01999485578292215,-0.025171727809628064
2024-10-22,-0.0008349934595188735,-0.02412918116444951,0.024673169106388837,-0.007915056215388128,0.009536413081696393,-0.009494697775325633,-0.015314125263482636,0.015194731711261955,0.014726595766540118,-0.03724338082091039,-0.03350659256738664,-0.017886727053031515,-0.02735546199208938,-0.021591665820534844,-0.03189760779280215
2024-10-23,-0.028066086477301466,-0.007657814938185514,-0.03799509533154266,-0.001639337334479407,-0.01704769127814665,-0.012813857794898853,-0.006486648003728668,-0.014105784555813794,-0.018206783087734824,-0.013062307383188698,-0.014668050255958631,-0.014564546561720348,0.02416678348477208,0.043564861676358424,0.027230957370417253
2024-10-24,0.00609062345434741,0.003466083098578876,0.009003592115043091,0.005747102109731506,0.003090398183200893,0.0003124084810619543,-0.02277185053689823,-0.015172272751489357,-0.002008512221898684,0.0004031738773282445,0.012199764046441297,-0.01289254357919456,-0.04279487763670842,0.010703206264237819,-0.033010974404626525
2024-10-25,0.008047824686881144,0.018182959083295147,0.012909002671032122,0.015074873107128628,0.001252152790133465,0.005351574559314454,0.03608703742381225,0.01951137559837557,0.000631592519001023,0.015020177273344482,-0.022625192191650823,0.001281080092598641,-0.011635505535336654,0.014878663837520012,-0.0033352173110512418
2024-10-28,-0.007206419817848642,0.023619039507890127,0.011452359341932228,-0.006326460871214357,-0.00428546713268807,-0.016544453255494362,0.012676142178640992,-0.008652410069642014,-0.002495023100215099,0.01970893173968835,0.038167978326600016,-0.036414286539991236,0.030862272494002196,-0.03284432371486601,-0.03149732807848127
2024-10-29,0.005194955867534379,0.039582303048599554,0.021948618880982762,0.025790503616862637,0.01150051414278841,-0.007976806364601519,-0.024696228267674925,-0.01399036783850749,-0.02289493656058672,0.0037490499706696045,0.01426283658633487,0.003873919244603785,0.030041237581568403,-0.025084026004876914,-0.02637420528163059
2024-10-30,-0.013522109433509621,-0.10616537682095861,-0.04761364582018113,-0.02535229578006537,-0.043781623517276214,-0.009281165397574509,-0.007357377471811977,-0.009129368471706978,0.011068180266688099,0.00042196978048880673,0.03365504394895402,0.009510812173388006,-0.009256785887507224,0.023801367267890283,0.03904703389307995
2024-10-31,-0.047222629386888926,-0.030484512740472258,-0.028934539488396305,-0.02007576595440108,-0.01649532030629408,0.004314975687297773,0.004314975687297773,0.004314975687297551,0.004314975687297551,-0.02496079188121325,0.06482600357028101,0.01366729756808338,0.005041843995399198,-0.0414203886067559,-0.041457285016463175
2024-11-01,0.019885571183990924,-0.015339811213403554,0.01535911414712654,0.0099130300419914,0.0032414457363563187,-0.004770038391532672,8.470373805069542e-05,-0.019025236820775726,-0.014067352236975306,-0.03136384532858805,-0.036354426862992284,-0.023650545402401746,-0.011157230523828221,-0.017990098507326024,0.012839296693633706
2024-11-04,0.004800645587734076,-0.008106540896211323,-0.0005446145092830035,-0.008506788612654081,-0.005291194467742177,0.012727191222841716,0.0019891877639071076,-0.011601492052952245,0.002896123754480451,-0.0020159753016973925,-0.0020159753016973925,-0.0020159753016972815,0.002182085615051621,0.05981594817904923,0.025385110938376254
2024-11-05,0.02837195582587837,0.006751452653783074,0.004419581109130988,0.025629587284735855,0.007896962755426173,0.009956974433615873,-0.0035239195958521874,-0.016060545883887056,-0.004425049832232686,0.01986461521072469,0.0176837056546455,0.02429354123868177,-0.014107706759738381,0.0005768460791781838,0.0036690554199687586
2024-11-06,0.04074045868488696,0.02428351230041903,0.04267383574804051,0.005577109441431416,-0.022218665046783714,0.012369499553320118,0.014479447412694357,0.016189711678673113,-0.03556662535949473,0.02879590000514476,0.08758874510813675,0.0332067467266175,-0.008918936975505054,0.00967740734795064,-0.02876720360719698
2024-11-07,0.02245727108376583,0.03252929718924924,-0.00046255857478683104,0.03503624468970035,0.02385749086650324,-0.011201397938877533,-0.01584366613770294,0.010055173960963115,-0.006051177773262251,-0.03563567752339458,-0.004217606414845809,-0.01518194494659797,-0.015573687718024809,-0.015573687718024698,-0.015573687718024698
2024-11-08,-0.008396276355505439,-0.012481713286328633,-0.011566760109619656,-0.010613677887582718,-0.011429301859317231,0.03307804682688653,-0.009953138504102843,0.006148544388370647,0.06035025373219716,0.015963255078145,-0.005863699710502379,0.008297981946090438,0.0148614759688257,0.04469199568662274,0.03225697028108909
2024-11-11,-0.016053572431175556,-0.004055362332561985,-0.015329603465958241,-0.018070011579138012,0.002748453891004088,-0.010794039199746752,0.005410278106844135,0.006546067035944514,0.02289005182744064,0.002235855482716431,0.02113846293219268,-0.015878043555537014,-0.052435729701061695,-0.056671888293393646,-0.0815704533459527
2024-11-12,0.02085900723887235,-0.02524602013310928,-0.028997527707550375,-0.01034157337103303,-0.0031728945360444127,-0.036436894759919514,-0.027384319284102676,-0.03592718727314459,-0.01906060416072719,-0.031807131571957914,-0.03518980583332598,-0.008055900062177823,-0.0386685334696244,-0.03761398182341136,-0.040892181109030146
2024-11-13,-0.013621728967657454,-0.030146916966183546,-0.018297572151923625,-0.02047051763736618,0.006321085356458145,-0.015501949125799164,-0.009129241092062035,0.028237937596954144,0.016085768466813644,0.0011828503753323893,-0.021575103409413043,-0.027745189401193415,-0.04942320060018113,-0.019876941773088297,-0.03489998503995617
2024-11-14,0.003349978517349639,-0.003302273537612699,0.022129448977891153,0.017561213443895385,0.029031398288542176,0.00020975655174360064,-0.015729826765980892,-0.0189025735565157,-0.03616159510818617,-0.03966704474501104,-0.03277237456692339,-0.004274884977203963,-0.008441315534113869,-0.04895582464073245,-0.006778662611361508
2024-11-15,-0.032570295907606295,-0.02837800738497276,-0.021162527456238478,-0.09204302298468625,-0.04954110338727569,-0.0039708388553892915,0.024256656195531523,0.002496931518801482,0.0042510996235434195,0.006448052870074994,-0.004679334009909275,-0.00013514371310219264,0.0707435408067576,0.02871233899061143,0.006082271699910047
2024-11-18,-0.012889211526535771,0.029873973029155954,0.02492212665116722,0.010954415643910753,0.01002072737090276,-0.007361552035716534,-0.021354176061330166,-0.020310339644592945,0.0046673955511225,-0.004441008757826825,0.00767746939534053,0.0006347985962495972,0.06473838040502722,-0.03199812409442526,-0.008879198335826621
2024-11-19,0.048947700677948625,0.0033110684381931765,0.0012767153674047016,-0.008317215225881469,-0.004614838250179054,0.01524410032749457,0.03691322182762846,0.02041491159235842,0.0029362992627919304,0.0028110493353656896,0.03734828976614035,0.01150731067733024,-0.003588772552494568,-0.002938461750388699,0.005980595708523273
2024-11-20,-0.0076185062905554934,-0.012841619154679074,-0.06338412059546494,0.006969532367508746,-0.0056330668309605425,-0.01086205944172447,-0.004196965364659855,0.006861212032290398,-0.009238753498471364,-0.006558079104056591,0.01036042575340379,-0.012599937081394619,-0.019638933640083622,-0.0019107244241893806,0.009206556740959826
2024-11-21,0.005346513126098795,-0.0007994230048856688,0.00771361789426761,0.03327640886693528,0.020852580411830246,-0.019064541410242275,-0.012304163881721397,-0.014130175961017843,-0.006844144424619003,-0.007815339294109824,-0.020005206066190606,-0.007969990695754325,0.015907359088127127,-0.014416371468424116,-0.016098698280999413
2024-11-22,-0.032181054925635055,0.006255004552998766,0.008555075659952838,-0.004950220784886716,0.0010710421879369658,0.02863232246462677,0.03449645666996304,0.018483919917059888,-0.005762938207231727,0.028713718070170646,0.013635930425099474,0.016520709950429646,-0.008496904462965027,0.04532003233325166,0.03199528916019134
2024-11-25,-0.04177533253584087,0.02009395487280896,0.012947429654771803,-0.0018870202022163163,0.01722452325520618,-0.011537412716783102,-0.02479693417792106,-0.005129346232171872,0.030063651074656583,0.040261003616459234,-0.022301986432515908,0.019948684513827253,0.031048170278219267,-0.0010926734031990737,0.006779705105486089
2024-11-26,0.006616559714401005,-0.02416214514369841,-0.011900286506413504,-0.007734206661241028,-0.018262280801069064,-0.012244689480115922,0.007314727855359582,0.0008576359108110054,-0.001958563417284842,-0.022435279050376344,-0.044549027586776146,-0.01866760160847014,0.012644412723250342,0.006264606960306729,-0.036107931181576514
2024-11-27,-0.011539605140947318,-0.010746410938286988,-0.003377383878166329,-0.010854359517683765,-0.0022173390792492587,-0.012131410155572953,-0.025637410621391354,-0.03121959943810626,-0.021952661329580847,-0.009316310336169753,-0.02851426735239937,-0.011017835361167738,-0.03410453816293968,-0.049491726122211976,-0.05060818677268242
2024-11-28,0.0,0.0,0.0,0.0,0.0,0.004696181731958626,0.0036964833313291035,-0.023551024695140588,-0.021622915552622968,0.07924654059215075,-0.024128707088043377,0.012330597963392753,-0.009381654725445943,-0.038092763134502494,0.008833297734968992
2024-11-29,0.021501614290346582,0.006899494603032297,0.013618992540276764,0.019787426351080217,0.02405742317011783,-0.011379989972732818,-0.002446647678273406,0.02809065817410028,-0.009692830196698088,-0.017060620369404478,0.004729590627359226,0.000891452886535582,-0.026809004466850417,-0.010889728833556545,-0.033271981519470084
2024-12-02,0.0027485543672842727,0.035573736283440294,0.0283857676023358,0.04899553487640862,0.036206914988784034,0.040928213184793005,0.04560424051834322,0.02154046677783139,0.028579839151896547,0.022789912696369097,0.03066548075889508,0.007059888124322011,-0.015704324330841013,-0.011533225133235625,-0.03537280747668026
2024-12-03,0.011757990339645197,-0.0005631552332083789,-0.002760099786063508,-0.000600154989520818,0.009262451088054124,0.014554202677603767,-0.0008802817104918148,-0.001457960525857227,-0.0034970798460616237,0.04544417365604847,0.0417794435265475,0.014901492356283574,-0.0008565466089955898,0.03752363805129155,0.03507392139799648
2024-12-04,0.03479253705418417,0.014156992718060257,0.004674606462866215,-0.010919472638301397,0.0025902243583684204,0.018201298230996033,0.007744620742534458,0.023358177313704154,0.00988186601087282,-0.0007262466200586015,0.006492752326614948,-0.00804724285049363,-0.01677409184381995,0.011142155339633364,-0.01811654082224512
2024-12-05,-0.00048232432787742585,-0.018265190516555396,-0.012923913423674716,-0.050397472204883886,-0.011695615742467136,0.009367592247458534,0.008478673177672702,0.0014937533540277936,0.010596916109312016,-0.008931966152419424,0.027263780876364274,-0.015560572638733228,0.01192302046376903,0.030396794661490922,0.004667693987137289
2024-12-06,-0.01806148214891312,-0.019595389505523864,-0.005486713050682934,0.0057548466540300325,-0.0035418990159878927,-0.009602622483823375,-0.015392939756266655,0.012391367002943632,-0.007335160656253614,-0.023493962894456266,-0.0301694205663805,-0.0023239066815846643,0.015227898615619129,-0.026645767788640806,-0.020722173611914307
2024-12-09,-0.02548454541528611,-0.055703885018376864,0.007711275847386068,-0.006704377564174302,-0.003469725362578502,0.007357578540328591,0.013281687986694601,0.0011153433259141199,-0.010260866896247722,-0.006762809225225541,-0.04595454456258907,0.004641535176262757,-0.02973172113381206,-0.006424003877247175,-0.04692389627771687
2024-12-10,-0.02694326589892848,-0.023916843968819657,-0.026626896718178306,-0.021470976430976396,-0.0017691977252897173,-0.008775837841748402,0.019409315105896274,-0.011975279438311892,-0.016144163787379928,0.025930545535409744,9.986076565615676e-05,-0.007304283043421345,0.009549004771270742,0.0071978707561617394,0.01114913248354843
2024-12-11,0.03139106037169204,0.018866416729433677,0.02153898767299811,0.017601260812743824,0.012987837833818405,-0.023395212484644046,-0.004704243612917214,-0.017302919022819996,-0.02157373831434939,-0.007493619941817853,-0.007687003006478066,-0.0138224936810466,-0.005125684881770676,0.003048169460775574,0.13359626657225498
2024-12-12,-0.014141056000939622,0.003457642936112393,-0.009948015308568259,-0.011979323712339673,-0.0018616213239758261,0.019442332114744554,0.023417833307193936,0.007587488977145229,0.0011696863699892646,0.0030292830213858313,0.04795452181271842,-0.0105443522956441,0.03866181084504117,0.028471761125633543,0.039325652937392874
2024-12-13,-0.022498918064773,-0.02825422870563643,0.001832685925198252,0.0015969205662067498,0.007684901309078285,0.0053297249452648465,0.0223623517167868,0.01016992168327091,-0.025267909825688828,-0.033237740896978285,0.055722054259436105,-0.03077500975514058,0.004484487527411041,-0.0025068091733447817,-0.008651686275555237
2024-12-16,-0.01675981083589173,-0.0017335215062231901,-0.004037190403086144,0.0003544471776664171,0.005288149994972624,0.017766896980698776,-0.018706659069996134,0.011611880920310513,-0.027516075295039633,-0.014186751258195796,0.01322609661040497,-0.016975155586108848,-0.013465719698113388,0.016958825517001674,0.005000201468821519
2024-12-17,-0.01219692416139928,-0.01318182781717303,0.0001900290532645954,0.005489525333856937,0.017732995501795523,-0.006731781617421717,0.03146117642937307,-0.01310754759954913,0.006413758284111282,0.00368058962658413,-0.09725801280132629,-0.006595321965741752,-0.02306870065612876,0.028435665951877187,0.036846968837596306
2024-12-18,-0.011350387008863927,-0.028875324571185246,-0.03083841074825211,-0.028707323447469624,-0.021354989160029647,0.00890399224640226,-0.003902053246848558,0.018585244372626875,0.0034847813206768663,0.0010321717774470773,0.014464269082099523,0.005086115950465597,0.009340003763178784,-0.006237426565181781,-0.0012310840691069913
2024-12-19,0.013730184666827627,-0.020838533336450138,-0.01731457669591996,-0.024236774622869883,-0.012828478115179731,-0.021315450923192758,-0.007595424044475441,-0.007595424044475552,-0.025499548602039068,-0.02110241319580841,-0.015052139716549506,-0.022008670887119886,-0.04283547723075132,-0.05622960668263033,-0.033164983423718764
2024-12-20,0.030762238773439643,0.0027759239458191587,0.016555901822919772,0.013317433593959871,-0.006448381932264713,-0.031287241855933234,-0.01968681628450908,-0.020300075592515676,-0.03007140185812318,-0.025122413281934652,-0.02799173107336772,-0.03206097681152653,0.007872623847583027,-0.027731671108808365,-0.05088357057127024
2024-12-23,0.03689689757521042,0.04521432288435023,0.03499246295170311,0.023656810377646442,0.021766251747893373,0.043926268421714765,0.014823887809745973,0.019485072405555526,-0.029393819772586816,0.020280606319636574,0.052837442987698546,0.019452055988086414,0.0038678439631705253,0.0009782788299159684,0.08047539662058445
2024-12-24,0.003937854184755452,0.013563422649296886,0.007077932064314174,0.005434027913757022,-0.001844555075534271,0.0002453207724106843,-0.0033015764326571606,0.025173541383377573,0.07288880303112744,-0.0025444520379958036,-0.011214344368837503,0.007854270420856846,0.018739642087428843,-0.004612776560650289,-0.021226213576115316
2024-12-25,0.0,0.0,0.0,0.0,0.0,0.004444843742772653,0.003374122997779061,0.005893989683918521,0.0024198304227887046,0.002908239285322578,0.005967259428474758,0.00326770494417028,-0.007375770561370398,-0.007375770561370287,-0.007375770561370287
2024-12-26,-0.0020682640341511682,-0.009739514989443365,-0.005208381568211018,-0.00487016840389809,-0.005349458980237087,-0.002870945093291777,0.004200931807972541,-0.005883394502872008,-0.009345878927540907,0.005318822145717217,0.012075120539846829,0.008500193415658552,-0.0175381957469688,0.0065938120324608995,-0.0287738901626583
2024-12-27,-0.020867530418498093,0.0010395401035538931,-0.008137270019840326,-0.004297218310938988,-0.003170914534329383,0.004190589611062334,0.006623755463315062,-0.00041561039643867037,-0.005642053360474963,0.019091505129176678,0.03465296644067184,0.01360021881667639,0.00224734403876492,0.0193076952699891,0.0020364996619719467
2024-12-30,0.0035032852629626188,-0.021966610323273295,-0.016916895707400847,-0.01912125826444311,-0.024439755995850132,-0.002651690571918164,-0.009626192814257473,-0.011718513398310093,-0.01575750754697436,-0.008783757000474401,-0.02712844566916983,-0.006979465614712743,-0.013219203363665333,-0.0073697914953142485,-0.012325130508093585
2024-12-31,-0.023274255761140172,-0.013476000432689594,-0.0062104287669051406,-0.006172018191390127,-0.004410043462299784,-0.01230118335405439,-0.0020458933726689166,-0.00770744873009066,0.01748280328387808,0.00559257306763139,0.005592573067631612,0.00559257306763139,0.0036868413480268813,0.0036868413480268813,0.0036868413480266593
2025-01-02,0.029935051893356546,-0.0013246432725939616,0.0001302073884823507,0.007624478335653606,0.010590375393345619,-0.010540771073210164,-0.02719155243288285,-0.010497581705084191,-0.0025589151842564384,-0.004590436474581905,-0.004590436474581905,-0.004590436474582016,-0.0004162743018827353,-0.0196217002016581,0.0513656011484398
2025-01-03,0.044537801029740365,0.039293754464789776,0.027271524214246057,0.03777385069504313,0.019902331615323288,0.007276955186473977,0.008994675246430717,0.001015554069045077,0.004454768580996138,0.002268620315031278,0.0022686203150315,0.0022686203150315,0.020021073485599228,0.06385017184431785,0.07254366851308869
2025-01-06,0.03433227133768657,0.033341311426985154,0.012798761705380857,0.043631669722692834,0.07580208014841916,0.04516030861687681,0.04260802274051434,0.029724536997251194,0.0026149715575358723,0.006474687684961289,0.010542655853340133,-0.016227287071481133,0.031864535266990845,0.10299260694584844,0.07090575832954582
2025-01-07,-0.06216958077745127,-0.017136249852623964,0.004191452967947207,0.0019159766385961063,-0.014222211303489551,0.009859834578344273,0.0512515682139465,0.05990071126238816,0.015837275453639332,0.11063181499324415,0.0454548553919647,0.003508867577441066,-0.004815696901417477,-0.019958082332194094,0.022331821638818417
2025-01-08,-0.00021391525252778543,-0.04311635446647022,-0.00897096784006135,-0.004667754218399378,-0.01795201388832901,-0.02178604898036529,-0.01308209674125893,-0.019661525293997117,-0.008655220229479621,0.013069967220712186,0.031065588894350737,-0.01091420051700287,0.03968871341646385,0.0036673446224864126,0.14909933936904496
2025-01-09,0.0,0.0,0.0,0.0,0.0,-0.010445744490595654,-0.026234390860186863,-0.03782686797595658,-0.04849469273697726,-0.01806393027045583,-0.01967782711538657,-0.0020302969510859192,-0.02503195688300419,0.048503997437654434,-0.0067568354665555885
2025-01-10,-0.029976440320453435,-0.04760337817376936,-0.013200948150101643,-0.030171178556703815,-0.006680247040844911,0.0027199367915924366,0.020128185581089086,0.017821109543188385,-0.02069519000371267,0.0005408605305337044,0.05220352815781237,0.002261729081429076,-0.012404319231443695,-0.005448068967344288,-0.020670347669461853
2025-01-13,-0.019718935620644085,0.01103066846947609,0.0009556531912064958,-0.00460243632376478,-0.015696717588659315,-0.0305609107674496,-0.05880001064766516,-0.04333876949626814,-0.04847663104007083,0.0010197847125457127,0.0010197847125457127,0.0010197847125457127,-0.03300944592039823,-0.05624666425531999,-0.06409061085467238
2025-01-14,-0.011033622951567179,-0.010484174566426141,0.015273954151658664,0.01632908847657122,0.012207613400638362,0.015235442013107336,0.008467777473594618,-0.00797795500011822,-0.007544225891579437,-0.03398788202457248,-0.08908281275771768,-0.023135657192855374,0.00542692345408069,0.012793266326927455,0.005381556297022749
2025-01-15,0.034001317162089206,0.03333622937947234,0.03058977662515794,0.02723881217054136,-0.01356799584361601,-0.019908333173809356,0.017428347966496283,0.006213606333053123,0.013485478930981065,-0.018307180891143138,-0.039628056045730276,0.004123947992073385,-0.004767912588370393,0.015331553294037015,-0.011378913431048798
2025-01-16,-0.019597900489832676,-0.012670862409694283,-0.01812544942859895,0.0454085208926307,0.03301684393465365,0.042506691206370295,0.033072267607993755,0.02654402821889512,0.020951157568875223,0.05071689705106874,0.02317152224919483,0.023781806744076484,0.027509875236064074,0.07665394655542568,0.026761176916686003
2025-01-17,0.03099507975064153,0.025498113650921583,0.019389258348735172,0.029869282944076758,0.008063603580073853,0.01212419581595059,-0.021949562350208618,0.004621017250051596,-0.0014309616189843721,0.005975506457767565,0.0017395179856021237,-0.009213407701082144,-0.022005385490473484,0.010113112596557894,0.04463591611151818
2025-01-20,0.0,0.0,0.0,0.0,0.0,-0.0020358961739318504,0.008432333689049498,0.03403507832608765,0.006591989684482158,-0.00626432420792622,0.016930630324085705,0.008578928757096982,-0.008356855259180729,-0.014408499212614445,-0.041788010198004155
2025-01-21,0.022656267058981383,0.0067511913469875395,0.016468177640999393,0.004269589904358995,0.008818876363357209,0.018380923398437554,0.03247611189355437,0.018380923398437554,0.003832701183426712,0.021353414666103854,0.014330009413590084,0.006418276818947355,0.017121967279833727,0.043953503640401514,0.06687403344592724
2025-01-22,0.04430877355140872,0.012021599896777202,0.017755747015850698,0.013687983861192743,0.0048624675581445675,0.005058021440339289,-0.008224826439701682,0.0206057882849362,-0.01684900215916274,0.013402965846258663,0.03664260064401592,0.002618377752533707,0.021886720893342648,0.04147005366072154,0.11761814488873057
2025-01-23,0.0010199037427571778,-0.005737366339172989,0.02420114957581676,-0.024602230502049238,-0.0266985373016958,9.202762139981502e-05,9.202762139981502e-05,9.202762139981502e-05,9.202762139981502e-05,-0.006430600719273594,0.01916850069545384,-0.013850151255742071,-0.01694474097625942,-0.03240980838449292,-0.03906917643328578
2025-01-24,-0.031245768554854614,-0.0016255248386581878,-0.01290448006765732,-0.020713216346596508,-0.01874735886751211,-0.001819789317692888,-0.0018197893176929991,-0.001819789317692888,-0.001819789317692888,-0.008949123157555472,0.0018251331327034936,0.007282499606457549,0.0002858661817668473,0.007121531379681301,-0.010381628066855608
2025-01-27,-0.16968169831960267,-0.0637414069935539,-0.005403455682915004,-0.06522081676816815,-0.05749406406637425,-0.002838067797107935,-0.002838067797107824,-0.002838067797107824,-0.002838067797107935,-0.046504598085747584,-0.08365796134259018,-0.001047245158194321,0.0044129422935756946,0.0044129422935756946,0.0044129422935756946
2025-01-28,0.08925862094077885,-0.007303747080103173,0.002161549675286034,-0.009852717061416216,-0.009852905087641473,-0.005257362202474303,-0.005257362202474525,-0.005257362202474303,-0.005257362202474414,-0.05227212299131734,-0.10658721545822814,-0.0026151963296743297,0.006848031367468588,0.00684803136746881,0.006848031367468588
2025-01-29,-0.04101100261279511,0.027853204486086636,0.0009326957212687503,0.014058276015925575,0.04287700407677386,0.0012535707905934057,0.0012535707905934057,0.0012535707905934057,0.0012535707905934057,0.019156329172507647,0.03925601631576736,-0.04667849474123553,-0.017557450250719198,-0.01755745025071931,-0.017557450250719198
2025-01-30,0.007679956466735138,0.012867508784531134,0.0012811130056697984,0.03674135721966132,0.03415416302859531,0.004649515591887976,0.004649515591887976,0.004649515591887754,0.004649515591887976,0.021232240120398815,0.03475478191446757,0.00455722335131914,-4.1526844821615505e-05,-4.152684482150448e-05,-4.152684482172653e-05
2025-01-31,-0.03674293172733545,-0.024482615237812366,0.0058163962780104494,-0.007539092313121665,0.0031480654839144417,-0.006846037409825367,-0.006846037409825367,-0.006846037409825367,-0.006846037409825367,0.040515306386086136,-0.008269632143981687,0.002236428163401749,-0.023085097279730515,-0.09760473507779466,-0.06027918454019199
2025-02-03,-0.02840002898429128,-0.014489006894288226,-0.01555543127254344,-0.00859441977463482,-0.011159117635792248,-0.054095629333270834,0.027337267721331715,-0.08733367913547752,-0.046508891497107796,-0.025370367354729084,-0.04927056125557072,-0.06143238769102666,-0.0368192426791496,-0.05161336584822207,-0.07332313581346817
2025-02-04,0.017057995851327057,0.04576882393083492,0.016447359926573535,-0.001342337367163271,0.00047870287051243743,0.018431796976533077,-0.011454644532578162,-0.02645445344102293,-0.009413302218000186,0.011239580695941775,0.029123967012835372,-0.009202293641918824,0.031725704547627576,-0.0005097923368322377,-0.000613928995952695
2025-02-05,0.05208599334722619,-0.06267780639137688,0.016296725230267928,0.011816849335062996,0.01528560213889274,0.01663877130505642,0.02645846208398983,0.028370848906037027,0.010650819877347617,0.009163971537590188,-0.0011923342922316449,0.017121672145761435,0.009948548483940112,0.04667048960517439,0.033630668950978215
2025-02-06,0.030842196043886938,-0.016516368528152192,-0.037188602170985297,0.011789360801158999,-0.004659359818683928,0.00664080909552478,0.0021266758700972943,-0.0009758576402434382,0.009811655845645806,0.02976468712915059,0.02026840908892491,0.032552785091755965,0.025226820957672036,0.028086950767361563,-0.0021074920231458627
2025-02-07,0.009014387434445714,-0.023602088027253054,-0.008032002643828862,-0.015317301613737677,-0.015464025528317937,0.009762406770343679,0.0007866446054127785,0.022542890988741293,-0.009876170970832043,-0.0316660994106811,0.015956637008441632,0.006563974621529356,-0.0043557723996408,-0.0012533377529613254,-0.020056364715632657
2025-02-10,0.028727640236353658,0.027147693051491117,0.020242875620726908,0.02033344657791747,0.02250914218223654,-0.018732272059997723,-0.030451255674705524,0.011174546639996619,-0.007119618795648375,0.0009709180547914364,0.0002119062367766933,0.014326632127946493,0.02933627621897239,-0.029836062231670124,-0.06586368143082655
2025-02-11,-0.005764745892250067,0.005611831085707397,0.003676372228267333,-0.0025046615304203934,0.014100838925784842,0.0033786892409899405,0.01910623026217939,0.004858131884631467,-0.01969553110924016,0.0005732138120699837,0.0005732138120699837,0.0005732138120699837,1.3154415828831034e-05,0.00628025054408532,-0.0007800508611180978
2025-02-12,-0.012499985632728916,0.005580582854161298,-0.00988441466122747,-0.012609164990790456,0.004236632607671709,-0.007132963946192783,-0.014694637636644692,-0.010069811990241817,-0.0012674434563180181,-0.005834748117744093,0.027488634682200308,-0.02756503393561771,0.0034939889390945833,-0.0023171905008512184,-0.009356119702444321
2025-02-13,0.031645416393918824,0.0008055526038961425,0.010922780908487306,0.01868546439193386,0.02753328095676344,-0.010674423383419174,0.021933445891285208,0.028565297206605722,0.05685279497615414,-0.021408866662289583,0.021184203281636727,0.015506979376838537,-0.0009434448405049034,0.04727652169207475,0.010202175613420517
2025-02-14,0.026313990247600838,0.011537438008182743,0.0004646768525899958,-0.08178222619000464,-0.03274160094613787,-0.020351847396258727,-0.0025672935329754676,0.03396142847481953,0.008879665635348255,-0.012606339553026369,-0.0062694274735473066,-0.006188694043055776,0.012917443217707492,0.016561032613636284,0.01739858164108421
2025-02-17,0.0,0.0,0.0,0.0,0.0,0.022011846612676855,0.025000387142865454,0.015579716742164074,0.031248443587372998,0.004935460369517974,0.019865365792540057,-0.010414756977572104,0.004285924021411702,0.013850448848260921,0.008283081456705199
2025-02-18,0.003961109823097164,0.010433247755045505,0.008186638399723556,0.016548478233292085,-0.009753300178961477,0.012550818718024548,-0.007720990623016344,0.004354257696088215,0.029052094958369468,0.01759082784305277,0.03587058408868993,-0.006512109131640242,0.009945133508526771,-0.015406346249372649,-0.030657018172534967
2025-02-19,-0.0012194606517265116,0.0035877114673512622,0.009099318966149461,0.011976775283309093,0.0007794014319444376,-0.00953611269754373,0.0028067282728192477,0.024679240243542733,0.0051584479210387,0.031898682103396636,0.006969117669090696,0.006732169028552892,0.032501329444571514,0.04135043151857709,0.088312095598577
2025-02-20,0.006320499641016442,-0.004533998268302475,-0.00867479923868364,0.013532004624438265,-0.0022958770766267067,-0.009927558495640643,-0.026714731280820136,-0.022542243490285996,0.03547414387435688,-0.026773646481906388,0.002608640768315018,-0.0021974935358023417,-0.0050416948171837506,-0.029680963914091807,0.008481189850660265
2025-02-21,-0.04053973084052043,-0.02916704812526183,-0.04761088681157599,-0.02289639862447368,-0.007912832815027526,0.015529302376430909,0.00829561002003687,0.009988134417588945,0.011054596563716546,0.022369546115068806,0.017410397754368034,0.024812387032148386,0.002338958926189072,-0.006077246111913848,-0.012859450141602169
2025-02-24,-0.030870938711165197,-0.02463005970531429,-0.026174202750110176,-0.019827862400564555,-0.001695643125041113,-0.02065217499669636,0.020690485528146674,-0.029988969834282786,0.02550003226136921,0.00014065048140876613,0.00014065048140876613,0.00014065048140876613,-0.017241864515740057,-0.023246753782451224,-0.048934919391835474
2025-02-25,-0.028016630826993127,-0.038386842127920096,0.0007449704989148653,-0.017974691151181887,-0.007840245287399128,-0.016404731193258137,0.005485143626958067,0.00508884614248295,0.0061413448867686515,-0.052328590957285925,-0.06839533136979226,-0.007011950255302768,0.0021956670388125765,-0.018090081358723364,-0.0030171954239326393
2025-02-26,0.036721145843673364,0.007502874049307051,0.005458368461149998,0.01794117871353995,0.022925715588576034,0.0023299208488087864,0.0040381766255248586,-0.008050072763581495,-0.016575715819811765,-0.04686061387236162,0.013091197075041583,-0.0024804231293410473,-0.011077943997295114,0.011866841574637688,0.001400224585083265
2025-02-27,-0.0847805911764884,-0.04993312807148875,-0.047254966873947035,-0.07044084478874668,-0.0659098324048687,-0.018029250669453933,-0.028015907120833794,-0.024808052777379186,-0.008327238386041436,0.010779664373502085,-0.017492098951507162,0.0011800257527045943,-0.008712058705349635,-0.015762678050731727,-0.007400386424841643
2025-02-28,0.039700268237416125,0.003517219039367969,0.017676908872541253,0.009129357113870196,0.016310750003110774,-0.004601516316032228,-0.004601516316032117,-0.004601516316032228,-0.004601516316032117,-0.05196080560688554,-0.09492145223869553,-0.03739841113494857,-0.04228038311584259,-0.0553487930276646,-0.07495709561584374
2025-03-03,-0.08693560359600805,-0.016322824388697255,-0.02258708581859903,-0.03757845442470198,-0.013002805914344773,-0.019328972328169547,-0.029800315624286533,-0.03226080705248913,-0.029197902274741394,0.006433280139823916,-0.0035630029948005015,0.007148256792619767,-0.006809195193918538,-0.006809195193918427,-0.006809195193918538
2025-03-04,0.01692097951345506,0.025654042114908737,0.0054683015018512915,0.004864297169929754,0.011945197477433611,-0.019128063572326992,0.024310671231924985,-0.008578433885043202,0.0073047540606805406,0.012977343859303048,-0.033913443342362015,-0.007947928583872499,0.001282637059595526,-0.02030130264307184,-0.03405670634202285
2025-03-05,0.011294071573072939,0.009131495473402529,0.026090744005704547,0.01602683435554031,0.044520122794706296,0.02292686773530561,0.0028693863877464754,0.015099592965366337,0.08565020531276124,-0.021722267802203876,-0.006245835855465787,-0.0012896848999730537,-0.005709728537546255,0.04124234998064513,0.012396820585165003
2025-03-06,-0.05737427706833764,-0.027736793012804184,-0.010149810199995613,-0.024336987550551137,-0.0336734088335956,-0.01489527881432251,-0.006835300761506513,-0.00019212403118085142,0.02480309827111804,-0.005591414926485738,-0.0023835001572133363,0.033023022805999114,0.012398414433430371,0.0031553204867380558,-0.026427973172615693
2025-03-07,0.01917346936239972,0.014769844279308497,0.033196775657605926,0.027319379364721286,0.024312982809486572,-0.001728565423049111,-0.021760825080539004,-0.02277647088380519,-0.01511994102098646,-0.025361497334922767,-0.018204060985402726,-0.03032089607341748,-0.013422094949667507,-0.0023988736281541634,-0.0012560979965917651
2025-03-10,-0.05067004423166255,-0.036686276490298986,-0.0387049523621148,-0.036549187559043905,-0.06706997136029358,-0.006030425321595589,-0.04688524134780958,-0.008298208652649963,-0.015143146363913118,0.020494547476633596,0.04094089111376853,0.015383655048553324,0.00016593851226942569,-0.023226770411499342,0.00016593851226920364
2025-03-11,0.016638570814033082,0.0013453884560459262,-0.012130603881124191,-0.020001356928840974,0.01039356211319653,-0.028226325421477627,-0.008364724073891772,-0.03222339924222284,-0.01751685510225609,-0.0012423996222751255,0.020674043009568877,-0.009758956553318376,-0.009240158572167423,-0.007919865226347689,-0.02215595584288743
2025-03-12,0.06427590575943487,0.041649428382845244,-0.0019594341040066743,0.014082623251363335,0.019066817445196005,0.017439531354750626,0.017982373393190976,0.019162558732031654,0.04718401117084681,-0.008199594340971617,-0.052725947211618274,-0.0007367074428656917,0.028496080698866777,0.06349212007262262,0.05429071081885861
2025-03-13,-0.0013823706793416601,-0.026589942264430566,-0.005628412938195715,0.005970762166086274,-0.012482837673828073,-0.024392428104263786,-0.015307737254212972,-0.010562785461972868,-0.03768318798963133,-0.0023002046013551602,0.03501722691791409,-0.003841068395044167,-0.0020817425656639577,0.005595263431394493,0.008214381460406095
2025-03-14,0.052690747948613614,0.029150959051668757,0.030538557257777876,0.03807939863599463,0.02794449022776524,-0.008089423663848794,0.00529701722281728,-0.017726690985991445,-0.01704486575883246,0.009751941438437717,0.05534993471335348,-0.0027332347049818795,-0.0030827745979373766,0.020879247354946173,-0.03813922129524783
2025-03-17,-0.017588559495923528,0.03585218454414796,0.008749442488333203,-0.00128495193892042,0.022871079882179846,0.012772702732208874,0.019167891947389437,0.01743751649866665,-0.007721301289485005,0.017649508256341484,0.022802614353050643,-0.0003127459184795178,0.056053893712584735,0.010240636754019983,-0.005111040611887052
2025-03-18,-0.03430097466409632,-0.010325979916579242,-0.01050974331311405,-0.01254350908090518,0.0010681273005412883,0.004768868644799751,0.03413283646141063,0.01810756322694118,-0.011289033965173223,0.011762815985672193,0.02225426447047041,0.0010478592729226133,0.004547732489072143,-0.0100815863075715,0.01954098087871725
2025-03-19,0.018106148739028605,0.026277665583692267,0.012604759893062978,0.006188705524664995,0.005197501345735045,-0.020245222134443353,-0.007466236870362852,-0.016256866337775455,-0.013788355209242598,-0.006307416439096714,-0.048833464810715266,0.012268390004057217,0.01110392078175626,0.00780891273922979,-0.0033252630524431837
2025-03-20,0.008594247566485969,0.008566280748925958,-0.0019586997549109197,-0.000517993831916419,-0.001156558958535614,0.03390829342356394,0.012911592525421511,0.02773000947502524,0.0085590425672748,0.0064784855603605696,0.0064784855603605696,0.0064784855603603475,0.03301667697402433,0.02582712409532295,0.025396557368002393
2025-03-21,-0.0070024387239934205,-0.006533479113588814,-0.007154139474477295,-0.014639189424617172,-0.02430311181454503,-0.012719337998326807,-0.0028836035684223216,-0.008750266270476148,-0.0100463656039943,0.006713969644537743,-0.023032137036335,-0.012864593262530755,0.009233673162291511,0.01048775939941926,-0.016391282710052524
2025-03-24,0.03152091099195853,0.06961664658730116,0.02078815669766687,0.018603791156370342,0.016224075692753415,0.00037308261564583667,0.00037308261564583667,-0.0027336401151250023,-0.02889316180548851,-0.014990509555831033,-0.01862362623721525,-0.014999285953123498,-0.018752814879943847,-0.017864741126471073,-0.03586082392820711
2025-03-25,-0.005930343262850357,0.008432139634071856,0.0004371357608463633,-0.008454344591816598,-0.001511406138100635,0.0173985042179432,0.029272372553831527,-0.0010996434594440219,0.012583850383553363,-0.0019073402968156072,-0.04113140642787794,-0.0030208378657695656,-0.012574639769555196,-0.017547829522941094,-0.02168486764093347
2025-03-26,-0.05741983754646518,-0.04024035550414207,-0.010989731066889163,-0.019265958059756505,-0.028868626666073594,-0.011119509075522727,-0.007579551614596225,0.005195164125323171,0.019220489792884488,0.021720090712832762,0.011867338882387335,0.010915546985668545,0.02969131537990566,0.03178754747872725,0.000504914240800014
2025-03-27,-0.020481661324519007,-0.03212633484974958,-0.002651490278920643,-0.019909767724995975,-0.02143791467755496,-0.023725329102380344,-0.021081816451301916,-0.032224901628410185,-0.042311578558934415,-0.02017973537297646,-0.07762915375342894,0.0065430319006525295,0.0040492035410995,-0.03507953161890598,-0.06230250192496789
2025-03-28,-0.015794711282008045,-0.0321612776005773,-0.03323426296041654,-0.017740970016081214,-0.02323964260583611,-0.006950329271597999,-0.014150246813565692,-0.03900381952909615,-0.037958595930928984,-0.022372445316500733,-0.02664646650724689,-0.01609811167020081,-0.017562012352062895,-0.03470198584113304,-0.040070977325161516
2025-03-31,-0.011762626571884982,-0.004650294044341807,0.005827690672248975,0.0004135906064308692,-0.017714665818212905,-0.04626054686618997,-0.053321564031816204,-0.051964036685834714,-0.08670058746733655,-0.058057021670227305,-0.06889182738580113,-0.03090003104144845,-0.04478079401132162,-0.04804783622510145,-0.11305914874718892
2025-04-01,0.01633151286881862,0.00038934121431832835,-0.0036456023168381924,0.003721094839542971,0.007108044525372836,0.035699037912143794,0.04867529827637429,0.04377810283190997,0.03282385870417848,0.0049736117617780184,-0.031119528955660836,-0.0022099103800999886,0.015538749392369766,0.031246593776478315,0.020223705101381162
2025-04-02,0.002451126423530736,0.0017513164751277177,0.00672986044087498,0.014348505189648808,0.002502488280080817,-0.0010486469297827927,-0.016069400286032542,-0.002275786169533167,0.001072253552292235,0.020143783297068785,0.026355552206483557,-0.0012591132830933605,0.0013537625081030402,0.0059285174635141935,-0.037436179912706646
2025-04-03,-0.07806546985533769,-0.08896655122538999,-0.09514548366479825,-0.08284271586491321,-0.06844454081084228,-0.0017738270200404749,-0.0017738270200404749,-0.001773827020040697,-0.001773827020040586,-0.024374188541609332,-0.03282560361244735,-0.013442383800562507,-0.017782259280571866,-0.01403921866204727,0.005673729442479569
2025-04-04,-0.07357570888187526,-0.08571429268601372,-0.08578382258738193,-0.0631687582459568,-0.028352766813452668,0.0070055047376083035,0.0070055047376080815,0.0070055047376083035,0.0070055047376083035,-0.035575053555447544,-0.07063578406039195,-0.04331918968357917,-0.01572929776614873,-0.0538069501363726,-0.01497736158462748
2025-04-07,0.035309011911489385,-0.024720180664342672,0.017731056262890288,0.046475108558339695,0.016992893607256088,-0.10335453014009865,-0.10113665620635093,-0.1008921077188576,-0.10356603935338293,-0.09527373104985681,-0.10477146927032777,-0.08359689469463982,-0.05679083628196413,-0.10036142124984249,-0.08585636989396228
2025-04-08,-0.013723798645924323,-0.06492109450980954,-0.03900713147304358,-0.02928112508346603,-0.0332391622055519,-0.032413969886622374,-0.021645931528800566,-0.04680188321847767,-0.04017530703330008,0.07000486768488079,0.10037037108492619,0.07555991149479291,-0.00218048782801461,0.020522002307399756,0.008706450593052084
2025-04-09,0.18722746024727277,0.23820480081192907,0.1518529776690869,0.16105741150558028,0.15434108440552774,-0.040915702867918013,-0.062383899585247926,-0.100782145945436,-0.07337335040818116,-0.04839919832081596,-0.0656992845422617,-0.04388117527182889,-0.020131353845353916,-0.03714705921276329,-0.010887374360100566
2025-04-10,-0.05912715396118473,-0.08405617201023685,-0.06400176098155586,-0.07673803188850492,-0.05487026073096268,0.1159810225495459,0.11362931006529964,0.1166275174396052,0.1152792524198587,0.11697328549057961,0.12538833982853492,0.09813526359022862,0.09523648755725422,0.14273670216562162,0.10657064120075654
2025-04-11,0.031235534555567934,0.05298765207826617,0.03608646790568493,0.04846643995434863,0.029651461041976912,0.02390011548157278,0.05894418145095237,0.056813622617971404,0.026571651117932582,0.024102212484717,-0.02166934942516363,-0.02280999317846344,-0.026729618972849534,-0.018599014805179115,0.03825580985838095
2025-04-14,-0.0019832294010783125,0.011777285397755799,-0.0004308644270837325,-0.0028285956038759386,0.006070597449783888,-0.014239571092054093,0.024083399382776483,-0.001953750466156423,0.01819356183851606,0.013852598922892811,0.049555566078867797,0.019478228610288806,0.041785058632989536,0.019852173991457223,0.011332354254647736
2025-04-15,0.013458497474730935,0.008359798047908429,-0.004238697218795329,0.006365403428399974,0.015292584706408707,0.014035795057023348,-0.0105553025927565,0.02280576835855208,0.013473906966523508,0.007600981049481037,-0.014681643203853123,-0.0015156202617615522,0.006854810065511918,0.0019585315172916395,-0.004677732168011595
2025-04-16,-0.06871651023515024,-0.07345996361365725,-0.020635049760369673,-0.04991408485499216,-0.07059842784949233,-0.029500592949806004,-0.01890379850016466,-0.01922201792653333,-0.03231687381498616,-0.014732273900153414,-0.065222399280503,-0.015772026925104043,-0.03871574584513526,-0.04167598000901451,-0.04799671102554781
2025-04-17,-0.02871100041942709,-0.008947795982958362,0.006777691199447489,-0.005282682798059435,0.00823715960200988,-0.0055261874388941035,-0.014518957622919215,-0.026211539734880218,-0.009699006921159103,0.01497670951425567,0.04398777567887424,0.008306201867941843,0.016422529517608142,0.014842883575493016,0.0605097592063657
2025-04-18,0.0,0.0,0.0,0.0,0.0,0.0035419601235113785,0.01865662737992113,-0.0038610326603952805,-0.027397223598077614,-0.014891545721071098,-0.0226301011774539,-0.015799054569446636,0.0036296379757396746,0.0,0.07647057806655799
2025-04-21,-0.04512742791721891,-0.02217145647321428,-0.0038051190329542184,-0.013822164316586671,-0.02416575209146865,-0.01764707597118431,-0.014651964598282108,-0.003875936638655153,-0.04049296394987778,-0.0043555619905665255,-0.008933465480105096,-0.008947362799251013,0.0018084350114739856,0.009142942535284249,0.025956305652524048
2025-04-22,0.020431214700521227,0.00818144690989886,0.019098151633776705,0.02021239734436886,0.02241107641468898,-0.024616277995295754,-0.03529863843323644,-0.00967241262040941,0.016408607075529602,-0.005495314401388063,-0.0008724701393754142,-0.003500723473873202,-0.012395003309791819,-0.020984769660274738,-0.007861556471771225
2025-04-23,0.03862877446550006,0.04787847381333776,0.012397148633302768,0.038177989851128746,0.030202389091263937,0.06548478848745609,0.04954321705296927,0.07402818279349122,0.04077806780262638,0.011494368073807548,0.017885110206475874,0.003468845803258125,0.007356311111943903,0.035903679727010696,0.13679587020900819
2025-04-24,0.03621840858242065,0.04513775703733369,0.04805657183142342,0.04589776273966284,0.02586707998698956,-0.009068023147838167,-0.027979419371040204,-0.03515510225760077,-0.010829965792254814,0.03352953540804782,0.02781235560485884,0.032315373641615075,0.0019418974559703983,-0.013004249008925939,-0.024979379850680883
2025-04-25,0.04303317521952321,0.023076111749832817,0.009170457943690202,0.009189606081678292,0.003362970600618853,0.030857619053203722,0.04070331423660267,0.04084563419029452,0.02925319910415136,0.04494297620568588,0.04890932691899086,0.033836704033400444,-0.002524444620476296,0.03160124639803508,-0.012104069278513041
2025-04-28,-0.020538705355019227,-0.0026901410463077147,-0.006327570421091666,-0.005014974219109236,-0.003582787890975103,0.007544461263013114,-0.024248115162544992,-0.0061917986814095105,0.017791037900274365,-0.009025183352519894,-0.05469808475279203,0.0588618041628064,-0.003292517004654716,-0.01802782419682314,-0.08467244980804245
2025-04-29,0.00266702189526713,-0.0034236106768782415,-0.0050127288508806656,-0.008223244922279216,-0.009884695131197163,0.00846130795893707,0.017728508240728802,0.013851574211837914,0.027943066583749676,0.011696674002822816,0.011696674002822816,0.011696674002822816,0.0010307131958917637,-0.00556946442138162,0.018176165556017088
2025-04-30,-0.0009172551056964018,0.013429116680337971,0.010757053016569929,0.0077565297705612934,0.0029576112578126867,0.009897211119964444,-0.011421760849518403,-0.01850673484305465,0.0064863936185859394,0.0003279046310200595,0.025921973483352456,0.0030878224357053785,-0.002096063036257312,-0.015014400717305088,-0.010997684670004615
2025-05-01,0.024697053835501137,-0.0071905183278279106,-0.08924954816200659,-0.011611591201709293,-0.0020358427391184986,0.0090440665871383,0.0090440665871383,0.0090440665871383,0.0090440665871383,-0.00566793701884194,0.0635998477240105,0.01456830066249215,0.0052045894150569705,0.0052045894150569705,0.0052045894150571925
2025-05-02,0.025893817366504868,0.022245230128663973,0.03402094301911873,0.04121898953727943,0.035412280500672244,0.043662008561912824,-0.03942402077726137,0.023287473842795725,0.012071698140382114,-0.020013908295681615,-0.005786506667561864,0.008396505660307474,-0.02935949497857171,0.03959975360367207,-0.005301496489009683
2025-05-05,-0.005938933535249991,0.018117340393148496,-0.002646317913121643,-0.0031592609783028802,-0.01009670634710702,0.03262350167484529,0.04181154106788276,0.008214088709171063,0.01743264026823743,0.005697568642081263,0.005697568642081041,0.005697568642081263,0.025877439802774793,0.025877439802774793,0.025877439802774793
2025-05-06,-0.0024599231651145637,-0.019584388736740954,0.003298867470216793,-0.010219184520466662,-0.004931477221019498,0.03275342956767524,0.04076311042894498,0.07260426368607731,0.061604587448576664,0.0067522374241717475,0.0067522374241715255,0.0067522374241715255,0.017848199090510164,0.017848199090509942,0.017848199090510164
2025-05-07,0.031002237470267424,0.01764345787173327,0.0314510746735448,0.01816630335535474,0.03000052173250567,-0.018815277949062237,-0.03107338074943211,-0.03439995923172512,-0.05262158723111365,0.04067161443798839,0.006387907078970523,-0.03426624276224499,0.005232269887058605,0.025507953428433705,0.018052363032864838
2025-05-08,0.002648230985873523,0.01335189647012025,0.005544061267023004,0.0012193909744317999,0.010908142209412608,-0.02422232656202561,-0.0019881784007611536,0.000966672340622754,0.009500170558949916,0.01477523025952343,0.03146012906538931,0.00028597695034782156,-0.016116925549944927,-0.018695178450141015,-0.005986925399758092
2025-05-09,-0.006134471915594353,0.011209433862899854,0.0005512525497581855,-0.002499958797852586,-0.0025704565245565636,0.037925486859364366,0.031261522736901304,0.004020624747592461,0.023707301652353463,-0.006027031071354494,0.001311660993182473,-0.0024701922762221384,-0.0010269133870369762,-0.005718971797124883,-0.018620070032123515
2025-05-12,0.05443633946918691,0.0513419544604361,0.04780271772025513,0.0795578787718394,0.062290244431129294,0.009183367794683761,-0.006805786737231312,0.033498818737716096,0.031218645144082124,0.01626542858756963,0.09188399688406612,0.014714029549199648,0.057634226160500734,0.032157760810951785,0.07902297425690463
2025-05-13,0.0563414029159095,0.04014054964522118,-0.0051275544353530655,0.03000180447236045,0.018261799864248696,0.007651949595989249,0.025444768529079065,0.016197971889717167,0.010650297223229188,0.030832943309206717,-0.03731431118852979,0.030411516740209255,-0.026705092482285808,0.0029529991448769,-0.03847270620756915
2025-05-14,0.0416377797663503,0.046772205042252324,0.010836487070468914,0.006415075873175358,0.006558410534981851,0.029878892678929958,0.002637701363571443,0.033398216678509396,0.02036848670081115,0.014725365212159947,0.05424370808414225,-0.01177459835722705,0.008808748651037535,0.037805337852460985,0.034589845034513234
2025-05-15,-0.0037681199952365185,-0.023190650090253895,-0.0024184971957396106,0.0035029727041662184,-0.013720737702189512,-0.003211522323428362,0.01018499092603986,0.006154126515085956,-0.004705838174014931,0.002042054800629467,-0.0051518234308893796,0.009463540760716427,0.004407766365598587,-0.020702898396914304,-0.016652096937350036
2025-05-16,0.004227463958566213,0.01895817328180538,-0.0007208000758047728,-0.05253217087355311,-0.013529187950065413,0.010788926633766627,0.002054335018026432,-0.017664033001169588,0.023955487989100632,-0.020633833152292502,-0.01189868308032771,0.01644268627230927,-0.001410460573418093,0.02747741311060259,0.12546117063947726
2025-05-19,0.0012554832990736564,-0.020739099967143515,0.00786877792375762,0.002234674376617063,0.001376831392510658,-0.015190271460365001,-0.04142425269334027,-0.035152278345832455,-0.03674506170786829,-0.014915644666509187,-0.026355136467302254,-0.02262441819574268,-0.01838558112119415,-0.0257130594917937,-0.06413157165430938
2025-05-20,-0.00877770099864661,-0.010719851406999603,0.0007808156490696216,-0.0012655608974061483,-0.000493817611615488,-0.004224738526775518,0.005708152302716263,0.015995243035086038,0.01267366930005176,0.014394624365818842,0.03187210607982349,0.0031046428862888664,0.008703703668225815,0.020028451141574477,0.0033744605079453205
2025-05-21,-0.019199280198776703,-0.012774245003506213,-0.016317837732692686,-0.021118666371759742,-0.015478956927535314,0.012253068432469982,0.01899461921972545,0.0034555589730280722,0.009115739412384194,0.0001801776250791587,-0.03210652237019318,0.0022882492241491637,-0.006568277263613864,-0.010404852161963962,-0.017010550322794638
2025-05-22,0.0078148503695743,-0.012047104261404318,-0.026039332136609028,-0.007726969528367711,0.004788569713818136,-0.003977325445788216,-0.007103406807820067,0.00761140945936023,-0.0291828742421385,-0.020417296886019343,-0.028382270209439175,0.0017874905381278783,-0.00446483575222667,-0.004466636913382005,-0.022383814281247916
2025-05-23,-0.01159380523896325,-0.003613056898082889,-0.013503231878685962,-0.01875172206228015,-0.011084171136705345,0.0012096095500093718,-0.008366412306129667,-0.018052469793162218,0.0022922760610801785,0.002588548324047757,0.0038503593678955728,-0.00444375862333235,-0.014506440876768001,0.010243746724019731,-0.039711054955137604
2025-05-26,0.0,0.0,0.0,0.0,0.0,-0.005634835098787372,-0.02416715770910849,0.01306852350716392,-0.01775297461413894,0.03348722903111012,0.04919384360822665,0.020022255776070086,0.02150842319887203,0.027353440173220722,0.08188674724743783
2025-05-27,0.03206635423474524,0.03852778618495134,0.022355235734003776,0.02742701099331879,0.033174568725327536,-0.009403156281979297,0.001888667206152217,-0.015505198071633974,0.02256265048589623,-0.005374853286191583,0.007127535498273607,0.0012683710596830267,-0.01705254080169638,-0.0049201993295059365,-0.02031894127484124
2025-05-28,-0.005092117794083917,-0.014839359152156839,-0.00692999389657889,-0.0014831790327528571,-0.01358369447324348,0.00040722818311089704,-0.0016619155025863197,0.0018657513003865756,-0.007872480686943462,-0.011836151170573683,0.005239128464790133,-0.014645170169178545,0.03205139139353408,0.022154578908642808,0.02051858661315542
2025-05-29,0.03249016424752793,0.0015062747477048166,0.005013407174361717,-0.013057682133166382,0.0007501093960924354,0.0004941274679468588,-0.015138638214147737,-0.027688793128845313,-0.013597362562751347,0.03164473855004113,0.04248974725460575,0.005127412909342821,0.004454631389391173,0.021963764658516016,-0.01217088302196001
2025-05-30,-0.029168709381678815,-0.02034853974345574,-0.021167610498786127,-0.017118117620241735,-0.013787214547869797,0.003346762684257376,0.003346762684257598,0.003346762684257376,0.003346762684257376,-0.03491436178862595,-0.023253277132515904,0.011161060452025362,0.004114452493522158,-0.033132015851996766,-0.032567288180989085
2025-06-02,0.016650601990513936,0.03522075118080603,0.009848602420593044,0.0033173251891458477,0.013247092107828262,-0.02240112481783252,-0.000699699578705415,-0.026044289449401736,-0.070492031912192,-0.01741988449626497,-0.03784098465665253,-0.012098195455360727,0.0022074918301973057,0.006167739142534101,-0.013312640822615296
2025-06-03,0.027951559872750442,0.023379572270694426,0.01575391171943341,0.028422448398693234,0.0009643535336991693,0.00033357253744759063,0.007980348314997388,-0.01128449226444972,-0.0242768276006049,0.00041260386078123545,0.03619575846978229,0.007807084396300734,0.004302138827519286,0.004302138827519286,0.004302138827519286
2025-06-04,0.00495687095373043,0.010826053182948936,0.0007385611876029596,0.0011747697016670777,-0.005981790628949657,0.042849514492241614,0.000714160140673048,0.04943814080163267,0.019891617940772877,-0.0052077242943253665,0.009424399691737806,-0.00984536455521845,0.016386917264592293,0.04693753456450089,0.03376043857608235
2025-06-05,-0.013599137425771679,-0.024371726640432412,-0.004049763911326165,0.013956690989308962,0.006704481947917618,0.00888550525787668,-0.022750017929321187,-0.0027760067134197097,0.028170573039740132,0.04581210033942695,0.053801546038609205,-0.004367752721762486,0.034984243627198985,0.04479519000965393,0.01099571120687215
2025-06-06,0.012357853449719514,0.004321894627439704,0.011385300047739078,0.015530783453440833,0.007034382094909031,-0.0031158503161909934,0.027999191388090372,-0.0036941091931395054,0.0032172113121828882,0.007132425309526846,0.01653634710829044,-0.004983438127751261,0.004828110262773411,0.004828110262773633,0.004828110262773411
2025-06-09,0.0064212515479658006,0.047680530158531687,0.04134279709105848,0.01829187282906286,0.022814756223525245,0.010981958002948211,0.004832323756548185,0.008123444077267505,-0.0023972831764768054,0.0006582886214312467,0.040229459598910555,-0.0064063354891227275,0.008390204963874659,0.01656243393626955,0.00622680489313443
2025-06-10,0.009324789052088667,0.012404456298324096,0.023936643601982333,0.023440839720883844,0.01917679575358533,0.039936659836385946,0.039045986329657945,0.017989827191378094,0.006786798813013695,-0.0037810939690875456,-0.00015940821690341167,0.014739531015147467,-0.00612872126606645,0.01052030181135577,-0.003269709736014037
2025-06-11,-0.007780571947151982,-0.017039910017220605,0.0021994504641751345,-0.0056398299084051695,-0.0011209791051871587,0.019987714204007023,-0.014160760855804533,0.021903251963345527,0.048806908364072976,0.045863873750213946,0.0023890088526028475,0.01488621186425787,0.004383351834180704,0.03355760577353184,0.02737056603934951
2025-06-12,0.015192942029507384,-0.02179296188665847,-0.004891011494933095,0.012790221007129565,0.00270374912990623,-0.01192492006481205,-0.020145106134879964,-0.0007150372599044053,-0.0004323184751269249,0.00924784914629706,-0.00017239213380515483,-0.020534527910758604,-0.007994204022060303,-0.02005041033190691,0.02428173649702514
2025-06-13,-0.020896542846801203,-0.019746804539161444,-0.025078605701866152,-0.025200110812519272,-0.032065287102693185,-0.004929762801015314,-0.017936454314994354,-0.0008822954181481046,-0.04475049852269941,-0.0412918162992838,0.03142516116808647,-0.01992011608381372,-0.008626200253447514,0.011779537471467316,-0.0020174066649547573
2025-06-16,0.01915894481112801,0.08806814226088067,0.013896012322134998,0.03493764987513237,0.018699098860182284,-0.0041730924350682486,0.0046874556536622425,0.011144685078231298,0.0006846544634706575,0.0027521707077993174,0.08948279857319918,-0.006225254544353187,-0.029900011234416435,0.041237468495815444,-0.0032704348863443755
2025-06-17,-0.003939529332248171,0.0056175258161350605,-0.015362956426071217,-0.013933689262982107,-0.01982639140436737,0.03708681803118652,0.03344942502169479,0.03828476705364192,0.0155373491719355,0.02481900896354139,0.019832795159114847,0.005695746918016997,0.02124013148364634,0.009474696456431175,-0.0003246301289159259
2025-06-18,0.009436565638210936,-0.0024390052109786176,-0.005373577123630291,-0.007180235688095005,0.002342539919101494,-0.012295918308218634,-0.013984954123087201,-0.021658147951258866,-0.021658147951258977,-0.003846486550729278,0.007329240123565395,0.004440322491262361,0.01232060344127972,-0.026332654753290052,-0.010805270453460247
2025-06-19,0.0,0.0,0.0,0.0,0.0,-0.01545700453461163,-0.012051937577213678,-0.009993880921092324,-0.03173356214372658,-0.026896923254818517,-0.02117446546549151,-0.016847519475456152,-0.002991900714070961,0.005070015623648061,0.06466218976672455
2025-06-20,-0.011204192941437152,0.011436269162919066,-0.015036143692066406,-0.019555665771243125,-0.006709150214868953,0.018303211522318508,-0.012846798555065653,-0.011264686613185249,-0.004469811999142759,-0.002434991217238558,0.04052542121035363,-0.006768210174447731,0.002041206159020259,0.04156966519243377,0.0023780262413028996
2025-06-23,0.002224535733727162,0.010449128824796095,0.012027502865950446,0.014752830079285628,0.030653022403278163,-0.0319215041550297,0.005302089413085298,0.018620389352632438,-0.012658444215422282,-0.01847341378896783,-0.01910309474392513,-0.015441136436027625,-0.02135218259953886,0.013723904403975418,-0.02410986468216303
2025-06-24,0.025872058712224533,0.06829750516800503,0.016782020248709673,0.04780174995826414,0.0431437188771473,0.02452368864008103,0.0071471541215215595,0.012177745981389654,0.0497620257687057,0.038592687211497,0.017817346015564395,0.012346794290205132,0.048870638282175305,0.07915142149640464,0.03222434638694471
2025-06-25,0.043340313576431866,0.035902632981737126,0.0014128371588535416,0.016039472918516484,0.002311462082400295,0.026512957910706625,0.027154954596806835,0.030908593384596283,0.022511434832822363,0.03947661833761518,0.04007479346715748,0.025852018259718612,0.019330411935274627,0.033119777713502385,0.05697926003210596
2025-06-26,0.004601045575293838,0.0019525717657908892,0.01449370296938235,0.0024581743900056185,-0.021036768380143234,0.008651587716097309,8.393363939540599e-05,0.0006791977722424569,0.05366113495255975,0.04019102021693888,0.050433051979920984,0.019043393632424133,-0.020296486794905366,0.02202206420066788,0.061042540019758285
2025-06-27,0.017610676115523027,0.0009048224487724355,0.002212520074790225,-0.0016892491014205424,-0.002681469275350401,0.022879933424031496,0.014197909805320652,0.0014534100534830952,0.013341824598919194,0.04453887297494896,-0.009311878192348577,0.03532105466160562,0.019369176662761944,-0.027657318138760267,-0.004582410879148124
2025-06-30,0.0015214888165202556,-0.013281438665842193,0.004541382716015452,-0.0007641883891964518,0.0068346701540988875,-0.02782907579971694,-0.036465140813641495,-0.025994665557123486,-0.05642996248297916,0.007228826590621296,0.007845982633319482,0.008409591067805255,-0.024258979631252453,0.02000323784318847,-0.01661911571989305
2025-07-01,-0.02968544324345679,-0.040803337104838744,0.0008790815912282923,0.0037690218371151385,-0.013626409918800375,0.01967379297385352,0.01610260341982883,-0.017328588669685452,0.016003370386723503,-0.017161419694203817,0.015361394512392934,-0.0028061864190536134,0.01795400084457177,-0.011319283370875954,-0.0413520083299459
2025-07-02,0.025766351418616162,0.017706293816048158,0.018318775995535885,0.034011870955323875,0.0115375900750605,-0.0006603889148378839,0.015015471561578675,0.00857798629390838,-0.01853476304809143,-0.015190706962745826,-0.02889607917087955,0.01103492453542776,0.004684480879809216,-0.027878161864972384,-0.03403426235979823
2025-07-03,0.013290989179453039,-0.00440370048756078,-0.0006776517787928649,0.005473379235011455,-0.006365926430404789,0.013548667499694744,0.008899678844075387,0.026724560308878154,0.025603131188923323,0.01661190890717612,0.009199274105340383,0.009181780541712925,0.049992719898539706,-0.0011732011892653382,0.015538697087990272
2025-07-04,0.0,0.0,0.0,0.0,0.0,-0.00283151099053347,0.017539386334578744,0.022633692248082093,0.00013208870262526595,-0.0034057545424125424,0.005670141037465104,0.0027077179173995436,-0.009555036578639098,-0.03040726497226187,-0.012206573440664004
2025-07-07,-0.006903417381724064,-0.02255094284509862,-0.025399220564361613,-0.0014132668537576443,-0.01184386719399122,-0.004053719408247836,-0.007199101938425545,-0.019862395688246437,-0.023926288069310853,-0.0005689285798351484,0.0022114227404581577,-0.008998199947926055,-0.028925757068305358,-0.0019023112196153713,-0.003743925832290551
2025-07-08,0.011122326495506485,0.022403592018476193,0.008602639382573107,0.022067318203409236,0.011476396074514561,-0.005755451008686796,-0.01352296917969753,-0.012659927043348729,-0.017393807034092545,-0.004442977097563916,0.015472637901400521,-0.01694628628754824,-0.013867923687883699,0.031173407117003782,0.008814667201285653
2025-07-09,0.017999969095818136,0.0042809193624744335,-0.0006271532838756366,0.002051320407114865,0.00721580804180566,0.007913808593118077,0.0655068820584237,0.023109915418019655,0.03922201893878907,-0.009796297106163587,-0.004249773984507876,-0.019796601659355928,-0.013171064924518916,-0.0003901471584598637,-0.011462317641964481
2025-07-10,0.007490211033165828,0.04154323999612819,-0.0016316023320739337,0.013511470713714946,0.0028255867082926933,0.005770791323335134,0.029725660735014703,0.02043752690866696,-0.00013153339078653126,-0.01031792692361655,0.02928650621151152,-0.010713212799863148,0.007947780586995856,0.0548611073892169,0.02862861201674849
2025-07-11,0.0049968979800461,0.01567698702431386,-0.010245672100243741,-0.000504976937655166,-0.00019957541249282507,-0.0012789143368723277,0.012988498040584995,-0.0012789143368725497,0.029475702653149805,0.007768578451782915,0.005916420117125121,0.008476600263886747,0.026498648132745828,-0.008157519513675049,-0.021281795118275326
2025-07-14,-0.005153982348054642,-0.0012292902474535516,-0.020132169829772728,-0.004193255531938278,0.00598554901924464,-0.0035232661380670827,-0.023646182164272722,-0.008983306047097628,-0.019434172735912747,-0.025780357270009713,0.00982569124482513,-0.014875060847377997,-0.0056036229240100655,0.014588097953571522,-0.06456529276252199
2025-07-15,0.040409535932759866,0.06407272131582009,6.479262386283047e-05,0.011110971778923062,0.02019274254268466,0.00910094217351709,0.0026519094518882014,0.008871385303679036,-0.009329186645847587,0.03144507573796673,0.014380160520550911,-0.0076430370056165264,0.016368117598359433,-0.007764618672145951,0.01614197060072642
2025-07-16,0.00392503050477,0.028725668036568175,-0.0014906368148963622,-0.022479764745304442,-0.08331523567918708,0.016563106004645167,0.009308153411536457,0.00188836747113319,0.05933921483422555,0.010884035702275696,-0.0001561377406145148,-0.011441559017522085,0.012445934895668032,-0.011550727075468559,-0.005385953015194067
2025-07-17,0.009511589505708296,0.0020614806801599883,-0.009476153197457426,-0.011754985283514041,-0.012644912161036359,-0.0004387401521065426,-0.01461688276901918,0.0028710653440786604,0.09874251593332839,0.0007968498234816046,-0.0025480010855688517,0.0155777984334311,0.03205080385581427,-0.08852130176919293,-0.029664721313828135
2025-07-18,-0.0034103327462868815,-0.021320354659110086,0.014350367204252423,-0.010804038472870814,-0.013867403506117815,0.02204746654425649,0.014312521378087695,0.01642555634637244,-0.022640204860271962,-8.50519765133173e-05,-0.04725136255466644,0.001106168347595915,0.001182319581631619,-0.006632262738272332,-0.01042133833329506
2025-07-21,-0.0059741431161833836,6.366333197171947e-05,0.026937931208759425,0.011394504123314109,-0.020283825154720603,-0.0034749320490830016,0.011505180700016382,-0.008890833760240024,0.008078951409148383,7.411919971000991e-05,7.411919971000991e-05,7.411919971000991e-05,0.011166156505749703,0.013746980591157865,0.010984417537988733
2025-07-22,-0.02538216980801078,-0.014522285218451447,-0.0061646985760026585,-0.028399219482148963,-0.01973099264680489,-0.015904055170840592,0.005027737850954228,-0.008337291561096749,-0.04296613673727612,-0.006263717168847882,0.021337105601962225,0.01897929689972533,-0.020384559185187223,-0.008439659804414745,-0.01749302271309916
2025-07-23,0.022450948681822958,0.025400676349370155,0.011962850757504695,-0.0006948187195812139,0.016230199362976094,0.011020299993678373,-0.0022246020918097464,0.014294858138458322,0.01722233543462237,0.02379900345393704,0.01000485392859951,0.04156336229023605,0.0075480033866146545,0.0033433773248450205,-0.004303743112436087
2025-07-24,0.017332301017892293,0.021872053918686074,-0.006504967759155211,0.005935513423347638,0.011367939450211306,0.005637255221783155,0.005637255221782933,0.018740020762131993,0.030778168461766287,0.0029792116214066855,-0.0036135456105717,0.021352515139588135,-0.0016392498680298795,0.006278348215396967,-0.013087039222161145
2025-07-25,-0.0013813721014661606,0.026832014770116652,-0.002770091223907367,-0.012917182991929566,-0.019073762774604375,-0.005335007987683382,-0.005335007987683271,-0.01812812685600884,-0.008189199732226315,-0.006594202125063786,0.009590052612898914,-0.09858386271124175,-0.0002633683501205297,-0.011749604233799227,0.014272278099986435
2025-07-28,0.01873193435220344,0.04319097968812935,0.01672982711969717,0.02466464122147749,0.02634787412862849,-0.002748350096843044,-0.023669667867811106,0.0037484033227215274,0.004426184884573026,-0.027875385656584983,-0.09458071186035011,-0.016443478395433142,0.05995696902279879,-0.022716253791728924,-0.013584794494340469
2025-07-29,-0.007015547037994785,0.021766663017303678,0.006395541386293946,-0.009775445846678,-0.013256953897304524,-0.01491721182862793,-0.0346311958392016,-0.012670086438473005,-0.02327389871483654,-0.016505979455723407,-0.014949541785282627,-0.024040305489430924,-0.0011393958109073843,-0.0020681055441228446,-0.013321258752513665
2025-07-30,0.021423331819171443,0.011665870361522446,-0.018632753954344716,0.005201354490201426,0.004119752751777783,0.0165072426072419,0.0135951387192903,-0.01085599371789192,-0.0010947041822132464,0.010066502593789384,-0.0103762387075641,0.0002492728684728718,0.02790673479360195,0.003397630566730925,0.017354853405519455
2025-07-31,-0.007809521101566741,-0.017826288486239794,-0.07732937706310561,-0.049263451206484565,-0.037064230771841955,-0.0003342260667219543,-0.011856035239747098,-0.0013690316440392314,-0.008983452199906705,-0.0028822264034642497,0.004941254275951046,-0.004574365206492459,-0.019113836565387565,0.03522248384020066,0.06703664851749491
2025-08-01,-0.02333162962246693,-0.02614713104297728,0.009743801721076029,-0.0003886933627986755,-0.007038862416898772,-0.002608206446220951,-0.002608206446221062,-0.002608206446220951,-0.002608206446221062,-0.18861105335563744,-0.023163664558550567,-0.017009718369158322,-0.03431364197529929,-0.055988052713498604,-0.05480949660158063
2025-08-04,0.03615015415062883,0.029586499250702003,-0.004588726749314542,0.015723084032461587,0.013829603872644203,-0.01856554952053069,-0.026233988479290815,-0.029834813867567922,0.0015878012194141533,0.026925888891168537,0.006743644486088218,0.01881805237834544,0.012578819496699145,0.0009566789935859799,0.0009566789935859799
2025-08-05,-0.009666692667442134,-0.013972175799066622,-0.005423233750056378,-0.02007443890774796,-0.013912688434182585,0.010873149048881814,0.005189147637315372,-0.009076231958488834,0.026859895195906924,-0.00027074728806719683,0.003247391433750524,0.0012062520332527527,0.007646143525526838,0.026182474942470835,0.017496198867768875
2025-08-06,0.00650733795265368,-0.06419598759758327,-0.00593010462911292,-0.00563764662572841,0.001928617022504353,-0.02348081290876647,-0.016679269664329643,-0.01200108871837513,-0.03297473173854004,-0.04273335932367184,-0.0017316811575668334,0.0048992902713520525,-0.01785915656778614,-0.021090811497510575,0.003519610219200775
2025-08-07,0.007524253573444106,0.05689062688255975,0.0004112803207476645,0.028123815868926982,0.032071317521186415,0.04968480187903945,0.027294176285634686,0.021464222361292418,0.10054129632941922,-0.022162038197468314,0.00547702155787122,0.012337402809614817,0.026330216787772587,0.015142941800760035,-0.008615204215313588
2025-08-08,0.010676511404752675,0.002088170667614575,0.01137769504483277,0.009391281257226769,0.012900998591739432,-0.0006763392827683345,-0.00012702232667993751,0.010357123020370507,-0.029876381129367413,0.015300401441165734,0.039606244770448384,0.006278048049632723,0.018013303764092603,-0.021402336167631097,-0.006130614634220044
2025-08-11,-0.0035030046935885517,-0.0027783962884999625,0.002778603584696393,-0.0026505597489927535,-0.0013982914009783576,0.002812163830009373,0.0022612321240187416,0.011966387658422395,0.00820418924179278,-0.0056005244433677825,-0.0056005244433677825,-0.005600524443367894,-0.013165713678639501,0.038805417441805545,0.03924811590141286
2025-08-12,0.0060419962243181136,0.01549801594998712,0.038926731699814976,0.02207404006663194,0.02839279944027373,-0.0032389515900419497,0.0004391253527800121,-0.02304215122732589,-0.015494216542964012,0.007657362628402442,0.060114300234613616,0.002277692255729935,-1.8272734771840327e-05,0.006055264829900153,-0.013548637183023349
2025-08-13,-0.008571788762128718,0.054129759279188505,0.018604050941668282,0.008384137524620083,0.01857670306872361,0.019328311116400876,0.009709650766786648,0.005725805570435671,-0.0018195638794185065,0.010403143229825051,0.056878738654477345,0.016410258788529086,0.016150545305961383,0.03846366586385663,0.02729896530468623
2025-08-14,0.0023679889843464252,-0.01881575347118425,0.0095792157654635,-0.009419491016749881,-0.0004764583779168774,-0.02284801073880116,0.01251110318659987,-0.005417535825176789,-0.0006713995825423646,-0.015805729557185177,-0.04222774813070651,0.011661139689081113,-0.001059544331576845,-0.0022866159278718268,0.019570597029923142
2025-08-15,-0.008625390714084524,-0.01901079027036512,-0.0015180377447419069,-0.14067146130818575,-0.01728001146639402,-0.0003954686508305105,-0.018953091715055104,-0.004631181151573349,0.00503254199936265,0.00785028781936381,0.003687064404313878,0.011431963388535138,-0.006549580185674975,-0.006549580185675086,-0.006549580185675086
2025-08-18,0.008645039591488768,-0.00771784778087381,0.0066517582315999135,0.010942123297876583,0.00726264794867193,0.0030011054595429076,0.0322858365327614,0.019943691700413435,0.0002456346136003873,-0.01855296366427417,0.017550020704815594,0.005499899652985141,-0.022423951854184332,-0.03262633435454232,-0.04523699811186155
2025-08-19,-0.034998081958037885,-0.05444530697809358,-0.01667708701709003,-0.00801077102438974,-0.005270570676007114,0.0030298487826716514,-0.01536965169956328,-0.014475398867158984,-0.0053296054148116445,0.0038710008654996297,-0.008751595878284224,-0.004622328204150095,0.0007714604860404872,-0.01606403447378346,0.013168396197171806
2025-08-20,-0.0013664290809751733,-0.008105710470002747,-0.005184057847333889,-0.0077672365252036135,0.007907319366864396,-0.044809159199866166,-0.027841347901487956,-0.026234880180322606,-0.01100630697156424,-0.012667107477486672,-0.05534786360447619,-0.0013377487074238692,0.003936240665646684,-0.031610216987878914,-0.03423048724806832
2025-08-21,-0.0023945663416949925,-0.009019311512710404,-0.008427634492123914,-0.004112209646010001,-0.01879935620310469,0.0074338146230126245,0.001631221194815291,-0.012563915446540008,0.015094404896713876,-0.021397865303760533,0.01957120177150462,-0.0021813422305561048,-0.0025746926325344033,-0.04491947575932398,-0.006274482945278992
2025-08-22,0.017202090813873028,0.02473879193009454,0.025173490114306585,0.016579104782930232,0.026502604313226152,-0.020673139090272796,-0.007730399565027524,-0.011175780122093526,-0.011797080299746243,-0.022998808709437046,-0.02352494511152292,-0.027683139456041284,0.0093806256114497,0.022513480377844397,-0.003077560427434789
2025-08-25,0.010225232930471728,-0.02622790915926676,-0.010062632588554998,-0.0030770975780869403,-0.0005696697415910057,0.035884822119919946,0.03802522108795525,0.03991056169455942,0.01592438884830183,0.014475037378875122,0.01872213178880866,0.039697501299297056,0.013508150383461093,0.04636459695033368,0.03774264914708092
2025-08-26,0.01090037658917331,0.019955891862486697,0.017580898670565892,0.015556485838024381,0.011584504233450366,0.0017432412499469585,-0.0095937017236577,0.0008391338419286853,0.01913559102826312,-0.003121463946370473,-0.001818060395286314,-0.010101892374661858,-0.021143608829608973,0.0032382604783456337,-0.002197478155571919
2025-08-27,-0.0009352252999643706,0.0030609157398324705,0.0037695389034320126,-0.0007294242619592106,0.008909741159769613,0.009364365918508755,-0.003358805775707352,0.006674494837288991,-0.00335880577570713,0.006897665819862064,0.04748457944056339,-0.0040637818317560415,0.000737248921691247,-0.009231125109450788,-0.004632303238251478
2025-08-28,-0.00787445711365986,0.008675862537423473,0.006446779408469938,0.005353202111222144,-0.008493451566334964,-0.02611541447694654,-0.011633186874074775,-0.02084391619409831,-0.007562873091694677,0.021419590586364334,0.015485497784831326,0.0018628267629838824,-0.013314831183412479,0.035074936261121126,-0.007001519448428195
2025-08-29,-0.03324642868305783,-0.03529479703176819,-0.0004353794979118364,-0.02728879900775072,-0.027296789524366094,0.0026957512815564133,-0.008163835186500878,0.02648853182044042,-0.0026662062040250234,-0.0005277448803800988,0.013567102386242924,-0.00514920197990032,0.007469582335007718,0.007897605931184382,-0.009908265324031995
2025-09-01,0.0,0.0,0.0,0.0,0.0,0.002085531888270653,-0.009498343796147002,0.030823970445841065,-0.022331897161270042,-0.020437225806328785,-0.08115089483633708,-0.008218612771838996,-0.03322263490743815,-0.051362640661409165,-0.06620645552884175
2025-09-02,-0.019520005102879878,-0.001906152304534059,-0.012132097398667163,-0.019843155373077792,-0.02258230918751325,-0.006398665609764209,-0.00211590624767799,0.004280786660990632,-0.025386163800887762,0.0025533828963713034,-0.007819236799031182,-0.0023406139808972437,0.019180584226115682,0.014582999909150463,0.014184005670729638
2025-09-03,-0.0009367869432114206,-0.0011705423412576854,-0.009446994471411174,-0.008377254390842803,0.015113415352339787,-0.003860916909603662,0.021775050225091297,-0.0038609169096039953,0.04090937221067592,-0.028845129994233387,-0.007070252966302704,-0.021470629603637437,0.008949641674827147,0.006499758535228217,0.007265193389975666
2025-09-04,0.006095406083867605,-0.002097154051931671,0.021228935592310316,0.012736061678591426,0.022542783202552874,0.0007160783491779732,-0.0064574976128641826,-0.0184058849313794,-0.006009222435736761,0.010884618311491234,0.05123801963204078,-0.006053815319273292,0.007868191141940262,0.01502410656315356,-0.00844941870551219
2025-09-05,-0.027030129068697395,-0.06582603583924618,0.0008139469254802023,0.028500942756753966,0.03752178898551395,0.01816920713351311,0.03704625057879829,0.013911086502435888,0.003621112056200193,0.0050344734908898126,0.018709281437950143,-0.006722903591294571,-0.01028991315077643,0.028333500233700848,0.001880026210143937
2025-09-08,0.007723497933343371,0.0017864514592516034,0.002502526668349603,-0.004301129680249649,0.018613313909546347,0.007054042191084742,0.003545063673417115,0.10711389894725021,0.023362617775067873,0.01799932866942333,0.043924453810384456,0.007932630162464704,0.013401443553298531,0.017585143949920168,0.0035155099742161244
2025-09-09,0.014556426417988044,0.029126237074472705,-0.009860280583182557,0.008947935548489827,0.011152203121417292,0.02190795254107636,0.06109307214843063,-0.021490842387158926,0.012883156195933054,0.027174082689850332,0.07156816630914031,0.002793219265209812,0.01981692684322356,0.03955374458717276,0.014339082651282586
2025-09-10,0.03847514721289991,0.023873609209719815,0.001827789146602088,-0.0004892867638942588,-0.01489193373170472,0.020143919885778017,-0.013911563467913113,0.011292535541147508,-0.01515844919329068,0.005993460326684241,0.0324552594227816,-0.0026780664185250824,0.014264670568018056,0.05439132935390045,0.03813943635024786
2025-09-11,-0.0008459006393353175,-0.024257209978984506,0.016105753100664533,0.04118212447849667,0.013894025375336572,0.01608801868967813,-0.0029401315888153423,-0.011052319583727432,-0.014990877754187837,0.012468890902874952,0.04423459513698558,0.0013147578449581587,0.011055652918482872,0.009904793066897843,0.03096507527556769
2025-09-12,0.003668730192814884,0.018629210441218902,0.001981320615367599,-0.013811267956375661,0.012074735178532414,0.014344276545751544,0.001616026694675865,0.0012413180048782557,0.056723775132413,0.05590124937114105,0.018995154174524576,0.0014139254956613279,0.02554755169883216,0.06826140810970793,0.008328125332375036
2025-09-15,-0.00039365510697775274,0.016333456632785515,-0.0037693882183726934,0.018653124554131706,0.0656493318135698,-0.003800411430628148,0.00016840901347192627,-0.0028261071811791494,0.052944351072793605,-0.002993250590367924,-0.002993250590368035,-0.002993250590367924,0.011531424588431038,0.004573841508652032,-0.0008199301584107532
2025-09-16,-0.016146215426247723,-0.004343490520823057,0.01811183214073031,0.015269347470725725,0.012821340009227633,0.027079429080474116,0.036778549496704116,0.021079453832654638,0.10232709464404932,0.020843643166015946,0.01469674408302013,0.029219467250462428,0.04442068361675622,0.05795599920102057,0.030575069943407085
2025-09-17,-0.0262466362492908,-0.008101726270496656,0.00682350965294054,0.026449342349926797,-0.00700109195818488,-0.006887015700406507,-0.011477253528775377,0.0019247064134557679,-0.0029355431426679734,0.06079954824619471,-0.013531116971560508,0.008550577979256513,-0.009844578825649708,-0.0365398544941945,-0.019433845590551058
2025-09-18,0.034940451119733984,-0.0077909365709525336,0.01736654288411943,0.06528938879534762,0.06366141486344312,0.014486802826432443,-0.0013029086332151385,0.004606541611558823,0.09834290702709492,0.046274830822203405,0.04606112771281223,0.006614675186370933,0.026072285759396907,0.06515520116678841,0.03437653315420097
2025-09-19,0.0024397346321005653,-0.003356121994947503,-0.007613138330302083,0.0017917411309580356,0.004688546020186424,-0.016352204411073545,-0.047120916280637415,-0.0008004269957496701,0.028737576758045336,-0.0010919604411008255,0.026344908119471766,0.0019472877590585025,-0.005812192964665619,-0.005812192964665508,-0.005812192964665508
2025-09-22,0.039282375453410845,0.015248706434916048,0.01720104831868441,0.054813237602219234,0.027516982353485098,0.02014111177024258,-0.027712227791895305,0.011163033239855569,0.008348207426832621,0.03761885868063186,0.03092613525308363,0.016685934822189274,0.03279029453926885,-0.01936198956572155,-0.017333362878202085
2025-09-23,-0.028212036426306986,0.006946621546969567,-0.001119444928475155,0.0017453693662827785,0.005961582616601957,0.034690796724607065,-0.021407393737320035,0.011537310698730874,-0.019624600957944716,0.0025046207608765414,0.0025046207608767634,0.0025046207608767634,0.019365008339404355,0.03355337420589133,0.035113823188558824
2025-09-24,-0.008182476268150385,-0.00012423253219473462,0.023712595436770956,0.0028377326305186745,-0.01719753260887802,-0.0018597184591139237,-0.03452605672222153,-0.016159722492650852,-0.011821223558032168,0.025401415346255174,-0.005374942922782733,0.005641522988552472,0.006482499985187795,-0.011445584484087945,0.00031225355252328946
2025-09-25,0.00406859508864299,0.002424163213648134,-0.02229912016992175,-0.009134201558696042,0.00275622855606672,-0.017848415951488117,0.008277406372447782,-0.0029672980985057107,-0.01703831083535079,0.009280235125666891,-0.03180686099285113,-0.0028321234686840002,-0.0002789197233135088,-0.011180358803237533,-0.030052638868886872
2025-09-26,0.00281385463560313,-0.011223398714219734,-0.002828790881790999,0.021643233487993463,0.0020747394953659626,-0.021512824188817614,-0.03231339878584938,-0.044005743403864206,-0.06944435983026154,-0.049480966001931526,-0.044389630718934536,0.0013513732272303347,-0.03613915586372651,-0.05963160186071281,-0.04926561713388189
2025-09-29,0.020539921884648038,0.01191517506890416,-0.02304966302038358,0.00505099261020403,0.011654981358091066,0.003859555388040503,0.003859555388040725,0.003859555388040503,0.003859555388040503,0.011601323325299617,0.051950939182998646,0.009177216141037503,0.015465574529542225,0.0373017248319214,0.01908292325602523
2025-09-30,0.026010341701790507,0.002664803384697434,0.006412575273571308,-0.001024600877700066,0.00569290375235032,0.003378126177868701,0.003348786476345289,-0.009525438170996381,0.018084067013947047,-4.942812296004906e-05,-0.02741117451680608,0.02123364136320327,0.003116405190435767,0.002376434218575252,0.06171430152044177
2025-10-01,0.0035374376225016935,0.01372149893582697,0.0007815034110401076,0.06349515622908863,0.03633963309436239,0.015862681334857243,-0.02229683349193934,-0.00557191526687284,-0.008050137743982777,-0.01690861005491673,0.005754051257615522,0.0007303330937251662,0.02223909845526295,0.03315084030429438,-0.019257713340223526
2025-10-02,0.00881217616136909,0.03487593081081841,0.014175022971126383,0.026866838880799326,0.026812289926844368,0.030022861305270654,-0.0040513504052531735,0.009040038301985298,0.05928894170246557,0.08554962000489663,0.031583813862655186,0.013911102729774694,0.04459485377375949,0.09965348060911206,0.0568501136696562
2025-10-03,-0.006723523591067093,-0.02981204080577704,0.001954336233223719,-0.027103149255356063,0.001989870571049268,0.02507549428415068,0.030681224874087087,0.0055242031467781505,-0.0005514717967067817,0.022698036241821207,0.04239653850241365,0.03174179172079694,-0.002710570050806216,-0.002710570050806216,-0.002710570050806105
2025-10-06,-0.011086245458746924,0.23708027557556832,-0.0033101160214779046,0.029329296299416052,0.01073423480438751,0.0014398538426712015,0.0014398538426709795,0.0014398538426712015,0.0014398538426712015,0.055393049425479735,0.12149831611849904,0.013691136765800138,-0.000305857284195743,-0.000305857284195743,-0.000305857284195743
2025-10-07,-0.002694803694029413,0.03828966440477655,-0.018740316368132115,-0.05515602252376817,-0.039298377681920904,0.02195964639192094,0.0008105410591596751,0.045228799922455654,0.014329284744918125,-0.020448571241266533,0.0015745408995255783,-0.0009838986749935996,-0.0027377335105905898,-0.0027377335105905898,-0.002737733510590701
2025-10-08,0.021995224919487466,0.11370622512583206,0.013961201667668677,0.02812436597514001,-0.01445677715488114,-0.014783232147732694,0.0066827151939106155,0.00490078129946192,0.022191444477156486,-0.038748236282319604,-0.013508476719018891,-0.03315621297468274,-0.0032871491126673646,-0.0032871491126672536,-0.0032871491126673646
2025-10-09,0.018296257179543973,-0.011334684142544904,-0.012576804659363838,0.012826966779873272,-0.007359770328309145,0.018057827474016408,0.007876772755977646,0.026181131464344087,-0.028058983326862186,0.011028712707190413,-0.0019023344673085862,0.005271649060352379,-0.005588725032359965,-0.005588725032360076,-0.005588725032359854
2025-10-10,-0.04886534322137259,-0.07724679265022871,-0.0728601119170258,-0.04698136461760083,-0.04523011640532759,-0.0019062697289967678,-0.0019062697289967678,-0.0019062697289966568,-0.0019062697289966568,-0.015978224843715694,-0.011287425057490696,-0.024786543125980498,0.052557948957892675,0.08294332264345305,0.1894672526807002
2025-10-13,0.02817212030804872,0.007073077317969245,0.05332383442391908,0.04539170238114343,0.051773689748282115,-0.01997910449677276,-0.02490976530052902,-0.03609456321389415,-0.02077940456646865,0.005978038245716855,0.005978038245716855,0.005978038245716855,-0.016853558665265167,-0.03547634742043615,0.06907161138739704
2025-10-14,-0.044020911827305276,0.0077164688248525515,-0.00024720402327171875,-0.005877462953047474,-0.0015030885316906772,0.006213912537198718,-0.008445227757903573,-0.021061199096408356,-0.03268033552137217,-0.03109717593908956,-0.04918175581419537,-0.003075931900053508,-0.0161828933521031,-0.0063754951049004305,0.007555779259575068
2025-10-15,-0.0011108615216387507,0.09404378976580152,0.007604810934253914,0.04303587829248712,0.0270856110431279,0.028308097471683613,0.007895955395579302,0.050390459003892385,0.06394040131512946,0.026887728529912502,0.02620328493426416,2.7604558834326554e-05,0.03467993241220846,0.02431795459835806,0.10074754576840972
2025-10-16,0.011010395836064779,-0.016932139319263628,0.006810933332373592,0.0006151895313117883,0.009684987653749033,0.01610576532192476,0.013855337338827711,0.07844710681216882,0.00242080946509704,0.045809341815931104,0.012248614724375662,0.0015929275519139807,0.035185165602764634,0.07805003821911427,0.03847563303379298
2025-10-17,0.007755381326113531,-0.006309668071894259,-0.0038395218165552247,-0.011988417132463902,0.009494030412506405,-0.023636079070790017,-6.86004730877654e-05,0.023428482022322727,-0.022023213251950335,3.696687517207309e-05,-0.029961680982242167,-0.010476500089819485,0.005140154251291884,0.031904754282589876,-0.0256707012669094
2025-10-20,-0.0031656175965260047,0.032091967001788735,0.021963819531107154,0.013956200696595644,0.012513681094868279,0.020356416195866256,0.0071897535556755265,0.020074927411245946,0.020074917196812647,0.038817948879987796,0.03257209197770883,-0.009638294755365928,-0.0007944143062904585,0.040011378596686464,0.04622113207090117
2025-10-21,-0.008103403516373953,-0.01051712173667041,0.010716134791733056,-0.00933684486629538,-0.01643718378225123,0.0008040246363920645,0.0008040246363920645,-0.024216075979517804,0.08286995735736125,-0.021468889977145467,-0.005451740460209131,0.010689969854890347,-0.006116250288591196,-0.013388303920803812,0.002009304106811882
2025-10-22,-0.004857555235790012,-0.03276899168911074,0.002606151105383425,-0.024070786366089836,-0.013121649838234162,-0.016086091201063413,-0.010050997850907128,-0.012837452687126882,-0.02288745577704321,-0.006720604480427439,-0.024481410758386835,-0.003939257677390562,0.003506993379899015,-0.002509217082800941,0.004914622660364021
2025-10-23,0.010428209748937878,0.02067501999721233,0.004489774517335787,0.03586331613314808,0.024555848907829247,-0.009039514007094462,-0.028463037490165544,0.013304516585846748,0.0072078778611706085,-0.0329297671793779,-0.037520965745658,-0.008495295962336336,-0.021065513603198416,-0.005994299232587208,-0.012966823772319613
2025-10-24,0.0225075935807193,0.07630108624472043,-0.006410570646727121,0.0012255190985603903,-0.003193735401526676,-0.0009715547534877578,-0.0009715547534878688,-0.0009715547534877578,-0.0009715547534878688,0.013839896453953449,0.032946939866307146,-0.003230393085872696,0.019955148673650447,0.06179260190820646,-0.0024559019906889024
2025-10-27,0.028079142713459238,0.026688341403039884,0.11092694946914583,0.01127869537009496,0.026018728373630617,0.018759810088330164,0.028938841684772898,0.03120974628627793,0.005571727253067316,0.00852912995976296,0.0620864636510845,-0.03958601102922288,0.031576854035956226,0.04819467647573683,-0.001453938038851521
2025-10-28,0.04981984937812545,-0.006392743005619872,-0.035432673577811546,-0.01595129730887579,-0.007075559699876166,0.004183920631959381,-0.007507089956301338,0.010075791718774374,-0.042884968859522976,0.02958862302612575,-0.001715321886495147,-0.008827382310426679,-0.020419615476555353,-0.022084996736054796,-0.039438414991946114
2025-10-29,0.029896025705414164,0.02449508378524401,-0.013036511132665685,0.0356264678853615,0.01924968607876698,0.022276499138262906,-0.009529506173325708,0.09073730706622896,0.0038557893112640684,0.03961138344554471,0.22848225779301323,-0.002928403987573769,0.01359189361625801,0.07477264602503086,-0.030855431947363954
2025-10-30,-0.020044469393717956,-0.035902056960837925,-0.007891687517510126,-0.013573687238075727,0.004304988855997394,-0.003981677132291805,0.0036799854066478233,0.014045803824589864,-0.003981677132291805,0.008800579771287564,0.0002482941160735219,-0.012927760847460612,0.03724657893206862,0.01932218002049413,0.0397793375545521
2025-10-31,-0.0019714724306379994,0.005022754660535034,0.020534788861942488,0.002365117382032933,-0.01508203518311857,-0.005446592531963779,-0.0021314275425423634,0.09765542970320307,-0.011857207554395122,0.028141209785638832,0.030889906276974965,0.004429074207244366,0.03265359302171933,-0.01585188864046383,0.0013867478780238418
2025-11-03,0.0216800483053341,0.013782597401978514,-0.0009948852149049836,0.01977689801356952,0.007165539128494158,0.004995508738556698,-0.009280963547203203,-0.007710609722837769,-0.0016600646601721003,-0.001913248897314035,-0.0019132488973138129,-0.0019132488973139239,0.031207288508555697,0.1066753725168994,-0.01678872024107536
2025-11-04,-0.039588173995557474,-0.03697281367375582,-0.04360348249124446,-0.03163519154413186,-0.03438247353852486,-0.007223412541716101,0.007567981497514031,-0.03226875726318745,-0.05686617636955227,0.017787303358694828,-0.05862413647853859,-0.002421244153103741,-0.05699489555346482,-0.05602928734105983,-0.01466084125230227
2025-11-05,-0.017514626436203384,0.0251149107932942,0.0398057183385645,0.046483300210507617,0.013211765692813238,-0.03039921657051825,0.01088674983419824,-0.01724209171041624,-0.10025506375800763,-0.036774959367858795,-0.055495396020044385,-0.01330200253191649,-0.04821160794617341,-0.019384320863613747,-0.05441720460380206
2025-11-06,-0.03652481390732354,-0.0726797120896786,-0.03627870249988452,-0.030553321535674915,-0.013940167489993383,0.0042723967737368085,-0.029255763883504482,-0.0034140548521710556,-0.03844925368797536,-0.0069329463206975195,0.028032000412434144,-0.015798915136756797,-0.01386850314566035,0.02422952883775542,-0.030756740071579247
2025-11-07,0.0003721807128440613,-0.01750106737702306,-0.013337210557230361,-0.014816079676683858,-0.011892673483687832,-0.0061763353926105324,-0.0259642171257225,-0.026211942995263304,-0.03513479804311148,-0.006278011385800086,-0.0484233504244701,0.012497246766458137,-0.018666752920091234,-0.027434617229217806,-0.019510601583369036
2025-11-10,0.057932501138553194,0.04470327456340706,0.003979251458867683,0.021775924430854188,0.021465902039822904,0.01066548083029173,-0.007552082261918169,0.00038748369162378005,-0.020738696940528878,0.03679226401980684,0.032211445608526734,-0.0008194592667598588,0.023268143047890266,0.040444144918315716,0.014593454402098471
2025-11-11,-0.02959058026486583,-0.026477545570138594,0.014046620547821353,-0.02726726926185019,-0.0157587322461058,-0.00677971721340731,-0.007999982479319656,-0.002188183807439903,-0.015228433902645722,-0.0024260748934554766,-0.04282911849346338,0.0011546569699716347,0.02735031252807718,0.019985995104511378,-0.0006648579188031079
2025-11-12,0.003313360000960719,0.08997141289818633,0.015461575177303732,0.009008600719405457,0.014583009424862237,0.006907302156230255,0.004113330175650409,-0.004305563715080618,0.005235760712950732,-0.015048029667681373,-0.0018043852829802143,0.007253252746030281,-0.006423557704765215,-0.005791472507977624,0.008197669439160338
2025-11-13,-0.03581019794270368,-0.04221873118363728,-0.012282742016637038,-0.032505567500960786,-0.01684128874499169,-0.013349577638097632,-0.0032127152890408794,0.016547385068665266,-0.008324395515564076,0.0032728109611761536,0.03806160958528415,0.00584151490955187,-0.008465732277630034,-0.013630689327464585,0.01263245416087444
2025-11-14,0.01771385068101239,-0.004637881610482841,-0.0029800155855964627,0.012453512849013304,-0.012629188233619693,-0.022461330576764693,-0.013978068563374024,-0.040754383895554414,-0.009670296352650043,-0.060263083458996225,-0.05466356289158436,8.634918173333617e-05,-0.05491892311867075,-0.08539724106096713,-0.05961801675225553
2025-11-17,-0.018772690180637097,-0.02548516408716195,-0.04155649321038146,0.01194643873100154,0.012929770152592557,0.029353666618330942,0.018668288704204006,0.007222577595167978,0.009407636179777912,0.04585051912065263,0.024383447935083735,-0.0020604205375325257,0.05084899651662367,0.09873561349505744,0.0694950810413959
2025-11-18,-0.028081462747415187,-0.0425328904232829,-0.010134857127200414,-0.015696768750122936,-0.01562745473756033,-0.0470343963713844,-0.06771329352447852,-0.04217864176839814,-0.08027663537883156,-0.05884335399120466,-0.04126688951845481,-0.036684662207279506,-0.037915813250714026,-0.06916134708716704,-0.08966145774824619
2025-11-19,0.02845164512789311,-0.029267403842426765,0.006361302453907092,0.04446521413330107,0.03512741519506335,-0.004825449257083392,-0.0062583290310856965,-0.02333205697831897,-0.02568903742405182,-0.021428210500666123,-0.007469222998763847,-0.012686189341222676,-0.009810525270392167,-0.010555713779477394,-0.0047170695219480585
2025-11-20,-0.03152474073899536,-0.07841645511066364,-0.039251058471170275,-0.06153327530014796,-0.056084246268600535,0.04034161511514189,0.01893744774436179,0.05933463344139045,0.010338874330189984,0.04345650619408592,0.07798231283225565,-0.008527097773028625,0.03567523103740422,0.009375425541094051,0.01651225460745076
2025-11-21,-0.009743076928405703,-0.010872757240610764,0.0232470396073714,0.017163839232910982,-0.014749642198265134,-0.05324411504083104,-0.03896681507554678,-0.06574047877843159,-0.029376972996830064,-0.07360926246344635,-0.12305620731303801,0.012453657683563657,-0.06220832589904446,-0.09197537777463449,-0.03223017944829942
2025-11-24,0.020516571142315865,0.055304761703659056,0.010777718870398578,0.030802257088046403,0.021984996669706325,-0.006792513302656289,0.004799469361475017,0.007610910725358133,0.09931059262880049,0.004346215029061629,0.004346215029061629,0.004346215029061629,0.02387853726815692,0.0018343307672319398,-0.00041791112481026627
2025-11-25,-0.02591077088622873,-0.0414787167745283,-0.01066279822871774,0.05001949177415366,0.015589808009887296,0.026225677763938915,0.027565787597615632,0.0043217523966787574,0.05525471267229243,0.028835730856900055,0.04010294528005787,-0.003817939884810162,0.021922933415050805,-0.006748128486877114,-0.0006739896576972715
2025-11-26,0.013721716820289664,0.03934410526484089,0.011267524958417985,0.03097416230027017,0.03762888130346287,0.01889981680798236,0.0983745523830768,0.027185457996593998,-0.04759838973635755,0.006799223040194979,0.02454470423815036,0.032951633467185326,0.042271220398199416,0.01648459303693728,0.0772016123348589
2025-11-27,0.0,0.0,0.0,0.0,0.0,0.0009668878489073052,0.03536088598549969,0.06449092833778924,0.007094366004242181,0.032343428176824895,0.04875765418279987,0.005789921395530806,0.0029275005324349568,0.03490592038040119,-0.036414383081111446
2025-11-28,-0.01808499704797284,0.015356577678195427,0.017863698935890904,0.009121097240445852,0.018281096234051164,0.0013757449988958115,0.03885729209028277,-0.006430519250877786,-0.016487704210932708,-0.012093089428169224,0.0077940191112844115,0.01219774797843809,-0.02287930433002172,-0.019608744097976194,0.0006215151542279251
2025-12-01,0.016497252512760685,0.010251439985533128,-0.0002975199508247206,0.009910807817204548,0.02640553906201526,-0.02277431989719647,0.03378888306139949,-0.023725671040631502,0.0046533643301769345,-0.0030749670056661182,-0.040341311034706284,-0.007522304679616898,9.715377078300946e-05,0.012171542386185896,-0.01820722771937755
2025-12-02,0.008559328912786102,-0.020567842767812206,0.01582964889729621,0.041530840504962585,0.019108707455831375,0.013567260188032781,-0.021357018672529482,0.017198168712996287,-0.000608363780885468,-0.008073133964069279,0.007981966793786377,0.017455164146824798,0.02261890544973677,0.03396480236034205,-0.012924673341734638
2025-12-03,-0.010305312728931093,0.010964507294748849,0.025600499858939862,0.012437376943383427,0.028986807752612975,0.013792286128697429,-0.010789744904492693,0.0019966785225826733,0.013016462345573965,0.04560389251807617,0.051313937646755736,-0.01047734778887821,0.012573724965424304,-0.008858215722110763,0.010229650336600837
2025-12-04,0.021160543078458716,-0.0074449004160684895,0.0009759977725738445,0.0030152978392887775,-0.02703087226895351,-0.00067000751314783,0.006369245493626385,-0.0015911181158920762,0.011939729525367593,0.03638295319587481,-0.0031917059540275128,0.04397302212259513,0.0073411038330835066,-0.016554337200934133,-0.04292474839417226
2025-12-05,-0.00528960563825176,0.009213841710018711,0.0026382616733147124,-0.00534440189013119,-0.009557801122156873,0.008760302138327125,0.012608297786340872,0.011533075719083241,-0.010633093482042,-0.020327547319637262,-0.02437476291235563,-0.01254820228391329,0.026250059246246238,-0.001320291859693512,0.02071891066616094
2025-12-08,0.0172139763380188,0.014405649273126597,0.0028602521843035245,0.0005970891192850214,0.018390562572915492,0.02695209898649842,0.013466761894463497,0.031130156892975824,0.0016021505598819985,-0.0006718898221279579,0.0011974816838244973,-0.0008591312177277377,0.010538782750023623,0.061072436042478806,0.01970624655436204
2025-12-09,-0.0031258565800189597,0.0023065194040439163,0.003935941181979041,-0.003803730166923369,-0.007368114355492783,-0.0065614014070548565,-0.010430462391667561,0.014070426522292845,0.0061273710963121175,0.009691526709813436,-0.0029878741920775775,-0.008000291083980593,-0.007821037635819872,-0.016859775006890176,0.0014216645874058909
2025-12-10,-0.006433507035163322,-0.000902431877306209,0.03528415628536807,0.029984192598659032,0.007089910152094037,0.017339062603350275,0.028621237851789827,0.019198055270924996,-0.0021655576588257563,-0.0202413522904219,-0.011488821703304564,-0.003846854866549898,-0.003296387794628153,0.03751220188905258,-0.001254376518469713
2025-12-11,-0.015507714749317336,4.513823014451468e-05,-0.005158895776668726,-0.018317282043833094,0.0031447825199102386,-0.017666478165320187,-0.04224538207098627,0.00238116310154024,0.006306939987284155,-0.009079045779230244,0.0511928901791916,-0.03292112552401105,-0.007232202285818445,-0.03820590250463074,-0.0015807601038346775
2025-12-12,-0.03266450115570951,-0.048096437920576274,-0.016439701201083512,-0.040353898369660746,-0.03739614299206595,0.003473670595485867,0.003838149118018608,-0.0073830462342598935,-0.014971409108224254,-0.032357325440861784,-0.0107037303506049,0.05052757867625246,0.013662557791549679,0.009375842977452198,-0.007833991526885797
2025-12-15,0.007256294743706926,-0.015181691653736284,0.005440628458263763,0.007947224713089174,0.00644851209930053,-0.0246496939406442,0.0061583962225484346,-0.04330999316568118,-0.031978094450685446,-0.013464200814297334,-0.06615591836014623,0.02744983688798386,-0.03899517931815799,-0.0311293180751544,-0.015521889290405655
2025-12-16,0.008111685598434226,0.00765967975655335,-0.017516435525733343,-0.009300717104971601,-0.01081971243466906,-0.010616410795675213,-0.0002744553039371045,-0.021636112241887107,-0.013802493330255738,0.00014178667204767237,-0.008586723174830113,-0.03577308459624429,-0.015454285157223357,-0.03978137205978538,-0.014933893775649465
2025-12-17,-0.038149894542773066,-0.05287564017503432,-0.021462663992807496,-0.04083599965246565,-0.05633568432160796,-0.007927183021669948,-0.0009529591571801888,-0.006632051377970849,0.05972606393055413,0.012849788725955325,0.015894772989347716,0.000482341644583828,0.04657267702962531,0.03661339676512987,0.02797031300856201
2025-12-18,0.018719942068098128,0.014890701828043085,0.010734671244288618,0.021065753882561156,0.020562760271058078,-0.005156132324911522,-0.008646804941866981,-0.03345584847321825,-0.043616610378673815,-0.036710147657361025,-0.03762009256206034,-0.0006453691209349355,-0.004309321739823457,0.0002789031987362467,-0.030679471803485736
2025-12-19,0.03933622863520214,0.06152389966871752,0.006085221667493812,0.01147927743085786,0.019019330478898366,0.0037443567739048333,-0.0033242499710579576,0.037654639097347786,0.011817371889856654,0.028761195541913587,0.02014212711896013,-0.0005849075034100037,-0.012322997177622419,-0.009299962436005171,-0.000244163810154463
2025-12-22,0.01491789831628254,0.0071217932091200975,-0.0058772787807549465,0.010140048765565846,0.0009090782821268295,0.02480712286054354,-0.0067707540732667715,0.01122049737698494,0.017616591251919722,0.0490490427330148,0.03069742743181214,-0.0010958669914564734,0.03996231575584264,0.060789610557303364,0.0915391198423956
2025-12-23,0.030050700900573935,-0.0002326264362304542,0.0030420870522402943,0.0047102234038185475,0.004598043290367615,0.016152059087152892,-0.008033904823520843,0.009868716944710032,0.008244591546033853,-5.8053469203178665e-05,-0.013705363543184412,0.014424465574833345,0.0069179836674544415,0.004769353010785515,-0.002112615577446464
2025-12-24,-0.0031711222062752453,0.000651462976382744,0.00011450561125836423,0.0021135207204288076,0.0034656995660824474,0.004716273531151227,-0.005847982244400085,0.0013560016443798784,-0.009020723464730152,0.011185210412117064,0.02924976886431696,0.00736326243244223,-0.00482063344405026,0.005603173350758883,-0.02011189366623556
2025-12-25,0.0,0.0,0.0,0.0,0.0,0.0,0.0,0.0,0.0,0.01715828861643831,-0.01810515873015872,0.0073378946323268135,0.0,0.0,0.0
2025-12-26,0.010179710869091751,-0.00023245812188166237,0.00022880926568569215,0.004294755638668324,0.00678540299787489,0.007451641719018687,0.0010577130855813355,0.022964744405330917,0.020943791074728768,0.016540785857960705,0.023296493066063073,-0.009167019172561575,0.07651141668535066,0.041349061204915216,0.08785824252595242
2025-12-29,-0.012124077899723362,0.002883832277529752,-0.007894310084402889,0.004390958657250588,-0.006292221222570782,0.019386509691144527,0.03148508372663206,0.04998488165303305,0.0343646850989896,-0.005289868826392485,-0.02529783524817697,0.0006737308233932815,0.030028219955411606,0.07229479317692222,-0.013050098942748112
2025-12-30,-0.003612788112190568,-0.001252280838999198,0.0012685286334079837,-0.01170871721483091,0.0057598929684770095,-0.004562913432283655,0.0019860474835269315,-0.005997905086063016,0.029403616265033072,0.005521167764936941,-0.0044674257197987455,-0.004470307588746447,0.007976894875299623,0.021880892731306112,-0.018498125853819936
2025-12-31,-0.005545422619901985,-0.005479672591475859,-0.01497259616766411,-0.011462860154445975,-0.0021266839668276916,0.022158608681233094,0.009433838493790647,0.008413278826013393,-0.009819465597884713,-0.0025572932610726795,-0.0025572932610727905,-0.0025572932610727905,-0.0022255031025033567,-0.0022255031025032457,-0.0022255031025032457
2026-01-02,0.012600514015812525,0.04347215819664707,0.011283199168571345,0.046227486187303324,0.08778728691834847,0.020623998818818823,0.02600505815959253,0.027969357942685402,-0.009288495834278376,-0.0020290077722652233,-0.0020290077722652233,-0.0020290077722650013,0.06747262784629604,0.03581093632710619,0.12972098004761512
2026-01-05,-0.003865526635683625,-0.010694945078055573,0.019250812493075253,0.057462714893518285,0.055345438061540575,0.05177302029606956,0.03558881143446513,0.019520008322364335,0.02300992053697093,0.0742805698819613,0.07665907921808723,0.012902751854780181,0.07706579824738458,0.03032028980788981,0.16032537647788425
2026-01-06,-0.004677819899715829,-0.03044144957390582,0.03482502607147375,0.04111566768508057,0.011398895251520269,0.017198604591206257,-0.011008200785488587,0.0265663980377151,0.044565493178085225,0.013716816556644584,0.020304848453178037,0.05948861881414613,0.0022582829776656155,0.039437716998018235,0.09416874410985865
2026-01-07,0.009987125820996923,-0.020200614451877374,-0.012386914880803568,-0.012871230712663495,-0.011044990777965058,-0.018141238207441512,0.002809439846602535,0.012328488257768111,0.08484716980165885,0.021602310938519276,-0.04440267457995761,0.0030984957601443153,0.01554037339418346,0.022463068650353524,0.015663921514705192
2026-01-08,-0.021521859150629097,-0.0254262045902639,0.009323483668307375,-0.036139624420794436,-0.0277988770562676,0.007345607175107904,-0.02887537011337238,-0.004094737846494945,-0.04124410757714225,-0.04039620580663206,-0.024583520129295322,-0.040167541935432594,-0.016406107319092755,0.018036489273891787,-0.005102058686224931
2026-01-09,-0.000972775721840291,-0.0073773429786457845,-0.022488568136691756,0.06937933126504503,0.06661541967996865,-0.005992130103141258,-0.020282309570580748,-0.008501580847184664,-0.048451109676080906,0.03367882730878624,0.006503960740043224,0.014725539698746015,-0.001280044014989823,-0.01854690906759071,-0.05319881405550764
2026-01-12,0.000432793264901532,0.022247400271679707,-0.04786811190755058,0.020120885405395805,0.005769688939969431,0.004408062351196396,0.016043469180605285,0.03884395614929281,0.09726522718314756,-0.008024060700550173,-0.008024060700550284,-0.008024060700550173,-0.004979577394966461,0.0031507153203798044,-0.05271854272511545
2026-01-13,0.004704209026523465,0.06394144457215001,-0.023512793365576434,-0.007713896430667,-0.008640041366112072,0.012584342097583745,0.028443370173126148,0.023726413572946026,0.00922204941003213,0.08341698645683748,0.08653093462228778,0.06562710267472838,-0.01520303920595445,-0.021203727951209617,0.026577181520375248
2026-01-14,-0.01436954614122099,0.01190209018547117,-0.004537532030020386,-0.00977455756611656,-0.005070324675730875,-0.0014865144406543962,0.00859948036297542,0.015758968902339632,0.08242218182483674,0.0234680727759482,0.041035744021507226,0.01219493219423673,0.01402912240567833,-9.502396926519552e-05,0.020927901649954617
2026-01-15,0.02134988022026696,0.019320178656121012,-0.019144241995030842,0.05694113669925427,0.05371448424602687,-0.00836512229514419,-0.003318874688910234,0.01699837936678117,-0.04913167184890954,0.011555558097509966,-0.019934084078987446,0.02354815416977396,0.03274755109743066,0.016410018917696112,0.01936987679581037
2026-01-16,-0.004383967623675433,0.017155158360483647,-0.012206428923494994,0.024852840612610505,0.020253810824907292,0.027840722261578854,0.008355117416799507,0.015027094325754886,-0.022110170119310713,-0.011541674750258357,0.012543807526747663,0.004958383753016937,0.030561870789654,0.0052640567048272136,-0.012343646850658363
2026-01-19,0.0,0.0,0.0,0.0,0.0,0.010092575601953202,-0.01465635778536245,-0.016192208125459184,0.04031005754831796,0.007451469100550057,-0.021524282793284444,0.008504230406155111,0.0008194271173598278,0.008700349692283948,-0.007453720101144312
2026-01-20,-0.04381672138594639,0.0003881997031436324,-0.033559166862696,-0.026849360738627648,-0.023922276219562444,0.010408815781006053,0.0018701073142821656,-0.00818210112030937,0.007893374492524252,-0.030031537491841842,-0.03439539207886699,-0.03114135787350536,-0.027421874445431316,-0.02744728870159252,-0.030383087153077692
2026-01-21,0.02948284071008489,0.077095571852271,0.014928259214328499,0.02202803863589131,0.025654781080584055,-0.023842796605022865,-0.017618769005861012,-0.021028241731269492,-0.019084800308658112,0.003259639865497599,0.013361162261225079,-0.010005309107001037,0.02525278573150036,-0.008256621859575652,-0.0036574245536471484
2026-01-22,0.008291401026019996,0.01573255655632222,0.009145014460120171,-0.01983147800175289,0.025667509647547826,0.012846559736315433,0.015007081598656269,0.025424095742129893,0.02867375510051895,0.029389707957550915,0.047662162928726826,0.027603455310820868,0.027735341274798264,0.029290142438116895,-0.0017047823846469967
2026-01-23,0.015310552663258647,0.02345011251500373,-0.012547482596405257,0.011261371141978005,-0.004272400772922458,0.007464962736620562,0.09958926488605147,0.033708759715906034,0.04121292547685518,-0.0186317881749124,0.029466853716147545,-0.0038221482360839554,-0.0002416965845906116,0.01698397159372189,0.005185333833248151
2026-01-26,-0.006394126101000319,-0.032231959924759024,-0.008343029449847328,-0.00905769250819144,0.01750127837605464,-0.0017360267007554553,0.09326940271322437,0.02152971832958972,0.0010756841421006857,0.006067985083814786,0.02344671064009818,-0.011522646648566615,0.012769810856544384,-0.02816356466778014,0.0032991129590094204
2026-01-27,0.010993681830616886,0.002864992350872342,-0.009578096644610179,0.041476223971131265,0.029178808936710654,0.01199654184523169,0.0006017028324238893,-0.01980601878818322,-0.02882444301988729,0.030824260232552136,0.06422927736532835,0.010359602536472057,0.051439486094215336,0.089845624392632,0.034009583552810696
2026-01-28,0.01591348287194827,0.002817151598246692,-0.0022216324181726366,0.012142723517611476,-0.021772384974367065,0.03332425153429952,0.013460653992823701,0.03534339407023901,0.006658418573590286,0.05248012178221395,0.03608305654841648,-0.10060464473856012,0.02420199961975844,0.05746572421324769,0.04734609085119734
2026-01-29,0.005169082772252587,-0.0022157664208721783,-0.00314335840329949,0.013630310250207778,0.022657618119634737,-0.013294145332547025,-0.005094400021080525,-0.01776835670871013,-0.018776795305662897,-0.06035572550736945,0.04726665195966451,0.0046016240075497095,-0.008224825372681321,0.026102036103869075,0.12066656707507972
2026-01-30,-0.00716839684544246,-0.06126575222843189,-0.004138818546628564,-0.05572156431906372,-0.022100689392865247,-0.019508411116353708,-0.014139665958075143,-0.044749039232763854,-0.012867616903376011,-0.0009146718119874553,-0.050855997959946886,0.04457813005514111,-0.0008880396127703971,0.05612595410052412,0.037225124694916234
2026-02-02,-0.028880854608678286,0.040299111718405944,0.006794699421267314,0.018863214981742704,0.012923450376486123,-0.012601292932033936,-0.038037971217714905,-0.023723992946489525,-0.0549583132570477,-0.05256102018363307,-0.05957529027303543,-0.013528870780958657,-0.07589007713944396,-0.09953872656277307,-0.12553551429203358
2026-02-03,-0.028392945801114955,-0.016892043651028477,-0.03564413859277282,-0.029628455897205752,-0.031573703988352464,0.020020588970698805,0.05298261173322594,0.03443979968625821,0.004415945959172829,0.04628254128023279,0.06931262454413112,-0.0003819230820408803,0.11082926952660266,0.08995743836455383,0.062463068161058954
2026-02-04,-0.03410220337884484,-0.17314443047898198,0.011618465421834978,-0.06611857585626169,-0.0406553913463642,-0.00821086501984225,0.002909398642471306,0.00177937287597274,0.009598393783709636,-0.02293073764494824,-0.023557845511833597,0.01443097240197333,0.013641575156370989,-0.0036983889963791983,0.02017192548037605
2026-02-05,-0.01326138417734124,-0.038413518895165866,-0.08455901691997225,0.02147170163897738,0.00823671545648108,-0.013825062780539965,-0.019272783747306788,-0.06364522958700702,-0.03488995597550504,-0.02444528475606722,-0.054868609172643135,-0.014734567264628518,-0.06661871048654466,-0.0730495309123852,-0.053233551660070155
2026-02-06,0.07871770227202068,0.08280520748782472,0.007630156118388687,0.060923116263211785,0.04655004041756161,0.008763132944302532,-0.033644917946496045,0.07246430853917873,0.004573753250870949,0.026876994574207336,0.012404557526744853,-0.013645463690713289,-0.011549840311867787,-0.010724565591858304,0.005639858087487459
2026-02-09,0.024971663419029566,0.03626941791424576,0.011577054271054932,0.02499146363508542,0.011663017630424655,0.022046103162344677,0.07267672182499085,0.07640159455683904,0.02814852469020268,-0.013374926924913821,0.11190276374335051,0.03008904870032869,0.05512072974756532,0.06319687695926768,0.014897602847062652
2026-02-10,-0.007893101110529654,-0.01124996609157991,0.008349553561904699,-0.004537545205606119,-0.009797471662142176,0.03626567242646739,0.008637601339055445,0.05244779724515736,0.028692323861172486,0.029447562084388812,0.018903535125085913,0.04073741992197499,-0.0009688398135812015,-0.009787711974610813,-0.012053625334286555
2026-02-11,0.008008991631896611,4.6797333395076635e-05,0.006781353262661716,0.0328500719854663,0.015569962112625957,0.02128654775036054,0.008055032625607916,0.03322402404933289,-0.09121555507888901,0.010680915657756973,0.010680915657757195,0.010680915657757195,0.014295075855047523,-0.016099421611926235,-0.020419718919496344
2026-02-12,-0.016364120017250072,-0.03577113645542429,-0.018221669100185856,-0.03380601915885684,-0.020033023597868183,0.0045218350547879815,0.0045218350547879815,0.0045218350547879815,0.0045218350547879815,0.0030567412733299992,-0.023588834990603935,0.06192609655891901,0.07257248332263067,0.040522970706796,0.10822055416127041
2026-02-13,-0.02209264710071812,0.006701004498653074,0.016104465425837988,0.08075764286405485,-0.0001848143513810685,-0.00254324073867207,-0.00254324073867207,-0.00254324073867207,-0.00254324073867207,0.019687527597824106,0.014902356534524985,-0.0393449980998587,0.016874146908476773,-0.006746324009694771,-0.03120592448085069
2026-02-16,0.0,0.0,0.0,0.0,0.0,0.0015270220394871803,0.0015270220394871803,0.0015270220394871803,0.0015270220394871803,-0.014256444428440207,-0.0008312351404267115,0.02192116629475427,0.0009586562632604156,0.0009586562632604156,0.0009586562632606377
2026-02-17,0.011815537711723945,-0.020451501752714596,0.013717175884541577,0.01189036267547583,0.009362967761117336,0.001340690693159008,0.001340690693159008,0.001340690693159008,0.001340690693159008,0.013104213219836902,-0.016597043194982897,-0.03992557874973801,-0.0004929497004838579,-0.0004929497004839689,-0.0004929497004839689
2026-02-18,0.016272852504360502,-0.014575569663081156,0.004276807947829919,0.028318395986017153,0.03447008719406108,-0.0015616964315023907,-0.0015616964315023907,-0.0015616964315023907,-0.0015616964315022797,0.03251073000575033,0.009179915787668858,0.027047542782438594,0.00018056610270700268,0.00018056610270700268,0.00018056610270700268
2026-02-19,-0.00042552880599477927,0.016240256242745055,-0.013753110429493898,0.0026840642126784164,-0.0066656116805580146,-0.004855862215446538,-0.004855862215446538,-0.004855862215446427,-0.004855862215446649,0.018311750834933083,-0.04541751296224117,0.024249819333110878,0.04842673822784627,0.015774986906732957,-0.0050696466711712684
2026-02-20,0.010218257158700395,-0.015833216787204396,0.011396633275386314,0.015006945115475068,0.007306664279250752,-0.0015801657488896392,-0.0015801657488895282,-0.0015801657488896392,-0.0015801657488896392,-0.017977016743528584,-0.0229535019641689,-0.002142213532582149,-0.004719037717115904,0.05595611636162645,-0.010179331373367573
2026-02-23,0.009113885259954158,-0.01773663702835171,-0.017287206600825833,-0.004875105402630697,0.011159591991980022,-0.0056917748653744216,-0.03025681229193644,-0.013390288795845251,-0.04395701289047127,0.005319453420599807,0.005319453420600029,0.005319453420599807,0.018286643366252076,0.005099799857272824,0.020494438560518358
2026-02-24,0.006786724366676156,0.08769069022967191,0.031123105929899753,0.011725351428039765,0.007947603060157515,0.036717512299353494,0.01917768635013206,0.09577302787600228,0.04959697845521571,0.007621751943065469,0.04294587306023723,0.029330314618277065,0.03716040496302564,0.057690901615814916,0.03029685250624259
2026-02-25,0.014052296839024425,-0.013935633083487109,0.007183351485377409,0.04503484735558194,0.019168086527946437,0.027330981432696966,0.026541772228879212,0.021534286484657494,0.018723820559708226,0.033365538159014774,0.06635809867214348,-0.0073178542229535015,0.01906156311443552,0.01448988764343917,0.02299620752627085
2026-02-26,-0.0545612407949545,-0.03405106664984914,-0.0015773795889524322,-0.04868973387003672,-0.0410806090600927,-0.006505946057419498,0.04369935919397849,-0.0004154768261684927,0.008997826721239166,-0.021908342532694802,-0.019137410810623368,0.005351172185810604,0.08105768436267535,0.09145879304389704,0.29613753159890743
2026-02-27,-0.041646311846979644,-0.01703645957724287,-0.022185604434863615,-0.009102558864640842,-0.009044944522972664,0.0007136961414870857,0.0007136961414873078,0.0007136961414870857,0.0007136961414870857,-0.026566157465152118,-0.043244621036529374,0.03404062796312779,-0.010617892095387882,-0.038209824198269904,0.1698099274711995
2026-03-02,0.029854898026954846,-0.007941718911942619,-0.009342530991287568,-0.0003223076044102102,-0.018627301483431613,-0.01407016073126921,-0.027127783101607017,-0.04777778047964387,-0.03691839997496282,-0.015794215363857278,-0.04385440301626242,0.020064031771064528,-0.004296179152545987,-0.004296179152545987,-0.004296179152545987
2026-03-03,-0.013316539505995872,-0.03861644525980357,-0.02056289819034607,-0.05604811048973912,-0.04397494691998727,-0.02522416667088201,-0.0495835825600317,-0.03461269458312166,-0.01977149733980721,-0.02524788482004281,-0.006863520405040235,-0.03641832700346814,-0.10738976360005192,-0.12337731976509858,-0.1365497560107355
2026-03-04,0.016606495502460517,0.05823519535845123,0.009990507783550706,0.01833087301362557,0.02823787629542851,-0.04221970696704613,-0.05828422912333453,-0.09472519058086837,0.02811423335922414,-0.047959506659921214,-0.05073377711320526,-0.033089260417370814,-0.13570576648496113,-0.1146238157700592,-0.10063408464846235
2026-03-05,0.0016390080583172928,-0.012965854807798327,-0.011686590493802718,-0.03138978834913697,-0.0221599790433038,0.022116510284717616,0.035369905068856955,0.08293836736689197,0.052501702860581645,0.030473045172263014,0.047489838258008454,0.05448794016503178,0.1296608992563817,0.12529832498311877,0.23862560941340938
2026-03-06,-0.03010798420604055,-0.03519681313548806,-0.00956202597513689,-0.06288058356182846,-0.05521934091343983,-0.013864971880505617,-0.01423238582854014,-0.04089781235354306,-0.016021868632215996,-0.0018255750099264167,0.003331742966095508,-0.00013645113218885285,-0.03020017465928504,-0.030516694324329574,0.04530558709100774
2026-03-09,0.02716223428151121,0.05326612477333437,0.017834756617314707,0.04372732842906912,0.04998452403816289,-0.03920833564551418,-0.05358417917088398,-0.061279427490148586,-0.07945206277033467,-0.07392629161187814,-0.11528352767403927,-0.04972803475658549,-0.08082954695264255,-0.0979086850537284,-0.08815673128211632
2026-03-10,0.011606999188437328,0.002713652415794243,-0.021070187888271308,0.020475607456827083,0.019139234450406217,0.02210911478855704,0.024033666430748113,0.04844737228869911,0.03384870798836248,0.032292634731597936,0.056319491143240086,0.02518721784722988,0.09735852675256829,0.13688831430296822,0.076381964994789
2026-03-11,0.006873722377926494,0.00787288361537275,-0.007988179404087803,0.015005210963740634,0.0023709912093317076,0.04957605455926273,0.036106142686420206,0.030717024217981947,0.06640505360479798,0.010787333549922895,0.031905985009458515,0.006830787432410945,0.005470666587942485,0.012378975594995234,-0.04093598596961101
2026-03-12,-0.015535125563684415,-0.03461405201635703,-0.022144358252534135,-0.03930845137050498,-0.025312326056985968,-0.029499028737763333,0.010136042175816762,-0.031536824660389984,-0.09217602063464869,-0.025169879775704396,-0.02141886992610187,0.03452530189376657,-0.012768603861153305,-0.027867737948311766,0.01263986357752378
2026-03-13,-0.015780274103308733,-0.021998614254443383,-0.010140957942517126,0.012630859265252647,-0.004357873629341702,-0.013224978407867405,-0.038961276483455265,0.016708751274568723,0.0054939929782842345,-0.036265328228920146,-0.035488143631014935,0.019469815771529397,-0.020255681945369752,-0.01833816061736726,-0.033158201905929
2026-03-16,0.01647712189016981,0.016495177886520107,-0.0033123394724234867,0.013615184355999288,0.02219687928727887,-0.018945538770716697,-0.0140764490416585,-0.019926500164706318,0.010032569542097747,0.018810268806316977,0.01840319057351869,-0.00624065208344915,0.006993884818373042,0.04811410658061255,-0.03838541490703551
2026-03-17,-0.00704076266961684,-0.0013735083423845884,0.017002836066310367,0.018140848437704138,0.009886864263739081,0.02379948359168349,0.018603165732380633,0.020251772012178648,0.02968387439098774,-0.006568363752060269,-0.021809601034994852,-0.008190593563934367,0.03641834789946152,0.00448154323483041,0.011985814282914564
2026-03-18,-0.00840982158463277,0.01604609645177768,-0.008511248182663023,-0.008483204638436437,-0.02446801620984329,0.020633543202967175,0.0018817458212851967,0.04728866705002788,0.06971169753615603,0.04034985288068449,0.06876877651258329,0.04603369503115751,0.0782222149105718,0.09162182288583076,0.03603378671463986
2026-03-19,-0.010199536586162128,0.029128634127283615,0.006208304982105117,0.022147795826076955,0.008279382172926564,-0.033303918601383486,-0.03333412313446882,-0.033800878219868546,-0.023189921278440218,-0.029361859618246222,-0.05117228575330812,-0.05701379777301774,-0.05138909413855308,-0.05370766392518167,-0.026226880086948512
2026-03-20,-0.03281810422532416,-0.019194243481266637,-0.010511920289796084,-0.00041990397825486525,-0.035963388287114206,0.0017596183445993674,0.019194487478572997,-0.0015038511550824474,0.0008022439856896213,0.011847485151028847,0.011847485151029069,0.011847485151028847,0.004800384549568548,0.004359150709303705,0.01857096800380531
2026-03-23,0.01702375502813336,0.006705363495001615,-0.011932162169337124,0.013247104180444946,0.03975706594586259,-0.023050463606422267,-0.05067302118401129,-0.04872002292705524,-0.06509120688818715,-0.03420004603434956,-0.059924803287192296,-0.054913229207959824,-0.07462265923642264,-0.08233676368947118,-0.049555075165259255
2026-03-24,-0.002505138026276832,0.013272165673053449,0.002493120765195922,0.03372116808454728,0.021757895572760866,0.005012312581533118,0.0019199670043590356,0.014162652301547007,-0.017751273207403107,0.02653828153594584,-0.012254686907954393,0.002613167148402873,0.031172247591735536,0.07021740916679264,0.010985643712825066
2026-03-25,0.019862989658425256,0.07255202565872021,0.01305671841515399,-0.012433471531070328,-0.003951657917721785,0.01729996414478774,-0.001998409158771808,0.05653100744695427,0.040789608061535754,0.029880522347961902,0.04675437503955715,0.03704988699786904,-0.011641614439455106,0.0010739120820115744,0.0037291455383461347
2026-03-26,-0.04163861365338872,-0.07490806591890964,0.001457515717078861,-0.08336494517304771,-0.04619447300128465,-0.003025410146214158,-0.018828902286106786,0.01956383470634293,0.009680597534259316,1.5830768304025966e-05,-0.023733674045374964,-0.004653245222596469,-0.049413489272577826,-0.06459798413421103,-0.07559288457079005
2026-03-27,-0.02172390271764868,-0.00873533268869564,-0.026275416364263116,-0.004076131782578152,-0.020330973521530682,-0.010686812162779336,-0.0029604737685843263,-0.015138403537234169,-0.01521962443311986,-0.03253695489711861,-0.0408979192379374,-0.02595806227885833,-0.0048993706543567495,-0.0048993706543568605,-0.0048993706543567495
2026-03-30,-0.014028211816980884,-0.02945696343986992,-0.00031469526658223224,-0.04167042664236875,-0.03724462817322183,-0.023415493727343528,-0.04871883878406602,-0.0014697744852613104,-0.02489897530739482,-0.006198991669061127,-0.05501643326261951,0.01797869369135152,-0.020229000419220933,-0.06347671237588282,-0.06211646260090897
2026-03-31,0.05588179348466227,0.03769638666974573,0.013457142429994962,0.05778043361557739,0.05332705764161183,-0.013149420690984015,-0.015154610760320542,-0.07251970676456065,-0.03961957808013661,-0.0390953952740406,-0.026046165990263215,0.009230911053951907,-0.05731512361454216,-0.08115581773135405,-0.04225791240630794
2026-04-01,0.0077408609562046315,0.03332848784442355,-0.011647771503482507,0.03513847376398194,0.029473933061922253,0.057313687201559604,-0.0136660898060742,0.10241327983586723,-0.013533998483634346,0.06345955980460505,0.1155464955015697,0.04757442224936659,0.14392803888929318,0.12098819607209665,0.09891914705483407
2026-04-02,0.009331433227018238,0.034679573061694224,-0.003771179542289116,-0.015064971046252706,-0.031277599717177806,-0.026213119635585258,-0.0020029485768015,-0.002002948576801611,-0.011657091758646265,-0.032742295707775315,-0.061756069384949375,-0.014973811716370355,-0.06476945403495615,-0.0800540127212499,-0.06940800004055436
2026-04-03,0.0,0.0,0.0,0.0,0.0,0.002000685229166743,0.002000685229166743,0.002000685229166743,0.002000685229166743,0.005433081377615334,0.015217819647647568,0.0008618223685841198,0.04570675796624313,0.05742872027843959,0.017556354505954275
2026-04-06,0.0014093240930164175,0.012321805405890895,-0.008438483194574187,0.011909185530883049,-0.010036190262250555,-0.0007789797441993818,-0.0007789797441993818,-0.0007789797441992707,-0.0007789797441993818,-0.003107797800771972,0.01555714200610736,0.009488612181305145,0.0370294160172977,0.011388693336223499,-0.030794943430465405
2026-04-07,0.0025895446715138437,0.006131375004192696,-0.013202923866921457,0.004792701675480959,0.0018711063473266787,0.02920209256999806,0.004953579104185035,-0.02343365618473625,0.007649749197551126,0.002432904424974014,0.012926834708979484,0.0084306920867252,0.018559051479356325,0.03482683761565508,0.006893076156311739
2026-04-08,0.02234697131467711,0.046449729615055224,0.02772630329545933,0.08865119211578265,0.08771870484089694,0.04904453147792709,0.07550394875539235,0.08875050019557951,0.0589160483536717,0.10999968084371403,0.14295746434077472,-0.009823667737763109,0.07747792728104352,0.1342889062752386,0.11294509204361503
2026-04-09,0.010050537196021558,0.020791958904084362,0.0018821885322621856,0.03134397049577142,0.019415196419763525,0.008050930290599556,0.0022909189857243106,0.029100092971939606,0.03199329295013298,-0.004723384298064626,-0.01619472693993429,0.0060332292133420395,-0.01675784815997239,-0.019804642786092397,0.03446449385245498
2026-04-10,0.025664733438725884,0.03549693170279733,0.0024265953705968624,0.004223103205277745,0.020460579818810665,0.02284378604028081,-0.00017019914562554916,0.002380387081043711,0.09590283199792338,0.04076582519602567,0.004684757829995112,0.004708610489197351,0.012764864917423902,0.032075516660114545,0.002932196325992509
2026-04-13,0.0036049019677633076,0.0073049648790664,0.024832172381662687,-0.00941194858434613,0.014827990259346224,-0.006290478621598261,0.027237409034385207,0.0609631495274916,0.017027862920129033,-0.03930593231938084,-0.007943174907755646,0.01255381164198055,-0.0301307849301502,0.00657753412375639,-0.03902201194789012
2026-04-14,0.03803284053190947,0.03338332225433449,0.012191334789374952,-0.00022741853130192613,0.012065123480447415,0.03676904489866484,0.06594968216008823,0.019606625375465203,0.006990805962673097,0.032216234753591255,0.08838519708901282,0.007894769090764697,0.031078014274849464,0.06441185043200282,0.030838742091177762
2026-04-15,0.012009570384825752,0.011957453661307627,0.0015808997264123992,-0.0034880316239972453,-0.024059822249936746,0.016154086364674747,0.04479874748103141,0.057215850756933584,0.03399880057133209,-0.001931275682636957,0.02438179286919362,0.01973043031743238,0.026951364443750014,0.03511903716564779,0.0439775339346864
2026-04-16,-0.0026147182905368327,0.07802578269573357,0.01067266543686518,-0.011058732210077582,-0.047875218516706175,0.00018242710301308307,0.056313131752270484,0.00672262171550897,0.04419246195797255,0.05322058867849866,0.037590577946256865,0.014724685092202927,0.027560939162194487,0.013524925847995029,-0.013285258777928965
2026-04-17,0.0167884369538549,0.0004672064912309981,0.012865291231013432,0.018055933970573257,0.034710131127623445,-0.02257281356094698,0.019802225501759807,-0.01503247928504381,-0.06115898532992148,-0.03813960355142154,-0.024994123733147133,0.000984075530612527,-0.001218496868565122,-0.017792793096575887,-0.013225823015657445
